date,supply_index,purchase_price_index,demand_index,manufacturing_context_profile,product_family,process_type,recipe_profile,formulation_class,expected_yield,expected_waste,process_lead_time_days,shelf_life_class,priority_level,cost_sensitivity,synthetic_plant_production_volume,synthetic_plant_capacity_utilization,synthetic_yield_rate,synthetic_waste_rate,synthetic_raw_material_requirement,synthetic_inventory_coverage_days,synthetic_inventory_level,synthetic_lead_time_days,synthetic_procurement_need_pressure,synthetic_procurement_need_coverage_gap,synthetic_procurement_need_hybrid,synthetic_procurement_need_refined,synthetic_procurement_need,synthetic_planned_orders,destination_profile,product_family_alias,raw_material_id,current_inventory_tons,expected_requirement_tons,lead_time_days,safety_coverage_days,expected_yield_rate,expected_waste_rate,unit_purchase_cost,shelf_life_days,projected_stock_after_lead_time_tons,safety_stock_tons,purchase_trigger_gap_tons,purchase_trigger_label,purchase_trigger_proba_heuristic,replenishment_gap_tons,quantity_optimizer_target_tons,baseline_order_quantity_tons
2003-12-29,,100.0,100.0,cured_embutido,cured_embutido,curing_maturation,fermented_dry_spiced,cured,0.79,0.031,11.0,long,planned_campaign,high,975.0002440495934,0.609375152530996,0.7943967662221912,0.0297110884702345,1263.812499304967,13.693404520692996,2472.2708273272788,9,214.86624080150028,275.9390988008357,185.6461747476992,185.6461747476992,214.86624080150028,225.0777588955916,cured_embutido,cured_embutido,rm_cured_embutido,2472.2708273272788,1263.812499304967,9,6.0,0.79,0.031,1000.0,28.0,847.3690425066068,1083.2678565471147,235.8988140405079,1,0.5542273500691901,0.0,0.0,0.0
2004-01-05,,100.0,100.0,cured_embutido,cured_embutido,curing_maturation,fermented_dry_spiced,cured,0.79,0.031,11.0,long,planned_campaign,high,891.6901610783987,0.5573063506739991,0.7925151851744412,0.0296475066052727,1158.497109196384,13.441638704794652,2224.5856546238333,9,226.8402819379482,308.79012512967773,195.9689803045177,195.9689803045177,226.8402819379482,237.6208663370492,cured_embutido,cured_embutido,rm_cured_embutido,2224.5856546238333,1158.497109196384,9,6.0,0.79,0.031,1000.0,28.0,735.0893713713397,992.997522168329,257.9081507969894,1,0.5645691522956326,0.0,0.0,0.0
2004-01-12,,100.0,100.0,cured_embutido,cured_embutido,curing_maturation,fermented_dry_spiced,cured,0.79,0.031,11.0,long,planned_campaign,high,905.3553635426902,0.5658471022141813,0.7968397758160484,0.0327971105602852,1173.4459446876365,14.48379076754854,2427.9922199834373,9,192.52613200556044,192.83512218677643,193.5429740452448,193.5429740452448,192.52613200556044,201.6759364291247,cured_embutido,cured_embutido,rm_cured_embutido,2427.9922199834373,1173.4459446876365,9,6.0,0.79,0.031,1000.0,28.0,919.2760053850475,1005.8108097322599,86.53480434721246,1,0.5214954605390892,0.0,0.0,0.0
2004-01-19,,100.0,100.0,cured_embutido,cured_embutido,curing_maturation,fermented_dry_spiced,cured,0.79,0.031,11.0,long,planned_campaign,high,939.5194227543188,0.5871996392214492,0.799070576815597,0.0326014382433393,1214.096896246431,13.09384819833462,2271.028636788569,9,251.4872946280455,366.2578146988365,208.88472709554236,208.88472709554236,251.4872946280455,263.4392283052434,cured_embutido,cured_embutido,rm_cured_embutido,2271.028636788569,1214.096896246431,9,6.0,0.79,0.031,1000.0,28.0,710.0469130431579,1040.6544824969408,330.60756945378284,1,0.5787616640559818,0.0,0.0,0.0
2004-01-26,,100.0,100.0,cured_embutido,cured_embutido,curing_maturation,fermented_dry_spiced,cured,0.79,0.031,11.0,long,planned_campaign,high,982.2691354763988,0.6139182096727493,0.7858771318722707,0.0315536394586616,1289.3406113174433,14.482824890608113,2667.613471151449,9,193.66773880124703,190.7818995659136,193.2335090210496,193.2335090210496,193.66773880124703,202.87179808777637,cured_embutido,cured_embutido,rm_cured_embutido,2667.613471151449,1289.3406113174433,9,6.0,0.79,0.031,1000.0,28.0,1009.8898280290223,1105.1490954149515,95.2592673859292,1,0.5215356308911678,0.0,0.0,0.0
2004-02-02,,100.0,101.61448140900198,cured_embutido,cured_embutido,curing_maturation,fermented_dry_spiced,cured,0.79,0.031,11.0,long,planned_campaign,high,916.551523505911,0.5728447021911943,0.7902816765093091,0.0282991571638892,1192.5990278319516,14.60526602071581,2488.3180082189588,9,189.0361754653193,166.49957124097543,192.64303688075043,192.64303688075043,189.0361754653193,198.0201197043086,cured_embutido,cured_embutido,rm_cured_embutido,2488.3180082189588,1192.5990278319516,9,6.0,0.79,0.031,1000.0,28.0,954.9764010064496,1022.2277381416728,67.25133713522325,1,0.5164413194655342,0.0,0.0,0.0
2004-02-09,,100.0,101.61448140900198,cured_embutido,cured_embutido,curing_maturation,fermented_dry_spiced,cured,0.79,0.031,11.0,long,planned_campaign,high,962.1141119811592,0.6013213199882246,0.7852951987334263,0.0303767211321005,1262.378766172218,14.37640672889778,2592.638655487993,9,196.36560592711987,185.44336237630867,194.64690759855097,194.64690759855097,196.36560592711987,205.69788134880625,cured_embutido,cured_embutido,rm_cured_embutido,2592.638655487993,1262.378766172218,9,6.0,0.79,0.031,1000.0,28.0,969.5802418379985,1082.0389424333298,112.45870059533127,1,0.5259596893277037,0.0,0.0,0.0
2004-02-16,,100.0,101.61448140900198,cured_embutido,cured_embutido,curing_maturation,fermented_dry_spiced,cured,0.79,0.031,11.0,long,planned_campaign,high,1010.5095528637572,0.6315684705398483,0.786889576289007,0.0295077670341145,1322.0755042170229,13.982842053794927,2640.910422665417,9,202.62441695232013,204.40315962898708,182.6094755167714,182.6094755167714,202.62441695232013,212.25414236797917,cured_embutido,cured_embutido,rm_cured_embutido,2640.910422665417,1322.0755042170229,9,6.0,0.79,0.031,1000.0,28.0,941.0990601006736,1133.2075750431625,192.1085149424889,1,0.542280370979681,0.0,0.0,0.0
2004-02-23,,100.0,101.61448140900198,cured_embutido,cured_embutido,curing_maturation,fermented_dry_spiced,cured,0.79,0.031,11.0,long,planned_campaign,high,913.3115004867642,0.5708196878042276,0.7874796699589773,0.0327393515133889,1197.7613679748158,14.45360344908615,2473.138262763277,9,189.0039370139788,159.58652662024352,189.6546902880767,189.6546902880767,189.0039370139788,197.98634912056812,cured_embutido,cured_embutido,rm_cured_embutido,2473.138262763277,1197.7613679748158,9,6.0,0.79,0.031,1000.0,28.0,933.1593610813709,1026.6526011212707,93.49324003989977,1,0.5227508023644226,0.0,0.0,0.0
2004-03-01,,100.0,103.82977992927522,cured_embutido,cured_embutido,curing_maturation,fermented_dry_spiced,cured,0.79,0.031,11.0,long,planned_campaign,high,940.469939418617,0.5877937121366356,0.785771380503447,0.0333563697056343,1236.7981661437425,14.16508979222666,2502.765296898197,9,204.4467196991923,203.9959458011858,196.4906057922076,196.4906057922076,204.4467196991923,214.1630500528964,cured_embutido,cured_embutido,rm_cured_embutido,2502.765296898197,1236.7981661437425,9,6.0,0.79,0.031,1000.0,28.0,912.5962261419565,1060.1127138374936,147.51648769553708,1,0.5347319000196539,0.0,0.0,0.0
2004-03-08,,100.0,103.82977992927522,cured_embutido,cured_embutido,curing_maturation,fermented_dry_spiced,cured,0.79,0.031,11.0,long,planned_campaign,high,967.4781950502507,0.6046738719064068,0.7857924509084063,0.0331127711720617,1271.9822874111762,13.595652464433323,2470.489874365328,9,228.6980544778221,280.1100083027269,198.93901945481,198.93901945481,228.6980544778221,239.5669295168806,cured_embutido,cured_embutido,rm_cured_embutido,2470.489874365328,1271.9822874111762,9,6.0,0.79,0.031,1000.0,28.0,835.0840762652442,1090.2705320667226,255.18645580147836,1,0.5582488022480109,0.0,0.0,0.0
2004-03-15,,100.0,103.82977992927522,cured_embutido,cured_embutido,curing_maturation,fermented_dry_spiced,cured,0.79,0.031,11.0,long,planned_campaign,high,965.9633456706932,0.6037270910441832,0.789422862485919,0.0294895611611659,1259.71672229094,15.172774162974695,2730.485333806164,9,168.76074193107246,90.47259612408789,181.5405901381173,181.5405901381173,168.76074193107246,176.78109619134668,cured_embutido,cured_embutido,rm_cured_embutido,2730.485333806164,1259.71672229094,9,6.0,0.79,0.031,1000.0,28.0,1110.849548003527,1079.7571905350912,-31.092357468435694,0,0.4928015739422784,0.0,0.0,0.0
2004-03-22,,100.0,103.82977992927522,cured_embutido,cured_embutido,curing_maturation,fermented_dry_spiced,cured,0.79,0.031,11.0,long,planned_campaign,high,1006.0531666449648,0.628783229153103,0.7851331263264544,0.025520933755421,1314.081075260038,13.85151914178337,2600.28845254567,9,214.02500657906853,233.50966508724744,190.4406111672253,190.4406111672253,214.02500657906853,224.1965450167388,cured_embutido,cured_embutido,rm_cured_embutido,2600.28845254567,1314.081075260038,9,6.0,0.79,0.031,1000.0,28.0,910.75564149705,1126.3552073657468,215.5995658686968,1,0.5477077936711501,0.0,0.0,0.0
2004-03-29,,100.0,103.82977992927522,cured_embutido,cured_embutido,curing_maturation,fermented_dry_spiced,cured,0.79,0.031,11.0,long,planned_campaign,high,989.5088089233373,0.6184430055770858,0.7933685078365506,0.0274660762037398,1281.4810812769936,14.527978149819626,2659.61844974277,9,186.7267778339089,151.81439153197715,187.2143793650904,187.2143793650904,186.7267778339089,195.60096795046545,cured_embutido,cured_embutido,rm_cured_embutido,2659.61844974277,1281.4810812769936,9,6.0,0.79,0.031,1000.0,28.0,1011.9999166723494,1098.4123553802801,86.41243870793073,1,0.519657439783368,0.0,0.0,0.0
2004-04-05,,100.0,103.69760016479556,cured_embutido,cured_embutido,curing_maturation,fermented_dry_spiced,cured,0.79,0.031,11.0,long,planned_campaign,high,928.9750723406482,0.5806094202129052,0.78632898585033,0.0338432539561644,1221.3903199743224,12.614467573144529,2201.026940781244,9,252.5414315789934,323.0644083185947,191.759555261072,191.759555261072,252.5414315789934,264.5434631147851,cured_embutido,cured_embutido,rm_cured_embutido,2201.026940781244,1221.3903199743224,9,6.0,0.79,0.031,1000.0,28.0,630.667957957115,1046.9059885494191,416.2380305923041,1,0.5981081908495224,67.2693677424977,87.87523055544371,83.41401600069716
2004-04-12,,100.0,103.69760016479556,cured_embutido,cured_embutido,curing_maturation,fermented_dry_spiced,cured,0.79,0.031,11.0,long,planned_campaign,high,995.5617235615364,0.6222260772259601,0.8012382758803857,0.0301974901213603,1280.050167033087,14.831518672430514,2712.1554219998616,9,145.4642564376575,0.0,149.94488397182604,149.94488397182604,145.4642564376575,152.37744522485718,cured_embutido,cured_embutido,rm_cured_embutido,2712.1554219998616,1280.050167033087,9,6.0,0.79,0.031,1000.0,28.0,1066.376635814464,1097.185857456932,30.809221642467946,1,0.5070195940763159,0.0,0.0,0.0
2004-04-19,,100.0,103.69760016479556,cured_embutido,cured_embutido,curing_maturation,fermented_dry_spiced,cured,0.79,0.031,11.0,long,planned_campaign,high,962.0831271679152,0.601301954479947,0.7881944621961424,0.0294985507634697,1256.6228673741666,14.946894389554704,2683.229898020153,9,110.0777980535156,0.0,105.90143464203896,105.90143464203896,110.0777980535156,115.30924540600893,cured_embutido,cured_embutido,rm_cured_embutido,2683.229898020153,1256.6228673741666,9,6.0,0.79,0.031,1000.0,28.0,1067.5719256819389,1077.1053148921428,9.53338921020395,1,0.5022127193233785,0.0,0.0,0.0
2004-04-26,,100.0,103.69760016479556,cured_embutido,cured_embutido,curing_maturation,fermented_dry_spiced,cured,0.79,0.031,11.0,long,planned_campaign,high,1014.5361006369858,0.6340850628981162,0.7902880705676683,0.0342853205868724,1327.768740505659,14.08353641503794,2671.38277252293,9,87.77781890619589,0.0,32.81072211014915,32.81072211014915,87.77781890619589,91.94945974971286,cured_embutido,cured_embutido,rm_cured_embutido,2671.38277252293,1327.768740505659,9,6.0,0.79,0.031,1000.0,28.0,964.2515347299397,1138.0874918619934,173.83595713205364,1,0.5381119133420564,0.0,0.0,0.0
2004-05-03,,100.0,104.57307652693378,cooked_emulsion,cooked_emulsion,cooking_emulsification,high_throughput_standard,cooked_emulsion,0.9,0.018,4.0,medium,standard_service,medium,1142.3776296940616,0.7139860185587885,0.8948186352621359,0.0205303198909766,1302.8684941574195,12.630304213757054,2350.8036331039666,5,50.97825640509184,0.0,34.76232683370225,34.76232683370225,50.97825640509184,53.56922628688063,cooked_emulsion,cooked_emulsion,rm_cooked_emulsion,2350.8036331039666,1302.8684941574195,5,6.0,0.9,0.018,1000.0,14.0,1420.1832801343812,1116.7444235635026,-303.43885657087867,0,0.43248553213620095,68.80928461695567,77.85617177750132,85.32351292502503
2004-05-10,,100.0,104.57307652693378,cooked_emulsion,cooked_emulsion,cooking_emulsification,high_throughput_standard,cooked_emulsion,0.9,0.018,4.0,medium,standard_service,medium,1138.7686084988818,0.7117303803118011,0.9068243670325106,0.0180488974438395,1278.4417451415695,12.630150701878936,2306.701700673018,3,65.1004302507439,0.0,52.81950006982871,52.81950006982871,65.1004302507439,68.40915961823795,cooked_emulsion,cooked_emulsion,rm_cooked_emulsion,2306.701700673018,1278.4417451415695,3,6.0,0.9,0.018,1000.0,14.0,1758.7980956123452,1095.8072101213454,-662.9908854909997,0,0.3531948694906796,67.54725458989697,76.42821293267363,83.75859569147224
2004-05-17,,100.0,104.57307652693378,cooked_emulsion,cooked_emulsion,cooking_emulsification,high_throughput_standard,cooked_emulsion,0.9,0.018,4.0,medium,standard_service,medium,1175.874989342003,0.7349218683387516,0.9044780027232115,0.017413193817872,1322.6974286107768,11.909371451129964,2250.3564278257427,4,78.46936049069953,0.0,68.82609420174197,68.82609420174197,78.46936049069953,82.45756573763933,cooked_emulsion,cooked_emulsion,rm_cooked_emulsion,2250.3564278257427,1322.6974286107768,4,6.0,0.9,0.018,1000.0,14.0,1494.5293257624417,1133.7406530949515,-360.7886726674901,0,0.4211075182104681,206.08165387998542,233.1767977822872,255.54125081118192
2004-05-24,,100.0,104.57307652693378,cooked_emulsion,cooked_emulsion,cooking_emulsification,high_throughput_standard,cooked_emulsion,0.9,0.018,4.0,medium,standard_service,medium,1179.1900566592724,0.7369937854120452,0.9011876634829444,0.0177357975743737,1331.6914794058412,12.623314976178,2401.480142233199,4,71.1203560984848,0.0,59.875993814155976,59.875993814155976,71.1203560984848,74.7350481971903,cooked_emulsion,cooked_emulsion,rm_cooked_emulsion,2401.480142233199,1331.6914794058412,4,6.0,0.9,0.018,1000.0,14.0,1640.5135825727182,1141.449839490721,-499.06374308199725,0,0.39240378623129196,71.66117666336322,81.08302405902151,88.8598590625704
2004-05-31,,100.0,104.57307652693378,cooked_emulsion,cooked_emulsion,cooking_emulsification,high_throughput_standard,cooked_emulsion,0.9,0.018,4.0,medium,standard_service,medium,1163.5799601477884,0.7272374750923677,0.8946127898048818,0.0184543255967749,1324.6547077073446,11.809863310990863,2234.8558617549,4,82.40302054146119,0.0,73.99258846936304,73.99258846936304,82.40302054146119,86.59115406048095,cooked_emulsion,cooked_emulsion,rm_cooked_emulsion,2234.8558617549,1324.6547077073446,4,6.0,0.9,0.018,1000.0,14.0,1477.9103144935602,1135.4183208920097,-342.4919936015506,0,0.425155671058482,225.2171668444539,254.82820416887745,279.26928688712286
2004-06-07,,100.0,108.22003639235074,cooked_emulsion,cooked_emulsion,cooking_emulsification,high_throughput_standard,cooked_emulsion,0.9,0.018,4.0,medium,standard_service,medium,1112.2842694285976,0.6951776683928734,0.9008426675108984,0.0212000945626392,1260.891432084924,11.843997005097512,2133.4277636238503,4,84.42110370409954,0.0,76.17451889019854,76.17451889019854,84.42110370409954,88.71180629986038,cooked_emulsion,cooked_emulsion,rm_cooked_emulsion,2133.4277636238503,1260.891432084924,4,6.0,0.9,0.018,1000.0,14.0,1412.9183738610366,1080.7640846442205,-332.1542892168161,0,0.42376589693342454,208.22775310529414,235.60506121893428,258.2024138505647
2004-06-14,,100.0,108.22003639235074,cooked_emulsion,cooked_emulsion,cooking_emulsification,high_throughput_standard,cooked_emulsion,0.9,0.018,4.0,medium,standard_service,medium,1185.0225385777833,0.7406390866111145,0.895514275815931,0.0188449348484744,1348.224415530615,12.885417045212089,2481.7762663784706,4,70.37148919870155,0.0,59.56719540470128,59.56719540470128,70.37148919870155,73.94812013722556,cooked_emulsion,cooked_emulsion,rm_cooked_emulsion,2481.7762663784706,1348.224415530615,4,6.0,0.9,0.018,1000.0,14.0,1711.3623146466907,1155.62092759767,-555.7413870490207,0,0.38203895518286674,22.069076749814485,24.97066842024721,27.365655169769962
2004-06-21,,100.0,108.22003639235074,cooked_emulsion,cooked_emulsion,cooking_emulsification,high_throughput_standard,cooked_emulsion,0.9,0.018,4.0,medium,standard_service,medium,1124.694653676182,0.7029341585476138,0.9058494210538934,0.0194520580660782,1265.7426860770531,12.794045773704832,2313.4242662002757,4,74.09253143132392,0.0,64.06775656883633,64.06775656883633,74.09253143132392,77.85828434132095,cooked_emulsion,cooked_emulsion,rm_cooked_emulsion,2313.4242662002757,1265.7426860770531,4,6.0,0.9,0.018,1000.0,14.0,1590.1427312991025,1084.92230235176,-505.2204289473425,0,0.3856405894932765,37.24072222853738,42.137047101762136,46.17849556338635
2004-06-28,,100.0,108.22003639235074,cooked_emulsion,cooked_emulsion,cooking_emulsification,high_throughput_standard,cooked_emulsion,0.9,0.018,4.0,medium,standard_service,medium,1163.2944623608496,0.727059038975531,0.9032367789274128,0.0203385402181403,1314.111871062885,11.785425858015234,2212.481146507044,4,88.3836213925646,0.0,82.19688010558961,82.19688010558961,88.3836213925646,92.8757189498417,cooked_emulsion,cooked_emulsion,rm_cooked_emulsion,2212.481146507044,1314.111871062885,4,6.0,0.9,0.018,1000.0,14.0,1461.5600773282524,1126.381603768187,-335.1784735600654,0,0.42615138531126767,228.0123283240282,257.99086707855645,282.73528712179495
2004-07-05,,100.0,109.24657534246576,cooked_emulsion,cooked_emulsion,cooking_emulsification,high_throughput_standard,cooked_emulsion,0.9,0.018,4.0,medium,standard_service,medium,1107.9658258741752,0.6924786411713595,0.900381756153951,0.0156606479979511,1249.822401415404,11.744957233951064,2097.0158078082773,4,92.547869540189,0.0,87.19453590653892,87.19453590653892,92.547869540189,97.25161500956912,cooked_emulsion,cooked_emulsion,rm_cooked_emulsion,2097.0158078082773,1249.822401415404,4,6.0,0.9,0.018,1000.0,14.0,1382.8315784280462,1071.2763440703463,-311.5552343576999,0,0.4278016102863901,224.08293767747318,253.54484914853268,277.86284272006674
2004-07-12,,100.0,109.24657534246576,cooked_emulsion,cooked_emulsion,cooking_emulsification,high_throughput_standard,cooked_emulsion,0.9,0.018,4.0,medium,standard_service,medium,1167.298349912765,0.7295614686954781,0.8902544973470108,0.019509723784948,1336.7773168691028,11.797745078577083,2252.994001606563,5,84.85476193144845,0.0,77.82072477580387,77.82072477580387,84.85476193144845,89.16750520661431,cooked_emulsion,cooked_emulsion,rm_cooked_emulsion,2252.994001606563,1336.7773168691028,5,6.0,0.9,0.018,1000.0,14.0,1298.1530609857753,1145.8091287449454,-152.34393224082987,0,0.46680950163324697,229.59244400748503,259.77873275343404,284.69463056928146
2004-07-19,,100.0,109.24657534246576,cooked_emulsion,cooked_emulsion,cooking_emulsification,high_throughput_standard,cooked_emulsion,0.9,0.018,4.0,medium,standard_service,medium,1118.768580431282,0.6992303627695512,0.8960663360853639,0.0174108624906767,1270.2712516985184,12.624686779930984,2290.968096892095,4,76.86238409411034,0.0,68.18943013198198,68.18943013198198,76.86238409411034,80.7689147656935,cooked_emulsion,cooked_emulsion,rm_cooked_emulsion,2290.968096892095,1270.2712516985184,4,6.0,0.9,0.018,1000.0,14.0,1565.0988102072274,1088.8039300273015,-476.29488017992594,0,0.3923492759655987,68.10708483372446,77.06164837488623,84.45278519381833
2004-07-26,,100.0,109.24657534246576,cooked_emulsion,cooked_emulsion,cooking_emulsification,high_throughput_standard,cooked_emulsion,0.9,0.018,4.0,medium,standard_service,medium,1097.4695413665247,0.6859184633540779,0.9027510445263996,0.0129678096084544,1231.4594640134294,11.58511217156545,2038.085146475921,4,98.22157143648118,0.0,94.6160116593772,94.6160116593772,98.22157143648118,103.21368280474032,cooked_emulsion,cooked_emulsion,rm_cooked_emulsion,2038.085146475921,1231.4594640134294,4,6.0,0.9,0.018,1000.0,14.0,1334.3940241825326,1055.5366834400825,-278.8573407424501,0,0.4343351332883409,248.91100097759113,281.6372493523321,308.649641212213
2004-08-02,,100.0,108.75390531122326,cooked_emulsion,cooked_emulsion,cooking_emulsification,high_throughput_standard,cooked_emulsion,0.9,0.018,4.0,medium,standard_service,medium,1157.152190075256,0.723220118797035,0.9048515347668926,0.0137436609160283,1296.4068162917931,12.4107201054463,2298.477448541455,4,89.01470377126304,0.0,83.48437631399479,83.48437631399479,89.01470377126304,93.53887609043748,cooked_emulsion,cooked_emulsion,rm_cooked_emulsion,2298.477448541455,1296.4068162917931,4,6.0,0.9,0.018,1000.0,14.0,1557.6735535175733,1111.2058425358227,-446.46771098175054,0,0.40088314559068394,109.1352102861606,123.48405780285199,135.32766075483914
2004-08-09,,100.0,108.75390531122326,cooked_emulsion,cooked_emulsion,cooking_emulsification,high_throughput_standard,cooked_emulsion,0.9,0.018,4.0,medium,standard_service,medium,1136.6647518407483,0.7104154699004678,0.9044366792459686,0.0159637647769626,1276.8281374127455,12.644800608405305,2306.4624583979567,5,77.76495570631661,0.0,69.32363009468496,69.32363009468496,77.76495570631661,81.71735958009015,cooked_emulsion,cooked_emulsion,rm_cooked_emulsion,2306.4624583979567,1276.8281374127455,5,6.0,0.9,0.018,1000.0,14.0,1394.4423602459956,1094.4241177823533,-300.0182424636423,0,0.43189262561465375,64.78979679714212,73.30821090421149,80.33934802845623
2004-08-16,,100.0,108.75390531122326,cooked_emulsion,cooked_emulsion,cooking_emulsification,high_throughput_standard,cooked_emulsion,0.9,0.018,4.0,medium,standard_service,medium,1103.8116459219132,0.6898822787011958,0.8936319479910342,0.0190624464571851,1258.7430416402287,12.143745251848868,2183.693547888047,4,88.70824016255891,0.0,83.05074881058623,83.05074881058623,88.70824016255891,93.21683646882096,cooked_emulsion,cooked_emulsion,rm_cooked_emulsion,2183.693547888047,1258.7430416402287,4,6.0,0.9,0.018,1000.0,14.0,1464.4118098079161,1078.922607120196,-385.4892026877201,0,0.41161552646558247,153.97210087237818,174.2160000818943,190.92540508174895
2004-08-23,,100.0,108.75390531122326,cooked_emulsion,cooked_emulsion,cooking_emulsification,high_throughput_standard,cooked_emulsion,0.9,0.018,4.0,medium,standard_service,medium,1169.8775906464878,0.7311734941540549,0.9012062092272516,0.0182275991306805,1321.7858889611582,12.802730740143684,2417.4955474987382,5,66.32041565430004,0.0,54.92990904245582,54.92990904245582,66.32041565430004,69.69115077992983,cooked_emulsion,cooked_emulsion,rm_cooked_emulsion,2417.4955474987382,1321.7858889611582,5,6.0,0.9,0.018,1000.0,14.0,1473.3627696693395,1132.9593333952785,-340.40343627406105,0,0.4254462282721049,37.249674857698665,42.14717680210303,46.189596823546346
2004-08-30,,100.0,108.75390531122326,cooked_emulsion,cooked_emulsion,cooking_emulsification,high_throughput_standard,cooked_emulsion,0.9,0.018,4.0,medium,standard_service,medium,1103.3927600580164,0.6896204750362602,0.9040620608659318,0.0183687334143513,1242.902159219666,12.014106420330853,2133.1941158462955,4,77.22456766875447,0.0,68.08266382724231,68.08266382724231,77.22456766875447,81.14950632051891,cooked_emulsion,cooked_emulsion,rm_cooked_emulsion,2133.1941158462955,1242.902159219666,4,6.0,0.9,0.018,1000.0,14.0,1422.964310577915,1065.3447079025707,-357.61960267534437,0,0.4168581664733224,175.05275127594132,198.06828612349096,217.06541158216723
2004-09-06,,100.0,109.57444982318812,cooked_emulsion,cooked_emulsion,cooking_emulsification,high_throughput_standard,cooked_emulsion,0.9,0.018,4.0,medium,standard_service,medium,1123.0103209104825,0.7018814505690514,0.893366657737671,0.0219018869653733,1284.586072336937,12.04907681863008,2211.153752247149,4,77.29984013782935,0.0,68.4079377696567,68.4079377696567,77.29984013782935,81.22860451283452,cooked_emulsion,cooked_emulsion,rm_cooked_emulsion,2211.153752247149,1284.586072336937,4,6.0,0.9,0.018,1000.0,14.0,1477.1045680546135,1101.0737762888032,-376.03079176581036,0,0.4154420459709937,174.50609637859088,197.4497582921372,216.3875595094527
2004-09-13,,100.0,109.57444982318812,cooked_emulsion,cooked_emulsion,cooking_emulsification,high_throughput_standard,cooked_emulsion,0.9,0.018,4.0,medium,standard_service,medium,1129.2923111965904,0.705807694497869,0.899968381938507,0.0154618207702803,1274.215016353678,11.591042440547312,2109.92576184831,4,86.07041916430813,0.0,79.595908249827,79.595908249827,86.07041916430813,90.44494821833408,cooked_emulsion,cooked_emulsion,rm_cooked_emulsion,2109.92576184831,1274.215016353678,4,6.0,0.9,0.018,1000.0,14.0,1381.8028953604937,1092.184299731724,-289.61859562876975,0,0.434092316289256,256.47355423709223,290.1941097953069,318.0272072539944
2004-09-20,,100.0,109.57444982318812,cooked_emulsion,cooked_emulsion,cooking_emulsification,high_throughput_standard,cooked_emulsion,0.9,0.018,4.0,medium,standard_service,medium,1098.433319339975,0.6865208245874844,0.901095369593234,0.0179451332916325,1240.8729302118668,12.78769658779855,2266.843790794554,4,76.11123417428341,0.0,67.477891727487,67.477891727487,76.11123417428341,79.97958765119135,cooked_emulsion,cooked_emulsion,rm_cooked_emulsion,2266.843790794554,1240.8729302118668,4,6.0,0.9,0.018,1000.0,14.0,1557.7735449592014,1063.6053687530286,-494.1681762061728,0,0.38589133003796894,37.63450817034163,42.58260711738134,46.66679013122362
2004-09-27,,100.0,109.57444982318812,cooked_emulsion,cooked_emulsion,cooking_emulsification,high_throughput_standard,cooked_emulsion,0.9,0.018,4.0,medium,standard_service,medium,1134.714679955472,0.7091966749721701,0.8987969416606131,0.0186088710456276,1285.9750467918116,11.717477911039104,2152.626314990076,4,96.44650861397383,0.0,93.38031155144446,93.38031155144446,96.44650861397383,101.34840241427904,cooked_emulsion,cooked_emulsion,rm_cooked_emulsion,2152.626314990076,1285.9750467918116,4,6.0,0.9,0.018,1000.0,14.0,1417.783431109041,1102.2643258215528,-315.5191052874882,0,0.4289230777850881,235.6130576232881,266.5909228595701,292.16019145287726
2004-10-04,,100.0,106.97891990249596,cooked_emulsion,cooked_emulsion,cooking_emulsification,high_throughput_standard,cooked_emulsion,0.9,0.018,4.0,medium,standard_service,medium,1082.5324659294852,0.6765827912059282,0.8925913525783952,0.0165274537669233,1232.8418464200608,12.448310052932934,2192.399650066749,4,95.0875788669116,0.0,92.33656562192093,92.33656562192093,95.0875788669116,99.92040506282235,cooked_emulsion,cooked_emulsion,rm_cooked_emulsion,2192.399650066749,1232.8418464200608,4,6.0,0.9,0.018,1000.0,14.0,1487.9185949695714,1056.7215826457664,-431.197012323805,0,0.39937938470098105,97.1637789990782,109.9386501460491,120.48308595885698
2004-10-11,,100.0,106.97891990249596,cooked_emulsion,cooked_emulsion,cooking_emulsification,high_throughput_standard,cooked_emulsion,0.9,0.018,4.0,medium,standard_service,medium,1087.5379967234346,0.6797112479521467,0.8986972075597051,0.0180566534901658,1231.9781169611608,12.195657322028335,2146.397563242295,5,95.93314515585256,0.0,93.11118807143323,93.11118807143323,95.93314515585256,100.80894725839876,cooked_emulsion,cooked_emulsion,rm_cooked_emulsion,2146.397563242295,1231.9781169611608,5,6.0,0.9,0.018,1000.0,14.0,1266.4131939843228,1055.9812431095665,-210.43195087475624,0,0.45034515660289687,141.56179682843276,160.1740176832233,175.53662806725663
2004-10-18,,100.0,106.97891990249596,cooked_emulsion,cooked_emulsion,cooking_emulsification,high_throughput_standard,cooked_emulsion,0.9,0.018,4.0,medium,standard_service,medium,1147.8633364070513,0.717414585254407,0.8986907782789799,0.0148001013318313,1296.1653310070635,11.6067771244369,2149.186016202996,5,100.91790944798484,0.0,99.01824427672246,99.01824427672246,100.91790944798484,106.04706219567863,cooked_emulsion,cooked_emulsion,rm_cooked_emulsion,2149.186016202996,1296.1653310070635,5,6.0,0.9,0.018,1000.0,14.0,1223.3536369122367,1110.9988551489116,-112.35478176332504,0,0.4747391450887867,257.978169952979,291.8965489397816,319.89293074169393
2004-10-25,,100.0,106.97891990249596,cooked_emulsion,cooked_emulsion,cooking_emulsification,high_throughput_standard,cooked_emulsion,0.9,0.018,4.0,medium,standard_service,medium,1070.5563959531223,0.6690977474707015,0.899407710381809,0.02081981243455,1215.0720598709886,11.872985076009906,2060.933204732123,5,96.05337363150944,0.0,92.79654305941052,92.79654305941052,96.05337363150944,100.93528634633088,cooked_emulsion,cooked_emulsion,rm_cooked_emulsion,2060.933204732123,1215.0720598709886,5,6.0,0.9,0.018,1000.0,14.0,1193.02459053856,1041.4903370322759,-151.53425350628413,0,0.46368965530977857,195.6291921711413,221.35007034526058,242.58019829221521
2004-11-01,,100.0,108.78480447694578,cooked_emulsion,cooked_emulsion,cooking_emulsification,high_throughput_standard,cooked_emulsion,0.9,0.018,4.0,medium,standard_service,medium,1040.1368023292948,0.6500855014558092,0.8977461142982998,0.0166367708949391,1177.884596955971,13.02568899898396,2191.8226338060067,5,90.6472744527786,0.0,87.46345369922318,87.46345369922318,90.6472744527786,95.25442217684105,cooked_emulsion,cooked_emulsion,rm_cooked_emulsion,2191.8226338060067,1177.884596955971,5,6.0,0.9,0.018,1000.0,14.0,1350.4764931231703,1009.6153688194037,-340.8611243037666,0,0.41638897869983865,0.0,0.0,0.0
2004-11-08,,100.0,108.78480447694578,cooked_emulsion,cooked_emulsion,cooking_emulsification,high_throughput_standard,cooked_emulsion,0.9,0.018,4.0,medium,standard_service,medium,1179.111566839761,0.7369447292748507,0.8982279513870342,0.022062800329557,1341.670639445449,12.316960181140209,2360.757691750645,4,121.05190851271678,0.0,125.42019328768306,125.42019328768306,121.05190851271678,127.2043717628756,cooked_emulsion,cooked_emulsion,rm_cooked_emulsion,2360.757691750645,1341.670639445449,4,6.0,0.9,0.018,1000.0,14.0,1594.088754924674,1150.0034052389562,-444.0853496857178,0,0.4046420360194528,130.9163529337602,148.12893520452613,162.33627763786265
2004-11-15,,100.0,108.78480447694578,cooked_emulsion,cooked_emulsion,cooking_emulsification,high_throughput_standard,cooked_emulsion,0.9,0.018,4.0,medium,standard_service,medium,1215.038415156598,0.7593990094728739,0.8998411748706121,0.017935051352165,1374.4983293358723,11.590475450739412,2275.8698776071096,4,179.6474714779596,273.7648784276682,180.3112861231682,180.3112861231682,179.6474714779596,188.7780542158269,cooked_emulsion,cooked_emulsion,rm_cooked_emulsion,2275.8698776071096,1374.4983293358723,4,6.0,0.9,0.018,1000.0,14.0,1490.442260843754,1178.1414251450333,-312.3008356987207,0,0.43411553052527657,276.76987687379597,313.158946451455,343.194647323507
2004-11-22,,100.0,108.78480447694578,cooked_emulsion,cooked_emulsion,cooking_emulsification,high_throughput_standard,cooked_emulsion,0.9,0.018,4.0,medium,standard_service,medium,1119.3465808469937,0.699591613029371,0.9017698184198788,0.0200561071307983,1266.1726889348104,12.379162627968734,2239.1653759166406,5,211.11609461138872,450.2467572367622,208.44504988209536,208.44504988209536,211.11609461138872,221.8460701200125,cooked_emulsion,cooked_emulsion,rm_cooked_emulsion,2239.1653759166406,1266.1726889348104,5,6.0,0.9,0.018,1000.0,14.0,1334.7563123917762,1085.2908762298375,-249.46543616193867,0,0.4427865787888891,112.29818924800702,127.06289799502943,139.2497546675287
2004-11-29,,100.0,108.78480447694578,cured_embutido,cured_embutido,curing_maturation,fermented_dry_spiced,cured,0.79,0.031,11.0,long,planned_campaign,high,902.7429938679326,0.5642143711674579,0.7887822929485734,0.0308933942620176,1179.8335198625507,13.858297236602793,2335.783372566076,9,235.0698150469968,348.9270034657631,218.3585877665945,218.3585877665945,235.0698150469968,246.24150800710532,cured_embutido,cured_embutido,rm_cured_embutido,2335.783372566076,1179.8335198625507,9,6.0,0.79,0.031,1000.0,28.0,818.8545613142253,1011.2858741679005,192.4313128536752,1,0.5474279291954699,0.0,0.0,0.0
2004-12-06,,100.0,109.66628901019672,cured_embutido,cured_embutido,curing_maturation,fermented_dry_spiced,cured,0.79,0.031,11.0,long,planned_campaign,high,959.3239656446258,0.5995774785278911,0.788361404286528,0.0309385123354789,1254.505886021269,15.997657611912452,2867.022233813876,9,153.53196602505068,43.83728008391061,170.17458071651347,170.17458071651347,153.53196602505068,160.82857271039123,cured_embutido,cured_embutido,rm_cured_embutido,2867.022233813876,1254.505886021269,9,6.0,0.79,0.031,1000.0,28.0,1254.0860946436733,1075.290759446802,-178.7953351968713,0,0.45852644320984876,0.0,0.0,0.0
2004-12-13,,100.0,109.66628901019672,cured_embutido,cured_embutido,curing_maturation,fermented_dry_spiced,cured,0.79,0.031,11.0,long,planned_campaign,high,964.5196950701436,0.6028248094188396,0.7903694161530179,0.0298319413335559,1256.745478415919,14.09630407537131,2530.7809155855407,9,208.5518602267172,223.0378096430316,197.35483743749924,197.35483743749924,208.5518602267172,218.463287383992,cured_embutido,cured_embutido,rm_cured_embutido,2530.7809155855407,1256.745478415919,9,6.0,0.79,0.031,1000.0,28.0,914.965300479359,1077.2104100707877,162.24510959142867,1,0.5375829756735278,0.0,0.0,0.0
2004-12-20,,100.0,109.66628901019672,cured_embutido,cured_embutido,curing_maturation,fermented_dry_spiced,cured,0.79,0.031,11.0,long,planned_campaign,high,971.9706613296104,0.6074816633310064,0.7823163362964193,0.0312382478587325,1281.237876873195,13.696854862326129,2506.9898919495754,9,216.48842919684077,238.39650700482665,189.04256985913383,189.04256985913383,216.48842919684077,226.7770417944206,cured_embutido,cured_embutido,rm_cured_embutido,2506.9898919495754,1281.237876873195,9,6.0,0.79,0.031,1000.0,28.0,859.6840502554676,1098.2038944627386,238.51984420727103,1,0.5540852724234634,0.0,0.0,0.0
2004-12-27,,100.0,109.66628901019672,cured_embutido,cured_embutido,curing_maturation,fermented_dry_spiced,cured,0.79,0.031,11.0,long,planned_campaign,high,949.4667771053904,0.5934167356908691,0.7919081405089059,0.031635997388828,1236.891067892312,14.777246521238208,2611.120604308897,9,175.62096211520725,104.55902863248994,181.70656598624268,181.70656598624268,175.62096211520725,183.96734833973247,cured_embutido,cured_embutido,rm_cured_embutido,2611.120604308897,1236.891067892312,9,6.0,0.79,0.031,1000.0,28.0,1020.8320884473526,1060.192343907696,39.360255460343524,1,0.5092803290430581,0.0,0.0,0.0
2005-01-03,,100.0,107.09221684347855,cured_embutido,cured_embutido,curing_maturation,fermented_dry_spiced,cured,0.79,0.031,11.0,long,planned_campaign,high,982.4509514285754,0.6140318446428596,0.7899977476115082,0.0294314829821696,1280.213700537934,12.881160084889094,2355.8053742139136,9,259.5114840039797,372.8785753214116,203.92845527136384,203.92845527136384,259.5114840039797,271.84476728126884,cured_embutido,cured_embutido,rm_cured_embutido,2355.8053742139136,1280.213700537934,9,6.0,0.79,0.031,1000.0,28.0,709.8163306651413,1097.326029032515,387.50969836737363,1,0.5873788096433673,21.73435535653516,28.391994038660712,26.9506006421036
2005-01-10,,100.0,107.09221684347855,cured_embutido,cured_embutido,curing_maturation,fermented_dry_spiced,cured,0.79,0.031,11.0,long,planned_campaign,high,985.5852181834638,0.6159907613646649,0.7901587741063902,0.0307499111682802,1285.680687707698,14.04237387909346,2579.144129417357,9,215.843861202778,243.8445306992208,201.68064707577648,201.68064707577648,215.843861202778,226.10184070644,cured_embutido,cured_embutido,rm_cured_embutido,2579.144129417357,1285.680687707698,9,6.0,0.79,0.031,1000.0,28.0,926.1261023646023,1102.0120180351698,175.88591567056756,1,0.5398166017190936,0.0,0.0,0.0
2005-01-17,,100.0,107.09221684347855,cured_embutido,cured_embutido,curing_maturation,fermented_dry_spiced,cured,0.79,0.031,11.0,long,planned_campaign,high,931.1979658812932,0.5819987286758083,0.7938429372303779,0.0297798022678857,1207.957912333493,15.182438882073445,2619.963882302898,9,178.62507871618277,114.26246081955556,193.00807637239237,193.00807637239237,178.62507871618277,187.11423558216936,cured_embutido,cured_embutido,rm_cured_embutido,2619.963882302898,1207.957912333493,9,6.0,0.79,0.031,1000.0,28.0,1066.8751378741215,1035.3924962858512,-31.482641588270326,0,0.49239896553518064,0.0,0.0,0.0
2005-01-24,,100.0,107.09221684347855,cured_embutido,cured_embutido,curing_maturation,fermented_dry_spiced,cured,0.79,0.031,11.0,long,planned_campaign,high,999.901210948375,0.6249382568427344,0.782188737879807,0.0355993281392296,1323.845476311187,13.91606221464895,2631.8165729897214,9,227.62267124121936,265.4687483321212,209.4097992672808,209.4097992672808,227.62267124121936,238.44043869195832,cured_embutido,cured_embutido,rm_cured_embutido,2631.8165729897214,1323.845476311187,9,6.0,0.79,0.031,1000.0,28.0,929.7295320181952,1134.7246939810175,204.9951619628223,1,0.5450416401050646,0.0,0.0,0.0
2005-01-31,,100.0,107.09221684347855,cured_embutido,cured_embutido,curing_maturation,fermented_dry_spiced,cured,0.79,0.031,11.0,long,planned_campaign,high,1044.1831185489607,0.6526144490931004,0.7821046645205642,0.0308205384601767,1376.242149346451,12.945801158475955,2545.2224587646747,9,258.7633848475747,355.3899501166591,198.40586277090017,198.40586277090017,258.7633848475747,271.06111471245566,cured_embutido,cured_embutido,rm_cured_embutido,2545.2224587646747,1376.242149346451,9,6.0,0.79,0.031,1000.0,28.0,775.7682667478091,1179.6361280112437,403.86786126343463,1,0.5847652528886335,10.655818593020285,13.919894701598,13.213215055345154
2005-02-07,,100.0,107.04329316441788,cured_embutido,cured_embutido,curing_maturation,fermented_dry_spiced,cured,0.79,0.031,11.0,long,planned_campaign,high,992.3737050168965,0.6202335656355603,0.7910952153812941,0.0340904643033931,1297.1942762778413,13.749381878521689,2547.945639310944,9,225.2357127402398,267.8832328138724,199.48181036025667,199.48181036025667,225.2357127402398,235.9400399882197,cured_embutido,cured_embutido,rm_cured_embutido,2547.945639310944,1297.1942762778413,9,6.0,0.79,0.031,1000.0,28.0,880.1244269537194,1111.8808082381497,231.7563812844303,1,0.5519212447424894,0.0,0.0,0.0
2005-02-14,,100.0,107.04329316441788,cured_embutido,cured_embutido,curing_maturation,fermented_dry_spiced,cured,0.79,0.031,11.0,long,planned_campaign,high,980.9228792186792,0.6130767995116745,0.7899715325794859,0.0306087553383846,1279.7267571572745,14.85964348174347,2716.6119093435427,9,184.9338901469239,147.46767477539353,190.8139912379646,190.8139912379646,184.9338901469239,193.7228732761565,cured_embutido,cured_embutido,rm_cured_embutido,2716.6119093435427,1279.7267571572745,9,6.0,0.79,0.031,1000.0,28.0,1071.2489358556184,1096.9086489919496,25.65971313633122,1,0.505847921587714,0.0,0.0,0.0
2005-02-21,,100.0,107.04329316441788,cured_embutido,cured_embutido,curing_maturation,fermented_dry_spiced,cured,0.79,0.031,11.0,long,planned_campaign,high,990.0126276138016,0.6187578922586261,0.7906807077727678,0.0315185752830698,1291.5661215828252,14.21257441496051,2622.3542306911195,9,208.0118315535993,216.2477755557005,199.48763666096792,199.48763666096792,208.0118315535993,217.89759384818413,cured_embutido,cured_embutido,rm_cured_embutido,2622.3542306911195,1291.5661215828252,9,6.0,0.79,0.031,1000.0,28.0,961.7692172274869,1107.0566756424216,145.2874584149347,1,0.5327623898111762,0.0,0.0,0.0
2005-02-28,,100.0,107.04329316441788,cured_embutido,cured_embutido,curing_maturation,fermented_dry_spiced,cured,0.79,0.031,11.0,long,planned_campaign,high,1015.5285291070844,0.6347053306919278,0.7881514916993102,0.0283572718567094,1325.0322541845064,13.483618991460537,2552.318580974282,9,233.3484555791426,288.3420884822468,196.1074581458219,196.1074581458219,233.3484555791426,244.43834093054136,cured_embutido,cured_embutido,rm_cured_embutido,2552.318580974282,1325.0322541845064,9,6.0,0.79,0.031,1000.0,28.0,848.7056827370595,1135.7419321581485,287.036249421089,1,0.5628483738350154,0.0,0.0,0.0
2005-03-07,,100.0,106.96776187042948,cured_embutido,cured_embutido,curing_maturation,fermented_dry_spiced,cured,0.79,0.031,11.0,long,planned_campaign,high,947.1615312963291,0.5919759570602058,0.7926574146969597,0.0301058548162642,1230.893221655029,13.577563757553364,2387.504456537346,9,215.60491216864668,180.49391272499471,189.3035462564987,189.3035462564987,215.60491216864668,225.85153561946163,cured_embutido,cured_embutido,rm_cured_embutido,2387.504456537346,1230.893221655029,9,6.0,0.79,0.031,1000.0,28.0,804.9274572665943,1055.0513328471677,250.12387558057344,1,0.5589921383380514,0.0,0.0,0.0
2005-03-14,,100.0,106.96776187042948,cured_embutido,cured_embutido,curing_maturation,fermented_dry_spiced,cured,0.79,0.031,11.0,long,planned_campaign,high,1005.880508842478,0.6286753180265489,0.7937305553719645,0.0314210693415784,1307.101437683679,13.65288927917089,2549.3873150486224,9,182.14835265073376,0.0,153.87834035044253,153.87834035044253,182.14835265073376,190.80495311045988,cured_embutido,cured_embutido,rm_cured_embutido,2549.3873150486224,1307.101437683679,9,6.0,0.79,0.031,1000.0,28.0,868.8283237410351,1120.3726608717247,251.54433713068966,1,0.5558950115874076,0.0,0.0,0.0
2005-03-21,,100.0,106.96776187042948,cured_embutido,cured_embutido,curing_maturation,fermented_dry_spiced,cured,0.79,0.031,11.0,long,planned_campaign,high,990.5894348518532,0.6191183967824082,0.7919359291758061,0.0341720076619197,1293.5893256864806,14.205428172293177,2625.1414643549238,9,125.7717069228406,0.0,96.060712072765,96.060712072765,125.7717069228406,131.7490072943486,cured_embutido,cured_embutido,rm_cured_embutido,2625.1414643549238,1293.5893256864806,9,6.0,0.79,0.031,1000.0,28.0,961.955188472306,1108.790850588412,146.83566211610605,1,0.533058859886543,0.0,0.0,0.0
2005-03-28,,100.0,106.96776187042948,cured_embutido,cured_embutido,curing_maturation,fermented_dry_spiced,cured,0.79,0.031,11.0,long,planned_campaign,high,1058.781258542782,0.6617382865892387,0.7889566861663817,0.0314439655553525,1384.1996133825126,14.79162712162397,2924.937791864312,9,46.695214142814464,0.0,2.653848761735384,2.653848761735384,46.695214142814464,48.91440419495172,cured_embutido,cured_embutido,rm_cured_embutido,2924.937791864312,1384.1996133825126,9,6.0,0.79,0.031,1000.0,28.0,1145.2525746582246,1186.4568114707251,41.20423681250054,1,0.5086813307440265,0.0,0.0,0.0
2005-04-04,,100.0,109.71435437909842,fresh_preparation,fresh_preparation,fresh_forming,marinated_short_run,fresh_prepared,0.85,0.027,2.5,short,service_critical,low,1193.4248593411455,0.7458905370882161,0.8415692424495423,0.0297674407223859,1460.3077217046568,10.175552897077347,2122.776924030892,2,112.76899189416878,0.0,112.6027730637692,112.6027730637692,112.76899189416878,118.95719032436128,fresh_preparation,fresh_preparation,rm_fresh_preparation,2122.776924030892,1460.3077217046568,2,6.0,0.85,0.027,1000.0,7.0,1705.5461464009902,1251.692332889706,-453.8538135112842,0,0.4103322247854698,589.2231305634709,712.4395508898748,730.636681898704
2005-04-11,,100.0,109.71435437909842,fresh_preparation,fresh_preparation,fresh_forming,marinated_short_run,fresh_prepared,0.85,0.027,2.5,short,service_critical,low,1259.3688314482715,0.7871055196551697,0.8530769448321485,0.0282814582204058,1518.017367933626,9.817706398663322,2129.0641180634307,3,121.4601790392522,0.0,121.45926453951851,121.45926453951851,121.4601790392522,128.12530636403116,fresh_preparation,fresh_preparation,rm_fresh_preparation,2129.0641180634307,1518.017367933626,3,6.0,0.85,0.027,1000.0,7.0,1478.4852460918767,1301.157743943108,-177.32750214876864,0,0.46598153708026946,690.1109938133036,834.4247552304015,855.7376323284965
2005-04-18,,100.0,109.71435437909842,fresh_preparation,fresh_preparation,fresh_forming,marinated_short_run,fresh_prepared,0.85,0.027,2.5,short,service_critical,low,1158.6725533799588,0.7241703458624742,0.8548869146648703,0.0302548026789293,1396.3577431991944,8.745112233363354,1744.4721688861314,3,172.51764024559677,9.047621934898732,173.56695947986262,173.56695947986262,172.51764024559677,181.98454575407388,fresh_preparation,fresh_preparation,rm_fresh_preparation,1744.4721688861314,1396.3577431991944,3,6.0,0.85,0.027,1000.0,7.0,1146.0331360864766,1196.8780655993094,50.84492951283278,1,0.5106187267249421,848.7636399123726,1026.2543255091864,1052.466913491342
2005-04-25,,100.0,109.71435437909842,fresh_preparation,fresh_preparation,fresh_forming,marinated_short_run,fresh_prepared,0.85,0.027,2.5,short,service_critical,low,1217.7780950113902,0.7611113093821189,0.852578233647936,0.0268819155653898,1466.744345077024,8.74733958100178,1832.8729807003976,3,201.35999026613288,123.4759276398382,200.6492969948224,200.6492969948224,201.35999026613288,212.4096197319869,fresh_preparation,fresh_preparation,rm_fresh_preparation,1832.8729807003976,1466.744345077024,3,6.0,0.85,0.027,1000.0,7.0,1204.2682613816733,1257.209438637449,52.941177255775756,1,0.5105259620670398,891.0808030140754,1077.420715814129,1104.9401957374535
2005-05-02,,100.0,109.83880935214746,fresh_preparation,fresh_preparation,fresh_forming,marinated_short_run,fresh_prepared,0.85,0.027,2.5,short,service_critical,low,1206.8388859868403,0.7542743037417753,0.8464814302905299,0.0317804454213036,1471.0219489491649,9.861122645530129,2072.275407550639,3,152.9267339915159,0.0,160.48089076805005,160.48089076805005,152.9267339915159,161.3185885193003,fresh_preparation,fresh_preparation,rm_fresh_preparation,2072.275407550639,1471.0219489491649,3,6.0,0.85,0.027,1000.0,7.0,1441.8374294295684,1260.8759562421415,-180.96147318742692,0,0.4641813517315427,659.6224976406675,797.5606041238951,817.9318970744276
2005-05-09,,100.0,109.83880935214746,fresh_preparation,fresh_preparation,fresh_forming,marinated_short_run,fresh_prepared,0.85,0.027,2.5,short,service_critical,low,1161.409590882629,0.7258809943016431,0.8526951775746711,0.0260292075941717,1397.4984186200843,8.733888774042132,1743.6565357325126,3,198.32053873142223,113.23563430591967,197.55567856403488,197.55567856403488,198.32053873142223,209.20337829430903,fresh_preparation,fresh_preparation,rm_fresh_preparation,1743.6565357325126,1397.4984186200843,3,6.0,0.85,0.027,1000.0,7.0,1144.7286420381906,1197.8557873886436,53.12714535045302,1,0.5110861505212575,851.6976702762154,1029.8019107384262,1056.105111142507
2005-05-16,,100.0,109.83880935214746,fresh_preparation,fresh_preparation,fresh_forming,marinated_short_run,fresh_prepared,0.85,0.027,2.5,short,service_critical,low,1195.3886392535817,0.7471178995334884,0.8534421188318457,0.0254670763316046,1436.3384064677407,9.405831220160708,1929.9938037528796,3,157.92869758585834,0.0,166.2598095368569,166.2598095368569,157.92869758585834,166.59503486588233,fresh_preparation,fresh_preparation,rm_fresh_preparation,1929.9938037528796,1436.3384064677407,3,6.0,0.85,0.027,1000.0,7.0,1314.4202009809908,1231.1472055437775,-83.27299543721324,0,0.4830968096367023,737.4918082586387,891.7136911415739,914.4898422407119
2005-05-23,,100.0,109.83880935214746,fresh_preparation,fresh_preparation,fresh_forming,marinated_short_run,fresh_prepared,0.85,0.027,2.5,short,service_critical,low,1228.2267089499485,0.7676416930937177,0.8562352649911963,0.0245798943006219,1469.7086689673752,9.723661700513576,2041.5642707644076,3,140.2431701146912,0.0,144.59098935406033,144.59098935406033,140.2431701146912,147.93901407473487,fresh_preparation,fresh_preparation,rm_fresh_preparation,2041.5642707644076,1469.7086689673752,3,6.0,0.85,0.027,1000.0,7.0,1411.689126921247,1259.7502876863216,-151.93883923492535,0,0.469883928104889,687.8946858892893,831.7449802179908,852.9894105027188
2005-05-30,,100.0,109.83880935214746,fresh_preparation,fresh_preparation,fresh_forming,marinated_short_run,fresh_prepared,0.85,0.027,2.5,short,service_critical,low,1169.258346004026,0.7307864662525162,0.8464955603030881,0.0316620493431161,1425.0275110930847,8.858615035584256,1803.39573369863,2,184.36807955554025,120.18431252991638,192.2096888687918,192.2096888687918,184.36807955554025,194.4852779211505,fresh_preparation,fresh_preparation,rm_fresh_preparation,1803.39573369863,1425.0275110930847,2,6.0,0.85,0.027,1000.0,7.0,1396.245016243463,1221.452152365501,-174.79286387796196,0,0.46428530083349767,843.0839297599555,1019.3868928842942,1045.4240729023447
2005-06-06,,100.0,110.04222885982078,fresh_preparation,fresh_preparation,fresh_forming,marinated_short_run,fresh_prepared,0.85,0.027,2.5,short,service_critical,low,1117.7556343254994,0.6985972714534371,0.8490941816618234,0.0286388951452357,1354.1099981213536,8.921828827957263,1725.8768024948924,3,183.9694865849681,89.94588366128346,186.42860126102224,186.42860126102224,183.9694865849681,194.06481216131823,fresh_preparation,fresh_preparation,rm_fresh_preparation,1725.8768024948924,1354.1099981213536,3,6.0,0.85,0.027,1000.0,7.0,1145.5439461571696,1160.6657126754458,15.121766518276218,1,0.5032570860964002,788.8989083019067,953.8708763701187,978.2346462943642
2005-06-13,,100.0,110.04222885982078,fresh_preparation,fresh_preparation,fresh_forming,marinated_short_run,fresh_prepared,0.85,0.027,2.5,short,service_critical,low,1171.8157441337655,0.7323848400836036,0.8529890882045738,0.0263317585332393,1409.9497050838072,9.47991358983189,1909.457338600493,3,149.94860532539195,0.0,157.39953528577098,157.39953528577098,149.94860532539195,158.17703504262283,fresh_preparation,fresh_preparation,rm_fresh_preparation,1909.457338600493,1409.9497050838072,3,6.0,0.85,0.027,1000.0,7.0,1305.1931792788614,1208.5283186432632,-96.66486063559819,0,0.48001425451458535,709.0206851265777,857.288779549698,879.1856495569564
2005-06-20,,100.0,110.04222885982078,fresh_preparation,fresh_preparation,fresh_forming,marinated_short_run,fresh_prepared,0.85,0.027,2.5,short,service_critical,low,1135.5057384322802,0.7096910865201751,0.8502296402857527,0.0294980453937469,1374.9237651330618,9.838576401087014,1932.4703584188355,3,130.18665011006976,0.0,132.16951123024987,132.16951123024987,130.18665011006976,137.33064253485983,fresh_preparation,fresh_preparation,rm_fresh_preparation,1932.4703584188355,1374.9237651330618,3,6.0,0.85,0.027,1000.0,7.0,1343.217316218952,1178.5060843997671,-164.71123181918483,0,0.46511608224765366,620.9594911139934,750.8125157052094,769.9897689813519
2005-06-27,,100.0,110.04222885982078,fresh_preparation,fresh_preparation,fresh_forming,marinated_short_run,fresh_prepared,0.85,0.027,2.5,short,service_critical,low,1149.6798322010402,0.7185498951256502,0.8455306895917949,0.0283753843702355,1398.2963053809958,10.173297490820836,2032.183470708076,3,104.4031355619464,0.0,99.4803919842396,99.4803919842396,104.4031355619464,110.1322576259082,fresh_preparation,fresh_preparation,rm_fresh_preparation,2032.183470708076,1398.2963053809958,3,6.0,0.85,0.027,1000.0,7.0,1432.913625544792,1198.5396903265678,-234.37393521822423,0,0.4512677974865245,564.6525249994877,682.7308203850888,700.1691309993647
2005-07-04,,100.0,109.4070793421911,fresh_preparation,fresh_preparation,fresh_forming,marinated_short_run,fresh_prepared,0.85,0.027,2.5,short,service_critical,low,1148.4051289320705,0.7177532055825441,0.8516584651401068,0.0309322549427511,1390.1439809712824,9.915559433441969,1969.150752051767,2,104.65124910351318,0.0,100.31251203558256,100.31251203558256,104.65124910351318,110.39398639806846,fresh_preparation,fresh_preparation,rm_fresh_preparation,1969.150752051767,1390.1439809712824,2,6.0,0.85,0.027,1000.0,7.0,1571.9667574885434,1191.5519836896706,-380.41477379887283,0,0.420856125115562,612.5452126091859,740.6386707081626,759.5560636353905
2005-07-11,,100.0,109.4070793421911,fresh_preparation,fresh_preparation,fresh_forming,marinated_short_run,fresh_prepared,0.85,0.027,2.5,short,service_critical,low,1087.0487609563895,0.6794054755977434,0.8523146465352607,0.0239043343345201,1305.895589734149,9.595521329574952,1790.1069979274123,2,110.84441959666285,0.0,107.89817813670372,107.89817813670372,110.84441959666285,116.9270071220297,fresh_preparation,fresh_preparation,rm_fresh_preparation,1790.1069979274123,1305.895589734149,2,6.0,0.85,0.027,1000.0,7.0,1416.993972289084,1119.3390769149848,-297.65489537409917,0,0.4339089475265133,635.1276687217216,767.9434964291418,787.5583092149349
2005-07-18,,100.0,109.4070793421911,fresh_preparation,fresh_preparation,fresh_forming,marinated_short_run,fresh_prepared,0.85,0.027,2.5,short,service_critical,low,1084.9373345453669,0.6780858340908543,0.850351851585324,0.0264692797833714,1309.6400534962904,9.103610520445406,1703.2075670007878,2,124.11944944688412,0.0,124.16876079038867,124.16876079038867,124.11944944688412,130.9305042352819,fresh_preparation,fresh_preparation,rm_fresh_preparation,1703.2075670007878,1309.6400534962904,2,6.0,0.85,0.027,1000.0,7.0,1329.0246945732763,1122.5486172825347,-206.4760772907416,0,0.4541454352233898,728.9811037780376,881.4232558830029,903.9365686847666
2005-07-25,,100.0,109.4070793421911,fresh_preparation,fresh_preparation,fresh_forming,marinated_short_run,fresh_prepared,0.85,0.027,2.5,short,service_critical,low,1151.306568403469,0.7195666052521683,0.8508783397087197,0.0260749572321143,1388.361629160809,8.908783175072923,1766.9446746835208,2,133.96346568980107,0.0,137.21793998112926,137.21793998112926,133.96346568980107,141.3147108695289,fresh_preparation,fresh_preparation,rm_fresh_preparation,1766.9446746835208,1388.361629160809,2,6.0,0.85,0.027,1000.0,7.0,1370.2699234947183,1190.0242535664077,-180.2456699283107,0,0.4622062598933744,811.4412080436957,981.1271483510014,1006.1870979741827
2005-08-01,,100.0,109.27747450818828,fresh_preparation,fresh_preparation,fresh_forming,marinated_short_run,fresh_prepared,0.85,0.027,2.5,short,service_critical,low,1111.1567466446918,0.6944729666529323,0.8489651763932571,0.0230526346471827,1339.0087942008468,9.247849920588992,1768.9931958740376,2,135.46311758676185,0.0,139.65475178417768,139.65475178417768,135.46311758676185,142.89665616433538,fresh_preparation,fresh_preparation,rm_fresh_preparation,1768.9931958740376,1339.0087942008468,2,6.0,0.85,0.027,1000.0,7.0,1386.4192546737956,1147.7218236007259,-238.69743107306977,0,0.4481928559325777,717.7374219275348,867.8283319358379,889.9944031901431
2005-08-08,,100.0,109.27747450818828,fresh_preparation,fresh_preparation,fresh_forming,marinated_short_run,fresh_prepared,0.85,0.027,2.5,short,service_critical,low,1037.6131053207364,0.6485081908254603,0.8559131157428642,0.0291206544095593,1247.5905069462815,9.80033752457482,1746.6868657898524,2,136.53069430702786,0.0,141.4643797454234,141.4643797454234,136.53069430702786,144.02281615712602,fresh_preparation,fresh_preparation,rm_fresh_preparation,1746.6868657898524,1247.5905069462815,2,6.0,0.85,0.027,1000.0,7.0,1390.2324352337719,1069.3632916682413,-320.8691435655305,0,0.4255437314646469,570.2669328246704,689.5192948729466,707.1309967025913
2005-08-15,,100.0,109.27747450818828,fresh_preparation,fresh_preparation,fresh_forming,marinated_short_run,fresh_prepared,0.85,0.027,2.5,short,service_critical,low,1146.0951506460704,0.716309469153794,0.8463972312651493,0.0264592068883932,1389.9146593288704,9.756350397562883,1937.213491303101,2,137.6363649256351,0.0,142.81952899005552,142.81952899005552,137.6363649256351,145.1891604509293,fresh_preparation,fresh_preparation,rm_fresh_preparation,1937.213491303101,1389.9146593288704,2,6.0,0.85,0.027,1000.0,7.0,1540.095017209138,1191.3554222818889,-348.7395949272491,0,0.42733685700571633,644.0565903076581,778.7396049908205,798.630171981496
2005-08-22,,100.0,109.27747450818828,fresh_preparation,fresh_preparation,fresh_forming,marinated_short_run,fresh_prepared,0.85,0.027,2.5,short,service_critical,low,1124.9193785763994,0.7030746116102496,0.8476507169489449,0.0284792624099731,1364.8973918329448,8.294434982151406,1617.2932391237705,3,186.36380541577927,83.7860676666602,176.09227062580075,176.09227062580075,186.36380541577927,196.59051923797023,fresh_preparation,fresh_preparation,rm_fresh_preparation,1617.2932391237705,1364.8973918329448,3,6.0,0.85,0.027,1000.0,7.0,1032.3372140525084,1169.912050142524,137.57483609001565,1,0.529364711319814,917.5162028516984,1109.3842002922415,1137.7200915361059
2005-08-29,,100.0,109.27747450818828,fresh_preparation,fresh_preparation,fresh_forming,marinated_short_run,fresh_prepared,0.85,0.027,2.5,short,service_critical,low,1088.5526684077072,0.6803454177548169,0.85004394205411,0.0317195438686592,1321.2035366227235,9.08296995662598,1714.3502899617413,3,148.364474321144,0.0,151.80480162201326,151.80480162201326,148.364474321144,156.50597484951678,fresh_preparation,fresh_preparation,rm_fresh_preparation,1714.3502899617413,1321.2035366227235,3,6.0,0.85,0.027,1000.0,7.0,1148.120202837717,1132.4601742480486,-15.6600285896684,0,0.4965429735622081,739.3134209090306,893.9162334913616,916.7486419271979
2005-09-05,,100.0,111.36145157414084,fresh_preparation,fresh_preparation,fresh_forming,marinated_short_run,fresh_prepared,0.85,0.027,2.5,short,service_critical,low,1080.3017023081193,0.6751885639425745,0.8535158161108035,0.0262935126163447,1298.9877959136545,10.22805759961892,1898.0174282581268,2,132.1985701541932,0.0,135.66109655298482,135.66109655298482,132.1985701541932,139.45296669140455,fresh_preparation,fresh_preparation,rm_fresh_preparation,1898.0174282581268,1298.9877959136545,2,6.0,0.85,0.027,1000.0,7.0,1526.8780579970826,1113.4181107831323,-413.4599472139503,0,0.4082165614437918,514.3884784386598,621.9557202571306,637.8417132639382
2005-09-12,,100.0,111.36145157414084,fresh_preparation,fresh_preparation,fresh_forming,marinated_short_run,fresh_prepared,0.85,0.027,2.5,short,service_critical,low,1150.566560223142,0.7191041001394638,0.8440105073196218,0.0261576940346856,1398.8720733128143,9.552882097337712,1909.0371408022384,2,154.5366702049425,0.0,164.02440503684343,164.02440503684343,154.5366702049425,163.01686998243872,fresh_preparation,fresh_preparation,rm_fresh_preparation,1909.0371408022384,1398.8720733128143,2,6.0,0.85,0.027,1000.0,7.0,1509.3594055700057,1199.0332056966981,-310.3261998733076,0,0.4356553535482785,688.8681382072741,832.9219977114734,854.1964913770199
2005-09-19,,100.0,111.36145157414084,fresh_preparation,fresh_preparation,fresh_forming,marinated_short_run,fresh_prepared,0.85,0.027,2.5,short,service_critical,low,1132.4930624402998,0.7078081640251874,0.8447588130009382,0.0272373283394479,1377.1257901311074,8.655147720793437,1702.7467348141593,3,181.82417849392843,56.99928767118616,181.04659010175,181.04659010175,181.82417849392843,191.8017802887828,fresh_preparation,fresh_preparation,rm_fresh_preparation,1702.7467348141593,1377.1257901311074,3,6.0,0.85,0.027,1000.0,7.0,1112.5499676151132,1180.393534398092,67.84356678297877,1,0.514364890746542,854.7725897150401,1033.519847306741,1059.9180112466497
2005-09-26,,100.0,111.36145157414084,fresh_preparation,fresh_preparation,fresh_forming,marinated_short_run,fresh_prepared,0.85,0.027,2.5,short,service_critical,low,1199.7680745514276,0.7498550465946423,0.841849085969061,0.0289744947059668,1466.451373353723,10.91884577761412,2287.422340859961,3,96.5688051727802,0.0,89.62603042994805,89.62603042994805,96.5688051727802,101.86801835663653,fresh_preparation,fresh_preparation,rm_fresh_preparation,2287.422340859961,1466.451373353723,3,6.0,0.85,0.027,1000.0,7.0,1658.9431808512227,1256.9583200174768,-401.98486083374587,0,0.4207226307065661,435.9873525112389,527.1596064460902,540.6243171139362
2005-10-03,,100.0,111.56401277165516,fresh_preparation,fresh_preparation,fresh_forming,marinated_short_run,fresh_prepared,0.85,0.027,2.5,short,service_critical,low,1134.9945864682777,0.7093716165426734,0.850130780901013,0.0258665739493797,1369.6163390734573,9.48322301577223,1855.4824556398733,2,153.33906732039998,6.495819959549477,162.22324361888812,162.22324361888812,153.33906732039998,161.75354863960692,fresh_preparation,fresh_preparation,rm_fresh_preparation,1855.4824556398733,1369.6163390734573,2,6.0,0.85,0.027,1000.0,7.0,1464.1635016188854,1173.9568620629634,-290.20663955592204,0,0.43851184961003303,688.0907454965475,831.9820391712078,853.2325244157189
2005-10-10,,100.0,111.56401277165516,fresh_preparation,fresh_preparation,fresh_forming,marinated_short_run,fresh_prepared,0.85,0.027,2.5,short,service_critical,low,1134.2467077644103,0.7089041923527565,0.8455267767311738,0.0257380768057357,1375.99431344255,9.731188430749134,1912.86570624982,2,210.094208729696,251.3301532740768,218.69974771840552,218.69974771840552,210.094208729696,221.6231284337381,fresh_preparation,fresh_preparation,rm_fresh_preparation,1912.86570624982,1375.99431344255,2,6.0,0.85,0.027,1000.0,7.0,1519.724473837663,1179.4236972364713,-340.3007766011917,0,0.4283634413635082,642.5523044292013,776.9207477530999,796.7648574922096
2005-10-17,,100.0,111.56401277165516,fresh_preparation,fresh_preparation,fresh_forming,marinated_short_run,fresh_prepared,0.85,0.027,2.5,short,service_critical,low,1116.6025295338734,0.6978765809586709,0.8484617995599283,0.0291143785404827,1354.347029947598,9.74030290878817,1884.5357593296008,3,275.1895317670459,539.2553306823266,282.7120314281804,282.7120314281804,275.1895317670459,290.29055732276254,fresh_preparation,fresh_preparation,rm_fresh_preparation,1884.5357593296008,1354.347029947598,3,6.0,0.85,0.027,1000.0,7.0,1304.1013179234874,1160.868882812227,-143.23243511126043,0,0.46919311810594994,630.6801534302244,762.5659312378024,782.0433902534783
2005-10-24,,100.0,111.56401277165516,fresh_preparation,fresh_preparation,fresh_forming,marinated_short_run,fresh_prepared,0.85,0.027,2.5,short,service_critical,low,1151.4394980214793,0.7196496862634245,0.8526455127595668,0.027757278647676,1387.9159712973271,9.280030775464978,1839.986132485509,2,410.8216562634792,1106.2008353023678,417.3704167847322,417.3704167847322,410.8216562634792,433.3654946509376,fresh_preparation,fresh_preparation,rm_fresh_preparation,1839.986132485509,1387.9159712973271,2,6.0,0.85,0.027,1000.0,7.0,1443.438712114844,1189.6422611119947,-253.79645100284938,0,0.4468667541002462,737.5720999238131,891.8107731380364,914.5894039055282
2005-10-31,,100.0,111.56401277165516,cured_embutido,cured_embutido,curing_maturation,fermented_dry_spiced,cured,0.79,0.031,11.0,long,planned_campaign,high,977.2909492066078,0.6108068432541299,0.7874338291168687,0.0269105434739903,1274.507574696819,13.44404384606825,2447.790816624305,9,284.79291953857086,542.9709884674429,250.53471618845836,250.53471618845836,284.79291953857086,298.32770303964145,cured_embutido,cured_embutido,rm_cured_embutido,2447.790816624305,1274.507574696819,9,6.0,0.79,0.031,1000.0,28.0,809.1382205855377,1092.435064025845,283.29684344030716,1,0.5644706067692163,0.0,0.0,0.0
2005-11-07,,100.0,110.24479005733512,cured_embutido,cured_embutido,curing_maturation,fermented_dry_spiced,cured,0.79,0.031,11.0,long,planned_campaign,high,989.359266836724,0.6183495417729525,0.7909251280909735,0.0285492164010617,1286.6005422032756,15.184626206118004,2790.935472849356,9,193.02462434728827,243.79379565120584,200.8755863423264,200.8755863423264,193.02462434728827,202.19811961939317,cured_embutido,cured_embutido,rm_cured_embutido,2790.935472849356,1286.6005422032756,9,6.0,0.79,0.031,1000.0,28.0,1136.7347757308587,1102.8004647456648,-33.93431098519386,0,0.49230784834918967,0.0,0.0,0.0
2005-11-14,,100.0,110.24479005733512,cured_embutido,cured_embutido,curing_maturation,fermented_dry_spiced,cured,0.79,0.031,11.0,long,planned_campaign,high,941.5297927989636,0.5884561204993524,0.7888026483689932,0.0340024717276544,1234.204949707448,14.513544736849092,2558.9555360028044,9,203.66408639105643,236.4479631065533,202.76555930704052,202.76555930704052,203.66408639105643,213.3432220967914,cured_embutido,cured_embutido,rm_cured_embutido,2558.9555360028044,1234.204949707448,9,6.0,0.79,0.031,1000.0,28.0,972.1206006646571,1057.8899568920983,85.76935622744122,1,0.5202578737602782,0.0,0.0,0.0
2005-11-21,,100.0,110.24479005733512,cured_embutido,cured_embutido,curing_maturation,fermented_dry_spiced,cured,0.79,0.031,11.0,long,planned_campaign,high,947.3188602489932,0.5920742876556208,0.7926884572603858,0.0318038565661576,1233.0787012856576,14.404783535743649,2537.4616820794,9,195.23228826030925,170.1511818012335,195.2366438466856,195.2366438466856,195.23228826030925,204.51070275988045,cured_embutido,cured_embutido,rm_cured_embutido,2537.4616820794,1233.0787012856576,9,6.0,0.79,0.031,1000.0,28.0,952.0747804264115,1056.9246011019923,104.84982067558076,1,0.5247803669963546,0.0,0.0,0.0
2005-11-28,,100.0,110.24479005733512,cured_embutido,cured_embutido,curing_maturation,fermented_dry_spiced,cured,0.79,0.031,11.0,long,planned_campaign,high,949.755849634371,0.5935974060214818,0.7919005122693921,0.0294756081379255,1234.6885318749244,14.257394730109366,2514.77739538286,9,204.4041030068881,188.6015722016452,202.1277356873977,202.1277356873977,204.4041030068881,214.1184080022905,cured_embutido,cured_embutido,rm_cured_embutido,2514.77739538286,1234.6885318749244,9,6.0,0.79,0.031,1000.0,28.0,927.3207115436715,1058.3044558927922,130.9837443491208,1,0.5309024482944199,0.0,0.0,0.0
2005-12-05,,100.0,112.63260891955916,cured_embutido,cured_embutido,curing_maturation,fermented_dry_spiced,cured,0.79,0.031,11.0,long,planned_campaign,high,1006.1243872768704,0.6288277420480439,0.7872322652153015,0.03065918068553,1317.2368340046469,13.253460155688966,2493.992270726638,9,249.3122223408905,330.72911577432217,206.48834878768295,206.48834878768295,249.3122223408905,261.1607857076413,cured_embutido,cured_embutido,rm_cured_embutido,2493.992270726638,1317.2368340046469,9,6.0,0.79,0.031,1000.0,28.0,800.4020555778061,1129.0601434325545,328.6580878547484,1,0.572262955660897,0.0,0.0,0.0
2005-12-12,,100.0,112.63260891955916,cured_embutido,cured_embutido,curing_maturation,fermented_dry_spiced,cured,0.79,0.031,11.0,long,planned_campaign,high,1031.5959171660193,0.6447474482287621,0.7893253929863983,0.0310264733456033,1347.4831924122986,14.621968704950142,2814.69386712842,9,189.2521049958113,153.43684396208388,190.80909380339207,190.80909380339207,189.2521049958113,198.2463112857372,cured_embutido,cured_embutido,rm_cured_embutido,2814.69386712842,1347.4831924122986,9,6.0,0.79,0.031,1000.0,28.0,1082.2154768840362,1154.985593496256,72.77011661221968,1,0.5157460954215505,0.0,0.0,0.0
2005-12-19,,100.0,112.63260891955916,cured_embutido,cured_embutido,curing_maturation,fermented_dry_spiced,cured,0.79,0.031,11.0,long,planned_campaign,high,978.184476792432,0.61136529799527,0.794174973590882,0.0324714667205603,1271.6940158799805,13.349570995098928,2425.2242212903234,9,242.0742580698072,318.9818622253646,203.59118942084743,203.59118942084743,242.0742580698072,253.5788371845748,cured_embutido,cured_embutido,rm_cured_embutido,2425.2242212903234,1271.6940158799805,9,6.0,0.79,0.031,1000.0,28.0,790.1890580160627,1090.0234421828404,299.8343841667777,1,0.5683375248581105,0.0,0.0,0.0
2005-12-26,,100.0,112.63260891955916,cured_embutido,cured_embutido,curing_maturation,fermented_dry_spiced,cured,0.79,0.031,11.0,long,planned_campaign,high,983.8954292988366,0.6149346433117728,0.7915735074810164,0.0282834732102824,1278.1168138568516,14.025422668796365,2560.8755049196675,9,217.4483814078633,246.79689559743696,202.8568144857097,202.8568144857097,217.4483814078633,227.78261573427204,cured_embutido,cured_embutido,rm_cured_embutido,2560.8755049196675,1278.1168138568516,9,6.0,0.79,0.031,1000.0,28.0,917.5824585322869,1095.5286975915872,177.9462390593003,1,0.5405183437756615,0.0,0.0,0.0
2006-01-02,,100.0,110.14522607889587,cured_embutido,cured_embutido,curing_maturation,fermented_dry_spiced,cured,0.79,0.031,11.0,long,planned_campaign,high,994.6523391270003,0.6216577119543752,0.7844121517689955,0.029318101722659,1305.198619469773,12.93032939707648,2410.949725479091,9,260.04865120247297,376.1262862083199,204.0242790786736,204.0242790786736,260.04865120247297,272.4074633508705,cured_embutido,cured_embutido,rm_cured_embutido,2410.949725479091,1305.198619469773,9,6.0,0.79,0.031,1000.0,28.0,732.83721473224,1118.7416738312338,385.9044590989938,1,0.5853912446225833,12.990567821916102,16.969821193604396,16.108304099175967
2006-01-09,,100.0,110.14522607889587,cured_embutido,cured_embutido,curing_maturation,fermented_dry_spiced,cured,0.79,0.031,11.0,long,planned_campaign,high,982.8188172373212,0.6142617607733257,0.7926224722446855,0.0315459115097267,1279.073920027608,12.689448029966709,2318.6774335251607,9,276.1779419317334,434.70440015502703,214.10261986597052,214.10261986597052,276.1779419317334,289.30329862203905,cured_embutido,cured_embutido,rm_cured_embutido,2318.6774335251607,1279.073920027608,9,6.0,0.79,0.031,1000.0,28.0,674.1538220610935,1096.3490743093782,422.19525224828476,1,0.5951006407964767,56.745560811825726,74.12778515215442,70.3644954066639
2006-01-16,,100.0,110.14522607889587,cured_embutido,cured_embutido,curing_maturation,fermented_dry_spiced,cured,0.79,0.031,11.0,long,planned_campaign,high,1023.2135516987132,0.6395084698116957,0.7856615575102551,0.0308003308390091,1342.4722866069767,14.10493806194709,2705.069778924555,9,213.2284490922749,258.1839878787536,197.4392438014536,197.4392438014536,213.2284490922749,223.36213113538528,cured_embutido,cured_embutido,rm_cured_embutido,2705.069778924555,1342.4722866069767,9,6.0,0.79,0.031,1000.0,28.0,979.0339818584421,1150.6905313774084,171.65654951896636,1,0.5372252395032254,0.0,0.0,0.0
2006-01-23,,100.0,110.14522607889587,cured_embutido,cured_embutido,curing_maturation,fermented_dry_spiced,cured,0.79,0.031,11.0,long,planned_campaign,high,931.8355012365784,0.5823971882728616,0.7956500522798441,0.0321437183652734,1208.8080135169937,13.428503780038277,2318.9261398362155,9,242.302788333294,346.05339194821846,209.79208404958425,209.79208404958425,242.302788333294,253.81822834883377,cured_embutido,cured_embutido,rm_cured_embutido,2318.9261398362155,1208.8080135169937,9,6.0,0.79,0.031,1000.0,28.0,764.7444081715093,1036.1211544431374,271.376746271628,1,0.5651072375853261,0.0,0.0,0.0
2006-01-30,,100.0,110.14522607889587,cured_embutido,cured_embutido,curing_maturation,fermented_dry_spiced,cured,0.79,0.031,11.0,long,planned_campaign,high,978.7922832044828,0.6117451770028017,0.7940963953593642,0.0285409852052808,1267.765456639399,12.720462797576856,2303.794761033502,9,272.87885041379565,428.78924921558,212.46619297549037,212.46619297549037,272.87885041379565,285.8474177797113,cured_embutido,cured_embutido,rm_cured_embutido,2303.794761033502,1267.765456639399,9,6.0,0.79,0.031,1000.0,28.0,673.8106024971316,1086.6561056909134,412.8455031937817,1,0.593854499274753,50.626801296810754,66.13473540098856,62.777233608045336
2006-02-06,,100.0,110.45765097675697,cured_embutido,cured_embutido,curing_maturation,fermented_dry_spiced,cured,0.79,0.031,11.0,long,planned_campaign,high,986.1174809265398,0.6163234255790874,0.7911595419036737,0.0317142573525426,1285.9498124088302,14.230979614530808,2614.332223671397,9,209.24421959495072,232.2512527152037,201.282062577111,201.282062577111,209.24421959495072,219.1885511312008,cured_embutido,cured_embutido,rm_cured_embutido,2614.332223671397,1285.9498124088302,9,6.0,0.79,0.031,1000.0,28.0,960.9681791457583,1102.2426963504258,141.27451720466752,1,0.5319987229572867,0.0,0.0,0.0
2006-02-13,,100.0,110.45765097675697,cured_embutido,cured_embutido,curing_maturation,fermented_dry_spiced,cured,0.79,0.031,11.0,long,planned_campaign,high,943.0191970654204,0.5893869981658877,0.7906289313737448,0.0331831672387549,1232.324700157505,15.178662375393037,2672.14865150689,9,180.5295689721547,132.71443578618053,193.78730727171083,193.78730727171083,180.5295689721547,189.1092367375564,cured_embutido,cured_embutido,rm_cured_embutido,2672.14865150689,1232.324700157505,9,6.0,0.79,0.031,1000.0,28.0,1087.7311798758121,1056.2783144207185,-31.452865455093615,0,0.492556284362584,0.0,0.0,0.0
2006-02-20,,100.0,110.45765097675697,cured_embutido,cured_embutido,curing_maturation,fermented_dry_spiced,cured,0.79,0.031,11.0,long,planned_campaign,high,987.5481814182384,0.6172176133863989,0.7891638709758904,0.0319736370942985,1291.396788507028,14.7403500679106,2719.377248452729,9,195.7193263257533,162.88057242040136,202.05463767333129,202.05463767333129,195.7193263257533,205.02088730938468,cured_embutido,cured_embutido,rm_cured_embutido,2719.377248452729,1291.396788507028,9,6.0,0.79,0.031,1000.0,28.0,1059.0099489436927,1106.9115330060242,47.901584062331494,1,0.5108170591086469,0.0,0.0,0.0
2006-02-27,,100.0,110.45765097675697,cured_embutido,cured_embutido,curing_maturation,fermented_dry_spiced,cured,0.79,0.031,11.0,long,planned_campaign,high,991.8878911136854,0.6199299319460534,0.7927140958056001,0.0312782234795231,1290.3925736289978,13.75222318160316,2535.109523489895,9,235.4019386492884,270.6243477895835,215.20770835726952,215.20770835726952,235.4019386492884,246.58941578359585,cured_embutido,cured_embutido,rm_cured_embutido,2535.109523489895,1290.3925736289978,9,6.0,0.79,0.031,1000.0,28.0,876.033357395469,1106.0507773962838,230.0174200008148,1,0.5518041308416533,0.0,0.0,0.0
2006-03-06,,100.0,113.31582380609058,cured_embutido,cured_embutido,curing_maturation,fermented_dry_spiced,cured,0.79,0.031,11.0,long,planned_campaign,high,1035.175230953152,0.6469845193457199,0.7885168873221517,0.030808232794868,1353.2584623211542,13.844685948748992,2676.4912026176216,9,234.05851419429447,263.45082895138125,213.9614501153898,213.9614501153898,234.05851419429447,245.18214508137837,cured_embutido,cured_embutido,rm_cured_embutido,2676.4912026176216,1353.2584623211542,9,6.0,0.79,0.031,1000.0,28.0,936.5874653475662,1159.9358248467036,223.34835949913736,1,0.5479899025932038,0.0,0.0,0.0
2006-03-13,,100.0,113.31582380609058,cured_embutido,cured_embutido,curing_maturation,fermented_dry_spiced,cured,0.79,0.031,11.0,long,planned_campaign,high,1078.292279036328,0.673932674397705,0.7909422794825596,0.0293302976944569,1403.2868660254392,14.372002518801173,2881.1489104454595,9,210.6868862793339,195.4926988052132,206.9504374148792,206.9504374148792,210.6868862793339,220.69978054975925,cured_embutido,cured_embutido,rm_cured_embutido,2881.1489104454595,1403.2868660254392,9,6.0,0.79,0.031,1000.0,28.0,1076.9229398413233,1202.8173137360907,125.89437389476734,1,0.5261426999159736,0.0,0.0,0.0
2006-03-20,,100.0,113.31582380609058,cured_embutido,cured_embutido,curing_maturation,fermented_dry_spiced,cured,0.79,0.031,11.0,long,planned_campaign,high,1037.2159742666852,0.6482599839166783,0.7934877374660778,0.0308560028151204,1347.494438544182,14.512655576631769,2793.6746682883595,9,183.8318891220087,57.5512941566716,187.0760368834121,187.0760368834121,183.8318891220087,192.56849965253215,cured_embutido,cured_embutido,rm_cured_embutido,2793.6746682883595,1347.494438544182,9,6.0,0.79,0.031,1000.0,28.0,1061.1818187315541,1154.9952330378703,93.81341430631619,1,0.52029486117575,0.0,0.0,0.0
2006-03-27,,100.0,113.31582380609058,cured_embutido,cured_embutido,curing_maturation,fermented_dry_spiced,cured,0.79,0.031,11.0,long,planned_campaign,high,1013.4337020068652,0.6333960637542907,0.7877527738258977,0.0335194117057608,1329.609286443991,13.633257333435406,2589.5579364309087,9,179.2710946710665,0.0,145.40153072362503,145.40153072362503,179.2710946710665,187.79095344530893,cured_embutido,cured_embutido,rm_cured_embutido,2589.5579364309087,1329.609286443991,9,6.0,0.79,0.031,1000.0,28.0,880.0602824314917,1139.665102666278,259.6048202347863,1,0.5567026383752915,0.0,0.0,0.0
2006-04-03,,100.0,114.29687231778074,cured_embutido,cured_embutido,curing_maturation,fermented_dry_spiced,cured,0.79,0.031,11.0,long,planned_campaign,high,1050.8542082959725,0.6567838801849828,0.7875352290400373,0.0307619429867997,1375.4058048417087,13.836807383895216,2718.7464566122994,9,126.9113557489774,0.0,74.29029121306397,74.29029121306397,126.9113557489774,132.94281793094757,cured_embutido,cured_embutido,rm_cured_embutido,2718.7464566122994,1375.4058048417087,9,6.0,0.79,0.031,1000.0,28.0,950.3675646729598,1178.9192612928932,228.5516966199334,1,0.5483151314914753,0.0,0.0,0.0
2006-04-10,,100.0,114.29687231778074,cured_embutido,cured_embutido,curing_maturation,fermented_dry_spiced,cured,0.79,0.031,11.0,long,planned_campaign,high,1085.4807913172308,0.6784254945732693,0.7852225380771022,0.0292203920213031,1422.7800545651369,13.996669638519194,2844.883198860362,9,57.64387960178786,0.0,0.0,0.0,57.64387960178786,60.38340497986283,cured_embutido,cured_embutido,rm_cured_embutido,2844.883198860362,1422.7800545651369,9,6.0,0.79,0.031,1000.0,28.0,1015.5945572766145,1219.5257610558315,203.93120377921696,1,0.5417082858928569,0.0,0.0,0.0
2006-04-17,,100.0,114.29687231778074,fresh_preparation,fresh_preparation,fresh_forming,marinated_short_run,fresh_prepared,0.85,0.027,2.5,short,service_critical,low,1198.284998136109,0.7489281238350681,0.8457421090154953,0.0260155058224692,1453.7043566546251,9.76862654662777,2028.6707099092596,2,111.25497208136426,0.0,108.77957934398516,108.77957934398516,111.25497208136426,117.36008867432912,fresh_preparation,fresh_preparation,rm_fresh_preparation,2028.6707099092596,1453.7043566546251,2,6.0,0.85,0.027,1000.0,7.0,1613.3266080079381,1246.0323057039643,-367.29430230397384,0,0.42683622827085993,671.0659524493299,811.3970768990145,832.1217810371691
2006-04-24,,100.0,114.29687231778074,fresh_preparation,fresh_preparation,fresh_forming,marinated_short_run,fresh_prepared,0.85,0.027,2.5,short,service_critical,low,1199.045414125864,0.749403383828665,0.842686418754234,0.0274017005945518,1461.8739191076131,9.35645488925371,1953.993911129559,2,142.19531098466845,0.0,147.20604508278134,147.20604508278134,142.19531098466845,149.99827867495213,fresh_preparation,fresh_preparation,rm_fresh_preparation,1953.993911129559,1461.8739191076131,2,6.0,0.85,0.027,1000.0,7.0,1536.3156485273837,1253.0347878065256,-283.2808607208581,0,0.4437205471943702,760.9147957845798,920.0348174651833,943.534346772879
2006-05-01,,100.0,114.7380437394857,fresh_preparation,fresh_preparation,fresh_forming,marinated_short_run,fresh_prepared,0.85,0.027,2.5,short,service_critical,low,1254.5004318481,0.7840627699050624,0.8529193151560621,0.0262529720056383,1509.445001056052,9.353871569554864,2017.0220973121309,3,146.5100430269996,0.0,151.10584330257768,151.10584330257768,146.5100430269996,154.5497816381062,fresh_preparation,fresh_preparation,rm_fresh_preparation,2017.0220973121309,1509.445001056052,3,6.0,0.85,0.027,1000.0,7.0,1370.1170968595372,1293.8100009051873,-76.30709595434996,0,0.4852596238562591,786.2329046491081,950.647366724029,974.928801764894
2006-05-08,,100.0,114.7380437394857,fresh_preparation,fresh_preparation,fresh_forming,marinated_short_run,fresh_prepared,0.85,0.027,2.5,short,service_critical,low,1222.6678228410722,0.7641673892756701,0.857235658168331,0.0279706065661262,1466.1856066048265,10.253822114448743,2147.7151995558597,3,128.3223765005758,0.0,127.34012262195644,127.34012262195644,128.3223765005758,135.3640669110449,fresh_preparation,fresh_preparation,rm_fresh_preparation,2147.7151995558597,1466.1856066048265,3,6.0,0.85,0.027,1000.0,7.0,1519.3499395823628,1256.730519946994,-262.6194196353688,0,0.44794669877733156,575.2009269959608,695.4850698216079,713.2491494749914
2006-05-15,,100.0,114.7380437394857,fresh_preparation,fresh_preparation,fresh_forming,marinated_short_run,fresh_prepared,0.85,0.027,2.5,short,service_critical,low,1251.1381014503568,0.781961313406473,0.8557013157738812,0.028045687521498,1503.126273127946,10.151635138061842,2179.8842130328,3,112.37633500022704,0.0,106.42739670941016,106.42739670941016,112.37633500022704,118.5429863833645,fresh_preparation,fresh_preparation,rm_fresh_preparation,2179.8842130328,1503.126273127946,3,6.0,0.85,0.027,1000.0,7.0,1535.6872388351087,1288.3939483953823,-247.29329043972643,0,0.4521619778123173,611.6360084905286,739.539336788016,758.4286505282555
2006-05-22,,100.0,114.7380437394857,fresh_preparation,fresh_preparation,fresh_forming,marinated_short_run,fresh_prepared,0.85,0.027,2.5,short,service_critical,low,1222.7275907184323,0.7642047441990202,0.8434956620454939,0.0287779663608092,1491.312001702642,9.712369060657764,2069.1675064463343,2,122.50335625543654,0.0,119.73405695249754,119.73405695249754,122.50335625543654,129.22572792995362,fresh_preparation,fresh_preparation,rm_fresh_preparation,2069.1675064463343,1491.312001702642,2,6.0,0.85,0.027,1000.0,7.0,1643.0783631027223,1278.2674300308358,-364.81093307188644,0,0.4291316575702144,700.4119252871433,846.8797839152933,868.5107873560577
2006-05-29,,100.0,114.7380437394857,fresh_preparation,fresh_preparation,fresh_forming,marinated_short_run,fresh_prepared,0.85,0.027,2.5,short,service_critical,low,1244.350937088751,0.7777193356804694,0.8528994186862248,0.02984711894453,1502.5115499442345,10.457388158609866,2244.6209272230567,2,105.44602621957998,0.0,99.41703276906652,99.41703276906652,105.44602621957998,111.23237690837944,fresh_preparation,fresh_preparation,rm_fresh_preparation,2244.6209272230567,1502.5115499442345,2,6.0,0.85,0.027,1000.0,7.0,1815.3319129532754,1287.867042809344,-527.4648701439314,0,0.3990165041714732,545.7576655305215,659.8847294970335,676.7395052578466
2006-06-05,,100.0,113.91921584783876,fresh_preparation,fresh_preparation,fresh_forming,marinated_short_run,fresh_prepared,0.85,0.027,2.5,short,service_critical,low,1169.9571209116623,0.7312232005697891,0.8556884253996943,0.0289917174487447,1406.9095145536726,9.213317220588271,1851.757665463834,2,137.79934041337103,0.0,140.04470108263098,140.04470108263098,137.79934041337103,145.36107921855475,fresh_preparation,fresh_preparation,rm_fresh_preparation,1851.757665463834,1406.9095145536726,2,6.0,0.85,0.027,1000.0,7.0,1449.7835184484989,1205.9224410460051,-243.86107740249372,0,0.44961669153844186,761.0742901358437,920.2276647552673,943.7321197684462
2006-06-12,,100.0,113.91921584783876,fresh_preparation,fresh_preparation,fresh_forming,marinated_short_run,fresh_prepared,0.85,0.027,2.5,short,service_critical,low,1201.794020134243,0.7511212625839019,0.8481727600770453,0.025131521871704,1452.530652746522,10.41896874710175,2161.9816393104743,2,114.25683355323278,0.0,111.15700049560914,111.15700049560914,114.25683355323278,120.52667729446642,fresh_preparation,fresh_preparation,rm_fresh_preparation,2161.9816393104743,1452.530652746522,2,6.0,0.85,0.027,1000.0,7.0,1746.9728813828965,1245.0262737827331,-501.94660760016336,0,0.40055300320993154,535.5752872187809,647.5730454250419,664.1133561512883
2006-06-19,,100.0,113.91921584783876,fresh_preparation,fresh_preparation,fresh_forming,marinated_short_run,fresh_prepared,0.85,0.027,2.5,short,service_critical,low,1189.198867768381,0.7432492923552381,0.8504057897226002,0.0251929311068474,1433.61944103661,9.770693944045451,2001.0652558003187,3,115.80420170797882,0.0,112.59518414312072,112.59518414312072,115.80420170797882,122.15895727670416,fresh_preparation,fresh_preparation,rm_fresh_preparation,2001.0652558003187,1433.61944103661,3,6.0,0.85,0.027,1000.0,7.0,1386.6569239274859,1228.8166637456657,-157.8402601818202,0,0.4679318316535068,661.3708489819571,799.6745649984367,820.0998527376269
2006-06-26,,100.0,113.91921584783876,fresh_preparation,fresh_preparation,fresh_forming,marinated_short_run,fresh_prepared,0.85,0.027,2.5,short,service_critical,low,1147.6825841484392,0.7173016150927745,0.8419684277967813,0.0268484570470803,1399.6915463878584,11.407800351252876,2281.0573877898705,2,90.29143219810712,0.0,81.07778592613111,81.07778592613111,90.29143219810712,95.24617453997826,fresh_preparation,fresh_preparation,rm_fresh_preparation,2281.0573877898705,1399.6915463878584,2,6.0,0.85,0.027,1000.0,7.0,1881.1455173933396,1199.7356111895929,-681.4099062037467,0,0.3617061246462988,318.3697697875805,384.94621823055496,394.7785145365998
2006-07-03,,100.0,114.86078209221684,fresh_preparation,fresh_preparation,fresh_forming,marinated_short_run,fresh_prepared,0.85,0.027,2.5,short,service_critical,low,1136.6150536097568,0.7103844085060981,0.8510669446719066,0.0260976492855211,1370.3716751695931,8.707546285400937,1704.6535413916645,2,158.93716676528737,0.0,167.54346385955267,167.54346385955267,158.93716676528737,167.65884379153252,fresh_preparation,fresh_preparation,rm_fresh_preparation,1704.6535413916645,1370.3716751695931,2,6.0,0.85,0.027,1000.0,7.0,1313.118777057495,1174.6042930025085,-138.5144840549865,0,0.4705530214005968,840.3224267804371,1016.0479134035876,1041.999809207742
2006-07-10,,100.0,114.86078209221684,fresh_preparation,fresh_preparation,fresh_forming,marinated_short_run,fresh_prepared,0.85,0.027,2.5,short,service_critical,low,1211.2164475975603,0.7570102797484753,0.8457457610822611,0.0247233465460781,1467.535314614605,9.009428290140018,1888.8077400383363,2,171.8683117928968,60.40318774098965,180.4066844591782,180.4066844591782,171.8683117928968,181.299585402532,fresh_preparation,fresh_preparation,rm_fresh_preparation,1888.8077400383363,1467.535314614605,2,6.0,0.85,0.027,1000.0,7.0,1469.5119358627348,1257.8874125268044,-211.62452333593046,0,0.45803941243646795,836.614987103073,1011.565186026326,1037.4025840078104
2006-07-17,,100.0,114.86078209221684,fresh_preparation,fresh_preparation,fresh_forming,marinated_short_run,fresh_prepared,0.85,0.027,2.5,short,service_critical,low,1168.69935434966,0.7304370964685376,0.850798540071646,0.026116616411654,1409.52501750505,9.674314138390752,1948.026829323511,3,148.60754710595077,0.0,155.68853124949794,155.68853124949794,148.60754710595077,156.76238625338982,fresh_preparation,fresh_preparation,rm_fresh_preparation,1948.026829323511,1409.52501750505,3,6.0,0.85,0.027,1000.0,7.0,1343.9446789642038,1208.1643007186144,-135.78037824558942,0,0.4719331130193065,669.6624889001534,809.7001256274149,830.3814862361903
2006-07-24,,100.0,114.86078209221684,fresh_preparation,fresh_preparation,fresh_forming,marinated_short_run,fresh_prepared,0.85,0.027,2.5,short,service_critical,low,1139.5806189801451,0.7122378868625907,0.8437551883112444,0.0260509741327619,1385.790357683791,9.661375873257818,1912.6630753027853,3,151.30167941540293,0.0,158.86253189900046,158.86253189900046,151.30167941540293,159.60435907332317,fresh_preparation,fresh_preparation,rm_fresh_preparation,1912.6630753027853,1385.790357683791,3,6.0,0.85,0.027,1000.0,7.0,1318.752922009732,1187.8203065861067,-130.9326154236253,0,0.4724705410315388,660.9475889671126,799.1627942290219,819.5750103192196
2006-07-31,,100.0,114.86078209221684,fresh_preparation,fresh_preparation,fresh_forming,marinated_short_run,fresh_prepared,0.85,0.027,2.5,short,service_critical,low,1167.0056374001952,0.729378523375122,0.8521714328979103,0.0256563045204775,1404.584386665121,10.593118831975437,2125.561331068708,3,117.88945475883337,0.0,116.77579276158754,116.77579276158754,117.88945475883337,124.35863858872432,fresh_preparation,fresh_preparation,rm_fresh_preparation,2125.561331068708,1404.584386665121,3,6.0,0.85,0.027,1000.0,7.0,1523.5965939265134,1203.9294742843892,-319.66711964212413,0,0.434007305165625,482.9525298808021,583.9459886110901,598.8611370521946
2006-08-07,,100.0,115.76544099975968,fresh_preparation,fresh_preparation,fresh_forming,marinated_short_run,fresh_prepared,0.85,0.027,2.5,short,service_critical,low,1211.8190282628025,0.7573868926642515,0.8540980507017067,0.0263684210276899,1456.241214445517,9.000729596648224,1872.461914102674,3,145.79759523951404,0.0,146.15530718571208,146.15530718571208,145.79759523951404,153.79823827828238,fresh_preparation,fresh_preparation,rm_fresh_preparation,1872.461914102674,1456.241214445517,3,6.0,0.85,0.027,1000.0,7.0,1248.3585364831667,1248.2067552390145,-0.15178124415228922,0,0.4999696001396947,831.9860555818575,1005.9682674346865,1031.6627089215033
2006-08-14,,100.0,115.76544099975968,fresh_preparation,fresh_preparation,fresh_forming,marinated_short_run,fresh_prepared,0.85,0.027,2.5,short,service_critical,low,1087.703043554115,0.679814402221322,0.8468672805531393,0.0293569017006366,1322.0898487799843,9.944705517844277,1878.2563163211737,2,130.1676237042198,0.0,132.10489336713988,132.10489336713988,130.1676237042198,137.31057205498888,fresh_preparation,fresh_preparation,rm_fresh_preparation,1878.2563163211737,1322.0898487799843,2,6.0,0.85,0.027,1000.0,7.0,1500.5163595268925,1133.2198703828437,-367.2964891440488,0,0.41967258958835024,577.0534028416544,697.7249293774915,715.5462195236514
2006-08-21,,100.0,115.76544099975968,fresh_preparation,fresh_preparation,fresh_forming,marinated_short_run,fresh_prepared,0.85,0.027,2.5,short,service_critical,low,1111.2556184583068,0.6945347615364418,0.8454523096743582,0.0273984760824984,1350.404175230093,10.099232209437142,1948.292191748879,3,120.6540531263341,0.0,119.66471413091443,119.66471413091443,120.6540531263341,127.27494429164167,fresh_preparation,fresh_preparation,rm_fresh_preparation,1948.292191748879,1350.404175230093,3,6.0,0.85,0.027,1000.0,7.0,1369.5475452216965,1157.4892930543654,-212.05825216733115,0,0.4543263365577122,559.6012765355792,676.6232713083601,693.9055829041182
2006-08-28,,100.0,115.76544099975968,fresh_preparation,fresh_preparation,fresh_forming,marinated_short_run,fresh_prepared,0.85,0.027,2.5,short,service_critical,low,1127.8083462385098,0.7048802163990686,0.8413759078298001,0.0319436181521109,1383.2516650036357,9.824543105960332,1941.402229888517,2,134.86163724151447,0.0,137.91934577770067,137.91934577770067,134.86163724151447,142.26216958514257,fresh_preparation,fresh_preparation,rm_fresh_preparation,1941.402229888517,1383.2516650036357,2,6.0,0.85,0.027,1000.0,7.0,1546.1874684589068,1185.6442842888305,-360.5431841700763,0,0.42455782794455127,627.493719403949,758.713160515022,778.0922120608967
2006-09-04,,100.0,116.28986850688364,fresh_preparation,fresh_preparation,fresh_forming,marinated_short_run,fresh_prepared,0.85,0.027,2.5,short,service_critical,low,1211.641097408353,0.7572756858802207,0.8489343458636993,0.0273410163720392,1466.2719238001998,8.812820062299963,1845.9986609790803,3,172.15293162796743,35.70187451585248,172.6392434965554,172.6392434965554,172.15293162796743,181.59982375105216,fresh_preparation,fresh_preparation,rm_fresh_preparation,1845.9986609790803,1466.2719238001998,3,6.0,0.85,0.027,1000.0,7.0,1217.596407921852,1256.804506114457,39.20809819260489,1,0.5077985315997988,877.0777689355764,1060.489412895927,1087.5764334801147
2006-09-11,,100.0,116.28986850688364,fresh_preparation,fresh_preparation,fresh_forming,marinated_short_run,fresh_prepared,0.85,0.027,2.5,short,service_critical,low,1168.193454104916,0.7301209088155726,0.8476736242628735,0.0264198684521254,1414.526696559289,10.234073150607074,2068.0528122963337,2,179.0573795178683,114.14202073646328,188.65553790629093,188.65553790629093,179.0573795178683,188.88315321891133,fresh_preparation,fresh_preparation,rm_fresh_preparation,2068.0528122963337,1414.526696559289,2,6.0,0.85,0.027,1000.0,7.0,1663.9023275651084,1212.4514541936762,-451.4508733714322,0,0.40797438182562606,558.9253384566314,675.8059832617513,693.0674196862229
2006-09-18,,100.0,116.28986850688364,fresh_preparation,fresh_preparation,fresh_forming,marinated_short_run,fresh_prepared,0.85,0.027,2.5,short,service_critical,low,1183.269317904059,0.7395433236900371,0.8437959223506077,0.0270082657653097,1440.191091145149,10.127012826243805,2083.547664609854,2,265.6784977896907,513.4762469931621,272.7291400900619,272.7291400900619,265.6784977896907,280.2576053559,fresh_preparation,fresh_preparation,rm_fresh_preparation,2083.547664609854,1440.191091145149,2,6.0,0.85,0.027,1000.0,7.0,1672.0644957112402,1234.449506695842,-437.6149890153981,0,0.4122910918393944,591.0929332311371,714.7003605962602,732.9552372066099
2006-09-25,,100.0,116.28986850688364,fresh_preparation,fresh_preparation,fresh_forming,marinated_short_run,fresh_prepared,0.85,0.027,2.5,short,service_critical,low,1116.0692032061731,0.6975432520038582,0.8518120750252487,0.027512983956887,1346.2776954115948,9.74916857932878,1875.0126010225547,2,396.3735570645142,1067.335330234327,401.32853786692885,401.32853786692885,396.3735570645142,418.1245560084294,fresh_preparation,fresh_preparation,rm_fresh_preparation,1875.0126010225547,1346.2776954115948,2,6.0,0.85,0.027,1000.0,7.0,1490.3618309049562,1153.9523103527956,-336.40952055216053,0,0.4276298049574085,625.2174047418359,755.96083035105,775.2695818798766
2006-10-02,,100.0,117.9000583650908,cured_embutido,cured_embutido,curing_maturation,fermented_dry_spiced,cured,0.79,0.031,11.0,long,planned_campaign,high,960.6224326729616,0.600389020420601,0.7882001184725415,0.0318705079143421,1257.5968136582965,13.85414866064853,2488.9904587971355,9,271.12791034600303,479.1177075333134,253.4813600075106,253.4813600075106,271.12791034600303,284.01326428519684,cured_embutido,cured_embutido,rm_cured_embutido,2488.9904587971355,1257.5968136582965,9,6.0,0.79,0.031,1000.0,28.0,872.0802698078971,1077.9401259928256,205.8598561849285,1,0.5475992255957598,0.0,0.0,0.0
2006-10-09,,100.0,117.9000583650908,cured_embutido,cured_embutido,curing_maturation,fermented_dry_spiced,cured,0.79,0.031,11.0,long,planned_campaign,high,1007.667170925732,0.6297919818285824,0.7856970561654191,0.035153422651718,1327.5983570160342,13.86720485434978,2630.0111972913637,9,255.6284685434221,407.3941958199411,234.31315701626207,234.31315701626207,255.6284685434221,267.77721151094823,cured_embutido,cured_embutido,rm_cured_embutido,2630.0111972913637,1327.5983570160342,9,6.0,0.79,0.031,1000.0,28.0,923.0990239850339,1137.9414488708865,214.84242488585255,1,0.5470600921020231,0.0,0.0,0.0
2006-10-16,,100.0,117.9000583650908,cured_embutido,cured_embutido,curing_maturation,fermented_dry_spiced,cured,0.79,0.031,11.0,long,planned_campaign,high,996.9505945027958,0.6230941215642474,0.7877817103774383,0.0293093590700448,1302.6077705720268,13.68429857297953,2546.467665141548,9,249.4427803303973,362.7707541779976,222.53021314817883,222.53021314817883,249.4427803303973,261.29754846559945,cured_embutido,cured_embutido,rm_cured_embutido,2546.467665141548,1302.6077705720268,9,6.0,0.79,0.031,1000.0,28.0,871.6862458346563,1116.5209462045943,244.834700369938,1,0.5546022707965347,0.0,0.0,0.0
2006-10-23,,100.0,117.9000583650908,cured_embutido,cured_embutido,curing_maturation,fermented_dry_spiced,cured,0.79,0.031,11.0,long,planned_campaign,high,1013.1064831489908,0.6331915519681192,0.7942852181557185,0.0327180921163554,1317.2263193033762,14.116011128874742,2656.283054647596,9,217.7771750325767,239.0870845633524,205.95539049806305,205.95539049806305,217.7771750325767,228.12703527599996,cured_embutido,cured_embutido,rm_cured_embutido,2656.283054647596,1317.2263193033762,9,6.0,0.79,0.031,1000.0,28.0,962.7063584003984,1129.0511308314653,166.34477243106699,1,0.5367663876807408,0.0,0.0,0.0
2006-10-30,,100.0,117.9000583650908,cured_embutido,cured_embutido,curing_maturation,fermented_dry_spiced,cured,0.79,0.031,11.0,long,planned_campaign,high,993.1282002390964,0.6207051251494352,0.7924117477750209,0.0314155011952282,1292.6711690947143,13.750220960090145,2539.2163148271966,9,236.0137222224111,291.1458516642673,212.76837072725365,212.76837072725365,236.0137222224111,247.2302743710312,cured_embutido,cured_embutido,rm_cured_embutido,2539.2163148271966,1292.6711690947143,9,6.0,0.79,0.031,1000.0,28.0,877.2105259911355,1108.003859224041,230.79333323290552,1,0.5518866597609422,0.0,0.0,0.0
2006-11-06,,100.0,119.13774161430976,cured_embutido,cured_embutido,curing_maturation,fermented_dry_spiced,cured,0.79,0.031,11.0,long,planned_campaign,high,1017.4847284221892,0.6359279552638682,0.7894798957540061,0.0278578045148587,1324.7070947697678,13.193310023032964,2496.753055858408,9,262.4848619230729,370.5218593194254,217.45781600122797,217.45781600122797,262.4848619230729,274.95945498596694,cured_embutido,cured_embutido,rm_cured_embutido,2496.753055858408,1324.7070947697678,9,6.0,0.79,0.031,1000.0,28.0,793.5582197258493,1135.4632240883725,341.9050043625232,1,0.5747150642402377,0.0,0.0,0.0
2006-11-13,,100.0,119.13774161430976,cured_embutido,cured_embutido,curing_maturation,fermented_dry_spiced,cured,0.79,0.031,11.0,long,planned_campaign,high,1016.9743430514388,0.6356089644071492,0.7924764200738594,0.0325413975641895,1325.046503419482,13.073270021347994,2474.670104292271,9,268.5813136439096,392.286131570702,218.8464631881766,218.8464631881766,268.5813136439096,281.3456405748364,cured_embutido,cured_embutido,rm_cured_embutido,2474.670104292271,1325.046503419482,9,6.0,0.79,0.031,1000.0,28.0,771.0388856100799,1135.7541457881273,364.7152601780474,1,0.5795975856951262,0.0,0.0,0.0
2006-11-20,,100.0,119.13774161430976,cured_embutido,cured_embutido,curing_maturation,fermented_dry_spiced,cured,0.79,0.031,11.0,long,planned_campaign,high,1039.437038965736,0.6496481493535851,0.7853563521744531,0.0335352471216078,1367.9074651403196,13.251203256053175,2589.488550863836,9,261.1847199629607,377.5183296540509,214.1742745870483,214.1742745870483,261.1847199629607,273.5975237792004,cured_embutido,cured_embutido,rm_cured_embutido,2589.488550863836,1367.9074651403196,9,6.0,0.79,0.031,1000.0,28.0,830.7503813977107,1172.4921129774168,341.7417315797061,1,0.5723550264115524,0.0,0.0,0.0
2006-11-27,,100.0,119.13774161430976,cured_embutido,cured_embutido,curing_maturation,fermented_dry_spiced,cured,0.79,0.031,11.0,long,planned_campaign,high,1044.391509402364,0.6527446933764774,0.7901294804029082,0.0292856471924451,1360.5076349376905,13.83570435377422,2689.0830582929243,9,235.5342316759148,308.07667357324425,210.69214323043636,210.69214323043636,235.5342316759148,246.72799603631267,cured_embutido,cured_embutido,rm_cured_embutido,2689.0830582929243,1360.5076349376905,9,6.0,0.79,0.031,1000.0,28.0,939.8589562301795,1166.1494013751633,226.29044514498378,1,0.5483606615319007,0.0,0.0,0.0
2006-12-04,,100.0,120.07673292821094,cured_embutido,cured_embutido,curing_maturation,fermented_dry_spiced,cured,0.79,0.031,11.0,long,planned_campaign,high,979.9133407448616,0.6124458379655384,0.7905892893219459,0.030982132264216,1277.8735547274566,13.66416284213516,2494.438906207726,9,242.6351278698994,321.6667119015433,216.3380435344504,216.3380435344504,242.6351278698994,254.1663623219164,cured_embutido,cured_embutido,rm_cured_embutido,2494.438906207726,1277.8735547274566,9,6.0,0.79,0.031,1000.0,28.0,851.4586215581389,1095.3201897663914,243.8615682082525,1,0.5554311014551784,0.0,0.0,0.0
2006-12-11,,100.0,120.07673292821094,cured_embutido,cured_embutido,curing_maturation,fermented_dry_spiced,cured,0.79,0.031,11.0,long,planned_campaign,high,964.838434483079,0.6030240215519244,0.7881206539660052,0.0275492914759845,1257.953391720971,13.809542619969534,2481.6801395579973,9,242.12444184809644,311.71084353075304,224.26406042941656,224.26406042941656,242.12444184809644,253.63140594692723,cured_embutido,cured_embutido,rm_cured_embutido,2481.6801395579973,1257.953391720971,9,6.0,0.79,0.031,1000.0,28.0,864.3114930596062,1078.245764332261,213.93427127265477,1,0.5494403067608189,0.0,0.0,0.0
2006-12-18,,100.0,120.07673292821094,cured_embutido,cured_embutido,curing_maturation,fermented_dry_spiced,cured,0.79,0.031,11.0,long,planned_campaign,high,1070.6653644285302,0.6691658527678314,0.7917418333438297,0.0284823870806313,1390.807487235309,13.980824224123952,2777.805001233196,9,229.01891914237484,264.5563379505956,209.8620885815344,209.8620885815344,229.01891914237484,239.9030432746162,cured_embutido,cured_embutido,rm_cured_embutido,2777.805001233196,1390.807487235309,9,6.0,0.79,0.031,1000.0,28.0,989.6239462163699,1192.1207033445505,202.49675712818066,1,0.54236384483953,0.0,0.0,0.0
2006-12-25,,100.0,120.07673292821094,cured_embutido,cured_embutido,curing_maturation,fermented_dry_spiced,cured,0.79,0.031,11.0,long,planned_campaign,high,1081.628627544101,0.676017892215063,0.7868782661814222,0.0330960591552345,1420.0751508971814,13.303943788446157,2698.9428547007565,9,251.66393587584636,343.0452103432317,202.4922636172837,202.4922636172837,251.66393587584636,263.62426442834595,cured_embutido,cured_embutido,rm_cured_embutido,2698.9428547007565,1420.0751508971814,9,6.0,0.79,0.031,1000.0,28.0,873.1319464043804,1217.207272197584,344.07532579320355,1,0.5702021671672551,0.0,0.0,0.0
2007-01-01,,100.0,115.22728053009234,cured_embutido,cured_embutido,curing_maturation,fermented_dry_spiced,cured,0.79,0.031,11.0,long,planned_campaign,high,986.9967243425848,0.6168729527141155,0.7920392828311045,0.0300671669879851,1283.6142622067198,14.67381009857086,2690.787417634079,9,196.19576747228692,167.44098287148432,199.43210145320097,199.43210145320097,196.19576747228692,205.51997132140735,cured_embutido,cured_embutido,rm_cured_embutido,2690.787417634079,1283.6142622067198,9,6.0,0.79,0.031,1000.0,28.0,1040.4262233682962,1100.2407961771883,59.81457280889208,1,0.5135878994130838,0.0,0.0,0.0
2007-01-08,,100.0,115.22728053009234,cured_embutido,cured_embutido,curing_maturation,fermented_dry_spiced,cured,0.79,0.031,11.0,long,planned_campaign,high,965.9980319095716,0.6037487699434823,0.7922074350861252,0.0287823940501239,1254.4716495971734,13.633787501335169,2443.314271008179,9,248.78949491902785,319.3948410320932,225.52182926500635,225.52182926500635,248.78949491902785,260.6132156650546,cured_embutido,cured_embutido,rm_cured_embutido,2443.314271008179,1254.4716495971734,9,6.0,0.79,0.031,1000.0,28.0,830.4221500975273,1075.2614139404343,244.83926384290703,1,0.5566808320352432,0.0,0.0,0.0
2007-01-15,,100.0,115.22728053009234,cured_embutido,cured_embutido,curing_maturation,fermented_dry_spiced,cured,0.79,0.031,11.0,long,planned_campaign,high,1030.972381974172,0.6443577387338574,0.78,0.0314589207289168,1363.3405902723075,13.534357806694748,2635.9913373051186,9,260.5881423478986,348.5984796475713,229.1222918264409,229.1222918264409,260.5881423478986,272.9725938129825,cured_embutido,cured_embutido,rm_cured_embutido,2635.9913373051186,1363.3405902723075,9,6.0,0.79,0.031,1000.0,28.0,883.1248640978661,1168.577648804835,285.45278470696894,1,0.5607665648703478,0.0,0.0,0.0
2007-01-22,,100.0,115.22728053009234,cured_embutido,cured_embutido,curing_maturation,fermented_dry_spiced,cured,0.79,0.031,11.0,long,planned_campaign,high,1061.4496508599725,0.6634060317874828,0.7947612228140405,0.0299551751371379,1375.5647981664754,14.083845739963124,2767.606060385736,9,237.30342063333995,274.0773530208948,227.0857134866824,227.0857134866824,237.30342063333995,248.58126569893943,cured_embutido,cured_embutido,rm_cured_embutido,2767.606060385736,1375.5647981664754,9,6.0,0.79,0.031,1000.0,28.0,999.0227484574104,1179.0555412855504,180.03279282813992,1,0.538099099661667,0.0,0.0,0.0
2007-01-29,,100.0,115.22728053009234,cured_embutido,cured_embutido,curing_maturation,fermented_dry_spiced,cured,0.79,0.031,11.0,long,planned_campaign,high,1093.0270126692608,0.683141882918288,0.78,0.0300583566844489,1443.4379595920657,12.692507876138608,2617.2639529771045,9,297.2960551013744,455.69265520158814,225.80372731125752,225.80372731125752,297.2960551013744,311.4250501200672,cured_embutido,cured_embutido,rm_cured_embutido,2617.2639529771045,1443.4379595920657,9,6.0,0.79,0.031,1000.0,28.0,761.4151477873058,1237.2325367931992,475.81738900589335,1,0.5949777535241334,63.40654340816036,82.8291510341607,78.62411382611884
2007-02-05,,100.0,117.73097126377588,cured_embutido,cured_embutido,curing_maturation,fermented_dry_spiced,cured,0.79,0.031,11.0,long,planned_campaign,high,1074.2202272251895,0.6713876420157434,0.7875358038977756,0.0324786520513498,1408.328925138906,13.261196953312908,2668.0181787592146,9,269.5300056303608,387.6783801168736,221.63813984130223,221.63813984130223,269.5300056303608,282.3394191479437,cured_embutido,cured_embutido,rm_cured_embutido,2668.0181787592146,1408.328925138906,9,6.0,0.79,0.031,1000.0,28.0,857.3095607234782,1207.1390786904908,349.82951796701263,1,0.5719472932320843,0.0,0.0,0.0
2007-02-12,,100.0,117.73097126377588,cured_embutido,cured_embutido,curing_maturation,fermented_dry_spiced,cured,0.79,0.031,11.0,long,planned_campaign,high,1049.9280401673095,0.6562050251045685,0.794101392137031,0.0286765332821313,1360.073596708464,14.32416130236176,2783.130511762193,9,222.2616265714816,243.1490536235404,218.02548969471027,218.02548969471027,222.2616265714816,232.82461037429127,cured_embutido,cured_embutido,rm_cured_embutido,2783.130511762193,1360.073596708464,9,6.0,0.79,0.031,1000.0,28.0,1034.4644588513104,1165.7773686072549,131.31290975594447,1,0.5281302096687779,0.0,0.0,0.0
2007-02-19,,100.0,117.73097126377588,cured_embutido,cured_embutido,curing_maturation,fermented_dry_spiced,cured,0.79,0.031,11.0,long,planned_campaign,high,1036.7575468219336,0.6479734667637085,0.7887308530989903,0.0291892695746363,1352.8312454714392,12.693064465709393,2453.0820299992724,9,299.9550241850251,474.6184718702165,235.73614751813224,235.73614751813224,299.9550241850251,314.2103867094184,cured_embutido,cured_embutido,rm_cured_embutido,2453.0820299992724,1352.8312454714392,9,6.0,0.79,0.031,1000.0,28.0,713.7275715359935,1159.5696389755192,445.84206743952564,1,0.5949553989064992,59.31885444768568,77.48932665502173,73.55537951513024
2007-02-26,,100.0,117.73097126377588,cured_embutido,cured_embutido,curing_maturation,fermented_dry_spiced,cured,0.79,0.031,11.0,long,planned_campaign,high,1068.749369053984,0.6679683556587399,0.7841352560701219,0.0313081599842977,1405.6375309629964,14.406062141306553,2892.814517029377,9,223.87731615241464,236.59748112790936,221.7813857531009,221.7813857531009,223.87731615241464,234.51708560255813,cured_embutido,cured_embutido,rm_cured_embutido,2892.814517029377,1405.6375309629964,9,6.0,0.79,0.031,1000.0,28.0,1085.566262934096,1204.832169396854,119.26590646275804,1,0.5247272223422852,0.0,0.0,0.0
2007-03-05,,100.0,116.76108078415214,cured_embutido,cured_embutido,curing_maturation,fermented_dry_spiced,cured,0.79,0.031,11.0,long,planned_campaign,high,1054.927898990942,0.6593299368693388,0.7856250517531334,0.0329388195814964,1387.017860868444,14.665015093675612,2905.8054092619136,9,212.6671119302291,189.24530829884824,216.8804046962972,216.8804046962972,212.6671119302291,222.77411642471327,cured_embutido,cured_embutido,rm_cured_embutido,2905.8054092619136,1387.017860868444,9,6.0,0.79,0.031,1000.0,28.0,1122.4967310024858,1188.872452172952,66.37572117046625,1,0.5139540799529387,0.0,0.0,0.0
2007-03-12,,100.0,116.76108078415214,cured_embutido,cured_embutido,curing_maturation,fermented_dry_spiced,cured,0.79,0.031,11.0,long,planned_campaign,high,1034.0450468925917,0.6462781543078698,0.7941076229852825,0.0334763206029797,1345.7383350418957,13.536659951165882,2602.4003178157545,9,271.5482998106494,366.952519205401,243.88646668872155,243.88646668872155,271.5482998106494,284.4536327591505,cured_embutido,cured_embutido,rm_cured_embutido,2602.4003178157545,1345.7383350418957,9,6.0,0.79,0.031,1000.0,28.0,872.1653156190316,1153.490001464482,281.3246858454504,1,0.5606720567887096,0.0,0.0,0.0
2007-03-19,,100.0,116.76108078415214,cured_embutido,cured_embutido,curing_maturation,fermented_dry_spiced,cured,0.79,0.031,11.0,long,planned_campaign,high,1133.6423471130397,0.7085264669456498,0.7823139818778054,0.0296698765592767,1492.0829777481554,13.933420814315918,2969.974288406089,9,244.768942240816,271.45008920043864,222.6738817257286,222.6738817257286,244.768942240816,256.4015862208108,cured_embutido,cured_embutido,rm_cured_embutido,2969.974288406089,1492.0829777481554,9,6.0,0.79,0.031,1000.0,28.0,1051.5818884441746,1278.928266641276,227.34637819710133,1,0.5443241414967908,0.0,0.0,0.0
2007-03-26,,100.0,116.76108078415214,cured_embutido,cured_embutido,curing_maturation,fermented_dry_spiced,cured,0.79,0.031,11.0,long,planned_campaign,high,1126.140072774252,0.7038375454839075,0.7945159644038481,0.0328747539338393,1463.9877644680184,14.429785404770747,3017.861325211938,9,219.51813908197096,197.90847956118552,217.91170856303145,217.91170856303145,219.51813908197096,229.95073864184164,cured_embutido,cured_embutido,rm_cured_embutido,3017.861325211938,1463.9877644680184,9,6.0,0.79,0.031,1000.0,28.0,1135.5913423244858,1254.8466552583016,119.25531293381573,1,0.523741075442993,0.0,0.0,0.0
2007-04-02,,100.0,118.42105263157896,cured_embutido,cured_embutido,curing_maturation,fermented_dry_spiced,cured,0.79,0.031,11.0,long,planned_campaign,high,1117.158149968122,0.6982238437300762,0.7897795916038309,0.0294317154130591,1456.150605732853,13.439210759264231,2795.644983953441,9,239.0463298409016,208.9768749468036,196.12351406351013,196.12351406351013,239.0463298409016,250.4070066665905,cured_embutido,cured_embutido,rm_cured_embutido,2795.644983953441,1456.150605732853,9,6.0,0.79,0.031,1000.0,28.0,923.4513480112016,1248.1290906281595,324.67774261695786,1,0.5646686270037871,0.0,0.0,0.0
2007-04-09,,100.0,118.42105263157896,cured_embutido,cured_embutido,curing_maturation,fermented_dry_spiced,cured,0.79,0.031,11.0,long,planned_campaign,high,1050.1991360341938,0.6563744600213711,0.7852304186782303,0.0346524186938136,1383.7862751636376,14.239949584406054,2815.006684846177,9,167.01744391024144,0.0,150.38492730602758,150.38492730602758,167.01744391024144,174.95494793207567,cured_embutido,cured_embutido,rm_cured_embutido,2815.006684846177,1383.7862751636376,9,6.0,0.79,0.031,1000.0,28.0,1035.8529024929285,1186.1025215688321,150.24961907590364,1,0.5316264872275014,0.0,0.0,0.0
2007-04-16,,100.0,118.42105263157896,cured_embutido,cured_embutido,curing_maturation,fermented_dry_spiced,cured,0.79,0.031,11.0,long,planned_campaign,high,1106.8115623209408,0.691757226450588,0.7876675397107893,0.0287324579491605,1445.5502119727323,13.316594995011942,2749.9723882563626,9,148.04223737414435,0.0,73.39854860151993,73.39854860151993,148.04223737414435,155.07794470535055,cured_embutido,cured_embutido,rm_cured_embutido,2749.9723882563626,1445.5502119727323,9,6.0,0.79,0.031,1000.0,28.0,891.407830005707,1239.0430388337704,347.63520882806347,1,0.5696853488340452,0.0,0.0,0.0
2007-04-23,,100.0,118.42105263157896,cured_embutido,cured_embutido,curing_maturation,fermented_dry_spiced,cured,0.79,0.031,11.0,long,planned_campaign,high,1098.3170404566197,0.6864481502853873,0.7859311026355935,0.0336569576215834,1444.5070906790654,13.432722896090436,2771.9519243613813,9,75.05130747929232,0.0,0.0,0.0,75.05130747929232,78.6181208672457,cured_embutido,cured_embutido,rm_cured_embutido,2771.9519243613813,1444.5070906790654,9,6.0,0.79,0.031,1000.0,28.0,914.7285220597257,1238.1489348677703,323.4204128080446,1,0.5649344139499854,0.0,0.0,0.0
2007-04-30,,100.0,118.42105263157896,fresh_preparation,fresh_preparation,fresh_forming,marinated_short_run,fresh_prepared,0.85,0.027,2.5,short,service_critical,low,1279.4884791209072,0.799680299450567,0.8534649008034341,0.0256870277863625,1537.6786250975213,8.859682393495362,1946.1920345186663,2,133.0237088936798,0.0,134.49176238680587,134.49176238680587,133.0237088936798,140.3233849192205,fresh_preparation,fresh_preparation,rm_fresh_preparation,1946.1920345186663,1537.6786250975213,2,6.0,0.85,0.027,1000.0,7.0,1506.8552844908031,1318.0102500835897,-188.84503440721346,0,0.4642410547780024,909.4968406624448,1099.6878552233177,1127.7760824214315
2007-05-07,,100.0,119.69220997699728,fresh_preparation,fresh_preparation,fresh_forming,marinated_short_run,fresh_prepared,0.85,0.027,2.5,short,service_critical,low,1317.2247545449927,0.8232654715906205,0.8523419263527396,0.0311979301680967,1593.6320840925505,9.51497011285798,2166.194521576027,2,135.22645706684597,0.0,135.6189713586697,135.6189713586697,135.22645706684597,142.64700889838917,fresh_preparation,fresh_preparation,rm_fresh_preparation,2166.194521576027,1593.6320840925505,2,6.0,0.85,0.027,1000.0,7.0,1710.8710689781556,1365.9703577936145,-344.900711184541,0,0.4372094855194721,793.4079203101383,959.3227982711302,983.8258211845714
2007-05-14,,100.0,119.69220997699728,fresh_preparation,fresh_preparation,fresh_forming,marinated_short_run,fresh_prepared,0.85,0.027,2.5,short,service_critical,low,1290.0956526620264,0.8063097829137665,0.8431233554644958,0.0281826414577049,1573.2620230362024,10.004163224880426,2248.452867708537,2,137.20595446974997,0.0,137.78706409272112,137.78706409272112,137.20595446974997,144.7351312212775,fresh_preparation,fresh_preparation,rm_fresh_preparation,2248.452867708537,1573.2620230362024,2,6.0,0.85,0.027,1000.0,7.0,1798.949432555336,1348.510305459602,-450.43912709573397,0,0.4172610662074976,673.3194607872679,814.1218315546434,834.9161313762122
2007-05-21,,100.0,119.69220997699728,fresh_preparation,fresh_preparation,fresh_forming,marinated_short_run,fresh_prepared,0.85,0.027,2.5,short,service_critical,low,1289.778448524846,0.8061115303280287,0.8483856315259226,0.0249679669411835,1558.2319467284285,9.198914034070798,2047.7202461568,3,162.53633533623702,0.0,167.80785697580143,167.80785697580143,162.53633533623702,171.455516737813,fresh_preparation,fresh_preparation,rm_fresh_preparation,2047.7202461568,1558.2319467284285,3,6.0,0.85,0.027,1000.0,7.0,1379.9065547017592,1335.6273829100815,-44.279171791677754,0,0.49171267426764037,846.1390834817098,1023.0809303932166,1049.2124635173202
2007-05-28,,100.0,119.69220997699728,fresh_preparation,fresh_preparation,fresh_forming,marinated_short_run,fresh_prepared,0.85,0.027,2.5,short,service_critical,low,1281.112534809599,0.8006953342559995,0.8465472573506229,0.0259555230409149,1552.6179658750832,8.546632297393653,1895.6649789516605,3,176.54103282098566,0.0,170.81074613506266,170.81074613506266,176.54103282098566,186.22872199703724,fresh_preparation,fresh_preparation,rm_fresh_preparation,1895.6649789516605,1552.6179658750832,3,6.0,0.85,0.027,1000.0,7.0,1230.2572792909104,1330.8153993214999,100.55812003058941,1,0.5188813382013429,987.7683862449226,1194.3272912700836,1224.832798943704
2007-06-04,,100.0,118.73090259896316,fresh_preparation,fresh_preparation,fresh_forming,marinated_short_run,fresh_prepared,0.85,0.027,2.5,short,service_critical,low,1257.3162933384424,0.7858226833365265,0.8551740398738374,0.0285623624104474,1512.2397976020452,8.682371323331033,1875.6896360999888,2,170.52899027184165,35.52483134244053,178.0688184439895,178.0688184439895,170.52899027184165,179.88676861300897,fresh_preparation,fresh_preparation,rm_fresh_preparation,1875.6896360999888,1512.2397976020452,2,6.0,0.85,0.027,1000.0,7.0,1443.6211224994045,1296.205540801753,-147.41558169765153,0,0.4715984674846461,932.7557023038091,1127.8105341923815,1156.6170708567233
2007-06-11,,100.0,118.73090259896316,fresh_preparation,fresh_preparation,fresh_forming,marinated_short_run,fresh_prepared,0.85,0.027,2.5,short,service_critical,low,1172.901804966262,0.7330636281039138,0.8445996035274943,0.0291052888352311,1429.1262341752642,9.568755069525446,1953.565556893767,2,157.42446784371867,0.0,164.43351462228298,164.43351462228298,157.42446784371867,166.06313551664277,fresh_preparation,fresh_preparation,rm_fresh_preparation,1953.565556893767,1429.1262341752642,2,6.0,0.85,0.027,1000.0,7.0,1545.2437757008345,1224.965343578798,-320.2784321220365,0,0.4350050437529869,700.5260208602951,847.0177387827763,868.652265866766
2007-06-18,,100.0,118.73090259896316,fresh_preparation,fresh_preparation,fresh_forming,marinated_short_run,fresh_prepared,0.85,0.027,2.5,short,service_critical,low,1236.6696693509307,0.7729185433443316,0.8564169164187401,0.026858568816551,1482.7881402422358,10.438465264739683,2211.147499555219,3,122.68208574260387,0.0,120.18043142202718,120.18043142202718,122.68208574260387,129.41426519772926,fresh_preparation,fresh_preparation,rm_fresh_preparation,2211.147499555219,1482.7881402422358,3,6.0,0.85,0.027,1000.0,7.0,1575.6668680228322,1270.9612630647737,-304.70560495805853,0,0.44034938692511943,542.6019037517908,656.0690451022197,672.8263606522206
2007-06-25,,100.0,118.73090259896316,fresh_preparation,fresh_preparation,fresh_forming,marinated_short_run,fresh_prepared,0.85,0.027,2.5,short,service_critical,low,1207.2834738080817,0.754552171130051,0.8498668210419322,0.0270893165619269,1459.03796607783,9.568230416291762,1994.34449222148,2,144.1819864573807,0.0,147.23487733289414,147.23487733289414,144.1819864573807,152.0939729642295,fresh_preparation,fresh_preparation,rm_fresh_preparation,1994.34449222148,1459.03796607783,2,6.0,0.85,0.027,1000.0,7.0,1577.4765019135286,1250.6039709238544,-326.87253098967426,0,0.43502653504053207,715.2974447802046,864.8781147212437,886.9688315274537
2007-07-02,,100.0,117.33271535001889,fresh_preparation,fresh_preparation,fresh_forming,marinated_short_run,fresh_prepared,0.85,0.027,2.5,short,service_critical,low,1164.7755928694714,0.7279847455434196,0.8453522623744796,0.0285167060652881,1417.1502335823384,9.132748193863032,1848.925176597382,3,151.51217314925083,0.0,153.47837181950854,153.47837181950854,151.51217314925083,159.82640365081596,fresh_preparation,fresh_preparation,rm_fresh_preparation,1848.925176597382,1417.1502335823384,3,6.0,0.85,0.027,1000.0,7.0,1241.5750764906657,1214.7002002134327,-26.874876277232943,0,0.4944690508715618,782.9252571983891,946.6480348206144,970.8273189260025
2007-07-09,,100.0,117.33271535001889,fresh_preparation,fresh_preparation,fresh_forming,marinated_short_run,fresh_prepared,0.85,0.027,2.5,short,service_critical,low,1266.2629404697525,0.7914143377935953,0.8472909032639628,0.0272635968540216,1535.22930292179,9.824596504363951,2154.715491840361,2,131.59632600245004,0.0,130.93167111922793,130.93167111922793,131.59632600245004,138.8176743918345,fresh_preparation,fresh_preparation,rm_fresh_preparation,2154.715491840361,1535.22930292179,2,6.0,0.85,0.027,1000.0,7.0,1716.0785481484213,1315.91083107582,-400.16771707260136,0,0.4245556536655523,696.4246421572489,842.058693134936,863.5665562749886
2007-07-16,,100.0,117.33271535001889,fresh_preparation,fresh_preparation,fresh_forming,marinated_short_run,fresh_prepared,0.85,0.027,2.5,short,service_critical,low,1261.9155681949928,0.7886972301218705,0.8467935246369261,0.0244129902813232,1526.609100195304,9.221186942901737,2011.021128805129,2,149.7311296070754,0.0,153.6276308854479,153.6276308854479,149.7311296070754,157.94762534426366,fresh_preparation,fresh_preparation,rm_fresh_preparation,2011.021128805129,1526.609100195304,2,6.0,0.85,0.027,1000.0,7.0,1574.8471001778992,1308.522085881689,-266.32501429621016,0,0.4492921374555288,824.110057271864,996.445266032119,1021.8964710171114
2007-07-23,,100.0,117.33271535001889,fresh_preparation,fresh_preparation,fresh_forming,marinated_short_run,fresh_prepared,0.85,0.027,2.5,short,service_critical,low,1242.793449325923,0.7767459058287018,0.8449015263919379,0.0253740519507196,1508.2564240533638,9.137914993835258,1968.902713129369,2,155.37911521780356,0.0,161.34673484679155,161.34673484679155,155.37911521780356,163.90554416538052,fresh_preparation,fresh_preparation,rm_fresh_preparation,1968.902713129369,1508.2564240533638,2,6.0,0.85,0.027,1000.0,7.0,1537.9723062569792,1292.791220617169,-245.18108563981014,0,0.4527284791739537,832.1449315411639,1006.1603670167027,1031.8597151110432
2007-07-30,,100.0,117.33271535001889,fresh_preparation,fresh_preparation,fresh_forming,marinated_short_run,fresh_prepared,0.85,0.027,2.5,short,service_critical,low,1197.8683070667428,0.7486676919167142,0.8503793074389214,0.0274702398863033,1447.3235955385317,8.789810660836624,1817.3857671064256,3,161.8303657264689,0.0,158.42725709479632,158.42725709479632,161.8303657264689,170.7108070457089,fresh_preparation,fresh_preparation,rm_fresh_preparation,1817.3857671064256,1447.3235955385317,3,6.0,0.85,0.027,1000.0,7.0,1197.1042261613406,1240.56308189017,43.45885572882935,1,0.5087569935943161,870.500910322276,1052.537223048517,1079.4211287996222
2007-08-06,,100.0,118.5978645243245,fresh_preparation,fresh_preparation,fresh_forming,marinated_short_run,fresh_prepared,0.85,0.027,2.5,short,service_critical,low,1241.4731028519134,0.7759206892824458,0.8450883377972326,0.0294309648329953,1512.280784058931,10.18019428719836,2199.330314073798,2,121.64402450494086,0.0,119.34585606074926,119.34585606074926,121.64402450494086,128.31924034964948,fresh_preparation,fresh_preparation,rm_fresh_preparation,2199.330314073798,1512.280784058931,2,6.0,0.85,0.027,1000.0,7.0,1767.2500900569607,1296.240672050512,-471.00941800644864,0,0.410145066224299,609.191142035645,736.5832078298108,755.3970161241998
2007-08-13,,100.0,118.5978645243245,fresh_preparation,fresh_preparation,fresh_forming,marinated_short_run,fresh_prepared,0.85,0.027,2.5,short,service_critical,low,1188.9166187633634,0.7430728867271021,0.8412785351650472,0.030231964848324,1455.9505003287704,7.811600230153148,1624.7576090656878,2,203.86502447918625,136.8162172358639,202.6907405953053,202.6907405953053,203.86502447918625,215.0521176974816,fresh_preparation,fresh_preparation,rm_fresh_preparation,1624.7576090656878,1455.9505003287704,2,6.0,0.85,0.027,1000.0,7.0,1208.7717518288962,1247.9575717103746,39.18581988147844,1,0.5078493454940686,1079.150462973457,1304.818889998739,1338.1465740870867
2007-08-20,,100.0,118.5978645243245,fresh_preparation,fresh_preparation,fresh_forming,marinated_short_run,fresh_prepared,0.85,0.027,2.5,short,service_critical,low,1191.5222435158807,0.7447014021974254,0.8484812941166073,0.0285590588415429,1444.4054404940478,9.813840500818108,2025.0235159317865,2,140.10876162302455,0.0,143.81076822508226,143.81076822508226,140.10876162302455,147.79722991708803,fresh_preparation,fresh_preparation,rm_fresh_preparation,2025.0235159317865,1444.4054404940478,2,6.0,0.85,0.027,1000.0,7.0,1612.3362472192014,1238.0618061377552,-374.2744410814462,0,0.42499367601165167,657.4437307000164,794.9262205429133,815.2302260680203
2007-08-27,,100.0,118.5978645243245,fresh_preparation,fresh_preparation,fresh_forming,marinated_short_run,fresh_prepared,0.85,0.027,2.5,short,service_critical,low,1141.9488792946945,0.713718049559184,0.8427885752143285,0.0275745815220727,1392.3274190830484,9.056878017972023,1801.448513673283,3,149.65451220147767,0.0,150.41434643383295,150.41434643383295,149.65451220147767,157.86680355853375,fresh_preparation,fresh_preparation,rm_fresh_preparation,1801.448513673283,1392.3274190830484,3,6.0,0.85,0.027,1000.0,7.0,1204.7367626376908,1193.4235020711842,-11.313260566506642,0,0.49763010033188815,784.3024074809498,948.3131702810589,972.5349852763777
2007-09-03,,100.0,118.33178837504718,fresh_preparation,fresh_preparation,fresh_forming,marinated_short_run,fresh_prepared,0.85,0.027,2.5,short,service_critical,low,1189.686451706512,0.7435540323165699,0.8469913565277299,0.0284976277719649,1444.6306729607506,9.095179669674426,1877.0250752715287,2,155.10281374873816,0.0,162.54758615345003,162.54758615345003,155.10281374873816,163.61408065320018,fresh_preparation,fresh_preparation,rm_fresh_preparation,1877.0250752715287,1444.6306729607506,2,6.0,0.85,0.027,1000.0,7.0,1464.2734544256,1238.2548625377863,-226.01859188781373,0,0.4544937885511185,805.8604602270084,974.3793727428915,999.2669706814904
2007-09-10,,100.0,118.33178837504718,fresh_preparation,fresh_preparation,fresh_forming,marinated_short_run,fresh_prepared,0.85,0.027,2.5,short,service_critical,low,1175.3935573930712,0.7346209733706695,0.8463635884455866,0.0256664982995862,1424.4017708150163,10.35677320221608,2107.458012738013,2,129.33364677671378,0.0,130.920434174755,130.920434174755,129.33364677671378,136.43083064358595,fresh_preparation,fresh_preparation,rm_fresh_preparation,2107.458012738013,1424.4017708150163,2,6.0,0.85,0.027,1000.0,7.0,1700.486078219437,1220.9158035557282,-479.5702746637089,0,0.4030445144026242,537.8595616327311,650.3349998582082,666.9458564245866
2007-09-17,,100.0,118.33178837504718,fresh_preparation,fresh_preparation,fresh_forming,marinated_short_run,fresh_prepared,0.85,0.027,2.5,short,service_critical,low,1125.7342134709222,0.7035838834193264,0.8465151357118967,0.0266935380794835,1365.3436232934002,8.912905453225362,1738.4540893683172,3,204.27739113207156,150.05883664925477,207.59222150174168,207.59222150174168,204.27739113207156,215.48711297044397,fresh_preparation,fresh_preparation,rm_fresh_preparation,1738.4540893683172,1365.3436232934002,3,6.0,0.85,0.027,1000.0,7.0,1153.306822242574,1170.294534251486,16.987712008912013,1,0.5036288757299727,797.1840681765691,963.8886018699826,988.5082445389456
2007-09-24,,100.0,118.33178837504718,fresh_preparation,fresh_preparation,fresh_forming,marinated_short_run,fresh_prepared,0.85,0.027,2.5,short,service_critical,low,1168.6576170878768,0.730411010679923,0.8580038524063606,0.025351738557321,1396.5964326367484,8.933342616128346,1782.324918458098,2,281.1621851141496,463.8176669006161,291.6170030674083,291.6170030674083,281.1621851141496,296.5909600222886,fresh_preparation,fresh_preparation,rm_fresh_preparation,1782.324918458098,1396.5964326367484,2,6.0,0.85,0.027,1000.0,7.0,1383.29736627617,1197.0826565457844,-186.2147097303855,0,0.4611889552939698,811.3541707244351,981.0219100712594,1006.0791716982995
2007-10-01,,100.0,122.0851787001751,fresh_preparation,fresh_preparation,fresh_forming,marinated_short_run,fresh_prepared,0.85,0.027,2.5,short,service_critical,low,1194.5411387343663,0.746588211708979,0.8502256462686782,0.0245025147785845,1439.3948312553002,9.174853480406046,1886.605239603024,3,357.0945668782797,769.6126575754032,365.9150383384034,365.9150383384034,357.0945668782797,376.69013123572535,fresh_preparation,fresh_preparation,rm_fresh_preparation,1886.605239603024,1439.3948312553002,3,6.0,0.85,0.027,1000.0,7.0,1269.7217404936096,1233.7669982188288,-35.954742274780756,0,0.4927149538903735,786.5565898711052,951.0387399445078,975.3301714401704
2007-10-08,,100.0,122.0851787001751,fresh_preparation,fresh_preparation,fresh_forming,marinated_short_run,fresh_prepared,0.85,0.027,2.5,short,service_critical,low,1262.360853877712,0.7889755336735701,0.8509814840359813,0.0276670980232724,1524.4593915369337,9.501398455245107,2069.213729690417,3,442.06819875401175,1177.128703179484,450.0682886415692,450.0682886415692,442.06819875401175,466.3266911606381,fresh_preparation,fresh_preparation,rm_fresh_preparation,2069.213729690417,1524.4593915369337,3,6.0,0.85,0.027,1000.0,7.0,1415.8739904603026,1306.6794784602291,-109.19451200007347,0,0.4791205469856921,761.925140306746,921.2564419403253,944.7871739803651
2007-10-15,,100.0,122.0851787001751,cured_embutido,cured_embutido,curing_maturation,fermented_dry_spiced,cured,0.79,0.031,11.0,long,planned_campaign,high,1048.570378451717,0.6553564865323231,0.7828944068146308,0.0313710266131694,1381.367778702205,13.36797655438204,2638.0131540956963,9,314.27712943333995,612.1701921181754,274.2847400920846,274.2847400920846,314.27712943333995,329.21315000965944,cured_embutido,cured_embutido,rm_cured_embutido,2638.0131540956963,1381.367778702205,9,6.0,0.79,0.031,1000.0,28.0,861.9688671928614,1184.02952460189,322.06065740902864,1,0.5675847950622631,0.0,0.0,0.0
2007-10-22,,100.0,122.0851787001751,cured_embutido,cured_embutido,curing_maturation,fermented_dry_spiced,cured,0.79,0.031,11.0,long,planned_campaign,high,1023.0538123370012,0.6394086327106258,0.7873841474654524,0.032375304969018,1341.3725624409649,12.688774665436233,2431.482026744599,9,326.2669222436441,621.5822653495958,262.9819786049673,262.9819786049673,326.2669222436441,341.7727577232733,cured_embutido,cured_embutido,rm_cured_embutido,2431.482026744599,1341.3725624409649,9,6.0,0.79,0.031,1000.0,28.0,706.8601607490725,1149.7479106636843,442.88774991461173,1,0.5951276823636702,59.63844636005024,77.90681553480718,73.9516734864623
2007-10-29,,100.0,122.0851787001751,cured_embutido,cured_embutido,curing_maturation,fermented_dry_spiced,cured,0.79,0.031,11.0,long,planned_campaign,high,1032.4576243461652,0.6452860152163532,0.7908612105197661,0.0320922236617848,1347.381147505862,13.113671115228705,2524.1590336073323,9,289.2359160639997,491.5542171934366,239.60503424203804,239.60503424203804,289.2359160639997,302.9818529749414,cured_embutido,cured_embutido,rm_cured_embutido,2524.1590336073323,1347.381147505862,9,6.0,0.79,0.031,1000.0,28.0,791.8118439569384,1154.898126433596,363.0862824766575,1,0.577955995184523,0.0,0.0,0.0
2007-11-05,,100.0,122.12380265732826,cured_embutido,cured_embutido,curing_maturation,fermented_dry_spiced,cured,0.79,0.031,11.0,long,planned_campaign,high,1029.0679776296547,0.6431674860185342,0.785901884348348,0.0314852885426477,1350.637402677141,14.400981754554968,2778.64351328186,9,215.63558325883207,240.9774240338465,212.5579770930463,212.5579770930463,215.63558325883207,225.88366435320808,cured_embutido,cured_embutido,rm_cured_embutido,2778.64351328186,1350.637402677141,9,6.0,0.79,0.031,1000.0,28.0,1042.1097098398218,1157.6892022946922,115.57949245487043,1,0.5249383829683599,0.0,0.0,0.0
2007-11-12,,100.0,122.12380265732826,cured_embutido,cured_embutido,curing_maturation,fermented_dry_spiced,cured,0.79,0.031,11.0,long,planned_campaign,high,1024.5951850824613,0.6403719906765383,0.793632251374072,0.0321132333313551,1332.4789252204348,13.677047514157564,2603.482510264784,9,242.99938449688676,320.15024075196425,214.29605388490967,214.29605388490967,242.99938449688676,254.5479302451013,cured_embutido,cured_embutido,rm_cured_embutido,2603.482510264784,1332.4789252204348,9,6.0,0.79,0.031,1000.0,28.0,890.2953206956536,1142.124793046087,251.82947235043343,1,0.5549007754528118,0.0,0.0,0.0
2007-11-19,,100.0,122.12380265732826,cured_embutido,cured_embutido,curing_maturation,fermented_dry_spiced,cured,0.79,0.031,11.0,long,planned_campaign,high,1000.9070285981568,0.625566892873848,0.7851892136563959,0.030914633807545,1314.1414641416752,13.90283381089855,2610.0414828532294,9,232.61246188027857,277.7252025896078,213.93396014848372,213.93396014848372,232.61246188027857,243.66736913113883,cured_embutido,cured_embutido,rm_cured_embutido,2610.0414828532294,1314.1414641416752,9,6.0,0.79,0.031,1000.0,28.0,920.4310289567898,1126.4069692642931,205.97594030750338,1,0.5455882962350637,0.0,0.0,0.0
2007-11-26,,100.0,122.12380265732826,cured_embutido,cured_embutido,curing_maturation,fermented_dry_spiced,cured,0.79,0.031,11.0,long,planned_campaign,high,1033.8346311572543,0.6461466444732841,0.7888545354565394,0.0318257827904448,1352.2610058296043,13.475328716372433,2603.165937698048,9,250.8313845678277,325.48381704486263,214.61908455632727,214.61908455632727,250.8313845678277,262.75214611941374,cured_embutido,cured_embutido,rm_cured_embutido,2603.165937698048,1352.2610058296043,9,6.0,0.79,0.031,1000.0,28.0,864.5446444885565,1159.080862139661,294.5362176511044,1,0.5631883147384229,0.0,0.0,0.0
2007-12-03,,100.0,123.281663061764,cured_embutido,cured_embutido,curing_maturation,fermented_dry_spiced,cured,0.79,0.031,11.0,long,planned_campaign,high,1026.7604155133324,0.6417252596958327,0.7876557934400978,0.0295477111946272,1342.0822198489795,13.209245521262138,2532.55622167224,9,268.73594407430727,384.7794316573346,224.0493301793101,224.0493301793101,268.73594407430727,281.5076198164387,cured_embutido,cured_embutido,rm_cured_embutido,2532.55622167224,1342.0822198489795,9,6.0,0.79,0.031,1000.0,28.0,807.0219390092664,1150.3561884419826,343.3342494327162,1,0.5740657829179924,0.0,0.0,0.0
2007-12-10,,100.0,123.281663061764,cured_embutido,cured_embutido,curing_maturation,fermented_dry_spiced,cured,0.79,0.031,11.0,long,planned_campaign,high,1015.41047290781,0.6346315455673813,0.7906572826375277,0.0317394118512782,1325.0228981775108,14.611485808891349,2765.7933247395404,9,213.07790072183428,210.21714117748704,216.4157975206745,216.4157975206745,213.07790072183428,223.20442795363945,cured_embutido,cured_embutido,rm_cured_embutido,2765.7933247395404,1325.0228981775108,9,6.0,0.79,0.031,1000.0,28.0,1062.1924556541694,1135.7339127235807,73.54145706941131,1,0.5161824374548569,0.0,0.0,0.0
2007-12-17,,100.0,123.281663061764,cured_embutido,cured_embutido,curing_maturation,fermented_dry_spiced,cured,0.79,0.031,11.0,long,planned_campaign,high,1076.1730071578982,0.6726081294736863,0.7874380397125783,0.032336835370572,1410.870418358416,13.492029024735452,2719.357804947486,9,257.24188985943675,340.37513396633705,219.00747059392137,219.00747059392137,257.24188985943675,269.4673106750065,cured_embutido,cured_embutido,rm_cured_embutido,2719.357804947486,1410.870418358416,9,6.0,0.79,0.031,1000.0,28.0,905.3815527723798,1209.3175014500707,303.93594867769093,1,0.5625034619445367,0.0,0.0,0.0
2007-12-24,,100.0,123.281663061764,cured_embutido,cured_embutido,curing_maturation,fermented_dry_spiced,cured,0.79,0.031,11.0,long,planned_campaign,high,1077.5028571547673,0.6734392857217295,0.7889164254917163,0.0296606371438555,1406.3115465377673,13.338922211249823,2679.811474864245,9,261.5702664251138,354.74841302344964,216.84075131262944,216.84075131262944,261.5702664251138,274.00139333696734,cured_embutido,cured_embutido,rm_cured_embutido,2679.811474864245,1406.3115465377673,9,6.0,0.79,0.031,1000.0,28.0,871.6966293156872,1205.409897032372,333.71326771668487,1,0.5687728829342232,0.0,0.0,0.0
2007-12-31,,100.0,123.281663061764,cured_embutido,cured_embutido,curing_maturation,fermented_dry_spiced,cured,0.79,0.031,11.0,long,planned_campaign,high,1012.7997008144936,0.6329998130090584,0.7890554796328881,0.0311036641979856,1323.4829610388283,14.262629558779304,2696.621028664736,9,226.5948124955334,241.37931512718384,223.3014464279096,223.3014464279096,226.5948124955334,237.36373095938364,cured_embutido,cured_embutido,rm_cured_embutido,2696.621028664736,1323.4829610388283,9,6.0,0.79,0.031,1000.0,28.0,995.0000787576712,1134.41396660471,139.41388784703872,1,0.5306851577649512,0.0,0.0,0.0
2008-01-07,,100.0,120.24324509904898,cured_embutido,cured_embutido,curing_maturation,fermented_dry_spiced,cured,0.79,0.031,11.0,long,planned_campaign,high,1051.7290910807212,0.6573306819254507,0.7870624489704349,0.0297527949807412,1376.0292750843837,13.24300312605779,2603.2514273556467,9,279.7008386112237,401.0515266097513,236.54923711837236,236.54923711837236,279.7008386112237,292.99362096622207,cured_embutido,cured_embutido,rm_cured_embutido,2603.2514273556467,1376.0292750843837,9,6.0,0.79,0.031,1000.0,28.0,834.0709308185819,1179.4536643580432,345.38273353946124,1,0.5726895104117036,0.0,0.0,0.0
2008-01-14,,100.0,120.24324509904898,cured_embutido,cured_embutido,curing_maturation,fermented_dry_spiced,cured,0.79,0.031,11.0,long,planned_campaign,high,1092.2870426211812,0.6826794016382383,0.7919403754739884,0.0299469866069677,1420.5586467089695,13.319582935113823,2703.0355298618824,9,278.2975904414447,394.74729826486,235.35322071474712,235.35322071474712,278.2975904414447,291.5236834271744,cured_embutido,cured_embutido,rm_cured_embutido,2703.0355298618824,1420.5586467089695,9,6.0,0.79,0.031,1000.0,28.0,876.6029840932074,1217.6216971791166,341.0187130859092,1,0.5695632653590555,0.0,0.0,0.0
2008-01-21,,100.0,120.24324509904898,cured_embutido,cured_embutido,curing_maturation,fermented_dry_spiced,cured,0.79,0.031,11.0,long,planned_campaign,high,1099.3068353225285,0.6870667720765803,0.7909535534993497,0.0287501412897956,1429.8084345856842,13.68256735178836,2794.778600910529,9,259.50518557685405,338.09989778004643,229.74148083012795,229.74148083012795,259.50518557685405,271.83816952139404,cured_embutido,cured_embutido,rm_cured_embutido,2794.778600910529,1429.8084345856842,9,6.0,0.79,0.031,1000.0,28.0,956.4534707289349,1225.5500867877292,269.0966160587943,1,0.5546735436433406,0.0,0.0,0.0
2008-01-28,,100.0,120.24324509904898,cured_embutido,cured_embutido,curing_maturation,fermented_dry_spiced,cured,0.79,0.031,11.0,long,planned_campaign,high,1103.0094680109642,0.6893809175068526,0.7896455442189874,0.0335315498503331,1443.6795006555694,13.676581403831127,2820.6571731083104,9,258.2005658867404,338.12214308187873,226.1506958904513,226.1506958904513,258.2005658867404,270.4715477805077,cured_embutido,cured_embutido,rm_cured_embutido,2820.6571731083104,1443.6795006555694,9,6.0,0.79,0.031,1000.0,28.0,964.4978151225782,1237.439571990488,272.9417568679098,1,0.554919962484426,0.0,0.0,0.0
2008-02-04,,100.0,122.72547807875856,cured_embutido,cured_embutido,curing_maturation,fermented_dry_spiced,cured,0.79,0.031,11.0,long,planned_campaign,high,1092.0802574960594,0.6825501609350372,0.7882781666661522,0.03313137034944,1431.299788157534,13.773794544081772,2816.34703043852,9,251.03410461436067,316.5656467824255,223.2032675655242,223.2032675655242,251.03410461436067,262.9645004361582,cured_embutido,cured_embutido,rm_cured_embutido,2816.34703043852,1431.299788157534,9,6.0,0.79,0.031,1000.0,28.0,976.1044456645477,1226.828389849315,250.72394418476733,1,0.5509148077911052,0.0,0.0,0.0
2008-02-11,,100.0,122.72547807875856,cured_embutido,cured_embutido,curing_maturation,fermented_dry_spiced,cured,0.79,0.031,11.0,long,planned_campaign,high,1067.1060483558863,0.666941280222429,0.79318617612208,0.0320748677084546,1388.4928492731146,14.873029188977137,2950.156382275009,9,202.18935378847905,151.27505592280232,209.3711008007937,209.3711008007937,202.18935378847905,211.79840282727653,cured_embutido,cured_embutido,rm_cured_embutido,2950.156382275009,1388.4928492731146,9,6.0,0.79,0.031,1000.0,28.0,1164.951290352433,1190.136727948384,25.185437595951043,1,0.5052902530365146,0.0,0.0,0.0
2008-02-18,,100.0,122.72547807875856,cured_embutido,cured_embutido,curing_maturation,fermented_dry_spiced,cured,0.79,0.031,11.0,long,planned_campaign,high,1062.791733013753,0.6642448331335956,0.7890566630247433,0.0349443919038876,1393.9814406077776,13.819776683151266,2752.07317280814,9,251.5098756626526,297.13959506884424,229.7339973779061,229.7339973779061,251.5098756626526,263.4628825035202,cured_embutido,cured_embutido,rm_cured_embutido,2752.07317280814,1393.9814406077776,9,6.0,0.79,0.031,1000.0,28.0,959.8113205981401,1194.8412348066665,235.0299142085264,1,0.5490180212146644,0.0,0.0,0.0
2008-02-25,,100.0,122.72547807875856,cured_embutido,cured_embutido,curing_maturation,fermented_dry_spiced,cured,0.79,0.031,11.0,long,planned_campaign,high,1113.0717883709783,0.6956698677318615,0.7887732108486963,0.0306215086068632,1454.35431875828,12.191195357689365,2532.902517040203,9,331.2814694330761,531.6783492964213,241.42943650215523,241.42943650215523,331.2814694330761,347.02562126788314,cured_embutido,cured_embutido,rm_cured_embutido,2532.902517040203,1454.35431875828,9,6.0,0.79,0.031,1000.0,28.0,663.0183929224143,1246.5894160785258,583.5710231561116,1,0.6149420295814153,168.04121779660272,219.51537902392226,208.37111006778738
2008-03-03,,100.0,120.12908984790744,cured_embutido,cured_embutido,curing_maturation,fermented_dry_spiced,cured,0.79,0.031,11.0,long,planned_campaign,high,1099.3630439820038,0.6871019024887524,0.7904187601195526,0.0370635248302212,1442.4117581516086,13.874884075211394,2859.042276153632,9,254.2450511896817,313.2566272881191,232.12543109138005,232.12543109138005,254.2450511896817,266.3280472474713,cured_embutido,cured_embutido,rm_cured_embutido,2859.042276153632,1442.4117581516086,9,6.0,0.79,0.031,1000.0,28.0,1004.5128728158493,1236.3529355585217,231.84006274267244,1,0.5467429399744043,0.0,0.0,0.0
2008-03-10,,100.0,120.12908984790744,cured_embutido,cured_embutido,curing_maturation,fermented_dry_spiced,cured,0.79,0.031,11.0,long,planned_campaign,high,1131.1359785647724,0.7069599866029828,0.7967863467318834,0.0305449411692735,1462.9849836981866,13.701832705846218,2863.65364254253,9,263.026827016553,347.22638160940204,231.8375018554041,231.8375018554041,263.026827016553,275.5271769705147,cured_embutido,cured_embutido,rm_cured_embutido,2863.65364254253,1462.9849836981866,9,6.0,0.79,0.031,1000.0,28.0,982.6729492162901,1253.98712888416,271.3141796678699,1,0.553880279968759,0.0,0.0,0.0
2008-03-17,,100.0,120.12908984790744,cured_embutido,cured_embutido,curing_maturation,fermented_dry_spiced,cured,0.79,0.031,11.0,long,planned_campaign,high,1126.573166910684,0.7041082293191775,0.7846385751679152,0.031510386703512,1481.0282846483206,13.705174723763331,2899.67877313439,9,260.6499116212403,348.5195140237809,227.85339862376148,227.85339862376148,260.6499116212403,273.0372986710397,cured_embutido,cured_embutido,rm_cured_embutido,2899.67877313439,1481.0282846483206,9,6.0,0.79,0.031,1000.0,28.0,995.499550015121,1269.4528154128461,273.9532653977251,1,0.5537426421218303,0.0,0.0,0.0
2008-03-24,,100.0,120.12908984790744,cured_embutido,cured_embutido,curing_maturation,fermented_dry_spiced,cured,0.79,0.031,11.0,long,planned_campaign,high,1087.1687739350557,0.6794804837094097,0.7930794275722215,0.0302044441721195,1412.2243794693006,13.82667309479016,2789.4806902021296,9,249.19499288753653,301.5270780690734,224.94533301556424,224.94533301556424,249.19499288753653,261.0379849245167,cured_embutido,cured_embutido,rm_cured_embutido,2789.4806902021296,1412.2243794693006,9,6.0,0.79,0.031,1000.0,28.0,973.7636308844574,1210.4780395451148,236.71440866065745,1,0.548733416470377,0.0,0.0,0.0
2008-03-31,,100.0,120.12908984790744,cured_embutido,cured_embutido,curing_maturation,fermented_dry_spiced,cured,0.79,0.031,11.0,long,planned_campaign,high,1051.05187092485,0.6569074193280312,0.7824273153550476,0.0317446511201206,1385.9653473171827,13.661897736547578,2704.988120206571,9,262.3724489997115,337.13519349002667,234.4771115171816,234.4771115171816,262.3724489997115,274.8416996384228,cured_embutido,cured_embutido,rm_cured_embutido,2704.988120206571,1385.9653473171827,9,6.0,0.79,0.031,1000.0,28.0,923.0326736559075,1187.9702977004422,264.9376240445347,1,0.5555243189396474,0.0,0.0,0.0
2008-04-07,,100.0,125.31156658770216,cured_embutido,cured_embutido,curing_maturation,fermented_dry_spiced,cured,0.79,0.031,11.0,long,planned_campaign,high,1115.4969650401315,0.6971856031500822,0.7908690926329145,0.0326712298557724,1456.5515753731108,13.525625794515728,2814.395936987009,9,270.99501625819147,359.26825420521664,234.10838276821,234.10838276821,270.99501625819147,283.874054405862,cured_embutido,cured_embutido,rm_cured_embutido,2814.395936987009,1456.5515753731108,9,6.0,0.79,0.031,1000.0,28.0,941.6867686501523,1248.472778891238,306.7860102410857,1,0.5611249930144532,0.0,0.0,0.0
2008-04-14,,100.0,125.31156658770216,cured_embutido,cured_embutido,curing_maturation,fermented_dry_spiced,cured,0.79,0.031,11.0,long,planned_campaign,high,1132.6696199684875,0.7079185124803048,0.796300331310435,0.0307721672138938,1466.185901230148,13.925019576211431,2916.6667681421445,9,227.76778902816957,170.3592988490398,206.45883133041036,206.45883133041036,227.76778902816957,238.5924532017333,cured_embutido,cured_embutido,rm_cured_embutido,2916.6667681421445,1466.185901230148,9,6.0,0.79,0.031,1000.0,28.0,1031.5706094176685,1256.7307724829839,225.16016306531537,1,0.5446714205878458,0.0,0.0,0.0
2008-04-21,,100.0,125.31156658770216,cured_embutido,cured_embutido,curing_maturation,fermented_dry_spiced,cured,0.79,0.031,11.0,long,planned_campaign,high,1116.9662939365442,0.6981039337103401,0.7919546740978692,0.0345534396942352,1459.125577774885,13.23194457203226,2758.1526812502607,9,207.90889474653983,0.0,156.880840331681,156.880840331681,207.90889474653983,217.78976496936917,cured_embutido,cured_embutido,rm_cured_embutido,2758.1526812502607,1459.125577774885,9,6.0,0.79,0.031,1000.0,28.0,882.13408125398,1250.679066664187,368.5449854102071,1,0.5731404844832274,0.0,0.0,0.0
2008-04-28,,100.0,125.31156658770216,cured_embutido,cured_embutido,curing_maturation,fermented_dry_spiced,cured,0.79,0.031,11.0,long,planned_campaign,high,1102.1861985769367,0.6888663741105855,0.7906825003141592,0.0314782985692669,1437.8478648040823,12.988581248965454,2667.9434022370456,9,163.44423778196517,0.0,79.64997721858774,79.64997721858774,163.44423778196517,171.21192518255307,cured_embutido,cured_embutido,rm_cured_embutido,2667.9434022370456,1437.8478648040823,9,6.0,0.79,0.031,1000.0,28.0,819.2818617746541,1232.4410269749278,413.1591652002737,1,0.583032939700177,2.3454895419645254,3.0639567634185387,2.9084070320360116
2008-05-05,,100.0,125.49524496171937,cured_embutido,cured_embutido,curing_maturation,fermented_dry_spiced,cured,0.79,0.031,11.0,long,planned_campaign,high,1128.6474852055544,0.7054046782534715,0.7877582021247878,0.0315409707722204,1477.9231995405314,15.36714110460144,3244.493478443339,9,15.021012171137578,0.0,2.9384977651310416,2.9384977651310416,15.021012171137578,15.734885774570891,cured_embutido,cured_embutido,rm_cured_embutido,3244.493478443339,1477.9231995405314,9,6.0,0.79,0.031,1000.0,28.0,1344.306507605513,1266.791313891884,-77.51519371362883,0,0.48470722532700455,0.0,0.0,0.0
2008-05-12,,100.0,125.49524496171937,fresh_preparation,fresh_preparation,fresh_forming,marinated_short_run,fresh_prepared,0.85,0.027,2.5,short,service_critical,low,1291.4322113476603,0.8071451320922877,0.8501241888019542,0.0251820046109725,1557.3643012256473,8.743357766759264,1945.227608399268,2,119.3108863816863,0.0,115.31671293996028,115.31671293996028,119.3108863816863,125.85807127188134,fresh_preparation,fresh_preparation,rm_fresh_preparation,1945.227608399268,1557.3643012256473,2,6.0,0.85,0.027,1000.0,7.0,1500.2663794776545,1334.8836867648406,-165.38269271281388,0,0.46906631755804723,947.0203795912196,1145.0581942944436,1174.3052706931123
2008-05-19,,100.0,125.49524496171937,fresh_preparation,fresh_preparation,fresh_forming,marinated_short_run,fresh_prepared,0.85,0.027,2.5,short,service_critical,low,1282.2835730400686,0.8014272331500429,0.8489917487383866,0.0278369981491007,1552.404367236715,9.23295798050405,2047.6120416353667,2,125.69825135432448,0.0,122.85867853694484,122.85867853694484,125.69825135432448,132.59594289739303,fresh_preparation,fresh_preparation,rm_fresh_preparation,2047.6120416353667,1552.404367236715,2,6.0,0.85,0.027,1000.0,7.0,1604.067936710591,1330.6323147743271,-273.43562193626394,0,0.44880677044904815,835.4246403756754,1010.125917871562,1035.9265540658375
2008-05-26,,100.0,125.49524496171937,fresh_preparation,fresh_preparation,fresh_forming,marinated_short_run,fresh_prepared,0.85,0.027,2.5,short,service_critical,low,1314.233419297943,0.8213958870612145,0.8466048338972559,0.026805229629095,1593.9688670053426,8.275476082502784,1884.4073193081103,2,168.95119136121383,0.0,176.07994381697753,176.07994381697753,168.95119136121383,178.22238798716043,fresh_preparation,fresh_preparation,rm_fresh_preparation,1884.4073193081103,1593.9688670053426,2,6.0,0.85,0.027,1000.0,7.0,1428.9876430208697,1366.2590288617223,-62.728614159147355,0,0.4885238457780013,1075.8205765589546,1300.7926685919288,1334.0175149331037
2008-06-02,,100.0,126.8625330449411,fresh_preparation,fresh_preparation,fresh_forming,marinated_short_run,fresh_prepared,0.85,0.027,2.5,short,service_critical,low,1291.5921272000885,0.8072450795000552,0.8488404975381005,0.0257835205413254,1560.8278860226008,9.210589440973404,2053.7349780252293,2,175.80755466026423,5.817161276211097,184.4726670708004,184.4726670708004,175.80755466026423,185.45499422224623,fresh_preparation,fresh_preparation,rm_fresh_preparation,2053.7349780252293,1560.8278860226008,2,6.0,0.85,0.027,1000.0,7.0,1607.7841534473434,1337.8524737336577,-269.93167971368575,0,0.4497291975295059,844.9453817310291,1021.6376056236371,1047.7322733464762
2008-06-09,,100.0,126.8625330449411,fresh_preparation,fresh_preparation,fresh_forming,marinated_short_run,fresh_prepared,0.85,0.027,2.5,short,service_critical,low,1311.2376671552238,0.8195235419720148,0.8507935246425057,0.0254470511837032,1580.4125915865557,8.58077306152895,1937.3088274267243,2,216.119999421988,160.28009611216285,224.36575360559863,224.36575360559863,216.119999421988,227.9795843902696,fresh_preparation,fresh_preparation,rm_fresh_preparation,1937.3088274267243,1580.4125915865557,2,6.0,0.85,0.027,1000.0,7.0,1485.7623726877084,1354.6393642170478,-131.12300847066058,0,0.47581999877196646,997.7431283768792,1206.3879189612226,1237.2014791873303
2008-06-16,,100.0,126.8625330449411,fresh_preparation,fresh_preparation,fresh_forming,marinated_short_run,fresh_prepared,0.85,0.027,2.5,short,service_critical,low,1306.4065817050848,0.816504113565678,0.8469311317258774,0.0323435267595133,1592.4085529728557,8.875224626232544,2018.99765776686,3,206.0228495150006,105.34530473881648,206.81048098399611,206.81048098399611,206.0228495150006,217.32835338213624,fresh_preparation,fresh_preparation,rm_fresh_preparation,2018.99765776686,1592.4085529728557,3,6.0,0.85,0.027,1000.0,7.0,1336.5368493499218,1364.9216168338764,28.384767483954647,1,0.505198786548707,938.3325120398722,1134.5535482012842,1163.5323149294416
2008-06-23,,100.0,126.8625330449411,fresh_preparation,fresh_preparation,fresh_forming,marinated_short_run,fresh_prepared,0.85,0.027,2.5,short,service_critical,low,1245.6028113235932,0.7785017570772458,0.8467748727172613,0.0264730454996419,1509.938181230329,9.767747191405226,2106.9563469868663,3,154.8852201819773,0.0,159.22731555233432,159.22731555233432,154.8852201819773,163.3845466394633,fresh_preparation,fresh_preparation,rm_fresh_preparation,2106.9563469868663,1509.938181230329,3,6.0,0.85,0.027,1000.0,7.0,1459.8399836024396,1294.2327267688536,-165.607256833586,0,0.46805410987947615,697.2145610123162,843.0137972460143,864.546055655272
2008-06-30,,100.0,126.8625330449411,fresh_preparation,fresh_preparation,fresh_forming,marinated_short_run,fresh_prepared,0.85,0.027,2.5,short,service_critical,low,1264.9695134962878,0.7906059459351799,0.8445590262496313,0.0240860291584374,1533.862721040878,9.423914132969395,2064.9986535502894,2,169.203804688976,0.0,178.00827401841804,178.00827401841804,169.203804688976,178.48886347128357,fresh_preparation,fresh_preparation,rm_fresh_preparation,2064.9986535502894,1533.862721040878,2,6.0,0.85,0.027,1000.0,7.0,1626.7521618243243,1314.7394751778954,-312.01268664642885,0,0.4409471409671182,783.6035426684839,947.4681611371548,971.66839290892
2008-07-07,,100.0,128.15085659353866,fresh_preparation,fresh_preparation,fresh_forming,marinated_short_run,fresh_prepared,0.85,0.027,2.5,short,service_critical,low,1342.540883427187,0.8390880521419919,0.848127050718797,0.0266056798179894,1625.0632439398328,9.451447813235298,2194.171491900599,3,147.49670421358465,0.0,151.3888515926338,151.3888515926338,147.49670421358465,155.59058585730511,fresh_preparation,fresh_preparation,rm_fresh_preparation,2194.171491900599,1625.0632439398328,3,6.0,0.85,0.027,1000.0,7.0,1497.715815926385,1392.9113519484283,-104.80446397795663,0,0.4811985435960512,823.8031039876623,996.0741236777249,1021.5158489447012
2008-07-14,,100.0,128.15085659353866,fresh_preparation,fresh_preparation,fresh_forming,marinated_short_run,fresh_prepared,0.85,0.027,2.5,short,service_critical,low,1236.22802385338,0.7726425149083624,0.8521812930478683,0.0268968643210475,1489.6814699375625,8.047679195455288,1712.6397962102535,3,193.8384039785525,33.35546435434285,169.3302151858275,169.3302151858275,193.8384039785525,204.4752863968756,fresh_preparation,fresh_preparation,rm_fresh_preparation,1712.6397962102535,1489.6814699375625,3,6.0,0.85,0.027,1000.0,7.0,1074.2048805227269,1276.8698313750535,202.66495085232668,1,0.53959694095911,1053.9115051023625,1274.3020435310593,1306.8502663269296
2008-07-21,,100.0,128.15085659353866,fresh_preparation,fresh_preparation,fresh_forming,marinated_short_run,fresh_prepared,0.85,0.027,2.5,short,service_critical,low,1193.961810104462,0.7462261313152888,0.8509266417769461,0.0280933340652329,1442.549942417508,10.212539200387813,2104.58540506514,2,119.58353471245933,0.0,114.73806864537605,114.73806864537605,119.58353471245933,126.14568117980552,fresh_preparation,fresh_preparation,rm_fresh_preparation,2104.58540506514,1442.549942417508,2,6.0,0.85,0.027,1000.0,7.0,1692.428278660138,1236.471379215007,-455.95689944513106,0,0.4088415210729569,574.4359165673745,694.5600829059604,712.3005365435445
2008-07-28,,100.0,128.15085659353866,fresh_preparation,fresh_preparation,fresh_forming,marinated_short_run,fresh_prepared,0.85,0.027,2.5,short,service_critical,low,1198.329348372018,0.7489558427325114,0.8538606819709147,0.0281095930434506,1442.874610226807,8.39527331192528,1730.4752439559577,2,176.48119388114273,16.16529439740705,184.63473129982057,184.63473129982057,176.48119388114273,186.16559939537044,fresh_preparation,fresh_preparation,rm_fresh_preparation,1730.4752439559577,1442.874610226807,2,6.0,0.85,0.027,1000.0,7.0,1318.2253553197272,1236.7496659086917,-81.47568941103555,0,0.48353623267273993,949.1490321795411,1147.6319837730985,1176.944799902631
2008-08-04,,100.0,130.39018779826282,fresh_preparation,fresh_preparation,fresh_forming,marinated_short_run,fresh_prepared,0.85,0.027,2.5,short,service_critical,low,1281.5784954470512,0.800986559654407,0.8503514705483229,0.028353229103553,1549.8478332645573,9.974860959074288,2208.5023777909296,2,132.5412248058152,0.0,131.49953632434946,131.49953632434946,132.5412248058152,139.81442451703433,fresh_preparation,fresh_preparation,rm_fresh_preparation,2208.5023777909296,1549.8478332645573,2,6.0,0.85,0.027,1000.0,7.0,1765.6887111439132,1328.440999941049,-437.24771120286414,0,0.41844903904368286,669.7864554146768,809.8500156153518,830.5352047141992
2008-08-11,,100.0,130.39018779826282,fresh_preparation,fresh_preparation,fresh_forming,marinated_short_run,fresh_prepared,0.85,0.027,2.5,short,service_critical,low,1276.66138388193,0.7979133649262061,0.851568043749463,0.0257102793867253,1537.7334957029425,9.670650790086862,2124.411949308956,2,131.3491924462741,0.0,129.6174208262118,129.6174208262118,131.3491924462741,138.55697938176337,fresh_preparation,fresh_preparation,rm_fresh_preparation,2124.411949308956,1537.7334957029425,2,6.0,0.85,0.027,1000.0,7.0,1685.0595219652582,1318.0572820310936,-367.00223993416466,0,0.43083583128020564,731.37882842508,884.322384892183,906.9097472470992
2008-08-18,,100.0,130.39018779826282,fresh_preparation,fresh_preparation,fresh_forming,marinated_short_run,fresh_prepared,0.85,0.027,2.5,short,service_critical,low,1266.5187122278803,0.7915741951424253,0.8512153497025502,0.027680880887003,1529.0808210836965,9.404124115568775,2054.2379748866992,2,138.89278474381464,0.0,138.51689637355452,138.51689637355452,138.89278474381464,146.51452630663147,fresh_preparation,fresh_preparation,rm_fresh_preparation,2054.2379748866992,1529.0808210836965,2,6.0,0.85,0.027,1000.0,7.0,1617.3577402913575,1310.6407037860256,-306.71703650533186,0,0.4417603805973447,785.4835499830228,949.7413094529023,973.9996019789484
2008-08-25,,100.0,130.39018779826282,fresh_preparation,fresh_preparation,fresh_forming,marinated_short_run,fresh_prepared,0.85,0.027,2.5,short,service_critical,low,1313.2551457950074,0.8207844661218796,0.8494926360203887,0.0252890655431775,1585.0239121079512,8.544733601952942,1934.801011669674,2,155.7838687333785,0.0,160.19672975556225,160.19672975556225,155.7838687333785,164.33250853012265,fresh_preparation,fresh_preparation,rm_fresh_preparation,1934.801011669674,1585.0239121079512,2,6.0,0.85,0.027,1000.0,7.0,1481.9370367816878,1358.5919246639583,-123.34511211772951,0,0.4773183441543922,1008.8148251022355,1219.774892814504,1250.930383126772
2008-09-01,,100.0,131.00817111271328,fresh_preparation,fresh_preparation,fresh_forming,marinated_short_run,fresh_prepared,0.85,0.027,2.5,short,service_critical,low,1166.6410688290034,0.7291506680181271,0.8478767126874814,0.0257607140339719,1411.4016317186954,9.134141048085525,1841.705939945232,2,154.68681087357237,0.0,158.48520674053637,158.48520674053637,154.68681087357237,163.17524962025965,fresh_preparation,fresh_preparation,rm_fresh_preparation,1841.705939945232,1411.4016317186954,2,6.0,0.85,0.027,1000.0,7.0,1438.4483308827478,1209.7728271874532,-228.67550369529454,0,0.45288432600112954,779.4685189609165,942.4684347511233,966.5409635115365
2008-09-08,,100.0,131.00817111271328,fresh_preparation,fresh_preparation,fresh_forming,marinated_short_run,fresh_prepared,0.85,0.027,2.5,short,service_critical,low,1280.7709505907733,0.8004818441192333,0.8588566104631676,0.0251645820509994,1528.7779127151052,8.760634294806895,1913.294887325036,2,177.38249488671465,24.839957340011026,185.6141550934883,185.6141550934883,177.38249488671465,187.11635929362316,fresh_preparation,fresh_preparation,rm_fresh_preparation,1913.294887325036,1528.7779127151052,2,6.0,0.85,0.027,1000.0,7.0,1476.501197977863,1310.3810680415188,-166.12012993634426,0,0.46834928188259406,925.8640934315883,1119.477774537922,1148.0714758551696
2008-09-15,,100.0,131.00817111271328,fresh_preparation,fresh_preparation,fresh_forming,marinated_short_run,fresh_prepared,0.85,0.027,2.5,short,service_critical,low,1323.0495155874944,0.826905947242184,0.8469491255769928,0.0249857845210181,1601.1669470356196,9.060610884096985,2072.507238223897,2,172.1095871345409,24.859882843417235,180.21514563502916,180.21514563502916,172.1095871345409,181.55410072854883,fresh_preparation,fresh_preparation,rm_fresh_preparation,2072.507238223897,1601.1669470356196,2,6.0,0.85,0.027,1000.0,7.0,1615.0309676422912,1372.428811744817,-242.60215589747418,0,0.4559225943439907,901.0885205565401,1089.521214626129,1117.3497654901096
2008-09-22,,100.0,131.00817111271328,fresh_preparation,fresh_preparation,fresh_forming,marinated_short_run,fresh_prepared,0.85,0.027,2.5,short,service_critical,low,1219.9805416907202,0.7624878385567001,0.8473364891555182,0.029128418977716,1481.72144375021,8.893263785742475,1882.4770937516853,2,186.9980914234484,80.47724674249828,195.14661800916204,195.14661800916204,186.9980914234484,197.25961169031012,fresh_preparation,fresh_preparation,rm_fresh_preparation,1882.4770937516853,1481.72144375021,2,6.0,0.85,0.027,1000.0,7.0,1459.1281098230538,1270.0469517858944,-189.0811580371594,0,0.46284926905157014,869.2913017844191,1051.0746651162797,1077.9212142126798
2008-09-29,,100.0,131.00817111271328,fresh_preparation,fresh_preparation,fresh_forming,marinated_short_run,fresh_prepared,0.85,0.027,2.5,short,service_critical,low,1247.9354819884984,0.7799596762428115,0.8517360392938004,0.0283772234019577,1506.74430427551,7.820020837250365,1683.2531222632565,3,281.54789274930084,331.801355038195,258.569777293467,258.569777293467,281.54789274930084,296.99783336391874,fresh_preparation,fresh_preparation,rm_fresh_preparation,1683.2531222632565,1506.74430427551,3,6.0,0.85,0.027,1000.0,7.0,1037.505563288038,1291.4951179504371,253.9895546623991,1,0.5490079458813175,1114.9862999626907,1348.148600402262,1382.5830119537366
2008-10-06,,100.0,129.31644178940502,fresh_preparation,fresh_preparation,fresh_forming,marinated_short_run,fresh_prepared,0.85,0.027,2.5,short,service_critical,low,1222.148982625077,0.7638431141406731,0.85100741766118,0.0289533307399562,1477.7007112212934,9.756053570754702,2059.5039000310376,3,228.88812821197467,257.04864042452226,238.11101681724423,238.11101681724423,228.88812821197467,241.4483642476068,fresh_preparation,fresh_preparation,rm_fresh_preparation,2059.5039000310376,1477.7007112212934,3,6.0,0.85,0.027,1000.0,7.0,1426.2035952219117,1266.6006096182516,-159.60298560366004,0,0.46853938516540294,684.7974208085075,828.0000251599147,849.1488018025492
2008-10-13,,100.0,129.31644178940502,fresh_preparation,fresh_preparation,fresh_forming,marinated_short_run,fresh_prepared,0.85,0.027,2.5,short,service_critical,low,1217.946085810545,0.7612163036315904,0.8443808338095586,0.0270786261320485,1481.4717985407683,9.034318786234332,1912.0126429761751,2,363.8772991074044,771.1829225350438,374.478998499683,374.478998499683,363.8772991074044,383.8450658959232,fresh_preparation,fresh_preparation,rm_fresh_preparation,1912.0126429761751,1481.4717985407683,2,6.0,0.85,0.027,1000.0,7.0,1488.7349862502413,1269.8329701778016,-218.90201607243966,0,0.45700979321328333,839.2921257423948,1014.8021591710233,1040.7222359205696
2008-10-20,,100.0,129.31644178940502,fresh_preparation,fresh_preparation,fresh_forming,marinated_short_run,fresh_prepared,0.85,0.027,2.5,short,service_critical,low,1241.1280532839305,0.7757050333024564,0.854490713018255,0.0285536153977302,1493.9504045252993,8.792102840462606,1876.4236564481632,2,519.7725028050629,1363.5105061261231,533.1108897598792,533.1108897598792,519.7725028050629,548.2950188964908,fresh_preparation,fresh_preparation,rm_fresh_preparation,1876.4236564481632,1493.9504045252993,2,6.0,0.85,0.027,1000.0,7.0,1449.580683726649,1280.5289181645421,-169.051765562107,0,0.46704356625271215,898.0556662416782,1085.8541397033773,1113.589026139681
2008-10-27,,100.0,129.31644178940502,cured_embutido,cured_embutido,curing_maturation,fermented_dry_spiced,cured,0.79,0.031,11.0,long,planned_campaign,high,1115.6474823501997,0.6972796764688748,0.7896232216985967,0.0274774211907149,1451.7083168567788,13.126786740466088,2722.3236406771293,9,354.5856691372601,687.8679264778499,306.2830016981496,306.2830016981496,354.5856691372601,371.4373530630084,cured_embutido,cured_embutido,rm_cured_embutido,2722.3236406771293,1451.7083168567788,9,6.0,0.79,0.031,1000.0,28.0,855.841519004128,1244.3214144486676,388.4798954445396,1,0.5774227043778387,0.0,0.0,0.0
2008-11-03,,100.0,131.79953307927354,cured_embutido,cured_embutido,curing_maturation,fermented_dry_spiced,cured,0.79,0.031,11.0,long,planned_campaign,high,1148.0823475405432,0.7175514672128395,0.7855562756191371,0.0327261750360907,1509.3185914243074,13.619647029210489,2936.626638546318,9,309.61967843263216,543.6727982226158,274.8494061705928,274.8494061705928,309.61967843263216,324.334353650143,cured_embutido,cured_embutido,rm_cured_embutido,2936.626638546318,1509.3185914243074,9,6.0,0.79,0.031,1000.0,28.0,996.0741638579229,1293.7016497922634,297.6274859343405,1,0.5572623688663801,0.0,0.0,0.0
2008-11-10,,100.0,131.79953307927354,cured_embutido,cured_embutido,curing_maturation,fermented_dry_spiced,cured,0.79,0.031,11.0,long,planned_campaign,high,1080.4561279241902,0.6752850799526189,0.7947551364574156,0.03135423966001,1402.108595696959,12.868317480413744,2577.539793063649,9,329.82838696780567,571.4688552192789,272.4465171262151,272.4465171262151,329.82838696780567,345.50348105845063,cured_embutido,cured_embutido,rm_cured_embutido,2577.539793063649,1402.108595696959,9,6.0,0.79,0.031,1000.0,28.0,774.8287414532736,1201.8073677402504,426.9786262869768,1,0.5878974786243666,26.376170373559944,34.455683627333336,32.70645126321433
2008-11-17,,100.0,131.79953307927354,cured_embutido,cured_embutido,curing_maturation,fermented_dry_spiced,cured,0.79,0.031,11.0,long,planned_campaign,high,1157.8972826002594,0.723685801625162,0.7925027022863846,0.0322542192002983,1508.189627513416,12.051465948306005,2596.556562795178,9,351.5965413844495,603.54283372441,250.71220723876587,250.71220723876587,351.5965413844495,368.3061670137455,cured_embutido,cured_embutido,rm_cured_embutido,2596.556562795178,1508.189627513416,9,6.0,0.79,0.031,1000.0,28.0,657.4556131350712,1292.733966440071,635.2783533049999,1,0.6204414424711292,204.3670311583096,266.9684669805876,253.4151186363039
2008-11-24,,100.0,131.79953307927354,cured_embutido,cured_embutido,curing_maturation,fermented_dry_spiced,cured,0.79,0.031,11.0,long,planned_campaign,high,1100.7506912539884,0.6879691820337428,0.7849418320322084,0.0317600465980972,1446.8722880531884,13.648849165315394,2821.163088730391,9,273.55415238736504,386.7661772777639,241.60584765906904,241.60584765906904,273.55415238736504,286.5548134795746,cured_embutido,cured_embutido,rm_cured_embutido,2821.163088730391,1446.8722880531884,9,6.0,0.79,0.031,1000.0,28.0,960.8987183762915,1240.1762469027328,279.2775285264413,1,0.556061239679592,0.0,0.0,0.0
2008-12-01,,100.0,130.10694544580628,cured_embutido,cured_embutido,curing_maturation,fermented_dry_spiced,cured,0.79,0.031,11.0,long,planned_campaign,high,1151.0359045045675,0.7193974403153548,0.7971087313610309,0.0290258896909262,1485.9274514238723,13.755849211869805,2920.027708794969,9,268.4417744048166,369.1079964349892,238.8087401466532,238.8087401466532,268.4417744048166,281.1994697334055,cured_embutido,cured_embutido,rm_cured_embutido,2920.027708794969,1485.9274514238723,9,6.0,0.79,0.031,1000.0,28.0,1009.549556964276,1273.6521012204619,264.10254425618587,1,0.5516546634158972,0.0,0.0,0.0
2008-12-08,,100.0,130.10694544580628,cured_embutido,cured_embutido,curing_maturation,fermented_dry_spiced,cured,0.79,0.031,11.0,long,planned_campaign,high,1095.339182297088,0.6845869889356799,0.7926351894734648,0.0280039204492179,1420.594226167324,13.324608318289132,2704.123091843234,9,289.10351725768504,424.0419410854476,246.63475314077576,246.63475314077576,289.10351725768504,302.8431619153565,cured_embutido,cured_embutido,rm_cured_embutido,2704.123091843234,1420.594226167324,9,6.0,0.79,0.031,1000.0,28.0,877.6448010566744,1217.6521938577062,340.00739280103176,1,0.5693579154526213,0.0,0.0,0.0
2008-12-15,,100.0,130.10694544580628,cured_embutido,cured_embutido,curing_maturation,fermented_dry_spiced,cured,0.79,0.031,11.0,long,planned_campaign,high,1107.8907633506365,0.6924317270941478,0.7899592155374998,0.029575891667634,1443.9449507161546,12.755645687981708,2631.2071691836395,9,315.9045385929483,492.9139615541725,250.42102033278408,250.42102033278408,315.9045385929483,330.9179017895782,cured_embutido,cured_embutido,rm_cured_embutido,2631.2071691836395,1443.9449507161546,9,6.0,0.79,0.031,1000.0,28.0,774.7065182628692,1237.667100613847,462.9605823509778,1,0.5924394231764046,50.40488214636207,65.84483827299718,62.50205386148897
2008-12-22,,100.0,130.10694544580628,cured_embutido,cured_embutido,curing_maturation,fermented_dry_spiced,cured,0.79,0.031,11.0,long,planned_campaign,high,1121.0033608276458,0.7006271005172786,0.7963608752224871,0.0321298345625458,1452.8853053357846,13.497748737629282,2801.525828002317,9,284.1770999686373,401.8866338680536,247.97170505876267,247.97170505876267,284.1770999686373,297.6826166446468,cured_embutido,cured_embutido,rm_cured_embutido,2801.525828002317,1452.8853053357846,9,6.0,0.79,0.031,1000.0,28.0,933.5304354277371,1245.3302617163868,311.7998262886497,1,0.5622688507966951,0.0,0.0,0.0
2008-12-29,,100.0,130.10694544580628,cured_embutido,cured_embutido,curing_maturation,fermented_dry_spiced,cured,0.79,0.031,11.0,long,planned_campaign,high,1220.4759500884938,0.7627974688053086,0.7906371911353186,0.0323801828303507,1593.6452251671974,12.565667992107558,2860.7452566654997,9,321.8617174193318,522.8096458313288,233.31925844817908,233.31925844817908,321.8617174193318,337.15819553968555,cured_embutido,cured_embutido,rm_cured_embutido,2860.7452566654997,1593.6452251671974,9,6.0,0.79,0.031,1000.0,28.0,811.7728243076745,1365.9816215718836,554.2087972642091,1,0.6000616527855809,98.88159007358126,129.17086657729,122.61317169124077
2009-01-05,,100.0,123.44474199196624,cured_embutido,cured_embutido,curing_maturation,fermented_dry_spiced,cured,0.79,0.031,11.0,long,planned_campaign,high,1103.868334969378,0.6899177093558612,0.789887667699584,0.0282641154452362,1436.999517071826,12.984769541276014,2665.586794300369,9,297.2194467642063,474.3446512968976,237.69947754886908,237.69947754886908,297.2194467642063,311.3448009716752,cured_embutido,cured_embutido,rm_cured_embutido,2665.586794300369,1436.999517071826,9,6.0,0.79,0.031,1000.0,28.0,818.0159866365927,1231.713871775851,413.69788513925823,1,0.5831873727523045,3.126594547307832,4.084328809953929,3.8769772386617114
2009-01-12,,100.0,123.44474199196624,cured_embutido,cured_embutido,curing_maturation,fermented_dry_spiced,cured,0.79,0.031,11.0,long,planned_campaign,high,1058.5221307809072,0.661576331738067,0.787358799535912,0.0290378012650635,1383.434447790804,13.150689137386111,2599.016623549755,9,289.6337967952802,446.41635303169807,240.92812726616185,240.92812726616185,289.6337967952802,303.3986429879759,cured_embutido,cured_embutido,rm_cured_embutido,2599.016623549755,1383.434447790804,9,6.0,0.79,0.031,1000.0,28.0,820.3151906758642,1185.8009552492606,365.4857645733964,1,0.5764503521455135,0.0,0.0,0.0
2009-01-19,,100.0,123.44474199196624,cured_embutido,cured_embutido,curing_maturation,fermented_dry_spiced,cured,0.79,0.031,11.0,long,planned_campaign,high,1117.9904720733805,0.6987440450458628,0.7923274017572284,0.0295535286281183,1452.721479710283,14.107471341823544,2927.746663237758,9,245.0264990316469,310.54629555068607,229.99036262667175,229.99036262667175,245.0264990316469,256.6713833981259,cured_embutido,cured_embutido,rm_cured_embutido,2927.746663237758,1452.721479710283,9,6.0,0.79,0.031,1000.0,28.0,1059.9619036102517,1245.1898397516711,185.22793614141938,1,0.5371202695955679,0.0,0.0,0.0
2009-01-26,,100.0,123.44474199196624,cured_embutido,cured_embutido,curing_maturation,fermented_dry_spiced,cured,0.79,0.031,11.0,long,planned_campaign,high,1079.2828955427772,0.6745518097142358,0.791906411869296,0.0302853898794663,1404.167692239951,13.38354132902646,2684.676620282441,9,274.01160425525546,385.7214818959943,233.1973247379665,233.1973247379665,274.01160425525546,287.0340057474865,cured_embutido,cured_embutido,rm_cured_embutido,2684.676620282441,1404.167692239951,9,6.0,0.79,0.031,1000.0,28.0,879.3181588310754,1203.5723076342438,324.2541488031684,1,0.5669480007126491,0.0,0.0,0.0
2009-02-02,,100.0,122.18903422940916,cured_embutido,cured_embutido,curing_maturation,fermented_dry_spiced,cured,0.79,0.031,11.0,long,planned_campaign,high,1071.2908516288978,0.6695567822680611,0.7900587205595588,0.0282758983382946,1394.3046689746125,13.361927097739384,2661.513905553774,9,278.36606084944816,393.8178236250225,238.72456577310447,238.72456577310447,278.36606084944816,291.5954078913182,cured_embutido,cured_embutido,rm_cured_embutido,2661.513905553774,1394.3046689746125,9,6.0,0.79,0.031,1000.0,28.0,868.8364740149866,1195.118287692525,326.28181367753837,1,0.5678322335187453,0.0,0.0,0.0
2009-02-09,,100.0,122.18903422940916,cured_embutido,cured_embutido,curing_maturation,fermented_dry_spiced,cured,0.79,0.031,11.0,long,planned_campaign,high,1121.0546946402137,0.7006591841501336,0.7868400545845297,0.0281558964677197,1464.8707673705874,14.803462454052008,3097.8799149726924,9,207.81184407605068,167.81929401812792,213.06387835313933,213.06387835313933,207.81184407605068,217.688101965765,cured_embutido,cured_embutido,rm_cured_embutido,3097.8799149726924,1464.8707673705874,9,6.0,0.79,0.031,1000.0,28.0,1214.4746426390802,1255.6035148890749,41.12887224999463,1,0.5081883322730372,0.0,0.0,0.0
2009-02-16,,100.0,122.18903422940916,cured_embutido,cured_embutido,curing_maturation,fermented_dry_spiced,cured,0.79,0.031,11.0,long,planned_campaign,high,1095.9599607145435,0.6849749754465897,0.7905197194166643,0.0293563294071848,1427.0780280735191,13.842124443118488,2821.970236376256,9,250.4390264610493,299.57127653755003,226.97824284433415,226.97824284433415,250.4390264610493,262.3411411936107,cured_embutido,cured_embutido,rm_cured_embutido,2821.970236376256,1427.0780280735191,9,6.0,0.79,0.031,1000.0,28.0,987.1556288531597,1223.2097383487308,236.05410949557108,1,0.5480956466220406,0.0,0.0,0.0
2009-02-23,,100.0,122.18903422940916,cured_embutido,cured_embutido,curing_maturation,fermented_dry_spiced,cured,0.79,0.031,11.0,long,planned_campaign,high,1107.282952238203,0.6920518451488769,0.7897208048569515,0.03117250767245,1445.827096791815,13.834043651090155,2857.376452706703,9,246.46080884406425,284.77293143890057,220.97171754131543,220.97171754131543,246.46080884406425,258.17385878437835,cured_embutido,cured_embutido,rm_cured_embutido,2857.376452706703,1445.827096791815,9,6.0,0.79,0.031,1000.0,28.0,998.4558996886551,1239.2803686786986,240.82446899004344,1,0.5484292092300317,0.0,0.0,0.0
2009-03-02,,100.0,120.44323136608644,cured_embutido,cured_embutido,curing_maturation,fermented_dry_spiced,cured,0.79,0.031,11.0,long,planned_campaign,high,1089.5512748653773,0.6809695467908609,0.7846661027250632,0.028638811320493,1428.320561265468,13.449894452964248,2744.3943991455994,9,262.09588060531587,332.5433529085636,221.91373339910464,221.91373339910464,262.09588060531587,274.5519873310835,cured_embutido,cured_embutido,rm_cured_embutido,2744.3943991455994,1428.320561265468,9,6.0,0.79,0.031,1000.0,28.0,907.9822489471405,1224.2747667989727,316.29251785183214,1,0.5642308693977837,0.0,0.0,0.0
2009-03-09,,100.0,120.44323136608644,cured_embutido,cured_embutido,curing_maturation,fermented_dry_spiced,cured,0.79,0.031,11.0,long,planned_campaign,high,1102.1976932477842,0.6888735582798651,0.7841127505947033,0.0307683929800564,1448.9122184962184,13.313891899507446,2755.808664133452,9,272.3703988935127,376.3109628451516,225.25262759069443,225.25262759069443,272.3703988935127,285.3148021009269,cured_embutido,cured_embutido,rm_cured_embutido,2755.808664133452,1448.9122184962184,9,6.0,0.79,0.031,1000.0,28.0,892.9215260668857,1241.9247587110444,349.00323264415874,1,0.5697957866175594,0.0,0.0,0.0
2009-03-16,,100.0,120.44323136608644,cured_embutido,cured_embutido,curing_maturation,fermented_dry_spiced,cured,0.79,0.031,11.0,long,planned_campaign,high,1106.621725912257,0.6916385786951607,0.7922606135152391,0.0331171056322836,1443.0476726990323,12.35987103607922,2547.9833047820425,9,294.9830018153816,407.3761606225669,208.9231403218361,208.9231403218361,294.9830018153816,309.00206897665765,cured_embutido,cured_embutido,rm_cured_embutido,2547.9833047820425,1443.0476726990323,9,6.0,0.79,0.031,1000.0,28.0,692.6362970261437,1236.898005170599,544.2617081444553,1,0.6082641523213893,131.96237308758873,172.38491082753816,163.63334262861002
2009-03-23,,100.0,120.44323136608644,cured_embutido,cured_embutido,curing_maturation,fermented_dry_spiced,cured,0.79,0.031,11.0,long,planned_campaign,high,1030.058442327594,0.6437865264547463,0.78,0.0283964405251729,1358.0877379776946,14.252959219243646,2765.2527350787045,9,177.06354339424666,0.0,167.67954718236587,167.67954718236587,177.06354339424666,185.47848829405825,cured_embutido,cured_embutido,rm_cured_embutido,2765.2527350787045,1358.0877379776946,9,6.0,0.79,0.031,1000.0,28.0,1019.1399291073831,1164.075203980881,144.93527487349797,1,0.5310865510761246,0.0,0.0,0.0
2009-03-30,,100.0,120.44323136608644,cured_embutido,cured_embutido,curing_maturation,fermented_dry_spiced,cured,0.79,0.031,11.0,long,planned_campaign,high,1115.7888030519418,0.6973680019074636,0.7908216421078451,0.0305871084831789,1454.0795231023694,13.94070072354334,2895.8410656861074,9,142.2490644906573,0.0,96.2906837004442,96.2906837004442,142.2490644906573,149.0094512805758,cured_embutido,cured_embutido,rm_cured_embutido,2895.8410656861074,1454.0795231023694,9,6.0,0.79,0.031,1000.0,28.0,1026.3102502687752,1246.353876944888,220.0436266761128,1,0.5440231795178101,0.0,0.0,0.0
2009-04-06,,100.0,121.36763140728532,cured_embutido,cured_embutido,curing_maturation,fermented_dry_spiced,cured,0.79,0.031,11.0,long,planned_campaign,high,1067.4095911096476,0.6671309944435297,0.7880876677689848,0.0330495134675015,1399.1932672769617,13.54246988241066,2706.9332402528603,9,97.3239316450595,0.0,12.964216332307366,12.964216332307366,97.3239316450595,101.94925149649096,cured_embutido,cured_embutido,rm_cured_embutido,2706.9332402528603,1399.1932672769617,9,6.0,0.79,0.031,1000.0,28.0,907.9704680396237,1199.3085148088244,291.3380467692007,1,0.5604335268133342,0.0,0.0,0.0
2009-04-13,,100.0,121.36763140728532,cooked_emulsion,cooked_emulsion,cooking_emulsification,high_throughput_standard,cooked_emulsion,0.9,0.018,4.0,medium,standard_service,medium,1248.2237871802513,0.780139866987657,0.9052329864275196,0.0171634632192723,1402.56447707631,11.817633457236957,2367.85612717558,3,77.94139010651968,0.0,65.8010414223239,65.8010414223239,77.94139010651968,81.90276125868353,cooked_emulsion,cooked_emulsion,rm_cooked_emulsion,2367.85612717558,1402.56447707631,3,6.0,0.9,0.018,1000.0,14.0,1766.7570655714471,1202.1981232082655,-564.5589423631816,0,0.3847096026786782,236.90647310899567,268.05439365127364,293.7640266551546
2009-04-20,,100.0,121.36763140728532,cooked_emulsion,cooked_emulsion,cooking_emulsification,high_throughput_standard,cooked_emulsion,0.9,0.018,4.0,medium,standard_service,medium,1300.5879431794394,0.8128674644871496,0.8980261271633845,0.0168526606182831,1472.6813289581053,12.34165603569534,2596.475201741662,4,69.04765178027466,0.0,53.74471828127527,53.74471828127527,69.04765178027466,72.55699868200712,cooked_emulsion,cooked_emulsion,rm_cooked_emulsion,2596.475201741662,1472.6813289581053,4,6.0,0.9,0.018,1000.0,14.0,1754.943013765602,1262.2982819640904,-492.6447318015116,0,0.4036508596559824,138.50440918053346,156.71465170913493,171.7454673838615
2009-04-27,,100.0,121.36763140728532,cooked_emulsion,cooked_emulsion,cooking_emulsification,high_throughput_standard,cooked_emulsion,0.9,0.018,4.0,medium,standard_service,medium,1303.6575262993908,0.8147859539371193,0.9026379368570076,0.0203269916286129,1473.632901531564,10.967143434490795,2308.7919144116445,3,101.52399370933487,0.0,94.38192435219302,94.38192435219302,101.52399370933487,106.6839506896118,cooked_emulsion,cooked_emulsion,rm_cooked_emulsion,2308.7919144116445,1473.632901531564,3,6.0,0.9,0.018,1000.0,14.0,1677.2349566124028,1263.1139155984833,-414.12104101391947,0,0.4187620810523955,427.95490271840254,484.22143326363715,530.6640793708192
2009-05-04,,100.0,118.5978645243245,cooked_emulsion,cooked_emulsion,cooking_emulsification,high_throughput_standard,cooked_emulsion,0.9,0.018,4.0,medium,standard_service,medium,1248.7844833068325,0.7804903020667703,0.8984123446350488,0.0173875958420569,1414.158933571313,11.611196181718263,2345.7252585465712,4,93.33879438974137,0.0,84.1110707005235,84.1110707005235,93.33879438974137,98.08273861459996,cooked_emulsion,cooked_emulsion,rm_cooked_emulsion,2345.7252585465712,1414.158933571313,4,6.0,0.9,0.018,1000.0,14.0,1537.6344393629638,1212.1362287754112,-325.49821058755265,0,0.4332673511944043,280.56990380015304,317.4585922156065,347.90668071218977
2009-05-11,,100.0,118.5978645243245,cooked_emulsion,cooked_emulsion,cooking_emulsification,high_throughput_standard,cooked_emulsion,0.9,0.018,4.0,medium,standard_service,medium,1303.3428991078388,0.8145893119423993,0.9004549926139446,0.0202089900504111,1476.6780724134014,11.283343262915029,2380.266511408586,4,97.66551327803153,0.0,90.07647784530025,90.07647784530025,97.66551327803153,102.62936299038746,cooked_emulsion,cooked_emulsion,rm_cooked_emulsion,2380.266511408586,1476.6780724134014,4,6.0,0.9,0.018,1000.0,14.0,1536.4504700294997,1265.7240620686298,-270.7264079608699,0,0.4467302963997669,362.135623073445,409.74838546440935,449.0481726110718
2009-05-18,,100.0,118.5978645243245,cooked_emulsion,cooked_emulsion,cooking_emulsification,high_throughput_standard,cooked_emulsion,0.9,0.018,4.0,medium,standard_service,medium,1216.389554691676,0.7602434716822976,0.9029473461236802,0.0188579307822543,1372.5364497040712,13.028030550142594,2554.492399704128,4,75.0869049809038,0.0,62.114390724638106,62.114390724638106,75.0869049809038,78.90319692655822,cooked_emulsion,cooked_emulsion,rm_cooked_emulsion,2554.492399704128,1372.5364497040712,4,6.0,0.9,0.018,1000.0,14.0,1770.185857016087,1176.459814032061,-593.726042984026,0,0.3764434179750116,0.0,0.0,0.0
2009-05-25,,100.0,118.5978645243245,cooked_emulsion,cooked_emulsion,cooking_emulsification,high_throughput_standard,cooked_emulsion,0.9,0.018,4.0,medium,standard_service,medium,1247.3122548141296,0.779570159258831,0.8981497771347017,0.0173143106941803,1412.802896611233,12.490518299762527,2520.9486334400167,3,97.28201753091464,0.0,90.74187842529216,90.74187842529216,97.28201753091464,102.22637607192335,cooked_emulsion,cooked_emulsion,rm_cooked_emulsion,2520.9486334400167,1412.802896611233,3,6.0,0.9,0.018,1000.0,14.0,1915.4616777494882,1210.973911381057,-704.4877663684313,0,0.358529316725252,102.82817455227314,116.34778745448419,127.50693644481869
2009-06-01,,100.0,119.57805472585574,cooked_emulsion,cooked_emulsion,cooking_emulsification,high_throughput_standard,cooked_emulsion,0.9,0.018,4.0,medium,standard_service,medium,1243.074957993823,0.7769218487461396,0.9039862195379936,0.018959381061195,1401.1749985054075,10.620451576434116,2125.8730316766896,4,139.0193332743229,0.0,142.7139580965903,142.7139580965903,139.0193332743229,146.08499088799033,cooked_emulsion,cooked_emulsion,rm_cooked_emulsion,2125.8730316766896,1401.1749985054075,4,6.0,0.9,0.018,1000.0,14.0,1325.2016039593138,1201.0071415760635,-124.19446238325031,0,0.47417086352087306,476.30910840478145,538.9331391771684,590.623294421929
2009-06-08,,100.0,119.57805472585574,cooked_emulsion,cooked_emulsion,cooking_emulsification,high_throughput_standard,cooked_emulsion,0.9,0.018,4.0,medium,standard_service,medium,1258.0435540905046,0.7862772213065654,0.8960252084915741,0.018640899027692,1430.1992899419583,11.033810185131353,2254.3639274470297,5,122.6010165375879,0.0,119.80419899399377,119.80419899399377,122.6010165375879,128.8322132031108,cooked_emulsion,cooked_emulsion,rm_cooked_emulsion,2254.3639274470297,1430.1992899419583,5,6.0,0.9,0.018,1000.0,14.0,1232.7930060599165,1225.8851056645358,-6.907900395380693,0,0.49859124601393934,401.7204681594644,454.537755328654,498.1333805177359
2009-06-15,,100.0,119.57805472585574,cooked_emulsion,cooked_emulsion,cooking_emulsification,high_throughput_standard,cooked_emulsion,0.9,0.018,4.0,medium,standard_service,medium,1264.5673671775085,0.7903546044859427,0.9011783713702336,0.0200417656420049,1431.3609502497366,11.862659757100843,2425.6782774875965,5,92.54236179256525,0.0,83.82906770540245,83.82906770540245,92.54236179256525,97.24582733067236,cooked_emulsion,cooked_emulsion,rm_cooked_emulsion,2425.6782774875965,1431.3609502497366,5,6.0,0.9,0.018,1000.0,14.0,1403.2775987377845,1226.8808144997743,-176.39678423801024,0,0.4641176346805563,232.56348726191436,263.14040197093726,288.3787242047738
2009-06-22,,100.0,119.57805472585574,cooked_emulsion,cooked_emulsion,cooking_emulsification,high_throughput_standard,cooked_emulsion,0.9,0.018,4.0,medium,standard_service,medium,1210.4332653759825,0.756520790859989,0.9036905588911516,0.0169033089242699,1362.0741975031583,11.65860303387188,2268.554624481276,5,74.34783464120402,0.0,59.5990155637782,59.5990155637782,74.34783464120402,78.1265633368432,cooked_emulsion,cooked_emulsion,rm_cooked_emulsion,2268.554624481276,1362.0741975031583,5,6.0,0.9,0.018,1000.0,14.0,1295.6444834075915,1167.4921692884213,-128.15231411917011,0,0.47258572722687686,261.0117423103038,295.3289684434304,323.65456046477675
2009-06-29,,100.0,119.57805472585574,cooked_emulsion,cooked_emulsion,cooking_emulsification,high_throughput_standard,cooked_emulsion,0.9,0.018,4.0,medium,standard_service,medium,1269.1756759739096,0.7932347974836935,0.9026401499671614,0.0180824121335632,1431.4956338511774,11.147437836269203,2279.644084463826,4,62.165678740507815,0.0,43.20743952221901,43.20743952221901,62.165678740507815,65.32524936249412,cooked_emulsion,cooked_emulsion,rm_cooked_emulsion,2279.644084463826,1431.4956338511774,4,6.0,0.9,0.018,1000.0,14.0,1461.6465794060102,1226.9962575867235,-234.65032181928677,0,0.4523352702748674,378.84780697407496,428.65784903153985,469.77128064785296
2009-07-06,,100.0,118.05798743433928,fresh_preparation,fresh_preparation,fresh_forming,marinated_short_run,fresh_prepared,0.85,0.027,2.5,short,service_critical,low,1213.20121943089,0.7582507621443062,0.8576657795069417,0.0268769686407907,1452.5569520526965,10.514682295646834,2181.8821238810306,2,102.60877105842498,0.0,97.42333717862064,97.42333717862064,102.60877105842498,108.23942737025604,fresh_preparation,fresh_preparation,rm_fresh_preparation,2181.8821238810306,1452.5569520526965,2,6.0,0.85,0.027,1000.0,7.0,1766.8658518659745,1245.0488160451682,-521.8170358208063,0,0.3967288495652571,515.7236442168341,623.5700915504917,639.4973188288743
2009-07-13,,100.0,118.05798743433928,fresh_preparation,fresh_preparation,fresh_forming,marinated_short_run,fresh_prepared,0.85,0.027,2.5,short,service_critical,low,1136.73008207185,0.7104563012949062,0.8469462427307574,0.0284082962832795,1380.2796305799232,9.535348901446088,1880.206837019812,3,119.12654231104123,0.0,117.17814229143464,117.17814229143464,119.12654231104123,125.66361132035962,fresh_preparation,fresh_preparation,rm_fresh_preparation,1880.206837019812,1380.2796305799232,3,6.0,0.85,0.027,1000.0,7.0,1288.6584239141307,1183.0968262113627,-105.56159770276804,0,0.47770858243539605,683.1696197714739,826.0318236762879,847.1303285166276
2009-07-20,,100.0,118.05798743433928,fresh_preparation,fresh_preparation,fresh_forming,marinated_short_run,fresh_prepared,0.85,0.027,2.5,short,service_critical,low,1129.0390398924608,0.705649399932788,0.8444834029946057,0.0249496416111116,1370.314863737024,9.632714746774395,1885.693170806254,2,130.8580368163613,0.0,132.03776372202086,132.03776372202086,130.8580368163613,138.03887158665913,fresh_preparation,fresh_preparation,rm_fresh_preparation,1885.693170806254,1370.314863737024,2,6.0,0.85,0.027,1000.0,7.0,1494.1746383099614,1174.5555974888778,-319.6190408210837,0,0.4323869272196825,659.1772904196475,797.0222966200926,817.3798401203629
2009-07-27,,100.0,118.05798743433928,fresh_preparation,fresh_preparation,fresh_forming,marinated_short_run,fresh_prepared,0.85,0.027,2.5,short,service_critical,low,1193.719214198192,0.7460745088738701,0.8460226595660195,0.0290339540964757,1451.9440929601328,8.932615983517211,1852.8084302784405,3,143.30516995917517,0.0,139.2399787994634,139.2399787994634,143.30516995917517,151.1690411606849,fresh_preparation,fresh_preparation,rm_fresh_preparation,1852.8084302784405,1451.9440929601328,3,6.0,0.85,0.027,1000.0,7.0,1230.5466761526693,1244.5235082515424,13.976832098873047,1,0.5028076378433811,843.6591709332347,1020.0824266165706,1046.137371957211
2009-08-03,,100.0,118.51117519826964,fresh_preparation,fresh_preparation,fresh_forming,marinated_short_run,fresh_prepared,0.85,0.027,2.5,short,service_critical,low,1184.581981651107,0.7403637385319419,0.8526417702661937,0.0279326575443408,1428.115003206574,9.77052873320696,1993.348381879111,2,126.53073278689664,0.0,125.90680780297008,125.90680780297008,126.53073278689664,133.4741067485776,fresh_preparation,fresh_preparation,rm_fresh_preparation,1993.348381879111,1428.115003206574,2,6.0,0.85,0.027,1000.0,7.0,1585.3155238200898,1224.0985741770635,-361.2169496430263,0,0.42675866934401424,658.8651955045266,796.6449374336819,816.9928424256129
2009-08-10,,100.0,118.51117519826964,fresh_preparation,fresh_preparation,fresh_forming,marinated_short_run,fresh_prepared,0.85,0.027,2.5,short,service_critical,low,1184.1619444635066,0.7401012152896916,0.8519916917370775,0.0243661498527341,1423.740892800329,9.10890458831095,1852.6742787135493,2,146.2426298322313,0.0,150.52440137218983,150.52440137218983,146.2426298322313,154.267694144275,fresh_preparation,fresh_preparation,rm_fresh_preparation,1852.6742787135493,1423.740892800329,2,6.0,0.85,0.027,1000.0,7.0,1445.8911664848838,1220.3493366859964,-225.54182979888742,0,0.4539267131800297,791.4159507727761,956.9142745574949,981.3557789582424
2009-08-17,,100.0,118.51117519826964,fresh_preparation,fresh_preparation,fresh_forming,marinated_short_run,fresh_prepared,0.85,0.027,2.5,short,service_critical,low,1182.6860280763271,0.7391787675477045,0.8504090266385896,0.029416525650961,1431.6364288495213,9.167158340675655,1874.8625470775717,2,148.12489835596537,0.0,152.90602984117362,152.90602984117362,148.12489835596537,156.25325215324898,fresh_preparation,fresh_preparation,rm_fresh_preparation,1874.8625470775717,1431.6364288495213,2,6.0,0.85,0.027,1000.0,7.0,1465.8235674062798,1227.1169390138753,-238.70662839240458,0,0.4515211781174685,783.8908207858246,947.8155139179307,972.0246177744225
2009-08-24,,100.0,118.51117519826964,fresh_preparation,fresh_preparation,fresh_forming,marinated_short_run,fresh_prepared,0.85,0.027,2.5,short,service_critical,low,1188.0298934506634,0.7425186834066646,0.8455081718035714,0.0314681861615954,1449.3237087104085,9.703765420795312,2009.1281840175543,2,138.01973130047065,0.0,141.34121481874922,141.34121481874922,138.01973130047065,145.59356405558398,fresh_preparation,fresh_preparation,rm_fresh_preparation,2009.1281840175543,1449.3237087104085,2,6.0,0.85,0.027,1000.0,7.0,1595.0356958145803,1242.2774646089217,-352.7582312056586,0,0.4294829764974138,682.4729893017757,825.1895161136275,846.2665067342018
2009-08-31,,100.0,118.51117519826964,fresh_preparation,fresh_preparation,fresh_forming,marinated_short_run,fresh_prepared,0.85,0.027,2.5,short,service_critical,low,1210.4569800463971,0.7565356125289981,0.8530674691733162,0.0290036679390988,1460.1010088419723,8.359765705863976,1743.7289058306449,3,187.83845087998452,75.2137448806524,177.6756492083005,177.6756492083005,187.83845087998452,198.1460858720237,fresh_preparation,fresh_preparation,rm_fresh_preparation,1743.7289058306449,1460.1010088419723,3,6.0,0.85,0.027,1000.0,7.0,1117.9713306126569,1251.5151504359762,133.54381982331938,1,0.5266511459804014,967.8872534473037,1170.2886807899204,1200.1801942746565
2009-09-07,,100.0,118.44851855666565,fresh_preparation,fresh_preparation,fresh_forming,marinated_short_run,fresh_prepared,0.85,0.027,2.5,short,service_critical,low,1134.9824835211457,0.7093640522007161,0.8451011808893978,0.0298539695344529,1383.1080140915085,10.296854884476309,2034.523215808068,2,133.5461250559164,0.0,137.13090319478786,137.13090319478786,133.5461250559164,140.8744686683598,fresh_preparation,fresh_preparation,rm_fresh_preparation,2034.523215808068,1383.1080140915085,2,6.0,0.85,0.027,1000.0,7.0,1639.3494974962084,1185.5211549355788,-453.8283425606296,0,0.40544954393335675,534.1059532190193,645.7964490889539,662.2913819915839
2009-09-14,,100.0,118.44851855666565,fresh_preparation,fresh_preparation,fresh_forming,marinated_short_run,fresh_prepared,0.85,0.027,2.5,short,service_critical,low,1131.1473745458718,0.7069671090911699,0.8546357983295075,0.0271707427632051,1359.504822004853,9.448071697400042,1834.9570044661332,2,170.5739690917883,64.1468693167013,179.36717490402788,179.36717490402788,170.5739690917883,179.9342156457002,fresh_preparation,fresh_preparation,rm_fresh_preparation,1834.9570044661332,1359.504822004853,2,6.0,0.85,0.027,1000.0,7.0,1446.5270553218895,1165.289847432731,-281.2372078891585,0,0.43995485358956576,689.837664971451,834.0942687521323,855.3987045645993
2009-09-21,,100.0,118.44851855666565,fresh_preparation,fresh_preparation,fresh_forming,marinated_short_run,fresh_prepared,0.85,0.027,2.5,short,service_critical,low,1132.8863230143431,0.7080539518839645,0.8614297536925595,0.0236769901605229,1346.2614407805097,10.107204693833973,1943.848564769208,3,149.19142135412855,0.0,157.10388957689025,157.10388957689025,149.19142135412855,157.37830060093634,fresh_preparation,fresh_preparation,rm_fresh_preparation,1943.848564769208,1346.2614407805097,3,6.0,0.85,0.027,1000.0,7.0,1366.879375863275,1153.9383778118656,-212.94099805140945,0,0.4539969416249476,556.3512538231673,672.6936144406835,689.8755547407275
2009-09-28,,100.0,118.44851855666565,fresh_preparation,fresh_preparation,fresh_forming,marinated_short_run,fresh_prepared,0.85,0.027,2.5,short,service_critical,low,1181.0982573267736,0.7381864108292335,0.8514658045862862,0.0233117590976649,1419.471843569223,8.693386314594427,1762.8595855481149,4,181.6399677209077,10.57265270363676,144.49006090409887,144.49006090409887,181.6399677209077,191.6074609495925,fresh_preparation,fresh_preparation,rm_fresh_preparation,1762.8595855481149,1419.471843569223,4,6.0,0.85,0.027,1000.0,7.0,951.7328177942732,1216.6901516307626,264.9573338364894,1,0.5542280997336817,873.3024096518707,1055.9245627856485,1082.8949879683196
2009-10-05,,100.0,115.03673567480344,fresh_preparation,fresh_preparation,fresh_forming,marinated_short_run,fresh_prepared,0.85,0.027,2.5,short,service_critical,low,1189.2961619717823,0.743310101232364,0.8523324325426309,0.0275101640877355,1433.729197528124,8.864997266348851,1815.7150595387648,3,151.77057734492746,0.0,151.14097670711942,151.14097670711942,151.77057734492746,160.09898777673035,fresh_preparation,fresh_preparation,rm_fresh_preparation,1815.7150595387648,1433.729197528124,3,6.0,0.85,0.027,1000.0,7.0,1201.259689169569,1228.910740738392,27.65105156882305,1,0.5056248765950417,846.9248787277511,1024.0310485795915,1050.1868496224113
2009-10-12,,100.0,115.03673567480344,fresh_preparation,fresh_preparation,fresh_forming,marinated_short_run,fresh_prepared,0.85,0.027,2.5,short,service_critical,low,1132.6674734227718,0.7079171708892323,0.8480285609244177,0.02581604238454,1370.1289301597017,8.72175620780588,1707.1329288735435,2,191.5695881579382,174.8963725753701,199.0227603110435,199.0227603110435,191.5695881579382,202.08196930810507,fresh_preparation,fresh_preparation,rm_fresh_preparation,1707.1329288735435,1370.1289301597017,2,6.0,0.85,0.027,1000.0,7.0,1315.667520256486,1174.3962258511729,-141.27129440531303,0,0.46996303635040215,837.392227137331,1012.5049599629176,1038.3663616502904
2009-10-19,,100.0,115.03673567480344,fresh_preparation,fresh_preparation,fresh_forming,marinated_short_run,fresh_prepared,0.85,0.027,2.5,short,service_critical,low,1062.9811673251577,0.6643632295782236,0.8427591467156527,0.0251708474433452,1293.059005493922,9.56907494436467,1767.6255044367126,2,240.94857212525216,376.1864979510493,249.1742480494256,249.1742480494256,240.94857212525216,254.1706250206254,fresh_preparation,fresh_preparation,rm_fresh_preparation,1767.6255044367126,1293.059005493922,2,6.0,0.85,0.027,1000.0,7.0,1398.180074295592,1108.3362904233618,-289.84378387223023,0,0.4349919408903352,633.7697914805713,766.3016643257013,785.8745414359083
2009-10-26,,100.0,115.03673567480344,fresh_preparation,fresh_preparation,fresh_forming,marinated_short_run,fresh_prepared,0.85,0.027,2.5,short,service_critical,low,1092.7294613626843,0.6829559133516777,0.8475891225478791,0.0268745066320626,1323.8678938517646,9.458486321916716,1788.8266237173725,3,320.6361432526004,697.3841851133856,329.08575199586915,329.08575199586915,320.6361432526004,338.2310516135868,fresh_preparation,fresh_preparation,rm_fresh_preparation,1788.8266237173725,1323.8678938517646,3,6.0,0.85,0.027,1000.0,7.0,1221.4546692094734,1134.7439090157982,-86.71076019367524,0,0.48090569357291446,669.7851791501903,809.8484724625963,830.533622146236
2009-11-02,,100.0,115.73540014419612,fresh_preparation,fresh_preparation,fresh_forming,marinated_short_run,fresh_prepared,0.85,0.027,2.5,short,service_critical,low,1130.7202554004134,0.7067001596252583,0.8456284190356049,0.0282311705757225,1374.8849797763176,9.1238139908193,1792.0278306072107,3,433.10043161982617,1144.0595190622755,439.50932085806943,439.50932085806943,433.10043161982617,456.8668178049641,fresh_preparation,fresh_preparation,rm_fresh_preparation,1792.0278306072107,1374.8849797763176,3,6.0,0.85,0.027,1000.0,7.0,1202.7914107030747,1178.472839808272,-24.318570894802633,0,0.4948412667768011,761.3299889773787,920.5368345050223,944.0491863319495
2009-11-09,,100.0,115.73540014419612,cured_embutido,cured_embutido,curing_maturation,fermented_dry_spiced,cured,0.79,0.031,11.0,long,planned_campaign,high,974.2898614707992,0.6089311634192496,0.7842119816943399,0.0280944849064757,1277.2847860782083,13.17401956662684,2403.853537707014,9,306.9075119059761,592.1057854755569,265.5637641059007,265.5637641059007,306.9075119059761,321.49329140930763,cured_embutido,cured_embutido,rm_cured_embutido,2403.853537707014,1277.2847860782083,9,6.0,0.79,0.031,1000.0,28.0,761.6302413207461,1094.8155309241786,333.18528960343247,1,0.5755006962097544,0.0,0.0,0.0
2009-11-16,,100.0,115.73540014419612,cured_embutido,cured_embutido,curing_maturation,fermented_dry_spiced,cured,0.79,0.031,11.0,long,planned_campaign,high,982.1752089925504,0.613859505620344,0.7968894397679827,0.0301022447594392,1269.6126175606864,13.022503320519505,2361.9335039939283,9,300.4909268006542,550.3055839032953,253.76083086631357,253.76083086631357,300.4909268006542,314.7717580968553,cured_embutido,cured_embutido,rm_cured_embutido,2361.9335039939283,1269.6126175606864,9,6.0,0.79,0.031,1000.0,28.0,729.5744242730459,1088.2393864805883,358.66496220754243,1,0.581657857306261,0.0,0.0,0.0
2009-11-23,,100.0,115.73540014419612,cured_embutido,cured_embutido,curing_maturation,fermented_dry_spiced,cured,0.79,0.031,11.0,long,planned_campaign,high,999.3970216828068,0.6246231385517542,0.7910914500721031,0.0340197413662406,1306.2917691607706,13.753370742075614,2566.559285512848,9,252.16022329605465,387.8483364945768,227.3567595764279,227.3567595764279,252.16022329605465,264.14413790819964,cured_embutido,cured_embutido,rm_cured_embutido,2566.559285512848,1306.2917691607706,9,6.0,0.79,0.031,1000.0,28.0,887.0412965918572,1119.6786592806604,232.63736268880325,1,0.5517568286319862,0.0,0.0,0.0
2009-11-30,,100.0,115.73540014419612,cured_embutido,cured_embutido,curing_maturation,fermented_dry_spiced,cured,0.79,0.031,11.0,long,planned_campaign,high,993.088526237447,0.6206803288984044,0.791518750322456,0.0288494232395572,1290.8583113526677,13.503109014604847,2490.0857858005425,9,246.63466224063933,343.2339509424347,213.4916751940351,213.4916751940351,246.63466224063933,258.3559745636257,cured_embutido,cured_embutido,rm_cured_embutido,2490.0857858005425,1290.8583113526677,9,6.0,0.79,0.031,1000.0,28.0,830.4108140613982,1106.4499811594294,276.03916709803116,1,0.5620489577031428,0.0,0.0,0.0
2009-12-07,,100.0,112.93301747519486,cured_embutido,cured_embutido,curing_maturation,fermented_dry_spiced,cured,0.79,0.031,11.0,long,planned_campaign,high,1020.268809216966,0.6376680057606037,0.788763910539215,0.0327395223743299,1335.8520954690284,13.437019637190383,2564.2672627427514,9,244.77392249167409,339.0020676029438,205.42903924893028,205.42903924893028,244.77392249167409,256.4068031580909,cured_embutido,cured_embutido,rm_cured_embutido,2564.2672627427514,1335.8520954690284,9,6.0,0.79,0.031,1000.0,28.0,846.7431399968577,1145.0160818305958,298.27294183373806,1,0.5647583944123838,0.0,0.0,0.0
2009-12-14,,100.0,112.93301747519486,cured_embutido,cured_embutido,curing_maturation,fermented_dry_spiced,cured,0.79,0.031,11.0,long,planned_campaign,high,973.6039365726392,0.6085024603578995,0.7893085156702263,0.030030538476902,1270.5320760407649,14.77663752428431,2682.027421518687,9,188.08064882828936,156.1740458127397,192.69028676338357,192.69028676338357,188.08064882828936,197.01918166385383,cured_embutido,cured_embutido,rm_cured_embutido,2682.027421518687,1270.5320760407649,9,6.0,0.79,0.031,1000.0,28.0,1048.4861808948463,1089.027493749227,40.54131285438075,1,0.5093056951506282,0.0,0.0,0.0
2009-12-21,,100.0,112.93301747519486,cured_embutido,cured_embutido,curing_maturation,fermented_dry_spiced,cured,0.79,0.031,11.0,long,planned_campaign,high,972.693616762881,0.6079335104768007,0.7938582027289574,0.0320915875196999,1264.594729441675,13.798988425689704,2492.8754335362687,9,229.63403575819345,278.467958193477,208.788031980548,208.788031980548,229.63403575819345,240.5473933076016,cured_embutido,cured_embutido,rm_cured_embutido,2492.8754335362687,1264.594729441675,9,6.0,0.79,0.031,1000.0,28.0,866.9679242541151,1083.9383395214359,216.97041526732073,1,0.5498757271961608,0.0,0.0,0.0
2009-12-28,,100.0,112.93301747519486,cured_embutido,cured_embutido,curing_maturation,fermented_dry_spiced,cured,0.79,0.031,11.0,long,planned_campaign,high,1017.7772534618008,0.6361107834136256,0.7898706515252192,0.0331946550144057,1331.309140606043,14.610409592961496,2778.710262729694,9,194.443089452539,160.85523777892675,196.50089185329205,196.50089185329205,194.443089452539,203.68399727877093,cured_embutido,cured_embutido,rm_cured_embutido,2778.710262729694,1331.309140606043,9,6.0,0.79,0.031,1000.0,28.0,1067.0270819504958,1141.1221205194654,74.09503856896958,1,0.5162272326834489,0.0,0.0,0.0
2010-01-04,,100.0,114.70542795344522,cured_embutido,cured_embutido,curing_maturation,fermented_dry_spiced,cured,0.79,0.031,11.0,long,planned_campaign,high,968.0520890761728,0.6050325556726079,0.792122775752099,0.03248256353397,1261.7954352023105,13.486738654921991,2431.072181506732,9,247.2611172487297,316.96822219581185,218.30871142162687,218.30871142162687,247.2611172487297,259.0122018459756,cured_embutido,cured_embutido,rm_cured_embutido,2431.072181506732,1261.7954352023105,9,6.0,0.79,0.031,1000.0,28.0,808.7637648180469,1081.5389444591233,272.7751796410764,1,0.5627204374155367,0.0,0.0,0.0
2010-01-11,,100.0,114.70542795344522,cured_embutido,cured_embutido,curing_maturation,fermented_dry_spiced,cured,0.79,0.031,11.0,long,planned_campaign,high,1031.6171848152992,0.644760740509562,0.7892159828086199,0.0328183192044277,1350.0399764986914,13.953555734810804,2691.1225794710226,9,233.56351023188603,274.1002531885666,217.03148201940616,217.03148201940616,233.56351023188603,244.66361605565643,cured_embutido,cured_embutido,rm_cured_embutido,2691.1225794710226,1350.0399764986914,9,6.0,0.79,0.031,1000.0,28.0,955.3568954012767,1157.1771227131642,201.8202273118875,1,0.5434916563735833,0.0,0.0,0.0
2010-01-18,,100.0,114.70542795344522,cured_embutido,cured_embutido,curing_maturation,fermented_dry_spiced,cured,0.79,0.031,11.0,long,planned_campaign,high,1027.6696894092618,0.6422935558807886,0.7886313884370718,0.028696812933184,1340.5002004021785,13.77340435477781,2637.6073282571274,9,244.21136444425932,300.96921924582097,222.01335683851892,222.01335683851892,244.21136444425932,255.8175095394728,cured_embutido,cured_embutido,rm_cured_embutido,2637.6073282571274,1340.5002004021785,9,6.0,0.79,0.031,1000.0,28.0,914.1070705971836,1149.000171773296,234.8931011761124,1,0.5509308970430554,0.0,0.0,0.0
2010-01-25,,100.0,114.70542795344522,cured_embutido,cured_embutido,curing_maturation,fermented_dry_spiced,cured,0.79,0.031,11.0,long,planned_campaign,high,1024.6450751969296,0.6404031719980811,0.7843723433375925,0.0332273194134826,1349.73051177595,12.788116578820738,2465.787304940318,9,297.7102984693334,462.9978101178641,239.9465995116564,239.9465995116564,297.7102984693334,311.85898040408847,cured_embutido,cured_embutido,rm_cured_embutido,2465.787304940318,1349.73051177595,9,6.0,0.79,0.031,1000.0,28.0,730.4195040855252,1156.9118672365287,426.4923631510035,1,0.591132062769995,40.85507407216073,53.36974575402115,50.66029184947931
2010-02-01,,100.0,115.67274350259214,cured_embutido,cured_embutido,curing_maturation,fermented_dry_spiced,cured,0.79,0.031,11.0,long,planned_campaign,high,1089.5829018357415,0.6809893136473386,0.7820890037505315,0.0292946137707303,1433.982330320482,14.640937989781916,2999.263768095021,9,208.42654725621568,191.53178254927957,210.1207258638904,210.1207258638904,208.42654725621568,218.33201891456736,cured_embutido,cured_embutido,rm_cured_embutido,2999.263768095021,1433.982330320482,9,6.0,0.79,0.031,1000.0,28.0,1155.5722005401153,1229.1277117032703,73.55551116315496,1,0.5149564537738938,0.0,0.0,0.0
2010-02-08,,100.0,115.67274350259214,cured_embutido,cured_embutido,curing_maturation,fermented_dry_spiced,cured,0.79,0.031,11.0,long,planned_campaign,high,1024.7558803247243,0.6404724252029527,0.7889537523957344,0.031519083531143,1339.8190239996436,13.70284284180412,2622.761360332357,9,249.93727131675436,319.0563238875604,224.32659356388507,224.32659356388507,249.93727131675436,261.8155401360831,cured_embutido,cured_embutido,rm_cured_embutido,2622.761360332357,1339.8190239996436,9,6.0,0.79,0.031,1000.0,28.0,900.1369009042439,1148.4163062854088,248.2794053811649,1,0.5538386793449347,0.0,0.0,0.0
2010-02-15,,100.0,115.67274350259214,cured_embutido,cured_embutido,curing_maturation,fermented_dry_spiced,cured,0.79,0.031,11.0,long,planned_campaign,high,1112.9142261275224,0.6955713913297015,0.790225986767973,0.0315164923739944,1452.7355440985443,14.231785937803345,2953.574469692679,9,220.51488691132275,233.50095324217077,208.77517350475443,208.77517350475443,220.51488691132275,230.99485691178336,cured_embutido,cured_embutido,rm_cured_embutido,2953.574469692679,1452.7355440985443,9,6.0,0.79,0.031,1000.0,28.0,1085.7716272802647,1245.2018949416092,159.4302676613445,1,0.5319652636119541,0.0,0.0,0.0
2010-02-22,,100.0,115.67274350259214,cured_embutido,cured_embutido,curing_maturation,fermented_dry_spiced,cured,0.79,0.031,11.0,long,planned_campaign,high,1044.5057713197314,0.6528161070748321,0.7848554798531648,0.0319702451177391,1373.3724290965972,13.332717772546632,2615.826713391677,9,252.27547679200416,331.9096127282148,208.04486143784092,208.04486143784092,252.27547679200416,264.2648688265442,cured_embutido,cured_embutido,rm_cured_embutido,2615.826713391677,1373.3724290965972,9,6.0,0.79,0.031,1000.0,28.0,850.062161696052,1177.1763677970832,327.1142061010312,1,0.5690264922898225,0.0,0.0,0.0
2010-03-01,,100.0,114.98008720431216,cured_embutido,cured_embutido,curing_maturation,fermented_dry_spiced,cured,0.79,0.031,11.0,long,planned_campaign,high,1009.813649795177,0.6311335311219856,0.7898621005398615,0.0316739133521203,1318.962384862523,13.701322300337456,2581.6469624318806,9,242.4624905561172,304.1183219477626,216.09443367807387,216.09443367807387,242.4624905561172,253.9855204197967,cured_embutido,cured_embutido,rm_cured_embutido,2581.6469624318806,1318.962384862523,9,6.0,0.79,0.031,1000.0,28.0,885.838181894351,1130.5391870250198,244.70100513066882,1,0.5539012998102082,0.0,0.0,0.0
2010-03-08,,100.0,114.98008720431216,cured_embutido,cured_embutido,curing_maturation,fermented_dry_spiced,cured,0.79,0.031,11.0,long,planned_campaign,high,1054.7894383552225,0.6592433989720141,0.7902150102519621,0.0293123800429505,1373.939767217786,13.280117513331302,2606.58308069875,9,262.8536724139532,364.0872283393558,217.59516587907623,217.59516587907623,262.8536724139532,275.3457931954263,cured_embutido,cured_embutido,rm_cured_embutido,2606.58308069875,1373.939767217786,9,6.0,0.79,0.031,1000.0,28.0,840.0890942758824,1177.6626576152453,337.57356333936286,1,0.5711750854444797,0.0,0.0,0.0
2010-03-15,,100.0,114.98008720431216,cured_embutido,cured_embutido,curing_maturation,fermented_dry_spiced,cured,0.79,0.031,11.0,long,planned_campaign,high,1020.5466828589072,0.637841676786817,0.7813759679757625,0.0283002651754085,1343.051831151595,14.54182801894335,2790.0612498762057,9,214.0301548306067,214.848713681283,215.05647900268855,215.05647900268855,214.0301548306067,224.2019379389313,cured_embutido,cured_embutido,rm_cured_embutido,2790.0612498762057,1343.051831151595,9,6.0,0.79,0.031,1000.0,28.0,1063.2803241098693,1151.1872838442243,87.90695973435504,1,0.5190812279792245,0.0,0.0,0.0
2010-03-22,,100.0,114.98008720431216,cured_embutido,cured_embutido,curing_maturation,fermented_dry_spiced,cured,0.79,0.031,11.0,long,planned_campaign,high,1032.2407435607963,0.6451504647254978,0.7863395013620821,0.0327446973599235,1355.7008804272216,13.98707453775572,2708.898466490943,9,238.1785318434675,279.76269596716486,223.30757924215212,223.30757924215212,238.1785318434675,249.49796656932836,cured_embutido,cured_embutido,rm_cured_embutido,2708.898466490943,1355.7008804272216,9,6.0,0.79,0.031,1000.0,28.0,965.8544773702297,1162.0293260804756,196.1748487102459,1,0.5421052732853128,0.0,0.0,0.0
2010-03-29,,100.0,114.98008720431216,cured_embutido,cured_embutido,curing_maturation,fermented_dry_spiced,cured,0.79,0.031,11.0,long,planned_campaign,high,1069.5320287500238,0.6684575179687648,0.7916290555749419,0.0313716691550378,1393.436769328206,14.020461045293848,2790.9465633494606,9,218.88240331179364,174.78681962663504,203.2187764109988,203.2187764109988,218.88240331179364,229.28478952918664,cured_embutido,cured_embutido,rm_cured_embutido,2790.9465633494606,1393.436769328206,9,6.0,0.79,0.031,1000.0,28.0,999.3850027846242,1194.374373709891,194.9893709252667,1,0.5407237135826118,0.0,0.0,0.0
2010-04-05,,100.0,115.96800219727402,cured_embutido,cured_embutido,curing_maturation,fermented_dry_spiced,cured,0.79,0.031,11.0,long,planned_campaign,high,1081.6032182367226,0.6760020113979516,0.791548234917583,0.0332987536819156,1411.9408117923758,14.59189988139679,2943.2712805903507,9,162.80839968241082,0.0,162.39821485202924,162.39821485202924,162.80839968241082,170.54586887731742,cured_embutido,cured_embutido,rm_cured_embutido,2943.2712805903507,1411.9408117923758,9,6.0,0.79,0.031,1000.0,28.0,1127.9188082858675,1210.234981536322,82.31617325045454,1,0.516997619149565,0.0,0.0,0.0
2010-04-12,,100.0,115.96800219727402,cured_embutido,cured_embutido,curing_maturation,fermented_dry_spiced,cured,0.79,0.031,11.0,long,planned_campaign,high,1043.7212256578284,0.6523257660361428,0.785385300334401,0.0309105341316242,1370.0068052830804,14.470794171273218,2832.1552132135776,9,132.96961564651522,0.0,113.27315205654574,113.27315205654574,132.96961564651522,139.28899663011586,cured_embutido,cured_embutido,rm_cured_embutido,2832.1552132135776,1370.0068052830804,9,6.0,0.79,0.031,1000.0,28.0,1070.717892135331,1174.2915473854976,103.57365525016644,1,0.522035959149573,0.0,0.0,0.0
2010-04-19,,100.0,115.96800219727402,cured_embutido,cured_embutido,curing_maturation,fermented_dry_spiced,cured,0.79,0.031,11.0,long,planned_campaign,high,1094.1611142365543,0.6838506963978465,0.790633792201999,0.028189671278646,1422.9155994452262,14.236194914815574,2893.8434030048406,9,89.78513001593939,0.0,35.21939952786764,35.21939952786764,89.78513001593939,94.05216831994692,cured_embutido,cured_embutido,rm_cured_embutido,2893.8434030048406,1422.9155994452262,9,6.0,0.79,0.031,1000.0,28.0,1064.3804894324069,1219.6419423816224,155.26145294921548,1,0.531782302779783,0.0,0.0,0.0
2010-04-26,,100.0,115.96800219727402,cooked_emulsion,cooked_emulsion,cooking_emulsification,high_throughput_standard,cooked_emulsion,0.9,0.018,4.0,medium,standard_service,medium,1303.694339922824,0.8148089624517649,0.904089628901442,0.0199322593620082,1470.7390408300998,11.173952984911327,2347.709842187017,4,89.1883085412667,0.0,79.54064320449706,79.54064320449706,89.1883085412667,93.72130432287656,cooked_emulsion,cooked_emulsion,rm_cooked_emulsion,2347.709842187017,1470.7390408300998,4,6.0,0.9,0.018,1000.0,14.0,1507.2875331412456,1260.633463568657,-246.6540695725887,0,0.4512407448243799,383.6626622117401,434.1057504093008,475.7417011425577
2010-05-03,,100.0,113.96127304562778,cooked_emulsion,cooked_emulsion,cooking_emulsification,high_throughput_standard,cooked_emulsion,0.9,0.018,4.0,medium,standard_service,medium,1295.111188750513,0.8094444929690706,0.9031082918359636,0.0172592587806777,1458.810487974356,11.656787860192024,2429.292055220039,4,86.26639132024604,0.0,76.1946152929409,76.1946152929409,86.26639132024604,90.65088065909754,cooked_emulsion,cooked_emulsion,rm_cooked_emulsion,2429.292055220039,1458.810487974356,4,6.0,0.9,0.018,1000.0,14.0,1595.6860620918355,1250.408989692305,-345.2770723995304,0,0.43140249101908984,279.92742244662213,316.7316388850669,347.11000383381145
2010-05-10,,100.0,113.96127304562778,cooked_emulsion,cooked_emulsion,cooking_emulsification,high_throughput_standard,cooked_emulsion,0.9,0.018,4.0,medium,standard_service,medium,1258.2869969492474,0.7864293730932796,0.8996188568519443,0.018684006914842,1424.8221123182343,11.471862450295223,2335.0518983791253,4,94.33408559516732,0.0,86.54661208161833,86.54661208161833,94.33408559516732,99.1286154955417,cooked_emulsion,cooked_emulsion,rm_cooked_emulsion,2335.0518983791253,1424.8221123182343,4,6.0,0.9,0.018,1000.0,14.0,1520.8678341972773,1221.2760962727723,-299.59173792450497,0,0.4389781019912275,311.04631021188106,351.9419667479985,385.69742466273254
2010-05-17,,100.0,113.96127304562778,cooked_emulsion,cooked_emulsion,cooking_emulsification,high_throughput_standard,cooked_emulsion,0.9,0.018,4.0,medium,standard_service,medium,1285.5594498592068,0.8034746561620042,0.8981280947467029,0.0167050811430409,1455.2877617662411,12.510715548077512,2600.955889722263,4,81.01413835371388,0.0,71.0120290717601,71.0120290717601,81.01413835371388,85.13168193554138,cooked_emulsion,cooked_emulsion,rm_cooked_emulsion,2600.955889722263,1455.2877617662411,4,6.0,0.9,0.018,1000.0,14.0,1769.3628829986965,1247.3895100853495,-521.973372913347,0,0.3968870906642772,101.7213821293276,115.09547649844714,126.13451384036621
2010-05-24,,100.0,113.96127304562778,cooked_emulsion,cooked_emulsion,cooking_emulsification,high_throughput_standard,cooked_emulsion,0.9,0.018,4.0,medium,standard_service,medium,1161.49208572386,0.7259325535774124,0.897482622062662,0.0212886034204673,1321.7176588740956,12.176586496952066,2299.144199689916,4,84.63252646355906,0.0,75.03206675316558,75.03206675316558,84.63252646355906,88.93397462106944,cooked_emulsion,cooked_emulsion,rm_cooked_emulsion,2299.144199689916,1321.7176588740956,4,6.0,0.9,0.018,1000.0,14.0,1543.876966047576,1132.9008504635106,-410.9761155840654,0,0.4102905438451816,155.47430964769,175.91571582675945,192.7881439631356
2010-05-31,,100.0,113.96127304562778,cooked_emulsion,cooked_emulsion,cooking_emulsification,high_throughput_standard,cooked_emulsion,0.9,0.018,4.0,medium,standard_service,medium,1214.6911724283975,0.7591819827677486,0.9018712791316388,0.0162468703516336,1368.738678110113,11.239887871723678,2197.781323949851,4,101.91733452954618,0.0,96.4671952668188,96.4671952668188,101.91733452954618,107.09728305701036,cooked_emulsion,cooked_emulsion,rm_cooked_emulsion,2197.781323949851,1368.738678110113,4,6.0,0.9,0.018,1000.0,14.0,1415.6449364583577,1173.2045812372396,-242.44035522111812,0,0.4485210688210601,344.16193539750157,389.41155849457067,426.76079989290196
2010-06-07,,100.0,115.80406495691282,cooked_emulsion,cooked_emulsion,cooking_emulsification,high_throughput_standard,cooked_emulsion,0.9,0.018,4.0,medium,standard_service,medium,1203.6718821587224,0.7522949263492015,0.9007804158925716,0.0173251404917876,1359.405294585329,11.9175992957397,2314.4067973392766,4,97.62748511002236,0.0,91.41494784020423,91.41494784020423,97.62748511002236,102.58940204073924,cooked_emulsion,cooked_emulsion,rm_cooked_emulsion,2314.4067973392766,1359.405294585329,4,6.0,0.9,0.018,1000.0,14.0,1537.6037718619457,1165.2045382159963,-372.3992336459494,0,0.42077326261578557,210.20303546204877,237.8400491763394,260.6517639729405
2010-06-14,,100.0,115.80406495691282,cooked_emulsion,cooked_emulsion,cooking_emulsification,high_throughput_standard,cooked_emulsion,0.9,0.018,4.0,medium,standard_service,medium,1234.872667800813,0.7717954173755079,0.9025176160244088,0.0182148974053946,1393.1758498988952,11.13437842211517,2216.021017332317,4,119.4493103176476,0.0,119.0419479789402,119.0419479789402,119.4493103176476,125.52032151454202,cooked_emulsion,cooked_emulsion,rm_cooked_emulsion,2216.021017332317,1393.1758498988952,4,6.0,0.9,0.018,1000.0,14.0,1419.9205316758057,1194.1507284847673,-225.76980319103836,0,0.4528745232587447,371.3055610513452,420.12396588746907,460.41889570366806
2010-06-21,,100.0,115.80406495691282,cooked_emulsion,cooked_emulsion,cooking_emulsification,high_throughput_standard,cooked_emulsion,0.9,0.018,4.0,medium,standard_service,medium,1203.8778621120916,0.7524236638200573,0.9005274952524847,0.015815635345826,1358.0017954224647,11.99895193070458,2327.799752154953,4,113.06874247259476,0.0,111.38008854327884,111.38008854327884,113.06874247259476,118.81546130876436,cooked_emulsion,cooked_emulsion,rm_cooked_emulsion,2327.799752154953,1358.0017954224647,4,6.0,0.9,0.018,1000.0,14.0,1551.7987261992587,1164.001538933541,-387.79718726571764,0,0.4174722727762883,194.203582201053,219.73702444110995,240.81244192930572
2010-06-28,,100.0,115.80406495691282,cooked_emulsion,cooked_emulsion,cooking_emulsification,high_throughput_standard,cooked_emulsion,0.9,0.018,4.0,medium,standard_service,medium,1213.0351496999003,0.7581469685624377,0.9032750558013898,0.0186610390571751,1367.990445512616,11.037622321154124,2157.0516966450896,5,124.22605251857114,0.0,122.6830774834975,122.6830774834975,124.22605251857114,130.5398416378275,cooked_emulsion,cooked_emulsion,rm_cooked_emulsion,2157.0516966450896,1367.990445512616,5,6.0,0.9,0.018,1000.0,14.0,1179.9156641360782,1172.5632390108135,-7.352425125264745,0,0.49843240842142267,383.5019878783396,433.9239509825069,475.5424649691411
2010-07-05,,100.0,117.55930923198407,cooked_emulsion,cooked_emulsion,cooking_emulsification,high_throughput_standard,cooked_emulsion,0.9,0.018,4.0,medium,standard_service,medium,1295.9806576547169,0.8099879110341979,0.9003783701318309,0.0212238209549349,1469.9223826312686,12.30685226620636,2584.302515119012,5,83.05660629692468,0.0,72.91700036406361,72.91700036406361,83.05660629692468,87.27795831196588,cooked_emulsion,cooked_emulsion,rm_cooked_emulsion,2584.302515119012,1469.9223826312686,5,6.0,0.9,0.018,1000.0,14.0,1534.357956096677,1259.9334708268018,-274.4244852698753,0,0.4457620763527054,145.55333833905888,164.69035793059388,180.48613954043302
2010-07-12,,100.0,117.55930923198407,cooked_emulsion,cooked_emulsion,cooking_emulsification,high_throughput_standard,cooked_emulsion,0.9,0.018,4.0,medium,standard_service,medium,1214.583576261148,0.7591147351632175,0.9031387548645268,0.0170190756786125,1367.7352006102628,12.216333345796036,2386.9584484905977,4,79.12730832134156,0.0,68.02630575679477,68.02630575679477,79.12730832134156,83.14895376677373,cooked_emulsion,cooked_emulsion,rm_cooked_emulsion,2386.9584484905977,1367.7352006102628,4,6.0,0.9,0.018,1000.0,14.0,1605.3954767133046,1172.3444576659397,-433.0510190473649,0,0.4086886953037406,153.1212097856046,173.25323578366667,189.87030013414972
2010-07-19,,100.0,117.55930923198407,cooked_emulsion,cooked_emulsion,cooking_emulsification,high_throughput_standard,cooked_emulsion,0.9,0.018,4.0,medium,standard_service,medium,1230.0534484317614,0.7687834052698509,0.9034832910814666,0.0187902856380634,1387.0389374637386,13.134324866183722,2602.5457152421477,4,61.9596927615723,0.0,47.16683823884531,47.16683823884531,61.9596927615723,65.1087941461792,cooked_emulsion,cooked_emulsion,rm_cooked_emulsion,2602.5457152421477,1387.0389374637386,4,6.0,0.9,0.018,1000.0,14.0,1809.9520366914398,1188.8905178260616,-621.0615188653783,0,0.37229413123479405,0.0,0.0,0.0
2010-07-26,,100.0,117.55930923198407,cooked_emulsion,cooked_emulsion,cooking_emulsification,high_throughput_standard,cooked_emulsion,0.9,0.018,4.0,medium,standard_service,medium,1200.887404999734,0.7505546281248336,0.8967818934791008,0.0125011292279228,1355.847907366516,12.498279743873995,2420.8237766304105,4,64.34000634397952,0.0,49.96931297251129,49.96931297251129,64.34000634397952,67.61008716641227,cooked_emulsion,cooked_emulsion,rm_cooked_emulsion,2420.8237766304105,1355.847907366516,4,6.0,0.9,0.018,1000.0,14.0,1646.0535438495442,1162.1553491712996,-483.89819467824464,0,0.3973833182375991,97.17947990740504,109.95641537384593,120.50255508518225
2010-08-02,,100.0,114.7586431833007,cooked_emulsion,cooked_emulsion,cooking_emulsification,high_throughput_standard,cooked_emulsion,0.9,0.018,4.0,medium,standard_service,medium,1185.533061361227,0.7409581633507669,0.8927674238125171,0.0179221415990303,1351.729824105568,11.80168958545914,2278.956541071599,3,82.39650613838702,0.0,72.44480256376258,72.44480256376258,82.39650613838702,86.58430856287053,cooked_emulsion,cooked_emulsion,rm_cooked_emulsion,2278.956541071599,1351.729824105568,3,6.0,0.9,0.018,1000.0,14.0,1699.64375931207,1158.6255635190585,-541.0181957930115,0,0.3853388024020597,231.3988465530274,261.8226369688022,286.934569725754
2010-08-09,,100.0,114.7586431833007,cooked_emulsion,cooked_emulsion,cooking_emulsification,high_throughput_standard,cooked_emulsion,0.9,0.018,4.0,medium,standard_service,medium,1178.076850711475,0.7362980316946717,0.9061739714240582,0.0173739154281475,1322.6429980107173,12.546280194917331,2370.6070929839925,4,69.93180762946228,0.0,56.82541191223979,56.82541191223979,69.93180762946228,73.4860917522297,cooked_emulsion,cooked_emulsion,rm_cooked_emulsion,2370.6070929839925,1322.6429980107173,4,6.0,0.9,0.018,1000.0,14.0,1614.8110941207256,1133.6939982949004,-481.1170958258251,0,0.3954691233533337,85.72990332162499,97.00147467936749,106.30508011881498
2010-08-16,,100.0,114.7586431833007,cooked_emulsion,cooked_emulsion,cooking_emulsification,high_throughput_standard,cooked_emulsion,0.9,0.018,4.0,medium,standard_service,medium,1189.0618112925058,0.7431636320578161,0.9010266349228492,0.0163630047951792,1341.2682695178369,11.216839810385531,2149.255903133512,4,85.10071328356258,0.0,75.22802268863845,75.22802268863845,85.10071328356258,89.42595703619965,cooked_emulsion,cooked_emulsion,rm_cooked_emulsion,2149.255903133512,1341.2682695178369,4,6.0,0.9,0.018,1000.0,14.0,1382.8168919804625,1149.6585167295746,-233.15837525088796,0,0.4494714116010861,341.67088311389944,386.59298836150646,423.6718950612353
2010-08-23,,100.0,114.7586431833007,cooked_emulsion,cooked_emulsion,cooking_emulsification,high_throughput_standard,cooked_emulsion,0.9,0.018,4.0,medium,standard_service,medium,1210.038040638476,0.7562737753990476,0.8931420564180156,0.020162900939257,1382.1271867270032,11.477954576743988,2266.2847240764995,4,66.9267989710599,0.0,51.53970873419191,51.53970873419191,66.9267989710599,70.32835352876401,cooked_emulsion,cooked_emulsion,rm_cooked_emulsion,2266.2847240764995,1382.1271867270032,4,6.0,0.9,0.018,1000.0,14.0,1476.4977602324977,1184.6804457660025,-291.8173144664952,0,0.43872805974982465,300.5229084165062,340.0349721843247,372.64840643646767
2010-08-30,,100.0,114.7586431833007,fresh_preparation,fresh_preparation,fresh_forming,marinated_short_run,fresh_prepared,0.85,0.027,2.5,short,service_critical,low,1209.5051713643363,0.7559407321027102,0.8471447220111251,0.0263475126367523,1465.3607487561885,9.625323658197706,2014.9387832567493,3,114.5128621240592,0.0,112.67085178360742,112.67085178360742,114.5128621240592,120.79675543311694,fresh_preparation,fresh_preparation,rm_fresh_preparation,2014.9387832567493,1465.3607487561885,3,6.0,0.85,0.027,1000.0,7.0,1386.9270337898115,1256.0234989338758,-130.90353485593573,0,0.47396840610170027,706.4454644333152,854.1750370997102,875.9923758973109
2010-09-06,,100.0,113.32440690768016,fresh_preparation,fresh_preparation,fresh_forming,marinated_short_run,fresh_prepared,0.85,0.027,2.5,short,service_critical,low,1149.66305871916,0.718539411699475,0.8530874971694793,0.0266450450258128,1383.557825662004,8.16422705973062,1613.668605567399,3,170.63591562938862,1.512206064505299,152.88568933651473,152.88568933651473,170.63591562938862,179.99956149955133,fresh_preparation,fresh_preparation,rm_fresh_preparation,1613.668605567399,1383.557825662004,3,6.0,0.85,0.027,1000.0,7.0,1020.7152517122544,1185.9067077102893,165.19145599803494,1,0.5347676735752023,955.7959278048943,1155.6688565442166,1185.1869504780689
2010-09-13,,100.0,113.32440690768016,fresh_preparation,fresh_preparation,fresh_forming,marinated_short_run,fresh_prepared,0.85,0.027,2.5,short,service_critical,low,1156.846403617045,0.7230290022606531,0.8488812926754684,0.0262456142504218,1398.5566160040728,9.436880386419048,1885.430214123633,2,162.52139637390093,47.77346353699296,171.26946154240648,171.26946154240648,162.52139637390093,171.43975799991875,fresh_preparation,fresh_preparation,rm_fresh_preparation,1885.430214123633,1398.5566160040728,2,6.0,0.85,0.027,1000.0,7.0,1485.8426095510408,1198.7628137177767,-287.07979583326414,0,0.4404144846626243,711.8892155982167,860.7571677627915,882.7426273417886
2010-09-20,,100.0,113.32440690768016,fresh_preparation,fresh_preparation,fresh_forming,marinated_short_run,fresh_prepared,0.85,0.027,2.5,short,service_critical,low,1095.856064130837,0.6849100400817731,0.8479517543227235,0.0231663682564698,1322.2958305736834,8.847018882108324,1671.1965972597836,2,272.8743219554868,467.610511000432,281.7927543633209,281.7927543633209,272.8743219554868,287.84830037279414,fresh_preparation,fresh_preparation,rm_fresh_preparation,1671.1965972597836,1322.2958305736834,2,6.0,0.85,0.027,1000.0,7.0,1293.3977885244456,1133.3964262060142,-160.00136231843135,0,0.4647660417029836,784.4956595199137,948.5468345564522,972.774617804693
2010-09-27,,100.0,113.32440690768016,fresh_preparation,fresh_preparation,fresh_forming,marinated_short_run,fresh_prepared,0.85,0.027,2.5,short,service_critical,low,1131.026732650657,0.7068917079066608,0.8556035274412519,0.024736027119846,1354.6038596274432,9.519961090471336,1842.253719522222,3,330.81508485538734,714.919848206186,339.9267419870595,339.9267419870595,330.81508485538734,348.96856263682673,fresh_preparation,fresh_preparation,rm_fresh_preparation,1842.253719522222,1354.6038596274432,3,6.0,0.85,0.027,1000.0,7.0,1261.7092082533177,1161.0890225378084,-100.62018571550925,0,0.4783485030731846,673.4391626430299,814.266565072281,835.0645616773571
2010-10-04,,100.0,115.33800254059808,fresh_preparation,fresh_preparation,fresh_forming,marinated_short_run,fresh_prepared,0.85,0.027,2.5,short,service_critical,low,1180.713144331109,0.7379457152069433,0.8458108514144648,0.0289221869722404,1436.3281679590657,8.76516757790163,1798.522441288807,3,464.5954117631397,1216.213656202826,466.2062147083272,466.2062147083272,464.5954117631397,490.0900849836421,fresh_preparation,fresh_preparation,rm_fresh_preparation,1798.522441288807,1436.3281679590657,3,6.0,0.85,0.027,1000.0,7.0,1182.9532264492072,1231.1384296791991,48.185203229991885,1,0.5097834353972432,868.9441563494579,1050.6549257595766,1077.4907538733278
2010-10-11,,100.0,115.33800254059808,cured_embutido,cured_embutido,curing_maturation,fermented_dry_spiced,cured,0.79,0.031,11.0,long,planned_campaign,high,1003.84684346972,0.6274042771685749,0.7868073865689807,0.02678009870624,1310.01561324745,14.0463582752031,2628.706949969084,9,273.1428513979391,502.661496802304,260.2947261973165,260.2947261973165,273.1428513979391,286.12396541062617,cured_embutido,cured_embutido,rm_cured_embutido,2628.706949969084,1310.01561324745,9,6.0,0.79,0.031,1000.0,28.0,944.4011615080769,1122.8705256406713,178.46936413259436,1,0.5396516336435708,0.0,0.0,0.0
2010-10-18,,100.0,115.33800254059808,cured_embutido,cured_embutido,curing_maturation,fermented_dry_spiced,cured,0.79,0.031,11.0,long,planned_campaign,high,985.5323054466668,0.6159576909041667,0.7908455459001931,0.0294673693007685,1282.8969640263276,13.803405846930422,2529.763922035757,9,264.49007302909075,442.8344978157335,243.5087220526553,243.5087220526553,264.49007302909075,277.0599637497983,cured_embutido,cured_embutido,rm_cured_embutido,2529.763922035757,1282.8969640263276,9,6.0,0.79,0.031,1000.0,28.0,880.3249682876215,1099.6259691654236,219.30100087780215,1,0.5496934927484485,0.0,0.0,0.0
2010-10-25,,100.0,115.33800254059808,cured_embutido,cured_embutido,curing_maturation,fermented_dry_spiced,cured,0.79,0.031,11.0,long,planned_campaign,high,1006.8601995932128,0.6292876247457581,0.7915618197282156,0.0302005598874204,1310.4067370321577,14.632028942858788,2739.129900453096,9,211.84934907191945,252.14921484826624,212.27997927783267,212.27997927783267,211.84934907191945,221.91748938656244,cured_embutido,cured_embutido,rm_cured_embutido,2739.129900453096,1310.4067370321577,9,6.0,0.79,0.031,1000.0,28.0,1054.3212385546076,1123.2057745989923,68.88453604438473,1,0.5153273236056578,0.0,0.0,0.0
2010-11-01,,100.0,116.05297490301096,cured_embutido,cured_embutido,curing_maturation,fermented_dry_spiced,cured,0.79,0.031,11.0,long,planned_campaign,high,1001.7862209882566,0.6261163881176603,0.791985372137363,0.0344872437345831,1308.5280398104148,13.779031230815454,2575.7498181350616,9,227.3958881747896,263.47321421682983,203.247382440128,203.247382440128,227.3958881747896,238.2028777602965,cured_embutido,cured_embutido,rm_cured_embutido,2575.7498181350616,1308.5280398104148,9,6.0,0.79,0.031,1000.0,28.0,893.3566240930995,1121.5954626946411,228.2388386015416,1,0.550698865454219,0.0,0.0,0.0
2010-11-08,,100.0,116.05297490301096,cured_embutido,cured_embutido,curing_maturation,fermented_dry_spiced,cured,0.79,0.031,11.0,long,planned_campaign,high,1025.4507399621868,0.6409067124763668,0.7936449521782758,0.0325372075309927,1334.118034260874,13.313804827377602,2537.4553035477056,9,244.80805405915112,323.9542553050183,201.09515903375527,201.09515903375527,244.80805405915112,256.44255682831226,cured_embutido,cured_embutido,rm_cured_embutido,2537.4553035477056,1334.118034260874,9,6.0,0.79,0.031,1000.0,28.0,822.1606880694387,1143.5297436521778,321.36905558273907,1,0.5697993439247521,0.0,0.0,0.0
2010-11-15,,100.0,116.05297490301096,cured_embutido,cured_embutido,curing_maturation,fermented_dry_spiced,cured,0.79,0.031,11.0,long,planned_campaign,high,1001.4762445567038,0.6259226528479399,0.7907943144827261,0.0298856589458938,1304.2658541603232,13.626858996858113,2539.006698437061,9,231.5185465800197,290.7665979856998,200.8264813144228,200.8264813144228,231.5185465800197,242.5214655062352,cured_embutido,cured_embutido,rm_cured_embutido,2539.006698437061,1304.2658541603232,9,6.0,0.79,0.031,1000.0,28.0,862.0934573737884,1117.9421607088484,255.84870333506,1,0.5569657911518819,0.0,0.0,0.0
2010-11-22,,100.0,116.05297490301096,cured_embutido,cured_embutido,curing_maturation,fermented_dry_spiced,cured,0.79,0.031,11.0,long,planned_campaign,high,985.721230856875,0.6160757692855469,0.7919575357557537,0.0336090273942311,1286.4962030262702,12.968448672144442,2383.4085679792715,9,261.7607343374995,393.4630616170837,208.3761467777992,208.3761467777992,261.7607343374995,274.2009132368892,cured_embutido,cured_embutido,rm_cured_embutido,2383.4085679792715,1286.4962030262702,9,6.0,0.79,0.031,1000.0,28.0,729.3420212312099,1102.7110311653744,373.3690099341645,1,0.5838484351917153,5.798666212373064,7.574905895903468,7.190346103342599
2010-11-29,,100.0,116.05297490301096,cured_embutido,cured_embutido,curing_maturation,fermented_dry_spiced,cured,0.79,0.031,11.0,long,planned_campaign,high,1010.322648565672,0.631451655353545,0.7889631629627397,0.0295189683589977,1318.3712240189643,14.018672863177745,2640.25927167844,9,216.32583132334227,266.30901236473807,198.3577303884091,198.3577303884091,216.32583132334227,226.6067164569841,cured_embutido,cured_embutido,rm_cured_embutido,2640.25927167844,1318.3712240189643,9,6.0,0.79,0.031,1000.0,28.0,945.2105550826291,1130.032477730541,184.82192264791183,1,0.5407977260122031,0.0,0.0,0.0
2010-12-06,,100.0,117.42026298623271,cured_embutido,cured_embutido,curing_maturation,fermented_dry_spiced,cured,0.79,0.031,11.0,long,planned_campaign,high,924.0645019291647,0.577540313705728,0.7902507932129469,0.033018199607468,1207.939879722222,14.096736817058192,2432.5729393247275,9,213.5671067598624,245.30250201976187,204.011969543572,204.011969543572,213.5671067598624,223.7168835086248,cured_embutido,cured_embutido,rm_cured_embutido,2432.5729393247275,1207.939879722222,9,6.0,0.79,0.031,1000.0,28.0,879.5073796818706,1035.3770397619046,155.869660080034,1,0.5375650465944838,0.0,0.0,0.0
2010-12-13,,100.0,117.42026298623271,cured_embutido,cured_embutido,curing_maturation,fermented_dry_spiced,cured,0.79,0.031,11.0,long,planned_campaign,high,1029.3741695780682,0.6433588559862926,0.7904301367202146,0.0282822455081539,1339.1280688687807,15.22434429128472,2912.478110083079,9,165.461549266959,88.52407376695348,177.5112219015111,177.5112219015111,165.461549266959,173.32510939587124,cured_embutido,cured_embutido,rm_cured_embutido,2912.478110083079,1339.1280688687807,9,6.0,0.79,0.031,1000.0,28.0,1190.7420215375041,1147.8240590303835,-42.91796250712059,0,0.4906534100999033,0.0,0.0,0.0
2010-12-20,,100.0,117.42026298623271,cured_embutido,cured_embutido,curing_maturation,fermented_dry_spiced,cured,0.79,0.031,11.0,long,planned_campaign,high,910.5360558660286,0.5690850349162679,0.7908603925432762,0.0331465156635783,1189.485732720606,13.369725074906386,2271.871032428297,9,242.8448542192013,316.4216400508443,212.33182446880613,212.33182446880613,242.8448542192013,254.38605591596885,cured_embutido,cured_embutido,rm_cured_embutido,2271.871032428297,1189.485732720606,9,6.0,0.79,0.031,1000.0,28.0,742.5322332160893,1019.559199474805,277.0269662587158,1,0.5675132697530416,0.0,0.0,0.0
2010-12-27,,100.0,117.42026298623271,cured_embutido,cured_embutido,curing_maturation,fermented_dry_spiced,cured,0.79,0.031,11.0,long,planned_campaign,high,974.231865782892,0.6088949161143076,0.7930901592303311,0.030187732709058,1265.482499389219,13.582149925063918,2455.4247191784257,9,246.36990887696808,319.9609791963616,221.63224229288588,221.63224229288588,246.36990887696808,258.078638796346,cured_embutido,cured_embutido,rm_cured_embutido,2455.4247191784257,1265.482499389219,9,6.0,0.79,0.031,1000.0,28.0,828.3757913922873,1084.6992851907592,256.3234937984719,1,0.5588036995698212,0.0,0.0,0.0
2011-01-03,,100.0,117.17821952140626,cured_embutido,cured_embutido,curing_maturation,fermented_dry_spiced,cured,0.79,0.031,11.0,long,planned_campaign,high,1044.734854713009,0.6529592841956309,0.7922205827277794,0.0289429915181174,1356.910726871418,13.403065341916893,2598.109019343652,9,255.9338423363084,343.25436261068023,218.2070219191372,218.2070219191372,255.9338423363084,268.0970981933415,cured_embutido,cured_embutido,rm_cured_embutido,2598.109019343652,1356.910726871418,9,6.0,0.79,0.031,1000.0,28.0,853.5095133661146,1163.0663373183584,309.5568239522438,1,0.5661489113507434,0.0,0.0,0.0
2011-01-10,,100.0,117.17821952140626,cured_embutido,cured_embutido,curing_maturation,fermented_dry_spiced,cured,0.79,0.031,11.0,long,planned_campaign,high,1050.5724481656953,0.6566077801035596,0.7901768680116008,0.0305657127738473,1370.1792442860406,13.875788677258557,2716.0453776684185,9,240.0463999020321,306.43539913875026,219.04823761241823,219.04823761241823,240.0463999020321,251.45460505737623,cured_embutido,cured_embutido,rm_cured_embutido,2716.0453776684185,1370.1792442860406,9,6.0,0.79,0.031,1000.0,28.0,954.386349300652,1174.4393522451776,220.0530029445256,1,0.5467055773704075,0.0,0.0,0.0
2011-01-17,,100.0,117.17821952140626,cured_embutido,cured_embutido,curing_maturation,fermented_dry_spiced,cured,0.79,0.031,11.0,long,planned_campaign,high,1004.3421495215396,0.6277138434509622,0.7867634960602359,0.0315546883594404,1316.8300998253503,13.97753477726759,2629.434073723084,9,236.5803167433356,287.6376573461221,222.2601829984473,222.2601829984473,236.5803167433356,247.82379629656265,cured_embutido,cured_embutido,rm_cured_embutido,2629.434073723084,1316.8300998253503,9,6.0,0.79,0.031,1000.0,28.0,936.3668025190623,1128.7115141360146,192.34471161695228,1,0.5424999180355922,0.0,0.0,0.0
2011-01-24,,100.0,117.17821952140626,cured_embutido,cured_embutido,curing_maturation,fermented_dry_spiced,cured,0.79,0.031,11.0,long,planned_campaign,high,1023.0527764794818,0.6394079852996761,0.7902706850322508,0.0300105031389485,1333.4103428071935,13.716495549922715,2612.8167190479708,9,251.32707585205733,324.02477405193605,227.517422929174,227.517422929174,251.32707585205733,263.27139513192634,cured_embutido,cured_embutido,rm_cured_embutido,2612.8167190479708,1333.4103428071935,9,6.0,0.79,0.031,1000.0,28.0,898.4319925815792,1142.9231509775943,244.49115839601518,1,0.5532763434900618,0.0,0.0,0.0
2011-01-31,,100.0,117.17821952140626,cured_embutido,cured_embutido,curing_maturation,fermented_dry_spiced,cured,0.79,0.031,11.0,long,planned_campaign,high,1093.0946354627424,0.683184147164214,0.789887928860417,0.0321079070119906,1428.293274466347,14.40031600670364,2938.267786080699,9,215.9111001279651,208.4088615381742,213.1869623447741,213.1869623447741,215.9111001279651,226.17227516154665,cured_embutido,cured_embutido,rm_cured_embutido,2938.267786080699,1428.293274466347,9,6.0,0.79,0.031,1000.0,28.0,1101.8907189096815,1224.2513781140117,122.3606592043302,1,0.5249660533782591,0.0,0.0,0.0
2011-02-07,,100.0,115.20324784564151,cured_embutido,cured_embutido,curing_maturation,fermented_dry_spiced,cured,0.79,0.031,11.0,long,planned_campaign,high,1026.030240454137,0.6412689002838354,0.7907727263192529,0.0298340122326718,1336.2130534233256,13.424791635894834,2562.62597476728,9,263.5832901017413,353.3666959030626,229.19734194192927,229.19734194192927,263.5832901017413,276.1100859638265,cured_embutido,cured_embutido,rm_cured_embutido,2562.62597476728,1336.2130534233256,9,6.0,0.79,0.031,1000.0,28.0,844.637763223004,1145.3254743628506,300.68771113984667,1,0.5652592815282218,0.0,0.0,0.0
2011-02-14,,100.0,115.20324784564151,cured_embutido,cured_embutido,curing_maturation,fermented_dry_spiced,cured,0.79,0.031,11.0,long,planned_campaign,high,1115.3363444128818,0.6970852152580511,0.7988261012285617,0.0322407447878627,1441.2343526019993,14.386683766882127,2962.0832664074364,9,218.3376799811744,210.5878898534428,214.8698347147387,214.8698347147387,218.3376799811744,228.7141782222797,cured_embutido,cured_embutido,rm_cured_embutido,2962.0832664074364,1441.2343526019993,9,6.0,0.79,0.031,1000.0,28.0,1109.0676702048659,1235.3437308017135,126.27606059684763,1,0.5255326148183448,0.0,0.0,0.0
2011-02-21,,100.0,115.20324784564151,cured_embutido,cured_embutido,curing_maturation,fermented_dry_spiced,cured,0.79,0.031,11.0,long,planned_campaign,high,1048.4361529652992,0.6552725956033121,0.7879049088858351,0.0318844441240732,1373.0907685700663,14.11807805033235,2769.3432344090047,9,227.89514106676495,236.8877287313081,216.2024191503757,216.2024191503757,227.89514106676495,238.725857645963,cured_embutido,cured_embutido,rm_cured_embutido,2769.3432344090047,1373.0907685700663,9,6.0,0.79,0.031,1000.0,28.0,1003.9408176760624,1176.9349444886284,172.99412681256604,1,0.5366807305354206,0.0,0.0,0.0
2011-02-28,,100.0,115.20324784564151,cured_embutido,cured_embutido,curing_maturation,fermented_dry_spiced,cured,0.79,0.031,11.0,long,planned_campaign,high,1064.400994669248,0.66525062166828,0.7916891560765015,0.0308781538905841,1385.983026244591,13.787761386208334,2729.943321599335,9,245.7742096595511,294.5880299260515,221.2557691441219,221.2557691441219,245.7742096595511,257.45462897362125,cured_embutido,cured_embutido,rm_cured_embutido,2729.943321599335,1385.983026244591,9,6.0,0.79,0.031,1000.0,28.0,947.9651449991466,1187.9854510667922,240.0203060676456,1,0.5503388224454592,0.0,0.0,0.0
2011-03-07,,100.0,116.9550588800769,cured_embutido,cured_embutido,curing_maturation,fermented_dry_spiced,cured,0.79,0.031,11.0,long,planned_campaign,high,1117.4782596873042,0.6984239123045651,0.7942738482689772,0.0301172353752681,1449.2905916137197,13.56480806326315,2808.478386161886,9,250.7467770049413,310.8173011660322,212.65400567357568,212.65400567357568,250.7467770049413,262.6635175821011,cured_embutido,cured_embutido,rm_cured_embutido,2808.478386161886,1449.2905916137197,9,6.0,0.79,0.031,1000.0,28.0,945.104768372818,1242.2490785260454,297.1443101532275,1,0.5595161612262467,0.0,0.0,0.0
2011-03-14,,100.0,116.9550588800769,cured_embutido,cured_embutido,curing_maturation,fermented_dry_spiced,cured,0.79,0.031,11.0,long,planned_campaign,high,1072.019177997377,0.6700119862483607,0.7903920076563976,0.0313030815915305,1398.770067364516,15.20977070295626,3039.281712967567,9,179.48227209802533,91.21428090778193,192.53926721484348,192.53926721484348,179.48227209802533,188.012167079484,cured_embutido,cured_embutido,rm_cured_embutido,3039.281712967567,1398.770067364516,9,6.0,0.79,0.031,1000.0,28.0,1240.8630549274746,1198.945772026728,-41.91728290074661,0,0.49126044424111276,0.0,0.0,0.0
2011-03-21,,100.0,116.9550588800769,cured_embutido,cured_embutido,curing_maturation,fermented_dry_spiced,cured,0.79,0.031,11.0,long,planned_campaign,high,1037.1467119680017,0.648216694980001,0.7993513804766887,0.0321005074860673,1339.1352963215377,13.26356485727219,2537.386836489018,9,264.88704610904085,353.5054825615427,222.5375939032575,222.5375939032575,264.88704610904085,277.475802975373,cured_embutido,cured_embutido,rm_cured_embutido,2537.386836489018,1339.1352963215377,9,6.0,0.79,0.031,1000.0,28.0,815.641455504184,1147.8302539898893,332.1887984857053,1,0.5718506706996711,0.0,0.0,0.0
2011-03-28,,100.0,116.9550588800769,cured_embutido,cured_embutido,curing_maturation,fermented_dry_spiced,cured,0.79,0.031,11.0,long,planned_campaign,high,1066.6742468699897,0.6666714042937434,0.7884878428330742,0.0351235983054632,1400.325565797701,13.932529953898488,2787.15398438376,9,237.7227378311332,267.2342086187388,217.7392316699901,217.7392316699901,237.7227378311332,249.02051094655775,cured_embutido,cured_embutido,rm_cured_embutido,2787.15398438376,1400.325565797701,9,6.0,0.79,0.031,1000.0,28.0,986.7353997867158,1200.2790563980295,213.54365661131374,1,0.5443609687366397,0.0,0.0,0.0
2011-04-04,,100.0,120.12222336663577,cured_embutido,cured_embutido,curing_maturation,fermented_dry_spiced,cured,0.79,0.031,11.0,long,planned_campaign,high,1090.592323337262,0.6816202020857888,0.7912963568892802,0.0328788408435963,1423.5497547212024,13.229134792888336,2690.3330842271307,9,268.6950623289788,360.4749839479961,219.6236233984079,219.6236233984079,268.6950623289788,281.4647951661635,cured_embutido,cured_embutido,rm_cured_embutido,2690.3330842271307,1423.5497547212024,9,6.0,0.79,0.031,1000.0,28.0,860.0548281570134,1220.1855040467449,360.1306758897315,1,0.5732550495215893,0.0,0.0,0.0
2011-04-11,,100.0,120.12222336663577,cured_embutido,cured_embutido,curing_maturation,fermented_dry_spiced,cured,0.79,0.031,11.0,long,planned_campaign,high,1046.7659924246148,0.6542287452653842,0.7868047770204281,0.0329519798996316,1374.240518037088,14.7506386842064,2895.8464781088164,9,190.63366727990265,79.7045014921758,198.03308383888896,198.03308383888896,190.63366727990265,199.69353231738003,cured_embutido,cured_embutido,rm_cured_embutido,2895.8464781088164,1374.240518037088,9,6.0,0.79,0.031,1000.0,28.0,1128.965812061132,1177.9204440317897,48.9546319706576,1,0.5103885595629029,0.0,0.0,0.0
2011-04-18,,100.0,120.12222336663577,cured_embutido,cured_embutido,curing_maturation,fermented_dry_spiced,cured,0.79,0.031,11.0,long,planned_campaign,high,1082.1686575897663,0.676355410993604,0.7885939010594268,0.0371770243897205,1423.293366406837,14.211362032313138,2889.5624725996117,9,171.43000583694217,0.0,155.173521727173,155.173521727173,171.43000583694217,179.57721686434286,cured_embutido,cured_embutido,rm_cured_embutido,2889.5624725996117,1423.293366406837,9,6.0,0.79,0.031,1000.0,28.0,1059.613858647964,1219.9657426344318,160.35188398646778,1,0.5328126885316237,0.0,0.0,0.0
2011-04-25,,100.0,120.12222336663577,cured_embutido,cured_embutido,curing_maturation,fermented_dry_spiced,cured,0.79,0.031,11.0,long,planned_campaign,high,1064.7818758371104,0.665488672398194,0.7909957356415867,0.0320319169535356,1389.2475407168054,13.272256307728927,2634.0642050393603,9,161.99757174951262,0.0,97.13646332268752,97.13646332268752,161.99757174951262,169.69650634690822,cured_embutido,cured_embutido,rm_cured_embutido,2634.0642050393603,1389.2475407168054,9,6.0,0.79,0.031,1000.0,28.0,847.8887955463249,1190.7836063286902,342.8948107823653,1,0.5714959683710393,0.0,0.0,0.0
2011-05-02,,100.0,121.58478387750198,cured_embutido,cured_embutido,curing_maturation,fermented_dry_spiced,cured,0.79,0.031,11.0,long,planned_campaign,high,1127.1368311626284,0.7044605194766427,0.793385216249231,0.0319692870226234,1466.0855385367336,13.952418218405844,2922.205511088752,9,79.47958319345383,0.0,3.1259077334490186,3.1259077334490186,79.47958319345383,83.25685038472272,cured_embutido,cured_embutido,rm_cured_embutido,2922.205511088752,1466.0855385367336,9,6.0,0.79,0.031,1000.0,28.0,1037.2383901129515,1256.6447473172,219.40635720424848,1,0.5435386938958423,0.0,0.0,0.0
2011-05-09,,100.0,121.58478387750198,cooked_emulsion,cooked_emulsion,cooking_emulsification,high_throughput_standard,cooked_emulsion,0.9,0.018,4.0,medium,standard_service,medium,1300.310702901773,0.8126941893136082,0.9012763793360944,0.0194080301486433,1470.7443827638417,12.04947865511304,2531.671863891473,3,64.13926155225694,0.0,47.22036548998387,47.22036548998387,64.13926155225694,67.3991395206504,cooked_emulsion,cooked_emulsion,rm_cooked_emulsion,2531.671863891473,1470.7443827638417,3,6.0,0.9,0.018,1000.0,14.0,1901.3528427069696,1260.6380423690073,-640.7148003379623,0,0.3756046902203018,199.71056124137567,225.96804847406162,247.64109593930584
2011-05-16,,100.0,121.58478387750198,cooked_emulsion,cooked_emulsion,cooking_emulsification,high_throughput_standard,cooked_emulsion,0.9,0.018,4.0,medium,standard_service,medium,1284.2272849551907,0.8026420530969942,0.905036459397339,0.0159820680448234,1441.656719196919,11.584886365162264,2385.918467066993,3,83.73336015001787,0.0,71.73199774285699,71.73199774285699,83.73336015001787,87.98910817964253,cooked_emulsion,cooked_emulsion,rm_cooked_emulsion,2385.918467066993,1441.656719196919,3,6.0,0.9,0.018,1000.0,14.0,1768.0655874111703,1235.705759311645,-532.3598280995254,0,0.39393187853167855,291.4440114415711,329.7624026268059,361.39057418754817
2011-05-23,,100.0,121.58478387750198,cooked_emulsion,cooked_emulsion,cooking_emulsification,high_throughput_standard,cooked_emulsion,0.9,0.018,4.0,medium,standard_service,medium,1286.8083185347348,0.8042551990842093,0.8996201387576294,0.0171121967271624,1454.8678706094058,12.34975975268401,2566.7526677035894,4,68.63452749789086,0.0,52.887023036240606,52.887023036240606,68.63452749789086,72.12287735797115,cooked_emulsion,cooked_emulsion,rm_cooked_emulsion,2566.7526677035894,1454.8678706094058,4,6.0,0.9,0.018,1000.0,14.0,1735.399598783929,1247.0296033794907,-488.3699954044382,0,0.4033257851457896,135.1448062853069,152.91333591910717,167.57955979378056
2011-05-30,,100.0,121.58478387750198,cooked_emulsion,cooked_emulsion,cooking_emulsification,high_throughput_standard,cooked_emulsion,0.9,0.018,4.0,medium,standard_service,medium,1294.7478129534509,0.8092173830959069,0.898671325880644,0.0169876614666153,1465.210375099279,12.128444457009753,2538.6746646037186,3,82.65274117167843,0.0,71.00776906200512,71.00776906200512,82.65274117167843,86.85356674172898,cooked_emulsion,cooked_emulsion,rm_cooked_emulsion,2538.6746646037186,1465.210375099279,3,6.0,0.9,0.018,1000.0,14.0,1910.727360989742,1255.8946072279534,-654.8327537617886,0,0.37252319320954913,182.43031772351378,206.41583811214502,226.21359397715707
2011-06-06,,100.0,120.850928691592,cooked_emulsion,cooked_emulsion,cooking_emulsification,high_throughput_standard,cooked_emulsion,0.9,0.018,4.0,medium,standard_service,medium,1298.8090122236208,0.811755632639763,0.9108159404291176,0.0192952279544391,1453.4987470246003,12.041543529227368,2500.33834742488,4,80.4469616416385,0.0,68.40162001985263,68.40162001985263,80.4469616416385,84.53567846707476,cooked_emulsion,cooked_emulsion,rm_cooked_emulsion,2500.33834742488,1453.4987470246003,4,6.0,0.9,0.018,1000.0,14.0,1669.7676348393938,1245.8560688782288,-423.911565961165,0,0.4157469881344276,199.01646847794927,225.18269798364932,246.7804209126571
2011-06-13,,100.0,120.850928691592,cooked_emulsion,cooked_emulsion,cooking_emulsification,high_throughput_standard,cooked_emulsion,0.9,0.018,4.0,medium,standard_service,medium,1231.61752569109,0.7697609535569313,0.901576950597768,0.0176516508755576,1390.183730224913,11.8869724741504,2360.725105027895,4,79.79159446934638,0.0,67.19150318947763,67.19150318947763,79.79159446934638,83.8470022582509,cooked_emulsion,cooked_emulsion,rm_cooked_emulsion,2360.725105027895,1390.183730224913,4,6.0,0.9,0.018,1000.0,14.0,1566.3344020422305,1191.5860544784969,-374.74834756373366,0,0.4220178406736471,221.04467967551454,250.10712794242423,274.09540279763803
2011-06-20,,100.0,120.850928691592,cooked_emulsion,cooked_emulsion,cooking_emulsification,high_throughput_standard,cooked_emulsion,0.9,0.018,4.0,medium,standard_service,medium,1224.4294517521182,0.7652684073450738,0.8971220738160859,0.0182764468509486,1389.7859699809408,12.170756996455587,2416.3924739601925,3,88.38481131231451,0.0,78.41678263544847,78.41678263544847,88.38481131231451,92.87696934726289,cooked_emulsion,cooked_emulsion,rm_cooked_emulsion,2416.3924739601925,1389.7859699809408,3,6.0,0.9,0.018,1000.0,14.0,1820.7699153969322,1191.2451171265207,-629.5247982704116,0,0.37087625694978915,164.6386131472691,186.284920963192,204.15188030261368
2011-06-27,,100.0,120.850928691592,cooked_emulsion,cooked_emulsion,cooking_emulsification,high_throughput_standard,cooked_emulsion,0.9,0.018,4.0,medium,standard_service,medium,1299.6657128495656,0.8122910705309785,0.8972229449510077,0.0201749092402969,1477.76687846679,12.049756897791273,2543.8188053046683,4,85.53136108206037,0.0,75.0503549249495,75.0503549249495,85.53136108206037,89.87849250905609,cooked_emulsion,cooked_emulsion,rm_cooked_emulsion,2543.8188053046683,1477.76687846679,4,6.0,0.9,0.018,1000.0,14.0,1699.3805890379313,1266.6573244001058,-432.7232646378254,0,0.415414520036186,200.6053975622276,226.98053582510477,248.75069297716223
2011-07-04,,100.0,122.99670408898962,cooked_emulsion,cooked_emulsion,cooking_emulsification,high_throughput_standard,cooked_emulsion,0.9,0.018,4.0,medium,standard_service,medium,1252.6941292787944,0.7829338307992465,0.8962292803418747,0.0197263014774082,1425.3106647493707,11.89710346284914,2422.438349317936,4,79.71619888183481,0.0,67.41850292090369,67.41850292090369,79.71619888183481,83.76777469000406,cooked_emulsion,cooked_emulsion,rm_cooked_emulsion,2422.438349317936,1425.3106647493707,4,6.0,0.9,0.018,1000.0,14.0,1607.9751123182957,1221.6948554994608,-386.2802568188349,0,0.42160603858921814,224.56717093089537,254.09274828116696,278.46329195431025
2011-07-11,,100.0,122.99670408898962,cooked_emulsion,cooked_emulsion,cooking_emulsification,high_throughput_standard,cooked_emulsion,0.9,0.018,4.0,medium,standard_service,medium,1208.6156405444815,0.7553847753403011,0.9037462774234272,0.0176765579939175,1360.979110767221,11.477037913441592,2231.429836239631,4,76.14375644689089,0.0,61.87900315713686,61.87900315713686,76.14375644689089,80.01376286830411,cooked_emulsion,cooked_emulsion,rm_cooked_emulsion,2231.429836239631,1360.979110767221,4,6.0,0.9,0.018,1000.0,14.0,1453.7274872297905,1166.553523514761,-287.17396371502946,0,0.4387656808422192,296.10279804235097,335.03371582071844,367.1674695725152
2011-07-18,,100.0,122.99670408898962,cooked_emulsion,cooked_emulsion,cooking_emulsification,high_throughput_standard,cooked_emulsion,0.9,0.018,4.0,medium,standard_service,medium,1272.9684985336935,0.7956053115835586,0.8985424908284271,0.0166600098062435,1440.3060282759868,12.877907207491624,2649.732483218424,4,37.88366337310442,0.0,13.3801103259841,13.3801103259841,37.88366337310442,39.809100564042446,cooked_emulsion,cooked_emulsion,rm_cooked_emulsion,2649.732483218424,1440.3060282759868,4,6.0,0.9,0.018,1000.0,14.0,1826.7004670607173,1234.54802423656,-592.1524428241573,0,0.38233449235868977,25.121569294122764,28.42449569373474,31.15074592471223
2011-07-25,,100.0,122.99670408898962,cooked_emulsion,cooked_emulsion,cooking_emulsification,high_throughput_standard,cooked_emulsion,0.9,0.018,4.0,medium,standard_service,medium,1267.7750002757955,0.7923593751723722,0.9005094499026259,0.0202705494633063,1436.379702919381,11.231395497025002,2304.6497896266924,3,53.82756928930536,0.0,32.481559123127035,32.481559123127035,53.82756928930536,56.5633554984343,cooked_emulsion,cooked_emulsion,rm_cooked_emulsion,2304.6497896266924,1436.379702919381,3,6.0,0.9,0.018,1000.0,14.0,1689.0584883755291,1231.1826025023267,-457.8758858732024,0,0.4080821757694816,362.9125157950152,410.62742226184116,450.01151958581886
2011-08-01,,100.0,123.46104988498642,fresh_preparation,fresh_preparation,fresh_forming,marinated_short_run,fresh_prepared,0.85,0.027,2.5,short,service_critical,low,1177.6607940490308,0.7360379962806443,0.8497459653022469,0.0285477823618197,1425.4617821724505,9.477306006648712,1929.933930061592,2,122.64703178924596,0.0,121.56064638481725,121.56064638481725,122.64703178924596,129.37728765868084,fresh_preparation,fresh_preparation,rm_fresh_preparation,1929.933930061592,1425.4617821724505,2,6.0,0.85,0.027,1000.0,7.0,1522.6591351551776,1221.8243847192432,-300.83475043593444,0,0.4387546778642804,717.3522368301019,867.362598186448,889.5167736693263
2011-08-08,,100.0,123.46104988498642,fresh_preparation,fresh_preparation,fresh_forming,marinated_short_run,fresh_prepared,0.85,0.027,2.5,short,service_critical,low,1237.6066360518862,0.7735041475324289,0.8529259696317637,0.0237874863634092,1485.5289112339503,9.028579829940004,1916.0309092513685,2,141.47038290698038,0.0,144.2632121702272,144.2632121702272,141.47038290698038,149.23357016900093,fresh_preparation,fresh_preparation,rm_fresh_preparation,1916.0309092513685,1485.5289112339503,2,6.0,0.85,0.027,1000.0,7.0,1491.5940774702399,1273.310495343386,-218.28358212685384,0,0.45724715838498053,842.8084973259679,1019.0538629175599,1045.0825366842002
2011-08-15,,100.0,123.46104988498642,fresh_preparation,fresh_preparation,fresh_forming,marinated_short_run,fresh_prepared,0.85,0.027,2.5,short,service_critical,low,1251.380995181026,0.7821131219881413,0.8466130236284639,0.0263736921221834,1517.0857244444355,10.276452636990443,2227.179941929654,2,125.99896065734718,0.0,124.83316679617056,124.83316679617056,125.99896065734718,132.9131536234191,fresh_preparation,fresh_preparation,rm_fresh_preparation,2227.179941929654,1517.0857244444355,2,6.0,0.85,0.027,1000.0,7.0,1793.7268778026723,1300.3591923809447,-493.36768542172763,0,0.4062695017802962,590.2649748957265,713.6992623127096,731.9285688707008
2011-08-22,,100.0,123.46104988498642,fresh_preparation,fresh_preparation,fresh_forming,marinated_short_run,fresh_prepared,0.85,0.027,2.5,short,service_critical,low,1233.7698953556771,0.7711061845972982,0.8456977108554279,0.0273310309240335,1498.7507737684562,8.67863475298656,1858.158650184632,3,172.1754160167331,0.0,169.33209059134526,169.33209059134526,172.1754160167331,181.62354197065133,fresh_preparation,fresh_preparation,rm_fresh_preparation,1858.158650184632,1498.7507737684562,3,6.0,0.85,0.027,1000.0,7.0,1215.836889998151,1284.6435203729623,68.80663037481122,1,0.5133870184252004,925.2356439567864,1118.7179057575556,1147.2921985064152
2011-08-29,,100.0,123.46104988498642,fresh_preparation,fresh_preparation,fresh_forming,marinated_short_run,fresh_prepared,0.85,0.027,2.5,short,service_critical,low,1239.380690314591,0.7746129314466194,0.8508971892287264,0.028557659434242,1498.1533822358224,8.779566318264665,1879.0195677531308,2,169.67475986832594,35.5799306930699,177.45265170176324,177.45265170176324,169.67475986832594,178.98566231610033,fresh_preparation,fresh_preparation,rm_fresh_preparation,1879.0195677531308,1498.1533822358224,2,6.0,0.85,0.027,1000.0,7.0,1450.9757442571815,1284.1314704878478,-166.84427376933377,0,0.4675636875956615,903.2652849705394,1092.1531769186136,1120.0489533634689
2011-09-05,,100.0,123.90136299653246,fresh_preparation,fresh_preparation,fresh_forming,marinated_short_run,fresh_prepared,0.85,0.027,2.5,short,service_critical,low,1165.1511301077014,0.7282194563173134,0.8524038371387995,0.0288202029898795,1406.2947278780257,8.628475590234554,1733.454247453013,2,195.81108598370787,123.4140039702561,203.7853015915822,203.7853015915822,195.81108598370787,206.55621932706384,fresh_preparation,fresh_preparation,rm_fresh_preparation,1733.454247453013,1406.2947278780257,2,6.0,0.85,0.027,1000.0,7.0,1331.655753773577,1205.3954810383077,-126.26027273526938,0,0.4738374333754678,878.2359614633201,1061.889802869621,1089.0125922145169
2011-09-12,,100.0,123.90136299653246,fresh_preparation,fresh_preparation,fresh_forming,marinated_short_run,fresh_prepared,0.85,0.027,2.5,short,service_critical,low,1225.9510388629933,0.7662193992893708,0.8513301292523905,0.0275678120023509,1479.7406826570598,9.404445458762016,1988.0200775942276,3,163.6671862669337,0.0,172.20036960138322,172.20036960138322,163.6671862669337,172.6484231133317,fresh_preparation,fresh_preparation,rm_fresh_preparation,1988.0200775942276,1479.7406826570598,3,6.0,0.85,0.027,1000.0,7.0,1353.8454993126306,1268.3491565631941,-85.49634274943651,0,0.48315448393042326,760.0697616260263,919.0130725180175,942.4865044162726
2011-09-19,,100.0,123.90136299653246,fresh_preparation,fresh_preparation,fresh_forming,marinated_short_run,fresh_prepared,0.85,0.027,2.5,short,service_critical,low,1201.0794092067945,0.7506746307542466,0.8467621850836107,0.0281704950627177,1458.3957958064093,8.386536032450465,1747.2698415863888,3,205.1949176053151,89.74645622701817,198.16253294206496,198.16253294206496,205.1949176053151,216.4549887089068,fresh_preparation,fresh_preparation,rm_fresh_preparation,1747.2698415863888,1458.3957958064093,3,6.0,0.85,0.027,1000.0,7.0,1122.2430719550705,1250.0535392626366,127.81046730756611,1,0.525538754364103,961.1794934826571,1162.1782159272802,1191.8625719184947
2011-09-26,,100.0,123.90136299653246,fresh_preparation,fresh_preparation,fresh_forming,marinated_short_run,fresh_prepared,0.85,0.027,2.5,short,service_critical,low,1193.4458828155996,0.7459036767597498,0.8527099393683656,0.0271282736047563,1437.5603621614914,8.92324933133699,1832.5299343448696,2,220.24593626429,193.23370386753533,230.7384377609515,230.7384377609515,220.24593626429,232.3319320167929,fresh_preparation,fresh_preparation,rm_fresh_preparation,1832.5299343448696,1437.5603621614914,2,6.0,0.85,0.027,1000.0,7.0,1421.7984022987293,1232.194596138421,-189.6038061603083,0,0.46160700210758165,837.2250239550431,1012.302791796195,1038.1590297042535
2011-10-03,,100.0,124.4661310811275,fresh_preparation,fresh_preparation,fresh_forming,marinated_short_run,fresh_prepared,0.85,0.027,2.5,short,service_critical,low,1246.4508596596677,0.7790317872872922,0.8470245562916174,0.0256522966236388,1509.3130150034335,7.905661430753888,1704.5882413782156,3,337.2323976326767,525.2997040151048,324.7930116342733,324.7930116342733,337.2323976326767,355.7380254527698,fresh_preparation,fresh_preparation,rm_fresh_preparation,1704.5882413782156,1509.3130150034335,3,6.0,0.85,0.027,1000.0,7.0,1057.7398063767441,1293.696870002943,235.95706362619876,1,0.5454714556699807,1098.4216436281608,1328.1199971321696,1362.0428380989194
2011-10-10,,100.0,124.4661310811275,fresh_preparation,fresh_preparation,fresh_forming,marinated_short_run,fresh_prepared,0.85,0.027,2.5,short,service_critical,low,1269.0190716238967,0.7931369197649354,0.8479138454208545,0.0264774712179174,1536.2639666784344,9.341333736943312,2050.10777439766,2,350.34227968985965,741.7917976772404,360.1011359659132,360.1011359659132,350.34227968985965,369.5673122878407,fresh_preparation,fresh_preparation,rm_fresh_preparation,2050.10777439766,1536.2639666784344,2,6.0,0.85,0.027,1000.0,7.0,1611.1752124895356,1316.7976857243723,-294.37752676516334,0,0.4443427007233172,802.9538780051466,970.8649755216089,995.6628087263819
2011-10-17,,100.0,124.4661310811275,fresh_preparation,fresh_preparation,fresh_forming,marinated_short_run,fresh_prepared,0.85,0.027,2.5,short,service_critical,low,1281.6662201130137,0.8010413875706335,0.8462241859011119,0.0270379823732802,1555.5214690291075,8.8969520092127,1977.0571227502871,2,487.882899629609,1319.110259846291,497.4867056031896,497.4867056031896,487.882899629609,514.6554737467839,fresh_preparation,fresh_preparation,rm_fresh_preparation,1977.0571227502871,1555.5214690291075,2,6.0,0.85,0.027,1000.0,7.0,1532.6224173133992,1333.3041163106634,-199.31830100273578,0,0.46269644496853773,911.7684625894838,1102.4345113227541,1130.59289361096
2011-10-24,,100.0,124.4661310811275,cured_embutido,cured_embutido,curing_maturation,fermented_dry_spiced,cured,0.79,0.031,11.0,long,planned_campaign,high,1078.4198144552065,0.6740123840345039,0.7952046333946081,0.0309306414999628,1398.1005447322073,12.684246878107343,2533.4074956856684,9,361.61548276166656,756.6643122464575,296.3672504322204,296.3672504322204,361.61548276166656,378.8012585799148,cured_embutido,cured_embutido,rm_cured_embutido,2533.4074956856684,1398.1005447322073,9,6.0,0.79,0.031,1000.0,28.0,735.8496524585448,1198.3718954847488,462.522243026204,1,0.5953094982423545,63.06494453128744,82.38291404591375,78.20053121879643
2011-10-31,,100.0,124.4661310811275,cured_embutido,cured_embutido,curing_maturation,fermented_dry_spiced,cured,0.79,0.031,11.0,long,planned_campaign,high,1036.2107107854229,0.6476316942408893,0.7925336861641095,0.027228854191113,1343.0666225590048,14.228446566250891,2729.964524856551,9,262.8422261557594,436.2709500891007,254.1276314498058,254.1276314498058,262.8422261557594,275.33380295381187,cured_embutido,cured_embutido,rm_cured_embutido,2729.964524856551,1343.0666225590048,9,6.0,0.79,0.031,1000.0,28.0,1003.1645815664021,1151.1999621934326,148.03538062703046,1,0.5321038329417166,0.0,0.0,0.0
2011-11-07,,100.0,124.39145809729804,cured_embutido,cured_embutido,curing_maturation,fermented_dry_spiced,cured,0.79,0.031,11.0,long,planned_campaign,high,1052.8849466466318,0.6580530916541448,0.7924199735027155,0.0302050333301411,1368.8289137365869,12.79423737939308,2501.874579160381,9,312.26216829452073,543.820736309561,250.91654090830207,250.91654090830207,312.26216829452073,327.1024278427178,cured_embutido,cured_embutido,rm_cured_embutido,2501.874579160381,1368.8289137365869,9,6.0,0.79,0.031,1000.0,28.0,741.9516900704837,1173.2819260599317,431.33023598944806,1,0.5908854787721121,40.23626063613756,52.56137821339703,49.89296318881057
2011-11-14,,100.0,124.39145809729804,cured_embutido,cured_embutido,curing_maturation,fermented_dry_spiced,cured,0.79,0.031,11.0,long,planned_campaign,high,1069.1111620105444,0.6681944762565902,0.7949888456845698,0.0311124113061783,1386.653151423504,14.057003732440974,2784.59836073732,9,237.4349561888464,289.0130488698904,222.46040164521145,222.46040164521145,237.4349561888464,248.7190524817213,cured_embutido,cured_embutido,rm_cured_embutido,2784.59836073732,1386.653151423504,9,6.0,0.79,0.031,1000.0,28.0,1001.7585946213865,1188.559844077289,186.8012494559025,1,0.5392108315868137,0.0,0.0,0.0
2011-11-21,,100.0,124.39145809729804,cured_embutido,cured_embutido,curing_maturation,fermented_dry_spiced,cured,0.79,0.031,11.0,long,planned_campaign,high,1052.5618508654402,0.6578511567909001,0.801250596992955,0.0304372600161885,1353.632625889811,13.158213024031362,2544.4837782481545,9,276.8780849353716,401.0643108180884,230.5680380533324,230.5680380533324,276.8780849353716,290.0367159219251,cured_embutido,cured_embutido,rm_cured_embutido,2544.4837782481545,1353.632625889811,9,6.0,0.79,0.031,1000.0,28.0,804.0989735326832,1160.256536476981,356.15756294429775,1,0.576144156643251,0.0,0.0,0.0
2011-11-28,,100.0,124.39145809729804,cured_embutido,cured_embutido,curing_maturation,fermented_dry_spiced,cured,0.79,0.031,11.0,long,planned_campaign,high,1056.9758588041818,0.6606099117526136,0.7831630955843594,0.0305063524089768,1390.7963015391042,14.5397803451613,2888.8389613201857,9,218.3505199269664,222.8181506185504,218.84409739172716,218.84409739172716,218.3505199269664,228.7276283864955,cured_embutido,cured_embutido,rm_cured_embutido,2888.8389613201857,1390.7963015391042,9,6.0,0.79,0.031,1000.0,28.0,1100.6722879127663,1192.1111156049465,91.43882769218021,1,0.5191664229071542,0.0,0.0,0.0
2011-12-05,,100.0,124.85837882377176,cured_embutido,cured_embutido,curing_maturation,fermented_dry_spiced,cured,0.79,0.031,11.0,long,planned_campaign,high,1086.4584990796393,0.6790365619247746,0.7870464936764916,0.0319759827416091,1424.5652401782293,14.017584081861036,2852.70900489927,9,232.16389130986929,254.88406010313457,213.8600526827356,213.8600526827356,232.16389130986929,243.19748024437084,cured_embutido,cured_embutido,rm_cured_embutido,2852.70900489927,1424.5652401782293,9,6.0,0.79,0.031,1000.0,28.0,1021.1251246701179,1221.055920152768,199.93079548265018,1,0.5408427895288395,0.0,0.0,0.0
2011-12-12,,100.0,124.85837882377176,cured_embutido,cured_embutido,curing_maturation,fermented_dry_spiced,cured,0.79,0.031,11.0,long,planned_campaign,high,1063.1212990417098,0.6644508119010686,0.7875352996633019,0.0288420856259027,1388.8697243755566,12.96302503598093,2571.9932869708964,9,281.509681458561,407.9413500464049,224.20506537969905,224.20506537969905,281.509681458561,294.8884290698791,cured_embutido,cured_embutido,rm_cured_embutido,2571.9932869708964,1388.8697243755566,9,6.0,0.79,0.031,1000.0,28.0,786.3036413451807,1190.4597637504771,404.1561224052964,1,0.5840680481715962,7.3362011551371324,9.58341648722699,9.096889432370045
2011-12-19,,100.0,124.85837882377176,cured_embutido,cured_embutido,curing_maturation,fermented_dry_spiced,cured,0.79,0.031,11.0,long,planned_campaign,high,1046.5874102092723,0.6541171313807953,0.7865967215104692,0.0277439155720975,1367.440028088933,13.017604227179165,2542.9704414377848,9,284.05203226443683,414.3834314455611,231.51878408401984,231.51878408401984,284.05203226443683,297.5516050978042,cured_embutido,cured_embutido,rm_cured_embutido,2542.9704414377848,1367.440028088933,9,6.0,0.79,0.031,1000.0,28.0,784.8332624662994,1172.091452647657,387.2581901813576,1,0.5818565284076724,0.0,0.0,0.0
2011-12-26,,100.0,124.85837882377176,cured_embutido,cured_embutido,curing_maturation,fermented_dry_spiced,cured,0.79,0.031,11.0,long,planned_campaign,high,1061.7619519657069,0.6636012199785668,0.7856896670095852,0.0303036604183266,1392.3273673266085,13.931168881639932,2770.963956108014,9,252.01814213712163,320.5921732472396,234.21072291043205,234.21072291043205,252.01814213712163,263.9953043421883,cured_embutido,cured_embutido,rm_cured_embutido,2770.963956108014,1392.3273673266085,9,6.0,0.79,0.031,1000.0,28.0,980.8287695452316,1193.4234577085215,212.5946881632899,1,0.544417233106306,0.0,0.0,0.0
2012-01-02,,100.0,124.12366532770282,cured_embutido,cured_embutido,curing_maturation,fermented_dry_spiced,cured,0.79,0.031,11.0,long,planned_campaign,high,1096.0516369865163,0.6850322731165727,0.7888013877437786,0.0325282288110035,1434.713824046533,13.42771014936308,2752.1316252258785,9,276.20193617176864,392.9549031234868,236.2835866366761,236.2835866366761,276.20193617176864,289.3284331883319,cured_embutido,cured_embutido,rm_cured_embutido,2752.1316252258785,1434.713824046533,9,6.0,0.79,0.031,1000.0,28.0,907.4995657374786,1229.7547063256,322.2551405881213,1,0.5651397445563593,0.0,0.0,0.0
2012-01-09,,100.0,124.12366532770282,cured_embutido,cured_embutido,curing_maturation,fermented_dry_spiced,cured,0.79,0.031,11.0,long,planned_campaign,high,1080.87968709298,0.6755498044331125,0.7851335851388425,0.0343751060789732,1424.0061336793997,13.48353152357636,2742.947370461753,9,272.0885533850173,376.6549923150801,234.9553193700044,234.9553193700044,272.0885533850173,285.0195618846403,cured_embutido,cured_embutido,rm_cured_embutido,2742.947370461753,1424.0061336793997,9,6.0,0.79,0.031,1000.0,28.0,912.0823414453821,1220.576686010914,308.49434456553195,1,0.5628519607450735,0.0,0.0,0.0
2012-01-16,,100.0,124.12366532770282,cured_embutido,cured_embutido,curing_maturation,fermented_dry_spiced,cured,0.79,0.031,11.0,long,planned_campaign,high,1096.9759140333022,0.6856099462708138,0.7913401694701497,0.0325642564781894,1431.366892200972,14.34848034485244,2933.9913884311663,9,229.89744575920503,239.5406367784557,226.73261614792156,226.73261614792156,229.89744575920503,240.82332186891125,cured_embutido,cured_embutido,rm_cured_embutido,2933.9913884311663,1431.366892200972,9,6.0,0.79,0.031,1000.0,28.0,1093.6625270299169,1226.8859076008332,133.22338057091633,1,0.5271200097466933,0.0,0.0,0.0
2012-01-23,,100.0,124.12366532770282,cured_embutido,cured_embutido,curing_maturation,fermented_dry_spiced,cured,0.79,0.031,11.0,long,planned_campaign,high,1112.781895259624,0.695488684537265,0.7902067932857145,0.0280634724802623,1447.7354903479516,13.135923703767206,2716.7632777781,9,283.2799812381786,402.0615929379082,229.76520330805255,229.76520330805255,283.2799812381786,296.74286234652305,cured_embutido,cured_embutido,rm_cured_embutido,2716.7632777781,1447.7354903479516,9,6.0,0.79,0.031,1000.0,28.0,855.3890759021622,1240.9161345839584,385.52705868179623,1,0.5770510820759998,0.0,0.0,0.0
2012-01-30,,100.0,124.12366532770282,cured_embutido,cured_embutido,curing_maturation,fermented_dry_spiced,cured,0.79,0.031,11.0,long,planned_campaign,high,1083.2706815820193,0.6770441759887621,0.7919241146590547,0.0305352655212464,1409.6661773661572,13.639913291094452,2746.81777552328,9,263.7915248346471,343.8213439219474,233.64103941608252,233.64103941608252,263.7915248346471,276.32821705241366,cured_embutido,cured_embutido,rm_cured_embutido,2746.81777552328,1409.6661773661572,9,6.0,0.79,0.031,1000.0,28.0,934.3898331953635,1208.2852948852776,273.8954616899141,1,0.5564288563067383,0.0,0.0,0.0
2012-02-06,,100.0,124.10649912452362,cured_embutido,cured_embutido,curing_maturation,fermented_dry_spiced,cured,0.79,0.031,11.0,long,planned_campaign,high,1124.8781574829495,0.7030488484268435,0.792030913806553,0.031513268762163,1465.0018388900876,14.15831751868346,2963.1373143515725,9,237.7119110956457,258.5738487384027,225.34510447388692,225.34510447388692,237.7119110956457,249.0091696704663,cured_embutido,cured_embutido,rm_cured_embutido,2963.1373143515725,1465.0018388900876,9,6.0,0.79,0.031,1000.0,28.0,1079.5635214928884,1255.7158619057893,176.1523404129009,1,0.5350127054748135,0.0,0.0,0.0
2012-02-13,,100.0,124.10649912452362,cured_embutido,cured_embutido,curing_maturation,fermented_dry_spiced,cured,0.79,0.031,11.0,long,planned_campaign,high,1116.5604519921162,0.6978502824950726,0.7924120274137068,0.0313551822338471,1453.2470086275175,14.071011335523435,2921.236447387618,9,241.31144826143995,272.9126732839285,225.52595910444523,225.52595910444523,241.31144826143995,252.7797748400649,cured_embutido,cured_embutido,rm_cured_embutido,2921.236447387618,1453.2470086275175,9,6.0,0.79,0.031,1000.0,28.0,1052.7760077236671,1245.640293109301,192.86428538563382,1,0.5386307180406671,0.0,0.0,0.0
2012-02-20,,100.0,124.10649912452362,cured_embutido,cured_embutido,curing_maturation,fermented_dry_spiced,cured,0.79,0.031,11.0,long,planned_campaign,high,1066.652814880824,0.666658009300515,0.7885063642527045,0.0320786091058857,1396.145425692806,13.489773241979671,2690.5264579175905,9,269.7026876020813,354.2139857195427,235.0039875316496,235.0039875316496,269.7026876020813,282.52030783037026,cured_embutido,cured_embutido,rm_cured_embutido,2690.5264579175905,1396.145425692806,9,6.0,0.79,0.031,1000.0,28.0,895.4823391696971,1196.696079165262,301.213739995565,1,0.5625959819462083,0.0,0.0,0.0
2012-02-27,,100.0,124.10649912452362,cured_embutido,cured_embutido,curing_maturation,fermented_dry_spiced,cured,0.79,0.031,11.0,long,planned_campaign,high,1158.9574423122635,0.7243484014451647,0.7984845736105347,0.0291659021070784,1493.7789921571962,13.412197313980482,2862.1226551844597,9,270.87450346803064,356.0027029197162,225.90871254490605,225.90871254490605,270.87450346803064,283.7478142453488,cured_embutido,cured_embutido,rm_cured_embutido,2862.1226551844597,1493.7789921571962,9,6.0,0.79,0.031,1000.0,28.0,941.5496652680647,1280.3819932775966,338.8323280095319,1,0.5657750347079177,0.0,0.0,0.0
2012-03-05,,100.0,127.12860919421844,cured_embutido,cured_embutido,curing_maturation,fermented_dry_spiced,cured,0.79,0.031,11.0,long,planned_campaign,high,1116.743917031155,0.6979649481444719,0.7909377244659285,0.0311298861751014,1455.8769830236815,12.471159986535143,2593.782110857492,9,319.3025607302535,509.0508656877212,239.09552947192972,239.09552947192972,319.3025607302535,334.4774149289588,cured_embutido,cured_embutido,rm_cured_embutido,2593.782110857492,1455.8769830236815,9,6.0,0.79,0.031,1000.0,28.0,721.9402755413303,1247.8945568774413,525.9542813361111,1,0.6038357523198588,109.98942904363093,143.68124393362717,136.38689201410236
2012-03-12,,100.0,127.12860919421844,cured_embutido,cured_embutido,curing_maturation,fermented_dry_spiced,cured,0.79,0.031,11.0,long,planned_campaign,high,1079.543612089156,0.6747147575557225,0.7825500609895009,0.0318406456595522,1423.445007859587,12.880702268448584,2619.2816202498275,9,293.6169389655122,410.64342423307545,232.85804789530235,232.85804789530235,293.6169389655122,307.57108398984815,cured_embutido,cured_embutido,rm_cured_embutido,2619.2816202498275,1423.445007859587,9,6.0,0.79,0.031,1000.0,28.0,789.1380387160727,1220.0957210225029,430.9576823064301,1,0.5873973026293602,24.25910863226227,31.690126363159553,30.081294704005213
2012-03-19,,100.0,127.12860919421844,cured_embutido,cured_embutido,curing_maturation,fermented_dry_spiced,cured,0.79,0.031,11.0,long,planned_campaign,high,1101.8573927483874,0.6886608704677422,0.7859904970169351,0.0326513419066073,1447.6441121486253,13.705464799992544,2834.376488852777,9,223.88034906128095,125.18690145955723,193.6460407846502,193.6460407846502,223.88034906128095,234.5202626504184,cured_embutido,cured_embutido,rm_cured_embutido,2834.376488852777,1447.6441121486253,9,6.0,0.79,0.031,1000.0,28.0,973.1197732331159,1240.8378104131075,267.7180371799916,1,0.5537306952177297,0.0,0.0,0.0
2012-03-26,,100.0,127.12860919421844,cured_embutido,cured_embutido,curing_maturation,fermented_dry_spiced,cured,0.79,0.031,11.0,long,planned_campaign,high,1103.6005451910307,0.6897503407443942,0.7830379880438888,0.0293885636667744,1450.802895162208,13.43171995068236,2783.8254559225657,9,194.45144132214244,0.0,147.20311904202785,147.20311904202785,194.45144132214244,203.69274607097728,cured_embutido,cured_embutido,rm_cured_embutido,2783.8254559225657,1450.802895162208,9,6.0,0.79,0.031,1000.0,28.0,918.5074478568697,1243.545338710464,325.03789085359426,1,0.5649754980797271,0.0,0.0,0.0
2012-04-02,,100.0,126.43080303498472,cured_embutido,cured_embutido,curing_maturation,fermented_dry_spiced,cured,0.79,0.031,11.0,long,planned_campaign,high,1135.8835807023024,0.709927237938939,0.7900693385166052,0.0303096862655142,1481.2774001138396,13.575820578860052,2872.7937444951112,9,138.91889734416878,0.0,69.89852355491878,69.89852355491878,138.91889734416878,145.5210179404504,cured_embutido,cured_embutido,rm_cured_embutido,2872.7937444951112,1481.2774001138396,9,6.0,0.79,0.031,1000.0,28.0,968.2942300630318,1269.6663429547195,301.3721128916877,1,0.5590637584909341,0.0,0.0,0.0
2012-04-09,,100.0,126.43080303498472,cooked_emulsion,cooked_emulsion,cooking_emulsification,high_throughput_standard,cooked_emulsion,0.9,0.018,4.0,medium,standard_service,medium,1335.0533411552697,0.8344083382220435,0.8971786283118156,0.0132407398598452,1507.760430818444,12.404416497500756,2671.8411946175934,5,90.3418547919035,0.0,80.64041857571188,80.64041857571188,90.3418547919035,94.933479561702,cooked_emulsion,cooked_emulsion,rm_cooked_emulsion,2671.8411946175934,1507.760430818444,5,6.0,0.9,0.018,1000.0,14.0,1594.8694583187048,1292.3660835586666,-302.50337476003824,0,0.44174836333705525,128.28531975951728,145.15197981389144,159.0737965018014
2012-04-16,,100.0,126.43080303498472,cooked_emulsion,cooked_emulsion,cooking_emulsification,high_throughput_standard,cooked_emulsion,0.9,0.018,4.0,medium,standard_service,medium,1331.3940545427563,0.8321212840892228,0.8961626491859481,0.0173025338488594,1511.3668779523268,11.068470466282951,2389.7885217619432,4,121.09573972590933,0.0,118.286285030304,118.286285030304,121.09573972590933,127.25043069747863,cooked_emulsion,cooked_emulsion,rm_cooked_emulsion,2389.7885217619432,1511.3668779523268,4,6.0,0.9,0.018,1000.0,14.0,1526.150305789185,1295.4573239591373,-230.69298183004776,0,0.45559767551552466,417.0356801495209,471.8665763176294,517.1242433854059
2012-04-23,,100.0,126.43080303498472,cooked_emulsion,cooked_emulsion,cooking_emulsification,high_throughput_standard,cooked_emulsion,0.9,0.018,4.0,medium,standard_service,medium,1368.0946651005513,0.8550591656878446,0.9023641196081712,0.0185288326700109,1544.214615749573,11.639156150380728,2567.6221489156364,5,99.3844594148665,0.0,89.83343838688035,89.83343838688035,99.3844594148665,104.43567456462708,cooked_emulsion,cooked_emulsion,rm_cooked_emulsion,2567.6221489156364,1544.214615749573,5,6.0,0.9,0.018,1000.0,14.0,1464.6117090945127,1323.6125277853482,-140.99918130916444,0,0.47339364925916994,300.2049946192851,339.67525980910284,372.2541933279135
2012-04-30,,100.0,126.43080303498472,cooked_emulsion,cooked_emulsion,cooking_emulsification,high_throughput_standard,cooked_emulsion,0.9,0.018,4.0,medium,standard_service,medium,1354.22660735047,0.8463916295940437,0.8979204875020725,0.017148454315397,1534.0439600517916,11.89409090976705,2606.579760062152,4,94.42298186949284,0.0,83.30181259713275,83.30181259713275,94.42298186949284,99.2220299230098,cooked_emulsion,cooked_emulsion,rm_cooked_emulsion,2606.579760062152,1534.0439600517916,4,6.0,0.9,0.018,1000.0,14.0,1729.9832114611286,1314.8948229015357,-415.0883885595929,0,0.4217284807868556,242.35902289117485,274.22383219187014,300.5251883850568
2012-05-07,,100.0,126.18360970920452,cooked_emulsion,cooked_emulsion,cooking_emulsification,high_throughput_standard,cooked_emulsion,0.9,0.018,4.0,medium,standard_service,medium,1348.0270396901772,0.8425168998063607,0.8992566556771548,0.0193444847917515,1528.044212498612,11.364183300897272,2480.71064610135,4,104.46832342212336,0.0,96.00800866395846,96.00800866395846,104.46832342212336,109.77792596005276,cooked_emulsion,cooked_emulsion,rm_cooked_emulsion,2480.71064610135,1528.044212498612,4,6.0,0.9,0.018,1000.0,14.0,1607.5425246735717,1309.7521821416674,-297.79034253190434,0,0.44340263293131993,357.0857485389297,404.0345649908686,442.7863281882728
2012-05-14,,100.0,126.18360970920452,cooked_emulsion,cooked_emulsion,cooking_emulsification,high_throughput_standard,cooked_emulsion,0.9,0.018,4.0,medium,standard_service,medium,1347.8854557342263,0.8424284098338916,0.8926423036551412,0.0188973875784345,1538.5300069008904,12.645565531798432,2779.3688607005006,4,79.18440045177522,0.0,65.7300266114722,65.7300266114722,79.18440045177522,83.20894760473668,cooked_emulsion,cooked_emulsion,rm_cooked_emulsion,2779.3688607005006,1538.5300069008904,4,6.0,0.9,0.018,1000.0,14.0,1900.2088567571345,1318.740005915049,-581.4688508420854,0,0.39151996565944425,77.90115211543889,88.1434171933004,96.59742862314422
2012-05-21,,100.0,126.18360970920452,cooked_emulsion,cooked_emulsion,cooking_emulsification,high_throughput_standard,cooked_emulsion,0.9,0.018,4.0,medium,standard_service,medium,1351.629215360702,0.8447682596004387,0.8919909623794049,0.0145961439268645,1537.41220232292,12.33183134440987,2708.443997983428,3,93.20803262762958,0.0,84.80782555214299,84.80782555214299,93.20803262762958,97.94533088592884,cooked_emulsion,cooked_emulsion,rm_cooked_emulsion,2708.443997983428,1537.41220232292,3,6.0,0.9,0.018,1000.0,14.0,2049.553054130748,1317.7818877053598,-731.7711664253882,0,0.36463443461476064,146.75009204485195,166.04445807292595,181.97011413561643
2012-05-28,,100.0,126.18360970920452,cooked_emulsion,cooked_emulsion,cooking_emulsification,high_throughput_standard,cooked_emulsion,0.9,0.018,4.0,medium,standard_service,medium,1238.5703725354654,0.7741064828346659,0.9001472219963879,0.0184310159386035,1401.324641112774,11.960759259695235,2394.4152395755304,4,102.75015851854492,0.0,96.27895850183047,96.27895850183047,102.75015851854492,107.97243532524996,cooked_emulsion,cooked_emulsion,rm_cooked_emulsion,2394.4152395755304,1401.324641112774,4,6.0,0.9,0.018,1000.0,14.0,1593.6583017968023,1201.1354066680922,-392.52289512871016,0,0.419021088533483,208.0448082053358,235.39806314249356,257.9755621746164
2012-06-04,,100.0,126.32780581590966,cooked_emulsion,cooked_emulsion,cooking_emulsification,high_throughput_standard,cooked_emulsion,0.9,0.018,4.0,medium,standard_service,medium,1303.5554727819908,0.8147221704887443,0.900692028558609,0.0161433517384219,1470.6461090917296,12.85982628753483,2701.7504990512343,5,71.10829423015689,0.0,56.05026371236566,56.05026371236566,71.10829423015689,74.7223732844046,cooked_emulsion,cooked_emulsion,rm_cooked_emulsion,2701.7504990512343,1470.6461090917296,5,6.0,0.9,0.018,1000.0,14.0,1651.288992557142,1260.5538077929111,-390.7351847642308,0,0.42312180575739416,29.449417833406187,33.3213598477101,36.51727811342367
2012-06-11,,100.0,126.32780581590966,cooked_emulsion,cooked_emulsion,cooking_emulsification,high_throughput_standard,cooked_emulsion,0.9,0.018,4.0,medium,standard_service,medium,1226.4351984693697,0.766521999043356,0.8925747537315422,0.018971377918381,1400.109468576575,10.883950052171594,2176.960217651422,4,102.86472234678658,0.0,94.9098091447417,94.9098091447417,102.86472234678658,108.092821860062,cooked_emulsion,cooked_emulsion,rm_cooked_emulsion,2176.960217651422,1400.109468576575,4,6.0,0.9,0.018,1000.0,14.0,1376.8976641790937,1200.0938302084928,-176.80383397060086,0,0.463235221030346,423.2430811336458,478.89011216751044,524.8214206057207
2012-06-18,,100.0,126.32780581590966,cooked_emulsion,cooked_emulsion,cooking_emulsification,high_throughput_standard,cooked_emulsion,0.9,0.018,4.0,medium,standard_service,medium,1307.7118254452953,0.8173198909033096,0.8992787719086018,0.0154362975045426,1476.6255978830536,11.77865145127427,2484.6654630705666,4,83.05747761492034,0.0,70.90132228129605,70.90132228129605,83.05747761492034,87.27887391469866,cooked_emulsion,cooked_emulsion,rm_cooked_emulsion,2484.6654630705666,1476.6255978830536,4,6.0,0.9,0.018,1000.0,14.0,1640.8794071373932,1265.6790838997601,-375.20032323763303,0,0.4264275177491206,257.63921871224693,291.513033166154,319.4726312031862
2012-06-25,,100.0,126.32780581590966,cooked_emulsion,cooked_emulsion,cooking_emulsification,high_throughput_standard,cooked_emulsion,0.9,0.018,4.0,medium,standard_service,medium,1299.9703828480035,0.8124814892800022,0.9000562883314941,0.0180600130770618,1470.4056647561588,12.003089401298116,2521.3443786061944,4,64.96647549993723,0.0,47.46567451568595,47.46567451568595,64.96647549993723,68.26839661722154,cooked_emulsion,cooked_emulsion,rm_cooked_emulsion,2521.3443786061944,1470.4056647561588,4,6.0,0.9,0.018,1000.0,14.0,1681.1125701741037,1260.347712648136,-420.7648575259677,0,0.4173045843164594,209.40899879810058,236.9416143902473,259.6671585096447
2012-07-02,,100.0,128.10450784495487,fresh_preparation,fresh_preparation,fresh_forming,marinated_short_run,fresh_prepared,0.85,0.027,2.5,short,service_critical,low,1333.4647548438502,0.8334154717774064,0.8467246184169823,0.0271379856105408,1617.588850473768,8.562759370111863,1978.7177266261049,2,177.30937112933518,6.030714792668762,189.0370159803294,189.0370159803294,177.30937112933518,187.03922287005744,fresh_preparation,fresh_preparation,rm_fresh_preparation,1978.7177266261049,1617.588850473768,2,6.0,0.85,0.027,1000.0,7.0,1516.5494836335997,1386.5047289775155,-130.04475465608425,0,0.47656886769790263,1025.3758528251785,1239.799108669583,1271.4660575032215
2012-07-09,,100.0,128.10450784495487,fresh_preparation,fresh_preparation,fresh_forming,marinated_short_run,fresh_prepared,0.85,0.027,2.5,short,service_critical,low,1332.5206866533567,0.832825429158348,0.8444378611021106,0.0282795388007139,1622.6223624388597,9.291921123278854,2153.8970006643253,3,147.07939328187888,0.0,149.47934317662842,149.47934317662842,147.07939328187888,155.15037498822198,fresh_preparation,fresh_preparation,rm_fresh_preparation,2153.8970006643253,1622.6223624388597,3,6.0,0.85,0.027,1000.0,7.0,1458.4874167619569,1390.819167804737,-67.66824895721993,0,0.48783901868958174,859.544529579271,1039.2896796799118,1065.835216678296
2012-07-16,,100.0,128.10450784495487,fresh_preparation,fresh_preparation,fresh_forming,marinated_short_run,fresh_prepared,0.85,0.027,2.5,short,service_critical,low,1288.32459647348,0.8052028727959251,0.8478418592723154,0.0272493945553026,1560.9404598800531,8.44754290191549,1883.7302145960632,3,182.85691256234125,0.0,173.6521311750199,173.6521311750199,182.85691256234125,192.89118563919973,fresh_preparation,fresh_preparation,rm_fresh_preparation,1883.7302145960632,1560.9404598800531,3,6.0,0.85,0.027,1000.0,7.0,1214.755731790326,1337.9489656114743,123.19323382114817,1,0.5230027965286509,1015.1592108954644,1227.4459958835191,1258.797421510376
2012-07-23,,100.0,128.10450784495487,fresh_preparation,fresh_preparation,fresh_forming,marinated_short_run,fresh_prepared,0.85,0.027,2.5,short,service_critical,low,1255.4400386228965,0.7846500241393102,0.8492925632257088,0.026489671649957,1517.376094908465,9.525826789152768,2064.894550585581,2,159.4975643522342,0.0,164.67179158944822,164.67179158944822,159.4975643522342,168.24999319606306,fresh_preparation,fresh_preparation,rm_fresh_preparation,2064.894550585581,1517.376094908465,2,6.0,0.85,0.027,1000.0,7.0,1631.3585234688767,1300.6080813501128,-330.7504421187639,0,0.43676430871801,753.0896256729966,910.5732732881888,933.8311358345157
2012-07-30,,100.0,128.10450784495487,fresh_preparation,fresh_preparation,fresh_forming,marinated_short_run,fresh_prepared,0.85,0.027,2.5,short,service_critical,low,1287.3458051583227,0.8045911282239517,0.8503632000944402,0.0239274553719115,1550.1008443369542,9.74619325906556,2158.2260571355223,2,165.1185811646675,0.0,172.81018852415303,172.81018852415303,165.1185811646675,174.17946330607862,fresh_preparation,fresh_preparation,rm_fresh_preparation,2158.2260571355223,1550.1008443369542,2,6.0,0.85,0.027,1000.0,7.0,1715.3401016106782,1328.6578665745324,-386.6822350361458,0,0.42775118380909166,720.5326537759643,871.2080935565737,893.4604906821957
2012-08-06,,100.0,131.6793696570193,fresh_preparation,fresh_preparation,fresh_forming,marinated_short_run,fresh_prepared,0.85,0.027,2.5,short,service_critical,low,1269.5771258152229,0.7934857036345143,0.8524191663302022,0.0240455840730779,1525.1942948777466,9.190798026987675,2002.5361023050368,3,182.81268753563972,28.613124503342156,190.72354080588323,190.72354080588323,182.81268753563972,192.844533764158,fresh_preparation,fresh_preparation,rm_fresh_preparation,2002.5361023050368,1525.1942948777466,3,6.0,0.85,0.027,1000.0,7.0,1348.8814045002882,1307.309395609497,-41.57200889079127,0,0.4920507520668264,829.9675881822068,1003.527704712178,1029.1598093459363
2012-08-13,,100.0,131.6793696570193,fresh_preparation,fresh_preparation,fresh_forming,marinated_short_run,fresh_prepared,0.85,0.027,2.5,short,service_critical,low,1284.9349099741105,0.803084318733819,0.8543234248198035,0.0258322261218155,1542.8906674289074,7.915719297271712,1744.727061392491,2,261.29300948849385,286.82863435596,264.6289377536507,264.6289377536507,261.29300948849385,275.63146338417494,fresh_preparation,fresh_preparation,rm_fresh_preparation,1744.727061392491,1542.8906674289074,2,6.0,0.85,0.027,1000.0,7.0,1303.9011564128032,1322.4777149390634,18.576558526260214,1,0.5035116382064658,1120.6413209754799,1354.9861809751283,1389.595238009595
2012-08-20,,100.0,131.6793696570193,fresh_preparation,fresh_preparation,fresh_forming,marinated_short_run,fresh_prepared,0.85,0.027,2.5,short,service_critical,low,1318.361937785444,0.8239762111159026,0.8481068911050286,0.0271921913157257,1596.7457663934638,8.44732187361106,1926.889348435909,3,237.98257038267448,181.53410484223303,231.2200483065957,231.2200483065957,237.98257038267448,251.04186393242372,fresh_preparation,fresh_preparation,rm_fresh_preparation,1926.889348435909,1596.7457663934638,3,6.0,0.85,0.027,1000.0,7.0,1242.5697342672815,1368.6392283372547,126.06949406997319,1,0.523011986541479,1038.4956462948096,1255.6624705819595,1287.7346014055638
2012-08-27,,100.0,131.6793696570193,fresh_preparation,fresh_preparation,fresh_forming,marinated_short_run,fresh_prepared,0.85,0.027,2.5,short,service_critical,low,1255.187259314615,0.7844920370716344,0.8481753752155385,0.0257835041056017,1518.023775261407,9.366223988238575,2031.1643855099824,4,174.3327713867495,0.0,157.63894224864217,157.63894224864217,174.3327713867495,183.89928221659736,fresh_preparation,fresh_preparation,rm_fresh_preparation,2031.1643855099824,1518.023775261407,4,6.0,0.85,0.027,1000.0,7.0,1163.7222282177497,1301.163235938349,137.44100772059937,1,0.5263828077449334,788.0226256897736,952.8113483946238,977.1480558553192
2012-09-03,,100.0,135.43705153294198,fresh_preparation,fresh_preparation,fresh_forming,marinated_short_run,fresh_prepared,0.85,0.027,2.5,short,service_critical,low,1332.1551864421729,0.832596991526358,0.8494831642193927,0.0289117659162927,1613.5342089048945,8.95172213395475,2063.415698821016,2,170.9154238581701,0.0,177.5269824412167,177.5269824412167,170.9154238581701,180.2944077423872,fresh_preparation,fresh_preparation,rm_fresh_preparation,2063.415698821016,1613.5342089048945,2,6.0,0.85,0.027,1000.0,7.0,1602.405924848189,1383.029321918481,-219.37660292970804,0,0.4604278473023484,933.1478320023593,1128.2846647752365,1157.1033116829256
2012-09-10,,100.0,135.43705153294198,fresh_preparation,fresh_preparation,fresh_forming,marinated_short_run,fresh_prepared,0.85,0.027,2.5,short,service_critical,low,1324.422057706099,0.8277637860663118,0.8510458981737072,0.026849156930058,1598.012135765554,7.322601377231837,1671.6579808842907,2,265.6955553406732,255.7117498968959,255.64018513683797,255.64018513683797,265.6955553406732,280.2755989399926,fresh_preparation,fresh_preparation,rm_fresh_preparation,1671.6579808842907,1598.012135765554,2,6.0,0.85,0.027,1000.0,7.0,1215.0830849512754,1369.7246877990463,154.64160284777086,1,0.5281950003445927,1296.0788426803092,1567.1106253313696,1607.1377649235835
2012-09-17,,100.0,135.43705153294198,fresh_preparation,fresh_preparation,fresh_forming,marinated_short_run,fresh_prepared,0.85,0.027,2.5,short,service_critical,low,1258.9800542187363,0.7868625338867102,0.8482631982669644,0.0250699745504409,1521.394131885178,9.684701178168272,2104.892505932383,2,168.08612747902276,0.0,175.26592453846433,175.26592453846433,168.08612747902276,177.3098537244341,fresh_preparation,fresh_preparation,rm_fresh_preparation,2104.892505932383,1521.394131885178,2,6.0,0.85,0.027,1000.0,7.0,1670.2084682509035,1304.0521130444383,-366.15635520646515,0,0.430261693794037,720.5537389972333,871.2335880505813,893.4866363565692
2012-09-24,,100.0,135.43705153294198,fresh_preparation,fresh_preparation,fresh_forming,marinated_short_run,fresh_prepared,0.85,0.027,2.5,short,service_critical,low,1332.7650626158013,0.8329781641348758,0.850825504363587,0.0271251610311051,1608.9274740063515,9.020996851599628,2073.4470967804914,2,202.55744555179817,106.86194956383405,211.12924370360855,211.12924370360855,202.55744555179817,213.6727853764531,fresh_preparation,fresh_preparation,rm_fresh_preparation,2073.4470967804914,1608.9274740063515,2,6.0,0.85,0.027,1000.0,7.0,1613.7535327786768,1379.080692005444,-234.6728407732328,0,0.4575608226872099,914.5610692313044,1105.8110987622324,1134.0557258468175
2012-10-01,,100.0,136.13056614138085,fresh_preparation,fresh_preparation,fresh_forming,marinated_short_run,fresh_prepared,0.85,0.027,2.5,short,service_critical,low,1326.81857128032,0.8292616070501999,0.8522512520955878,0.0279379540427686,1600.3346010864752,8.431244035450414,1927.5445085907515,3,229.75411751811367,156.2358256296147,221.9792753399277,221.9792753399277,229.75411751811367,242.36187471692017,fresh_preparation,fresh_preparation,rm_fresh_preparation,1927.5445085907515,1600.3346010864752,3,6.0,0.85,0.027,1000.0,7.0,1241.6868224108334,1371.715372359836,130.02854994900258,1,0.5236804358384272,1044.5054648555595,1262.9290428094546,1295.1867764208937
2012-10-08,,100.0,136.13056614138085,fresh_preparation,fresh_preparation,fresh_forming,marinated_short_run,fresh_prepared,0.85,0.027,2.5,short,service_critical,low,1303.9530700913022,0.8149706688070638,0.8551667458626346,0.0276497694376491,1566.9541388505847,9.519662192390438,2130.982010403661,3,181.4398246478969,43.4111404926278,190.81539800681105,190.81539800681105,181.4398246478969,191.39633502545024,fresh_preparation,fresh_preparation,rm_fresh_preparation,2130.982010403661,1566.9541388505847,3,6.0,0.85,0.027,1000.0,7.0,1459.4302366105535,1343.1035475862154,-116.32668902433807,0,0.47836093382002226,779.0756760331392,941.9934417908702,966.0538382810926
2012-10-15,,100.0,136.13056614138085,fresh_preparation,fresh_preparation,fresh_forming,marinated_short_run,fresh_prepared,0.85,0.027,2.5,short,service_critical,low,1271.3996303520305,0.7946247689700189,0.8571132836268792,0.0307567582639862,1528.9738083328798,8.516164826106301,1860.1418523660384,2,306.08676737126723,519.6280717468444,315.79076544369565,315.79076544369565,306.08676737126723,322.88327873076554,fresh_preparation,fresh_preparation,rm_fresh_preparation,1860.1418523660384,1528.9738083328798,2,6.0,0.85,0.027,1000.0,7.0,1423.2921928423584,1310.54897857104,-112.7432142713185,0,0.47850638630589193,979.3809345378816,1184.1858830033027,1214.432358826973
2012-10-22,,100.0,136.13056614138085,fresh_preparation,fresh_preparation,fresh_forming,marinated_short_run,fresh_prepared,0.85,0.027,2.5,short,service_critical,low,1269.5130497672196,0.7934456561045122,0.8465343354453623,0.0256621813199931,1538.1437814373026,8.509617563287911,1869.8593339115644,3,412.34578417016655,876.6671526262295,410.3261189868888,410.3261189868888,412.34578417016655,434.97325907650446,fresh_preparation,fresh_preparation,rm_fresh_preparation,1869.8593339115644,1538.1437814373026,3,6.0,0.85,0.027,1000.0,7.0,1210.6548561527202,1318.4089555176881,107.75409936496794,1,0.5204212352135634,986.6934030434265,1193.027511085698,1223.499819773849
2012-10-29,,100.0,136.13056614138085,fresh_preparation,fresh_preparation,fresh_forming,marinated_short_run,fresh_prepared,0.85,0.027,2.5,short,service_critical,low,1284.723531378001,0.8029522071112508,0.85005559283733,0.0268530426768192,1551.9246956433592,9.137700424458862,2025.8604214440727,2,499.48214773726863,1333.2053790151328,509.56390777727904,509.56390777727904,499.48214773726863,526.8912305943512,fresh_preparation,fresh_preparation,rm_fresh_preparation,2025.8604214440727,1551.9246956433592,2,6.0,0.85,0.027,1000.0,7.0,1582.45336554597,1330.221167694308,-252.23219785166202,0,0.4527373396669454,856.2854418935942,1035.349062201311,1061.793947948057
2012-11-05,,100.0,136.49534795893842,cured_embutido,cured_embutido,curing_maturation,fermented_dry_spiced,cured,0.79,0.031,11.0,long,planned_campaign,high,1135.6064194515984,0.709754012157249,0.7900451107864747,0.0318522478936388,1483.1786446562476,14.362730846959332,3043.213667307946,9,292.65320189803515,533.8333505665488,283.8583184014236,283.8583184014236,292.65320189803515,306.56154531823927,cured_embutido,cured_embutido,rm_cured_embutido,3043.213667307946,1483.1786446562476,9,6.0,0.79,0.031,1000.0,28.0,1136.269695607056,1271.2959811339265,135.02628552687042,1,0.5265279478298319,0.0,0.0,0.0
2012-11-12,,100.0,136.49534795893842,cured_embutido,cured_embutido,curing_maturation,fermented_dry_spiced,cured,0.79,0.031,11.0,long,planned_campaign,high,1088.725656598094,0.6804535353738088,0.78960770572587,0.0309531540815983,1421.4972086265825,14.268260078197686,2897.470267588016,9,273.6244933467081,430.2405406898072,265.953582918171,265.953582918171,273.6244933467081,286.62849739301043,cured_embutido,cured_embutido,rm_cured_embutido,2897.470267588016,1421.4972086265825,9,6.0,0.79,0.031,1000.0,28.0,1069.8309993538387,1218.426178822785,148.5951794689463,1,0.5304514296723924,0.0,0.0,0.0
2012-11-19,,100.0,136.49534795893842,cured_embutido,cured_embutido,curing_maturation,fermented_dry_spiced,cured,0.79,0.031,11.0,long,planned_campaign,high,1139.5692670662957,0.7122307919164348,0.7874029483215594,0.0299987637080226,1490.6661687512558,13.50993467075642,2876.971793676604,9,287.8616975921087,428.3368917990287,248.6003019831,248.6003019831,287.8616975921087,301.5423247701737,cured_embutido,cured_embutido,rm_cured_embutido,2876.971793676604,1490.6661687512558,9,6.0,0.79,0.031,1000.0,28.0,960.4010052821325,1277.7138589296478,317.31285364751534,1,0.5617689155054728,0.0,0.0,0.0
2012-11-26,,100.0,136.49534795893842,cured_embutido,cured_embutido,curing_maturation,fermented_dry_spiced,cured,0.79,0.031,11.0,long,planned_campaign,high,1087.1335002653457,0.679458437665841,0.7840577519870757,0.0279014856473115,1425.2344769089543,13.571539166724149,2763.232217876497,9,273.29914752920365,351.300603542269,241.9914588846296,241.9914588846296,273.29914752920365,286.28768951552905,cured_embutido,cured_embutido,rm_cured_embutido,2763.232217876497,1425.2344769089543,9,6.0,0.79,0.031,1000.0,28.0,930.7878904221272,1221.6295516362466,290.8416612141193,1,0.5592396539384581,0.0,0.0,0.0
2012-12-03,,100.0,137.27641020359115,cured_embutido,cured_embutido,curing_maturation,fermented_dry_spiced,cured,0.79,0.031,11.0,long,planned_campaign,high,1131.9508077570238,0.7074692548481398,0.790370717784116,0.0299783308818939,1475.111333682334,13.750633561683204,2897.673630307368,9,274.65340490356624,352.8722058062539,249.82933732033248,249.82933732033248,274.65340490356624,287.7063079716082,cured_embutido,cured_embutido,rm_cured_embutido,2897.673630307368,1475.111333682334,9,6.0,0.79,0.031,1000.0,28.0,1001.1019155729387,1264.3811431562863,263.2792275833476,1,0.5518696531033093,0.0,0.0,0.0
2012-12-10,,100.0,137.27641020359115,cured_embutido,cured_embutido,curing_maturation,fermented_dry_spiced,cured,0.79,0.031,11.0,long,planned_campaign,high,1147.79826027721,0.7173739126732563,0.7869265773618084,0.0288525951745644,1500.667600759027,12.5215439972107,2684.3821982989684,9,342.14308956272384,553.0547466842387,265.79071283427066,265.79071283427066,342.14308956272384,358.4034398941924,cured_embutido,cured_embutido,rm_cured_embutido,2684.3821982989684,1500.667600759027,9,6.0,0.79,0.031,1000.0,28.0,754.9524258945053,1286.286514936309,531.3340890418037,1,0.601825216202642,102.57191739636755,133.99161003300748,127.18917757149576
2012-12-17,,100.0,137.27641020359115,cured_embutido,cured_embutido,curing_maturation,fermented_dry_spiced,cured,0.79,0.031,11.0,long,planned_campaign,high,1233.6987451372534,0.7710617157107833,0.7903439739229905,0.0275467866377524,1603.9638727837414,13.6622232047235,3130.530348897744,9,277.99523632093445,368.9385223714157,239.6940211031905,239.6940211031905,277.99523632093445,291.20695992708687,cured_embutido,cured_embutido,rm_cured_embutido,3130.530348897744,1603.9638727837414,9,6.0,0.79,0.031,1000.0,28.0,1068.2910838900762,1374.8261766717785,306.53509278170236,1,0.5555109249589977,0.0,0.0,0.0
2012-12-24,,100.0,137.27641020359115,cured_embutido,cured_embutido,curing_maturation,fermented_dry_spiced,cured,0.79,0.031,11.0,long,planned_campaign,high,1107.1805665910065,0.6919878541193789,0.7868238258332046,0.0294086423166588,1448.5342289259115,12.835290121546194,2656.0510113220407,9,321.63895607719746,505.8774314577337,259.68594933461264,259.68594933461264,321.63895607719746,336.9248474647663,cured_embutido,cured_embutido,rm_cured_embutido,2656.0510113220407,1448.5342289259115,9,6.0,0.79,0.031,1000.0,28.0,793.6498598458688,1241.6007676507813,447.9509078049125,1,0.5892304422283471,34.08398525465236,44.52454606034195,42.26414171576893
2012-12-31,,100.0,137.27641020359115,cured_embutido,cured_embutido,curing_maturation,fermented_dry_spiced,cured,0.79,0.031,11.0,long,planned_campaign,high,1211.7437310965397,0.7573398319353373,0.7856013666166227,0.028905816558467,1587.0264819841111,13.46682104251026,3053.171660372094,9,288.9822443007096,417.5337149011456,242.2829280039481,242.2829280039481,288.9822443007096,302.7161254611009,cured_embutido,cured_embutido,rm_cured_embutido,3053.171660372094,1587.0264819841111,9,6.0,0.79,0.031,1000.0,28.0,1012.7090406782368,1360.308413129238,347.5993724510013,1,0.5635371083187695,0.0,0.0,0.0
2013-01-07,,100.0,131.12833453496756,cured_embutido,cured_embutido,curing_maturation,fermented_dry_spiced,cured,0.79,0.031,11.0,long,planned_campaign,high,1131.2773941312214,0.7070483713320134,0.7909371934415076,0.0321675730905859,1476.309183681116,13.283879861709156,2801.5876906796943,9,292.298523059257,426.4289203647004,244.4937175207185,244.4937175207185,292.298523059257,306.1900103676482,cured_embutido,cured_embutido,rm_cured_embutido,2801.5876906796943,1476.309183681116,9,6.0,0.79,0.031,1000.0,28.0,903.4758830896878,1265.407871726671,361.9319886369831,1,0.5710214906876135,0.0,0.0,0.0
2013-01-14,,100.0,131.12833453496756,cured_embutido,cured_embutido,curing_maturation,fermented_dry_spiced,cured,0.79,0.031,11.0,long,planned_campaign,high,1145.4976257038215,0.7159360160648884,0.790603686107226,0.0322021836748285,1495.5472272936688,13.721085434542086,2931.504468155566,9,273.1899600704056,364.5638372972957,242.7513788413376,242.7513788413376,273.1899600704056,286.1733129227516,cured_embutido,cured_embutido,rm_cured_embutido,2931.504468155566,1495.5472272936688,9,6.0,0.79,0.031,1000.0,28.0,1008.658033063706,1281.8976233945734,273.2395903308675,1,0.5530872618982484,0.0,0.0,0.0
2013-01-21,,100.0,131.12833453496756,cured_embutido,cured_embutido,curing_maturation,fermented_dry_spiced,cured,0.79,0.031,11.0,long,planned_campaign,high,1140.7444117019515,0.7129652573137197,0.7923171278852837,0.0291922414208382,1481.7870984329045,13.491222517277434,2855.8742097413133,9,282.54890946096475,384.474302131793,243.58519443444737,243.58519443444737,282.54890946096475,295.9770463830971,cured_embutido,cured_embutido,rm_cured_embutido,2855.8742097413133,1481.7870984329045,9,6.0,0.79,0.031,1000.0,28.0,950.7193688990076,1270.1032272282039,319.3838583291963,1,0.5625365410158581,0.0,0.0,0.0
2013-01-28,,100.0,131.12833453496756,cured_embutido,cured_embutido,curing_maturation,fermented_dry_spiced,cured,0.79,0.031,11.0,long,planned_campaign,high,1156.8770802141632,0.723048175133852,0.7987434550656706,0.0304795427388737,1492.516974084201,11.576542275780778,2468.3122639723074,9,390.0892144261125,693.417502457023,275.63625123390534,275.63625123390534,390.0892144261125,408.6282043417135,cured_embutido,cured_embutido,rm_cured_embutido,2468.3122639723074,1492.516974084201,9,6.0,0.79,0.031,1000.0,28.0,549.361868721192,1279.3002635007435,729.9383947795516,1,0.6388961398153968,303.50497361263706,396.4742114572469,376.34616727966994
2013-02-04,,100.0,132.04415147457684,cured_embutido,cured_embutido,curing_maturation,fermented_dry_spiced,cured,0.79,0.031,11.0,long,planned_campaign,high,1147.0114598936402,0.7168821624335251,0.7911091581248434,0.0272835146757749,1489.4353728452022,13.506151950897303,2873.7914952412407,9,298.7738378200138,438.9353677551033,263.02283481026126,263.02283481026126,298.7738378200138,312.97306446241,cured_embutido,cured_embutido,rm_cured_embutido,2873.7914952412407,1489.4353728452022,9,6.0,0.79,0.031,1000.0,28.0,958.8031587259807,1276.6588910101732,317.8557322841925,1,0.5619241173529808,0.0,0.0,0.0
2013-02-11,,100.0,132.04415147457684,cured_embutido,cured_embutido,curing_maturation,fermented_dry_spiced,cured,0.79,0.031,11.0,long,planned_campaign,high,1207.061469510434,0.7544134184440212,0.7919403270682566,0.0300113200996346,1569.925075358221,13.784108695253757,3091.4311260203085,9,280.76974420265765,384.2010309397709,250.64123977340992,250.64123977340992,280.76974420265765,294.1133262958889,cured_embutido,cured_embutido,rm_cured_embutido,3091.4311260203085,1569.925075358221,9,6.0,0.79,0.031,1000.0,28.0,1072.9560291311675,1345.6500645927608,272.69403546159333,1,0.5504894706292317,0.0,0.0,0.0
2013-02-18,,100.0,132.04415147457684,cured_embutido,cured_embutido,curing_maturation,fermented_dry_spiced,cured,0.79,0.031,11.0,long,planned_campaign,high,1144.5653619700583,0.7153533512312865,0.7856897546845307,0.0317979638014046,1503.087195520962,13.666373932877269,2934.5359525298963,9,284.1538618637858,395.864447977643,252.2035412810083,252.2035412810083,284.1538618637858,297.65827414886223,cured_embutido,cured_embutido,rm_cured_embutido,2934.5359525298963,1503.087195520962,9,6.0,0.79,0.031,1000.0,28.0,1001.9952725743738,1288.3604533036817,286.3651807293079,1,0.5553401031185976,0.0,0.0,0.0
2013-02-25,,100.0,132.04415147457684,cured_embutido,cured_embutido,curing_maturation,fermented_dry_spiced,cured,0.79,0.031,11.0,long,planned_campaign,high,1203.3445216287569,0.752090326017973,0.7848523702378546,0.0326498757792282,1583.2704568414088,13.337265356149048,3016.6426019207424,9,287.2650529934699,398.22157081419846,234.79714357664653,234.79714357664653,287.2650529934699,300.9173246369846,cured_embutido,cured_embutido,rm_cured_embutido,3016.6426019207424,1583.2704568414088,9,6.0,0.79,0.031,1000.0,28.0,981.0091574103599,1357.0889630069219,376.079805596562,1,0.5688406112028915,0.0,0.0,0.0
2013-03-04,,100.0,130.15157757407218,cured_embutido,cured_embutido,curing_maturation,fermented_dry_spiced,cured,0.79,0.031,11.0,long,planned_campaign,high,1131.6722173167072,0.707295135822942,0.7963313177870933,0.0295739058366173,1463.1349526065717,14.428634510026432,3015.862781429295,9,235.54278793681505,234.9957330619374,233.89877532577916,233.89877532577916,235.54278793681505,246.73695893351217,cured_embutido,cured_embutido,rm_cured_embutido,3015.862781429295,1463.1349526065717,9,6.0,0.79,0.031,1000.0,28.0,1134.6892709351314,1254.1156736627759,119.42640272764447,1,0.5237889210578455,0.0,0.0,0.0
2013-03-11,,100.0,130.15157757407218,cured_embutido,cured_embutido,curing_maturation,fermented_dry_spiced,cured,0.79,0.031,11.0,long,planned_campaign,high,1154.0993471146687,0.7213120919466679,0.7863060808802668,0.033103709721055,1516.336126456038,13.630161372341185,2952.558014043793,9,272.67921046251854,344.3864579613889,237.55695153731983,237.55695153731983,272.67921046251854,285.63828993974977,cured_embutido,cured_embutido,rm_cured_embutido,2952.558014043793,1516.336126456038,9,6.0,0.79,0.031,1000.0,28.0,1002.9829943146012,1299.7166798194612,296.73368550486,1,0.5568299740090032,0.0,0.0,0.0
2013-03-18,,100.0,130.15157757407218,cured_embutido,cured_embutido,curing_maturation,fermented_dry_spiced,cured,0.79,0.031,11.0,long,planned_campaign,high,1120.5575426552034,0.7003484641595021,0.7858242237141254,0.027968616156973,1465.8468798571623,13.705941474984051,2870.115935230036,9,273.9448408393074,346.2861958888041,246.11413773684595,246.11413773684595,273.9448408393074,286.9640694001955,cured_embutido,cured_embutido,rm_cured_embutido,2870.115935230036,1465.8468798571623,9,6.0,0.79,0.031,1000.0,28.0,985.4556611279702,1256.4401827347106,270.9845216067404,1,0.553711063035089,0.0,0.0,0.0
2013-03-25,,100.0,130.15157757407218,cured_embutido,cured_embutido,curing_maturation,fermented_dry_spiced,cured,0.79,0.031,11.0,long,planned_campaign,high,1174.5790890956685,0.7341119306847927,0.7898436043151338,0.0285047444017124,1529.4928758174026,14.07003263129853,3074.2878102984973,9,231.60022965698147,160.42300491400664,215.70820339084213,215.70820339084213,231.60022965698147,242.60703057142956,cured_embutido,cured_embutido,rm_cured_embutido,3074.2878102984973,1529.4928758174026,9,6.0,0.79,0.031,1000.0,28.0,1107.7969699618368,1310.9938935577736,203.19692359593682,1,0.538671253702519,0.0,0.0,0.0
2013-04-01,,100.0,129.22546091255538,cured_embutido,cured_embutido,curing_maturation,fermented_dry_spiced,cured,0.79,0.031,11.0,long,planned_campaign,high,1202.850382477835,0.7517814890486468,0.7896392303464905,0.0324193237312757,1572.6751289734627,13.68267909790724,3074.0584450005385,9,203.5923074074882,0.0,165.0553591414965,165.0553591414965,203.5923074074882,213.26803181702908,cured_embutido,cured_embutido,rm_cured_embutido,3074.0584450005385,1572.6751289734627,9,6.0,0.79,0.031,1000.0,28.0,1052.047564891801,1348.0072534058252,295.95968851402426,1,0.5546689432222185,0.0,0.0,0.0
2013-04-08,,100.0,129.22546091255538,cured_embutido,cured_embutido,curing_maturation,fermented_dry_spiced,cured,0.79,0.031,11.0,long,planned_campaign,high,1149.8711555117295,0.7186694721948309,0.7863899739742268,0.0343422424571264,1512.4306627639553,12.92631264604076,2792.878800335074,9,185.1031948428585,0.0,101.52324658644844,101.52324658644844,185.1031948428585,193.90022417776532,cured_embutido,cured_embutido,rm_cured_embutido,2792.878800335074,1512.4306627639553,9,6.0,0.79,0.031,1000.0,28.0,848.3250910671316,1296.3691395119617,448.0440484448302,1,0.5855537184881116,15.92100194084287,20.79790197494856,19.742042406645158
2013-04-15,,100.0,129.22546091255538,cured_embutido,cured_embutido,curing_maturation,fermented_dry_spiced,cured,0.79,0.031,11.0,long,planned_campaign,high,1144.778783159818,0.7154867394748863,0.7887801071251477,0.0319868639763673,1497.7515985863247,12.002120849821509,2568.027955606632,9,158.43872454210032,0.0,14.710459623671897,14.710459623671897,158.43872454210032,165.96852492596364,cured_embutido,cured_embutido,rm_cured_embutido,2568.027955606632,1497.7515985863247,9,6.0,0.79,0.031,1000.0,28.0,642.347328852786,1283.787084502564,641.4397556497781,1,0.6223762596766803,213.5107274822567,278.9130481407907,264.7533020779983
2013-04-22,,100.0,129.22546091255538,cooked_emulsion,cooked_emulsion,cooking_emulsification,high_throughput_standard,cooked_emulsion,0.9,0.018,4.0,medium,standard_service,medium,1319.6877934920649,0.8248048709325404,0.9041391137795288,0.0181355344188962,1486.0777688031474,11.428850756878434,2426.3087189665807,3,99.34453556592742,0.0,90.08540200047356,90.08540200047356,99.34453556592742,104.39372158606568,cooked_emulsion,cooked_emulsion,rm_cooked_emulsion,2426.3087189665807,1486.0777688031474,3,6.0,0.9,0.018,1000.0,14.0,1789.4182466223747,1273.7809446884119,-515.6373019339628,0,0.40015760601433625,333.5499945249785,377.4043839386496,413.6019932109733
2013-04-29,,100.0,129.22546091255538,cooked_emulsion,cooked_emulsion,cooking_emulsification,high_throughput_standard,cooked_emulsion,0.9,0.018,4.0,medium,standard_service,medium,1353.3597905894671,0.845849869118417,0.8925883467674893,0.0147728766172843,1538.61834827694,12.171690613617953,2675.369501094684,4,93.91003016296035,0.0,83.74213106680942,83.74213106680942,93.91003016296035,98.6830074459928,cooked_emulsion,cooked_emulsion,rm_cooked_emulsion,2675.369501094684,1538.61834827694,4,6.0,0.9,0.018,1000.0,14.0,1796.159016365004,1318.8157270945198,-477.3432892704841,0,0.41048798658886865,182.0645742767756,206.00200755462276,225.76007210320174
2013-05-06,,100.0,128.95766814296016,cooked_emulsion,cooked_emulsion,cooking_emulsification,high_throughput_standard,cooked_emulsion,0.9,0.018,4.0,medium,standard_service,medium,1292.4668896686155,0.8077918060428848,0.8944253100625353,0.013955105887913,1465.19042700048,11.509565008603737,2409.100638506556,4,119.94965573105702,0.0,116.4594424522637,116.4594424522637,119.94965573105702,126.046096983588,cooked_emulsion,cooked_emulsion,rm_cooked_emulsion,2409.100638506556,1465.19042700048,4,6.0,0.9,0.018,1000.0,14.0,1571.8489659348534,1255.8775088575544,-315.97145707729896,0,0.43743115898278895,311.96729735147846,352.98404316754744,386.83944871583327
2013-05-13,,100.0,128.95766814296016,cooked_emulsion,cooked_emulsion,cooking_emulsification,high_throughput_standard,cooked_emulsion,0.9,0.018,4.0,medium,standard_service,medium,1316.3456097079477,0.8227160060674672,0.9033303815006696,0.0183810393468277,1483.9990302629049,12.202129830823456,2586.8498337262963,4,118.93169950521956,0.0,116.269953884926,116.269953884926,118.93169950521956,124.97640313257234,cooked_emulsion,cooked_emulsion,rm_cooked_emulsion,2586.8498337262963,1483.9990302629049,4,6.0,0.9,0.018,1000.0,14.0,1738.8503878617794,1271.9991687967756,-466.85121906500376,0,0.40926089427532275,169.1483653333844,191.38760503890515,209.74397301339664
2013-05-20,,100.0,128.95766814296016,cooked_emulsion,cooked_emulsion,cooking_emulsification,high_throughput_standard,cooked_emulsion,0.9,0.018,4.0,medium,standard_service,medium,1358.0998478681884,0.8488124049176178,0.897301578051098,0.0185804328821504,1541.659977845248,11.810659713006585,2601.1459130702137,4,132.93203884456778,0.0,133.75303788466505,133.75303788466505,132.93203884456778,139.68830971884293,cooked_emulsion,cooked_emulsion,rm_cooked_emulsion,2601.1459130702137,1541.659977845248,4,6.0,0.9,0.018,1000.0,14.0,1720.1973543015006,1321.4228381530697,-398.77451614843085,0,0.42512323149416203,261.9369029281038,296.37576706053835,324.8017596308487
2013-05-27,,100.0,128.95766814296016,cooked_emulsion,cooked_emulsion,cooking_emulsification,high_throughput_standard,cooked_emulsion,0.9,0.018,4.0,medium,standard_service,medium,1397.1055247864829,0.8731909529915518,0.888900991132774,0.0181819225203155,1600.2992497264272,12.494262449611732,2856.3655462855327,5,108.77056219475038,0.0,102.60995712263194,102.60995712263194,108.77056219475038,114.29882601829856,cooked_emulsion,cooked_emulsion,rm_cooked_emulsion,2856.3655462855327,1600.2992497264272,5,6.0,0.9,0.018,1000.0,14.0,1713.294653623799,1371.6850711940804,-341.60958242971856,0,0.4380588808749746,115.61877463497467,130.82006634416686,143.36728054736858
2013-06-03,,100.0,129.5936759707488,cooked_emulsion,cooked_emulsion,cooking_emulsification,high_throughput_standard,cooked_emulsion,0.9,0.018,4.0,medium,standard_service,medium,1456.68043702666,0.9104252731416624,0.879022437686543,0.0222002024530349,1693.9488388452348,11.529331448439825,2790.0139456780703,5,103.91973235961716,0.0,95.29331553744666,95.29331553744666,103.91973235961716,109.2014527567947,cooked_emulsion,cooked_emulsion,rm_cooked_emulsion,2790.0139456780703,1693.9488388452348,5,6.0,0.9,0.018,1000.0,14.0,1580.0504893600455,1451.95614758163,-128.09434177841558,0,0.47795881686460373,355.89104074879424,402.68277975649943,441.30489052850487
2013-06-10,,100.0,129.5936759707488,cooked_emulsion,cooked_emulsion,cooking_emulsification,high_throughput_standard,cooked_emulsion,0.9,0.018,4.0,medium,standard_service,medium,1314.1097449162276,0.8213185905726422,0.8968078949014777,0.0182895993107845,1492.119207701834,11.987030368652835,2555.1540366245845,4,97.8969969325807,0.0,87.6195838392127,87.6195838392127,97.8969969325807,102.87261180167911,cooked_emulsion,cooked_emulsion,rm_cooked_emulsion,2555.1540366245845,1492.119207701834,4,6.0,0.9,0.018,1000.0,14.0,1702.5144893663937,1278.9593208872864,-423.55516847910735,0,0.41795555100210174,215.92449196453617,244.31374967700404,267.74637003602487
2013-06-17,,100.0,129.5936759707488,cooked_emulsion,cooked_emulsion,cooking_emulsification,high_throughput_standard,cooked_emulsion,0.9,0.018,4.0,medium,standard_service,medium,1388.9026450891713,0.868064153180732,0.8919947894373244,0.0220517186302134,1591.4110174554776,12.009992511433438,2730.404914607565,4,89.33238388790494,0.0,77.3925874216654,77.3925874216654,89.33238388790494,93.8727022990077,cooked_emulsion,cooked_emulsion,rm_cooked_emulsion,2730.404914607565,1591.4110174554776,4,6.0,0.9,0.018,1000.0,14.0,1821.0271903472922,1364.0665863904094,-456.9606039568828,0,0.41702484922940086,225.0726892383218,254.66473097796083,279.090134655519
2013-06-24,,100.0,129.5936759707488,cooked_emulsion,cooked_emulsion,cooking_emulsification,high_throughput_standard,cooked_emulsion,0.9,0.018,4.0,medium,standard_service,medium,1334.9915655748068,0.8343697284842543,0.9023347923450862,0.0189198423478168,1507.4774984526337,12.607422596290938,2715.057982484553,4,75.2336629225297,0.0,59.487636533834255,59.487636533834255,75.2336629225297,79.05741384056726,cooked_emulsion,cooked_emulsion,rm_cooked_emulsion,2715.057982484553,1507.4774984526337,4,6.0,0.9,0.018,1000.0,14.0,1853.6422690830482,1292.1235701022574,-561.5186989807908,0,0.39303548418507334,84.54308607033772,95.65861741382408,104.83342672721878
2013-07-01,,100.0,128.876986988018,cooked_emulsion,cooked_emulsion,cooking_emulsification,high_throughput_standard,cooked_emulsion,0.9,0.018,4.0,medium,standard_service,medium,1307.488853806852,0.8171805336292826,0.8958536721005214,0.0204567887366687,1489.3457699808555,10.69933835275745,2276.430616753321,4,99.33061153473692,0.0,88.2040024137522,88.2040024137522,99.33061153473692,104.37908986598993,cooked_emulsion,cooked_emulsion,rm_cooked_emulsion,2276.430616753321,1489.3457699808555,4,6.0,0.9,0.018,1000.0,14.0,1425.375891049975,1276.582088555019,-148.79380249495603,0,0.4708938460537617,489.4972417825534,553.8552181291619,606.9765798103662
2013-07-08,,100.0,128.876986988018,cooked_emulsion,cooked_emulsion,cooking_emulsification,high_throughput_standard,cooked_emulsion,0.9,0.018,4.0,medium,standard_service,medium,1324.07931585221,0.8275495724076312,0.8984388897439178,0.018355718817441,1500.807410340744,11.448275771826124,2454.5224448544354,4,74.32661166566962,0.0,56.408368994047166,56.408368994047166,74.32661166566962,78.10426170357727,cooked_emulsion,cooked_emulsion,rm_cooked_emulsion,2454.5224448544354,1500.807410340744,4,6.0,0.9,0.018,1000.0,14.0,1596.9182103740104,1286.4063517206378,-310.51185865337266,0,0.43994647313458457,332.6913172069462,376.4328096933087,412.5372333366133
2013-07-15,,100.0,128.876986988018,fresh_preparation,fresh_preparation,fresh_forming,marinated_short_run,fresh_prepared,0.85,0.027,2.5,short,service_critical,low,1288.7219197406012,0.8054511998378757,0.8527005786395796,0.0267693300103853,1551.7992777873494,9.60243039979112,2128.7206513427354,2,155.57240261200587,0.0,162.4871956715867,162.4871956715867,155.57240261200587,164.1094382053397,fresh_preparation,fresh_preparation,rm_fresh_preparation,2128.7206513427354,1551.7992777873494,2,6.0,0.85,0.027,1000.0,7.0,1685.3494291177785,1330.113666674871,-355.23576244290757,0,0.4336261209909557,753.1922931194849,910.6974102164137,933.9584434681614
2013-07-22,,100.0,128.876986988018,fresh_preparation,fresh_preparation,fresh_forming,marinated_short_run,fresh_prepared,0.85,0.027,2.5,short,service_critical,low,1284.5835516013256,0.8028647197508285,0.8404749306395123,0.0291286243724943,1572.922231416352,10.020858624425204,2251.7187583198124,4,134.50639832897127,0.0,129.25815591138013,129.25815591138013,134.50639832897127,141.88743693727358,fresh_preparation,fresh_preparation,rm_fresh_preparation,2251.7187583198124,1572.922231416352,4,6.0,0.85,0.027,1000.0,7.0,1352.9060546533256,1348.2190554997303,-4.686999153595252,0,0.49913089152425894,669.4225285962698,809.4099856070005,830.0839354593745
2013-07-29,,100.0,128.876986988018,fresh_preparation,fresh_preparation,fresh_forming,marinated_short_run,fresh_prepared,0.85,0.027,2.5,short,service_critical,low,1259.0083881726548,0.7868802426079092,0.8541351446717556,0.0250431182399171,1510.9293794469309,9.237363644143263,1993.857731224432,3,141.02999694275627,0.0,141.74342377856655,141.74342377856655,141.02999694275627,148.76901802499003,fresh_preparation,fresh_preparation,rm_fresh_preparation,1993.857731224432,1510.9293794469309,3,6.0,0.85,0.027,1000.0,7.0,1346.3165686043187,1295.0823252402265,-51.23424336409221,0,0.49011113783382493,812.1539734627254,981.988964951001,1007.0709270937795
2013-08-05,,100.0,128.5353795447523,fresh_preparation,fresh_preparation,fresh_forming,marinated_short_run,fresh_prepared,0.85,0.027,2.5,short,service_critical,low,1213.593411642949,0.7584958822768431,0.8452701977111742,0.0326288949065323,1482.592935281646,8.925734150492703,1890.4614848175147,2,161.6334641240398,0.0,168.56953850484973,168.56953850484973,161.6334641240398,170.50310046784648,fresh_preparation,fresh_preparation,rm_fresh_preparation,1890.4614848175147,1482.592935281646,2,6.0,0.85,0.027,1000.0,7.0,1466.863503308473,1270.7939445271254,-196.0695587813475,0,0.4615040800604886,862.9253949912568,1043.3775406459788,1070.0274897891584
2013-08-12,,100.0,128.5353795447523,fresh_preparation,fresh_preparation,fresh_forming,marinated_short_run,fresh_prepared,0.85,0.027,2.5,short,service_critical,low,1203.3633291439858,0.7521020807149911,0.8513279819738278,0.0277505149563334,1452.738906032247,9.555627670350262,1983.1188697537295,3,138.36170144953098,0.0,138.35852543117596,138.35852543117596,138.36170144953098,145.954299816574,fresh_preparation,fresh_preparation,rm_fresh_preparation,1983.1188697537295,1452.738906032247,3,6.0,0.85,0.027,1000.0,7.0,1360.5164814541952,1245.2047765990687,-115.31170485512644,0,0.47686537750583585,714.8248128775863,864.3066475758253,886.382767968207
2013-08-19,,100.0,128.5353795447523,fresh_preparation,fresh_preparation,fresh_forming,marinated_short_run,fresh_prepared,0.85,0.027,2.5,short,service_critical,low,1282.0094722816907,0.8012559201760567,0.8509867325984429,0.0277616585056753,1548.3204743145566,9.622578254284605,2128.404989543268,2,140.49407218474687,0.0,141.4498732428857,141.4498732428857,140.49407218474687,148.20368439588486,fresh_preparation,fresh_preparation,rm_fresh_preparation,2128.404989543268,1548.3204743145566,2,6.0,0.85,0.027,1000.0,7.0,1686.0277111676805,1327.131835126763,-358.8958760409175,0,0.4328016051328143,747.0473198980517,903.2674202261674,926.3386766735841
2013-08-26,,100.0,128.5353795447523,fresh_preparation,fresh_preparation,fresh_forming,marinated_short_run,fresh_prepared,0.85,0.027,2.5,short,service_critical,low,1243.1018097320218,0.7769386310825136,0.8543383455658553,0.0280501919479451,1495.8605811605032,8.88555964194521,1898.7940585623537,2,166.2603899957797,0.0,174.01372227596582,174.01372227596582,166.2603899957797,175.3839288967981,fresh_preparation,fresh_preparation,rm_fresh_preparation,1898.7940585623537,1495.8605811605032,2,6.0,0.85,0.027,1000.0,7.0,1471.4053210879242,1282.1662124232885,-189.23910866463575,0,0.46316851804811093,879.2327350214382,1063.0950184649516,1090.2485914265833
2013-09-02,,100.0,129.2349023243039,fresh_preparation,fresh_preparation,fresh_forming,marinated_short_run,fresh_prepared,0.85,0.027,2.5,short,service_critical,low,1232.931818941556,0.7705823868384725,0.8522036975235742,0.0307542729506632,1491.2511460861003,9.28308558730922,1977.630288755748,2,164.63720806766528,0.0,172.50453607863238,172.50453607863238,164.63720806766528,173.67167486037843,fresh_preparation,fresh_preparation,rm_fresh_preparation,1977.630288755748,1491.2511460861003,2,6.0,0.85,0.027,1000.0,7.0,1551.558532731148,1278.2152680738002,-273.34326465734785,0,0.4467409110416072,791.8361254041524,957.4223147381083,981.876795501149
2013-09-09,,100.0,129.2349023243039,fresh_preparation,fresh_preparation,fresh_forming,marinated_short_run,fresh_prepared,0.85,0.027,2.5,short,service_critical,low,1253.1210018788047,0.7832006261742529,0.84049083803308,0.0285850148233452,1533.55804247592,9.793217557449871,2145.495363849091,3,162.54070238750936,0.0,170.49976545803136,170.49976545803136,162.54070238750936,171.46012343102393,fresh_preparation,fresh_preparation,rm_fresh_preparation,2145.495363849091,1533.55804247592,3,6.0,0.85,0.027,1000.0,7.0,1488.2562027879826,1314.4783221222172,-173.77788066576545,0,0.4669973217821384,702.5410007490459,849.4540846974741,871.1508409288169
2013-09-16,,100.0,129.2349023243039,fresh_preparation,fresh_preparation,fresh_forming,marinated_short_run,fresh_prepared,0.85,0.027,2.5,short,service_critical,low,1280.7632367669903,0.8004770229793691,0.846860883011376,0.0237898880419921,1548.3445712067007,10.219176595967363,2260.400943509805,2,213.6126590411317,202.80995028984103,223.5412589380388,223.5412589380388,213.6126590411317,225.33465370601385,fresh_preparation,fresh_preparation,rm_fresh_preparation,2260.400943509805,1548.3445712067007,2,6.0,0.85,0.027,1000.0,7.0,1818.0167803078907,1327.1524896057435,-490.8642907021472,0,0.40857418255731615,615.096117302639,743.7230122757258,762.7191854552723
2013-09-23,,100.0,129.2349023243039,fresh_preparation,fresh_preparation,fresh_forming,marinated_short_run,fresh_prepared,0.85,0.027,2.5,short,service_critical,low,1256.560454080798,0.7853502838004988,0.8505528205174131,0.029806940769535,1521.3807372030606,9.530464175543868,2071.3520876108983,2,336.48721617005134,721.1484628225438,344.7075877067584,344.7075877067584,336.48721617005134,354.9519521573829,fresh_preparation,fresh_preparation,rm_fresh_preparation,2071.3520876108983,1521.3807372030606,2,6.0,0.85,0.027,1000.0,7.0,1636.6718769814524,1304.0406318883377,-332.6312450931148,0,0.4365741842136493,754.0692814805002,911.7577915246965,935.0459090358203
2013-09-30,,100.0,129.2349023243039,fresh_preparation,fresh_preparation,fresh_forming,marinated_short_run,fresh_prepared,0.85,0.027,2.5,short,service_critical,low,1224.8277184275294,0.7655173240172058,0.8492200804555208,0.0263182068411099,1480.2558448588998,9.111384538002048,1926.7400310192195,3,470.931687862908,1251.8053540773265,476.2492613785936,476.2492613785936,470.931687862908,496.7740642343851,fresh_preparation,fresh_preparation,rm_fresh_preparation,1926.7400310192195,1480.2558448588998,3,6.0,0.85,0.027,1000.0,7.0,1292.3446689368338,1268.7907241647713,-23.55394477206255,0,0.4953591108631818,822.3065380044516,994.264600694579,1019.66010712552
2013-10-07,,100.0,128.56542040031584,cured_embutido,cured_embutido,curing_maturation,fermented_dry_spiced,cured,0.79,0.031,11.0,long,planned_campaign,high,1099.4304410585607,0.6871440256616005,0.7919104429190271,0.0312143101456786,1431.6623981498485,13.448204867792786,2750.4698902620976,9,323.18472527708315,608.6349114608672,285.7753900355847,285.7753900355847,323.18472527708315,338.5440793458765,cured_embutido,cured_embutido,rm_cured_embutido,2750.4698902620976,1431.6623981498485,9,6.0,0.79,0.031,1000.0,28.0,909.7610926408638,1227.1391984141558,317.37810577329196,1,0.56430010576712,0.0,0.0,0.0
2013-10-14,,100.0,128.56542040031584,cured_embutido,cured_embutido,curing_maturation,fermented_dry_spiced,cured,0.79,0.031,11.0,long,planned_campaign,high,1111.6638751978187,0.6947899219986367,0.7931574662226789,0.0284414920556494,1441.4303630243253,13.815087907731703,2844.78388257924,9,289.7423211453308,486.08468625282114,265.2415895050884,265.2415895050884,289.7423211453308,303.51232495776264,cured_embutido,cured_embutido,rm_cured_embutido,2844.78388257924,1441.4303630243253,9,6.0,0.79,0.031,1000.0,28.0,991.5162729765361,1235.5117397351362,243.99546675860006,1,0.5492115017638737,0.0,0.0,0.0
2013-10-21,,100.0,128.56542040031584,cured_embutido,cured_embutido,curing_maturation,fermented_dry_spiced,cured,0.79,0.031,11.0,long,planned_campaign,high,1078.7381634527403,0.6742113521579627,0.7924338069457187,0.0320524040362477,1404.9303615756878,13.41124626792786,2691.695295482926,9,294.25626720913823,465.9743757855615,256.23510863943824,256.23510863943824,294.25626720913823,308.2407963082525,cured_embutido,cured_embutido,rm_cured_embutido,2691.695295482926,1404.9303615756878,9,6.0,0.79,0.031,1000.0,28.0,885.3562591713278,1204.2260242077323,318.8697650364045,1,0.5658139754602005,0.0,0.0,0.0
2013-10-28,,100.0,128.56542040031584,cured_embutido,cured_embutido,curing_maturation,fermented_dry_spiced,cured,0.79,0.031,11.0,long,planned_campaign,high,1096.2694634791335,0.6851684146744584,0.7891429002297822,0.0296972514198648,1430.4451741646574,13.594434272828964,2778.0132715809737,9,271.35257826759766,364.60831635735786,239.36758533335535,239.36758533335535,271.35257826759766,284.24860954976526,cured_embutido,cured_embutido,rm_cured_embutido,2778.0132715809737,1430.4451741646574,9,6.0,0.79,0.031,1000.0,28.0,938.8694762264142,1226.0958635697064,287.2263873432921,1,0.5582988707675137,0.0,0.0,0.0
2013-11-04,,100.0,130.59274899577713,cured_embutido,cured_embutido,curing_maturation,fermented_dry_spiced,cured,0.79,0.031,11.0,long,planned_campaign,high,1120.8318938548916,0.7005199336593073,0.7826146519555182,0.0312003392759869,1476.84716396059,12.798233698285305,2700.147877288215,9,308.37873578760514,472.35337228016215,240.6895514693679,240.6895514693679,308.37873578760514,323.0344352059111,cured_embutido,cured_embutido,rm_cured_embutido,2700.147877288215,1476.84716396059,9,6.0,0.79,0.031,1000.0,28.0,801.3443807674564,1265.8689976805056,464.52461691304916,1,0.5907244574559394,42.56828435288071,55.60774431801114,52.78467259757208
2013-11-11,,100.0,130.59274899577713,cured_embutido,cured_embutido,curing_maturation,fermented_dry_spiced,cured,0.79,0.031,11.0,long,planned_campaign,high,1120.6470502180075,0.7004044063862547,0.7881780750045808,0.0304318019892784,1465.0881519933164,14.211193774898524,2974.3788036121427,9,240.56158658509463,275.9212824930088,230.4341017768441,230.4341017768441,240.56158658509463,251.99427598755128,cured_embutido,cured_embutido,rm_cured_embutido,2974.3788036121427,1465.0881519933164,9,6.0,0.79,0.031,1000.0,28.0,1090.694036763593,1255.7898445656997,165.09580780210672,1,0.5328196690577864,0.0,0.0,0.0
2013-11-18,,100.0,130.59274899577713,cured_embutido,cured_embutido,curing_maturation,fermented_dry_spiced,cured,0.79,0.031,11.0,long,planned_campaign,high,1107.7549358347542,0.6923468348967213,0.7916654725925558,0.0348500256034717,1448.0361508717224,12.748848620714622,2637.2562406836955,9,307.15598611780285,476.48498801257847,238.65146018023967,238.65146018023967,307.15598611780285,321.7535743580514,cured_embutido,cured_embutido,rm_cured_embutido,2637.2562406836955,1448.0361508717224,9,6.0,0.79,0.031,1000.0,28.0,775.4954752771955,1241.1738436043336,465.67836832713806,1,0.5927129254324369,51.9537537923602,67.8681582113365,64.42265470252666
2013-11-25,,100.0,130.59274899577713,cured_embutido,cured_embutido,curing_maturation,fermented_dry_spiced,cured,0.79,0.031,11.0,long,planned_campaign,high,1111.565715696392,0.6947285723102451,0.7856382109897981,0.0349645206002911,1464.326788041595,13.17369240073202,2755.7986685445558,9,287.9419971245995,429.06615676054,234.79862676610296,234.79862676610296,287.9419971245995,301.6264405379461,cured_embutido,cured_embutido,rm_cured_embutido,2755.7986685445558,1464.326788041595,9,6.0,0.79,0.031,1000.0,28.0,873.0927982053622,1255.1372468927955,382.04444868743326,1,0.5755140172402299,0.0,0.0,0.0
2013-12-02,,100.0,130.5343839049679,cured_embutido,cured_embutido,curing_maturation,fermented_dry_spiced,cured,0.79,0.031,11.0,long,planned_campaign,high,1113.3033007072454,0.6958145629420284,0.7925250989204864,0.0310930263404294,1448.4327009007357,13.492888383504756,2791.9343948959936,9,268.90400752948585,372.4132385462617,229.2218982673833,229.2218982673833,268.90400752948585,281.68367048732466,cured_embutido,cured_embutido,rm_cured_embutido,2791.9343948959936,1448.4327009007357,9,6.0,0.79,0.031,1000.0,28.0,929.6637794521905,1241.513743629202,311.84996417701154,1,0.562468214554017,0.0,0.0,0.0
2013-12-09,,100.0,130.5343839049679,cured_embutido,cured_embutido,curing_maturation,fermented_dry_spiced,cured,0.79,0.031,11.0,long,planned_campaign,high,1064.8840567680072,0.6655525354800045,0.7936335731890692,0.0311279554227377,1383.549987439706,14.62892455492685,2891.4069120322074,9,222.50360270210444,224.4929480823924,224.6910926393185,224.6910926393185,222.50360270210444,233.078086420522,cured_embutido,cured_embutido,rm_cured_embutido,2891.4069120322074,1383.549987439706,9,6.0,0.79,0.031,1000.0,28.0,1112.5569281811568,1185.8999892340337,73.34306105287692,1,0.5154565505244482,0.0,0.0,0.0
2013-12-16,,100.0,130.5343839049679,cured_embutido,cured_embutido,curing_maturation,fermented_dry_spiced,cured,0.79,0.031,11.0,long,planned_campaign,high,1129.540507292877,0.7059628170580481,0.7905074679051834,0.0302531140673009,1472.108325791586,13.18072263608227,2771.921647503761,9,282.5458165544533,396.58956786715424,229.3707074781296,229.3707074781296,282.5458165544533,295.9738064862037,cured_embutido,cured_embutido,rm_cured_embutido,2771.921647503761,1472.108325791586,9,6.0,0.79,0.031,1000.0,28.0,879.2109429145792,1261.807136392788,382.59619347820876,1,0.5752277469675741,0.0,0.0,0.0
2013-12-23,,100.0,130.5343839049679,cured_embutido,cured_embutido,curing_maturation,fermented_dry_spiced,cured,0.79,0.031,11.0,long,planned_campaign,high,1066.3781297956498,0.6664863311222811,0.78,0.0332120125830055,1412.5572995649547,13.03472293861743,2630.327576392973,9,295.4781854373692,435.0163130426948,242.5474247872969,242.5474247872969,295.4781854373692,309.52078620028016,cured_embutido,cured_embutido,rm_cured_embutido,2630.327576392973,1412.5572995649547,9,6.0,0.79,0.031,1000.0,28.0,814.1824769523166,1210.763399627104,396.5809226747874,1,0.5811622043745592,0.0,0.0,0.0
2013-12-30,,100.0,130.5343839049679,cured_embutido,cured_embutido,curing_maturation,fermented_dry_spiced,cured,0.79,0.031,11.0,long,planned_campaign,high,1090.3504567855216,0.681469035490951,0.7848876465491528,0.0303421602593332,1431.3310319297923,13.10384227659339,2679.419441143094,9,300.0667966758699,446.3599271858381,250.258803870364,250.258803870364,300.0667966758699,314.32747118789064,cured_embutido,cured_embutido,rm_cured_embutido,2679.419441143094,1431.3310319297923,9,6.0,0.79,0.031,1000.0,28.0,839.1366858047895,1226.855170225536,387.71848442074656,1,0.5783555238172584,0.0,0.0,0.0
2014-01-06,,100.0,127.43245099048993,cured_embutido,cured_embutido,curing_maturation,fermented_dry_spiced,cured,0.79,0.031,11.0,long,planned_campaign,high,1145.3487166713612,0.7158429479196008,0.7975447566342244,0.0301573254507086,1479.4020785164537,14.502640044373278,3065.03368937454,9,236.53355994179708,257.9330764332898,236.10021419401036,236.10021419401036,236.53355994179708,247.774817378031,cured_embutido,cured_embutido,rm_cured_embutido,3065.03368937454,1479.4020785164537,9,6.0,0.79,0.031,1000.0,28.0,1162.9453027105278,1268.0589244426744,105.11362173214661,1,0.5207114732741954,0.0,0.0,0.0
2014-01-13,,100.0,127.43245099048993,cured_embutido,cured_embutido,curing_maturation,fermented_dry_spiced,cured,0.79,0.031,11.0,long,planned_campaign,high,1135.370328734493,0.7096064554590581,0.7878138488278865,0.0329571857273299,1488.6625073585296,11.819893547702875,2513.6903379191817,9,362.54600854635873,624.8860166396915,255.2518633027545,255.2518633027545,362.54600854635873,379.7760076025244,cured_embutido,cured_embutido,rm_cured_embutido,2513.6903379191817,1488.6625073585296,9,6.0,0.79,0.031,1000.0,28.0,599.6956856010722,1275.9964348787398,676.3007492776676,1,0.6294872500092613,250.96860431808773,327.8449717418293,311.2010693544288
2014-01-20,,100.0,127.43245099048993,cured_embutido,cured_embutido,curing_maturation,fermented_dry_spiced,cured,0.79,0.031,11.0,long,planned_campaign,high,1162.156360166919,0.7263477251043244,0.782063427107484,0.0299234018093667,1530.47948594712,12.905658936517336,2821.692322138558,9,305.5058666508439,478.7130225825443,236.8689751779553,236.8689751779553,305.5058666508439,320.0250329634253,cured_embutido,cured_embutido,rm_cured_embutido,2821.692322138558,1530.47948594712,9,6.0,0.79,0.031,1000.0,28.0,853.9329830636896,1311.8395593832458,457.9065763195563,1,0.5863888473543044,20.62672319180774,26.945073469723116,25.5771367578416
2014-01-27,,100.0,127.43245099048993,cured_embutido,cured_embutido,curing_maturation,fermented_dry_spiced,cured,0.79,0.031,11.0,long,planned_campaign,high,1108.2389894289008,0.692649368393063,0.7949409895532411,0.0309244899311029,1437.227077120334,15.14607496930222,3109.764151139383,9,198.83362708864692,149.84817748553502,210.16785323404045,210.16785323404045,198.83362708864692,208.2831952160349,cured_embutido,cured_embutido,rm_cured_embutido,3109.764151139383,1437.227077120334,9,6.0,0.79,0.031,1000.0,28.0,1261.9007662703825,1231.9089232460005,-29.99184302438198,0,0.4939138435579962,0.0,0.0,0.0
2014-02-03,,100.0,127.0341950767329,cured_embutido,cured_embutido,curing_maturation,fermented_dry_spiced,cured,0.79,0.031,11.0,long,planned_campaign,high,1080.561289608414,0.6753508060052588,0.7900534223661747,0.027837378436978,1405.7799785554646,13.871199489008598,2785.6935028852968,9,259.73138077590346,331.8699582184942,239.1521402319362,239.1521402319362,259.73138077590346,272.07511464727827,cured_embutido,cured_embutido,rm_cured_embutido,2785.6935028852968,1405.7799785554646,9,6.0,0.79,0.031,1000.0,28.0,978.2621018854136,1204.9542673332555,226.69216544784194,1,0.5468951182829382,0.0,0.0,0.0
2014-02-10,,100.0,127.0341950767329,cured_embutido,cured_embutido,curing_maturation,fermented_dry_spiced,cured,0.79,0.031,11.0,long,planned_campaign,high,1115.308849387374,0.6970680308671088,0.794419761955831,0.0324083806902463,1449.4279451592251,12.853079275310083,2661.3731832830454,9,306.05102961370005,454.5888909919249,243.62170089064605,243.62170089064605,306.05102961370005,320.59610479609114,cured_embutido,cured_embutido,rm_cured_embutido,2661.3731832830454,1449.4279451592251,9,6.0,0.79,0.031,1000.0,28.0,797.8229680783274,1242.3668101364788,444.5438420581513,1,0.588512644536523,30.421572012658544,39.74026728933462,37.722749295696595
2014-02-17,,100.0,127.0341950767329,cured_embutido,cured_embutido,curing_maturation,fermented_dry_spiced,cured,0.79,0.031,11.0,long,planned_campaign,high,1130.6001823301638,0.7066251139563523,0.7911078347008775,0.0348817338783637,1478.986082163416,13.491519455608753,2850.5385002974704,9,277.3515052237646,365.4688858932156,239.4970736919275,239.4970736919275,277.3515052237646,290.532635509524,cured_embutido,cured_embutido,rm_cured_embutido,2850.5385002974704,1478.986082163416,9,6.0,0.79,0.031,1000.0,28.0,948.984966087364,1267.702356140071,318.71739005270706,1,0.5625243620930391,0.0,0.0,0.0
2014-02-24,,100.0,127.0341950767329,cured_embutido,cured_embutido,curing_maturation,fermented_dry_spiced,cured,0.79,0.031,11.0,long,planned_campaign,high,1133.0888209705613,0.7081805131066008,0.7918342365448487,0.0324424507455995,1477.3912837362257,13.557142984554334,2861.3149825351848,9,280.72277899819693,386.43616979698834,245.62414896141263,245.62414896141263,280.72277899819693,294.06412907008627,cured_embutido,cured_embutido,rm_cured_embutido,2861.3149825351848,1477.3912837362257,9,6.0,0.79,0.031,1000.0,28.0,961.8119034457518,1266.335386059622,304.5234826138701,1,0.5598309903526162,0.0,0.0,0.0
2014-03-03,,100.0,127.51828200638585,cured_embutido,cured_embutido,curing_maturation,fermented_dry_spiced,cured,0.79,0.031,11.0,long,planned_campaign,high,1175.0290179169483,0.7343931361980929,0.7914520369908581,0.0339235983350946,1535.0143452431048,14.012957817835389,3072.8701813805483,9,254.2859019119861,309.0178680895884,233.6278792441028,233.6278792441028,254.2859019119861,266.3708394003532,cured_embutido,cured_embutido,rm_cured_embutido,3072.8701813805483,1535.0143452431048,9,6.0,0.79,0.031,1000.0,28.0,1099.2803089251279,1315.726581636947,216.44627271181912,1,0.5410342582864669,0.0,0.0,0.0
2014-03-10,,100.0,127.51828200638585,cured_embutido,cured_embutido,curing_maturation,fermented_dry_spiced,cured,0.79,0.031,11.0,long,planned_campaign,high,1126.2161669175512,0.7038851043234695,0.7927899532476841,0.0293077957276453,1462.2070770876394,14.608983871985563,3051.622800953782,9,221.46314641896683,196.61727212356004,223.26390763716427,223.26390763716427,221.46314641896683,231.98818245252824,cured_embutido,cured_embutido,rm_cured_embutido,3051.622800953782,1462.2070770876394,9,6.0,0.79,0.031,1000.0,28.0,1171.6422732696744,1253.320351789405,81.67807851973066,1,0.5162865749241417,0.0,0.0,0.0
2014-03-17,,100.0,127.51828200638585,cured_embutido,cured_embutido,curing_maturation,fermented_dry_spiced,cured,0.79,0.031,11.0,long,planned_campaign,high,1152.1740944026228,0.7201088090016392,0.7991097217942245,0.0314726485640564,1487.2001082554666,13.738413679059557,2918.8243301079647,9,257.5153324920594,305.4228329966849,227.1559601349038,227.1559601349038,257.5153324920594,269.7537486687445,cured_embutido,cured_embutido,rm_cured_embutido,2918.8243301079647,1487.2001082554666,9,6.0,0.79,0.031,1000.0,28.0,1006.7099052080789,1274.742949933257,268.0330447251781,1,0.5523732819823384,0.0,0.0,0.0
2014-03-24,,100.0,127.51828200638585,cured_embutido,cured_embutido,curing_maturation,fermented_dry_spiced,cured,0.79,0.031,11.0,long,planned_campaign,high,1107.2453530343269,0.6920283456464543,0.7938840253438368,0.0291136801512612,1435.3246868747876,13.18140968848425,2702.800390527421,9,285.71567578186085,390.1138300184571,236.39258104462857,236.39258104462857,285.71567578186085,299.2943132733938,cured_embutido,cured_embutido,rm_cured_embutido,2702.800390527421,1435.3246868747876,9,6.0,0.79,0.031,1000.0,28.0,857.3829359741223,1230.2783030355324,372.89536706141007,1,0.5751997675725866,0.0,0.0,0.0
2014-03-31,,100.0,127.51828200638585,cured_embutido,cured_embutido,curing_maturation,fermented_dry_spiced,cured,0.79,0.031,11.0,long,planned_campaign,high,1156.828656475058,0.7230179102969112,0.7836786427286179,0.0305444689088373,1521.2400956273725,13.977533335550948,3037.597735429759,9,248.26228677966688,280.4479891629977,226.38755672388692,226.38755672388692,248.26228677966688,260.06095195887053,cured_embutido,cured_embutido,rm_cured_embutido,3037.597735429759,1521.2400956273725,9,6.0,0.79,0.031,1000.0,28.0,1081.71761248028,1303.9200819663195,222.2024694860395,1,0.5424999776731032,0.0,0.0,0.0
2014-04-07,,100.0,127.03848662752772,cured_embutido,cured_embutido,curing_maturation,fermented_dry_spiced,cured,0.79,0.031,11.0,long,planned_campaign,high,1137.9748180549786,0.7112342612843616,0.7917866460611156,0.032544422954705,1483.9976876231224,13.097617673120176,2776.6906200402973,9,265.5258622572683,286.05708539392367,207.85671655087305,207.85671655087305,265.5258622572683,278.14497886104493,cured_embutido,cured_embutido,rm_cured_embutido,2776.6906200402973,1483.9976876231224,9,6.0,0.79,0.031,1000.0,28.0,868.6935930962827,1271.9980179626764,403.3044248663937,1,0.5786084922922328,0.0,0.0,0.0
2014-04-14,,100.0,127.03848662752772,cured_embutido,cured_embutido,curing_maturation,fermented_dry_spiced,cured,0.79,0.031,11.0,long,planned_campaign,high,1111.3415803884814,0.6945884877428008,0.7945659230724129,0.0312036412262065,1442.321462656342,12.896566793644476,2657.285011579216,9,232.90678817989436,84.102528266769,169.98251938470966,169.98251938470966,232.90678817989436,243.9756832881438,cured_embutido,cured_embutido,rm_cured_embutido,2657.285011579216,1442.321462656342,9,6.0,0.79,0.031,1000.0,28.0,802.8717024496336,1236.2755394197216,433.4038369700879,1,0.5867563293030029,21.311990496847102,27.840250939696546,26.426868216090405
2014-04-21,,100.0,127.03848662752772,cured_embutido,cured_embutido,curing_maturation,fermented_dry_spiced,cured,0.79,0.031,11.0,long,planned_campaign,high,1127.310708039665,0.7045691925247907,0.7948108032261446,0.0281747179547975,1458.2997168400582,12.460623968064024,2595.9034863254587,9,196.80346094797304,0.0,99.85287660832287,99.85287660832287,196.80346094797304,206.1565454295255,cured_embutido,cured_embutido,rm_cured_embutido,2595.9034863254587,1458.2997168400582,9,6.0,0.79,0.031,1000.0,28.0,720.9467075310984,1249.971185862907,529.0244783318087,1,0.6042557434166843,112.36741637750629,146.7876531691373,139.3355963081078
2014-04-28,,100.0,127.03848662752772,cured_embutido,cured_embutido,curing_maturation,fermented_dry_spiced,cured,0.79,0.031,11.0,long,planned_campaign,high,1126.9124621183253,0.7043202888239533,0.7882935800677636,0.0283699417889244,1470.1158710060984,12.577492254537653,2641.481568693154,9,123.45719907837528,0.0,0.0,0.0,123.45719907837528,129.32450246457506,cured_embutido,cured_embutido,rm_cured_embutido,2641.481568693154,1470.1158710060984,9,6.0,0.79,0.031,1000.0,28.0,751.332591685313,1260.0993180052271,508.76672631991414,1,0.599588613469096,88.73362031817169,115.91438429043603,110.02968919453289
2014-05-05,,100.0,126.37672949497028,fresh_preparation,fresh_preparation,fresh_forming,marinated_short_run,fresh_prepared,0.85,0.027,2.5,short,service_critical,low,1311.2351494120007,0.8195219683825005,0.8546597777807525,0.0242376721370184,1571.4047530648036,8.614269254359868,1933.786235783014,2,169.44669135273904,0.0,180.37839744101663,180.37839744101663,169.44669135273904,178.74507854072058,fresh_preparation,fresh_preparation,rm_fresh_preparation,1933.786235783014,1571.4047530648036,2,6.0,0.85,0.027,1000.0,7.0,1484.81344919307,1346.9183597698316,-137.89508942323846,0,0.4744277796719912,984.5368770516211,1190.4200194082837,1220.82572754401
2014-05-12,,100.0,126.37672949497028,fresh_preparation,fresh_preparation,fresh_forming,marinated_short_run,fresh_prepared,0.85,0.027,2.5,short,service_critical,low,1388.1826989212211,0.8676141868257632,0.8451404159695675,0.0304826499882317,1692.6159951906338,8.44546248741391,2042.1321275684656,3,179.19354441641812,0.0,164.94572781884898,164.94572781884898,179.19354441641812,189.02679016626908,fresh_preparation,fresh_preparation,rm_fresh_preparation,2042.1321275684656,1692.6159951906338,3,6.0,0.85,0.027,1000.0,7.0,1316.7252724867653,1450.8137101634004,134.08843767663507,1,0.5230892963076184,1101.2975777855684,1331.5973372656651,1365.6089964541047
2014-05-19,,100.0,126.37672949497028,fresh_preparation,fresh_preparation,fresh_forming,marinated_short_run,fresh_prepared,0.85,0.027,2.5,short,service_critical,low,1309.8853088650644,0.8186783180406653,0.8602900697478789,0.0311277890713133,1570.004339190919,9.340078264459262,2094.851914797689,3,135.35900459461362,0.0,133.64840193977204,133.64840193977204,135.35900459461362,142.78682997174306,fresh_preparation,fresh_preparation,rm_fresh_preparation,2094.851914797689,1570.004339190919,3,6.0,0.85,0.027,1000.0,7.0,1421.992912287295,1345.7180050207878,-76.27490726650717,0,0.4858338646094316,820.8704294140175,992.5281777571096,1017.8793324733817
2014-05-26,,100.0,126.37672949497028,fresh_preparation,fresh_preparation,fresh_forming,marinated_short_run,fresh_prepared,0.85,0.027,2.5,short,service_critical,low,1299.3220212609754,0.8120762632881096,0.846999993055006,0.0297249164880004,1579.6272382579452,8.432495252540011,1902.8855981990016,2,173.63669106402625,20.693238642474935,180.4600976976946,180.4600976976946,173.63669106402625,183.1650044861647,fresh_preparation,fresh_preparation,rm_fresh_preparation,1902.8855981990016,1579.6272382579452,2,6.0,0.85,0.027,1000.0,7.0,1451.563530125303,1353.966204221096,-97.59732590420708,0,0.48198716319970036,1030.7078442800396,1246.246108796372,1278.0777269072491
2014-06-02,,100.0,126.2222336663577,fresh_preparation,fresh_preparation,fresh_forming,marinated_short_run,fresh_prepared,0.85,0.027,2.5,short,service_critical,low,1220.463594184943,0.7627897463655894,0.8479703976943983,0.0232080296017078,1472.6789435126568,7.269570899145624,1529.391998792019,2,249.892555961238,210.0775092740901,239.40365434215508,239.40365434215508,249.892555961238,263.60540996961095,fresh_preparation,fresh_preparation,rm_fresh_preparation,1529.391998792019,1472.6789435126568,2,6.0,0.85,0.027,1000.0,7.0,1108.6265863598314,1262.296237296563,153.6696509367316,1,0.5303970143561998,1205.5831820172007,1457.6908071062217,1494.9231457013288
2014-06-09,,100.0,126.2222336663577,fresh_preparation,fresh_preparation,fresh_forming,marinated_short_run,fresh_prepared,0.85,0.027,2.5,short,service_critical,low,1261.9963027793408,0.788747689237088,0.8487755238061602,0.0298421518761395,1531.2140273390105,8.529423615606792,1865.7675836191056,2,190.5425911237249,62.57730031341772,198.0389371853909,198.0389371853909,190.5425911237249,200.99861581163927,fresh_preparation,fresh_preparation,rm_fresh_preparation,1865.7675836191056,1531.2140273390105,2,6.0,0.85,0.027,1000.0,7.0,1428.2778615222455,1312.4691662905805,-115.80869523166507,0,0.4779549840299575,977.9156100104856,1182.4141345873716,1212.615356413002
2014-06-16,,100.0,126.2222336663577,fresh_preparation,fresh_preparation,fresh_forming,marinated_short_run,fresh_prepared,0.85,0.027,2.5,short,service_critical,low,1280.6996021407308,0.8004372513379567,0.8480391113998449,0.0288728008340292,1553.7927071623997,8.872654891727619,1969.4666377050237,2,193.6490175563372,71.68397463548861,201.9651074323133,201.9651074323133,193.6490175563372,204.27550739474125,fresh_preparation,fresh_preparation,rm_fresh_preparation,1969.4666377050237,1553.7927071623997,2,6.0,0.85,0.027,1000.0,7.0,1525.5258642300523,1331.8223204249139,-193.70354380513845,0,0.46370334046079276,916.1483898822896,1107.7303547334377,1136.024003454039
2014-06-23,,100.0,126.2222336663577,fresh_preparation,fresh_preparation,fresh_forming,marinated_short_run,fresh_prepared,0.85,0.027,2.5,short,service_critical,low,1258.376727639288,0.786485454774555,0.8464399170009456,0.0239094001089424,1522.2152623347488,8.792500987637291,1912.0113139249768,2,217.98381420778645,152.02172666791225,227.84323094957324,227.84323094957324,217.98381420778645,229.94567601243872,fresh_preparation,fresh_preparation,rm_fresh_preparation,1912.0113139249768,1522.2152623347488,2,6.0,0.85,0.027,1000.0,7.0,1477.0926675436199,1304.7559391440705,-172.33672839954943,0,0.46702704889626306,914.9598875538425,1106.2933166723203,1134.5502605667646
2014-06-30,,100.0,126.2222336663577,fresh_preparation,fresh_preparation,fresh_forming,marinated_short_run,fresh_prepared,0.85,0.027,2.5,short,service_critical,low,1331.6490431978634,0.8322806519986646,0.8367387806175454,0.0270383309965089,1634.5060638753353,10.067485487945982,2350.7665825749496,2,168.31803264372454,0.0,177.21026129299042,177.21026129299042,168.31803264372454,177.55448468504892,fresh_preparation,fresh_preparation,rm_fresh_preparation,2350.7665825749496,1634.5060638753353,2,6.0,0.85,0.027,1000.0,7.0,1883.7648500391394,1401.0051976074303,-482.7596524317091,0,0.41469714906178634,684.7446789078163,827.9362540448778,849.0834018456922
2014-07-07,,100.0,126.45140247879976,fresh_preparation,fresh_preparation,fresh_forming,marinated_short_run,fresh_prepared,0.85,0.027,2.5,short,service_critical,low,1267.9058707297113,0.7924411692060696,0.8482612021051075,0.0291910448229916,1538.343808010006,8.782254218503354,1930.018056772056,3,219.42712742128623,147.9543439038799,219.3021470949356,219.3021470949356,219.42712742128623,231.4681910385293,fresh_preparation,fresh_preparation,rm_fresh_preparation,1930.018056772056,1538.343808010006,3,6.0,0.85,0.027,1000.0,7.0,1270.7278533391964,1318.5804068657194,47.852553526523025,1,0.5090717452677729,926.9061581036692,1120.7377523773282,1149.3636360485498
2014-07-14,,100.0,126.45140247879976,fresh_preparation,fresh_preparation,fresh_forming,marinated_short_run,fresh_prepared,0.85,0.027,2.5,short,service_critical,low,1317.144875101177,0.8232155469382356,0.8508986337899171,0.0282696832361269,1591.7056271014828,9.678933831996364,2200.859063533076,3,166.18735793512306,0.0,175.10971045164567,175.10971045164567,166.18735793512306,175.30688920181294,fresh_preparation,fresh_preparation,rm_fresh_preparation,2200.859063533076,1591.7056271014828,3,6.0,0.85,0.027,1000.0,7.0,1518.6995090610121,1364.3191089441282,-154.38040011688395,0,0.47174123646906835,755.1656725125349,913.0834562753581,936.4054339155433
2014-07-21,,100.0,126.45140247879976,fresh_preparation,fresh_preparation,fresh_forming,marinated_short_run,fresh_prepared,0.85,0.027,2.5,short,service_critical,low,1264.5594968696769,0.7903496855435479,0.8480271126179764,0.024381809895224,1527.535767252182,9.138990194268327,1994.304914044548,3,178.8198765498968,32.0771299940224,185.25580835393487,185.25580835393487,178.8198765498968,188.6326172755724,fresh_preparation,fresh_preparation,rm_fresh_preparation,1994.304914044548,1527.535767252182,3,6.0,0.85,0.027,1000.0,7.0,1339.6467280793272,1309.3163719304416,-30.330356148885585,0,0.4942090008663847,842.5472251380754,1018.7379543414248,1044.7585591712136
2014-07-28,,100.0,126.45140247879976,fresh_preparation,fresh_preparation,fresh_forming,marinated_short_run,fresh_prepared,0.85,0.027,2.5,short,service_critical,low,1257.9865945917377,0.7862416216198359,0.8577415247341165,0.0282214843115923,1508.0170497005597,9.124996918673284,1965.807275974912,3,173.2278080621084,11.758661609338072,179.1418436130283,179.1418436130283,173.2278080621084,182.7336840295166,fresh_preparation,fresh_preparation,rm_fresh_preparation,1965.807275974912,1508.0170497005597,3,6.0,0.85,0.027,1000.0,7.0,1319.5142546746722,1292.5860426004797,-26.928212074192516,0,0.4947919834132861,834.7958163261274,1009.3655961865998,1035.146812244398
2014-08-04,,100.0,126.50976756960894,fresh_preparation,fresh_preparation,fresh_forming,marinated_short_run,fresh_prepared,0.85,0.027,2.5,short,service_critical,low,1248.388304314033,0.7802426901962706,0.8500535032508634,0.0227249988078388,1501.973607730076,8.647778610778186,1855.5336055545,3,186.3695856274244,37.23886437134322,183.2479103173906,183.2479103173906,186.3695856274244,196.59661663872927,fresh_preparation,fresh_preparation,rm_fresh_preparation,1855.5336055545,1501.973607730076,3,6.0,0.85,0.027,1000.0,7.0,1211.8306308130386,1287.4059494829223,75.5753186698837,1,0.5146716781099615,933.8459516584985,1129.1287729381518,1157.9689800565382
2014-08-11,,100.0,126.50976756960894,fresh_preparation,fresh_preparation,fresh_forming,marinated_short_run,fresh_prepared,0.85,0.027,2.5,short,service_critical,low,1246.994653834268,0.7793716586464174,0.8551641162207365,0.0265543556484855,1496.9147665142666,9.11373719313855,1948.926826077054,2,176.04433258530014,47.331297658169625,184.3583746074389,184.3583746074389,176.04433258530014,185.7047653359185,fresh_preparation,fresh_preparation,rm_fresh_preparation,1948.926826077054,1496.9147665142666,2,6.0,0.85,0.027,1000.0,7.0,1521.2368927872635,1283.0697998693715,-238.16709291789198,0,0.45372707179834154,831.057740306584,1004.8458258951503,1030.5115979801642
2014-08-18,,100.0,126.50976756960894,fresh_preparation,fresh_preparation,fresh_forming,marinated_short_run,fresh_prepared,0.85,0.027,2.5,short,service_critical,low,1306.5449071269256,0.8165905669543285,0.8510456816509199,0.0292759135388,1580.168058962243,8.689949107948559,1961.6542877696784,3,186.0059668567134,70.5628106482552,182.6277466504874,182.6277466504874,186.0059668567134,196.21304428797555,fresh_preparation,fresh_preparation,rm_fresh_preparation,1961.6542877696784,1580.168058962243,3,6.0,0.85,0.027,1000.0,7.0,1284.4394053572885,1354.4297648247798,69.99035946749132,1,0.5129159131605475,972.9435360173447,1176.4023166886461,1206.4499846615074
2014-08-25,,100.0,126.50976756960894,fresh_preparation,fresh_preparation,fresh_forming,marinated_short_run,fresh_prepared,0.85,0.027,2.5,short,service_critical,low,1152.4660314236714,0.7202912696397946,0.853305629239573,0.0270367884311426,1387.1055939759176,9.251021372639752,1833.1633565684813,2,169.46214843438904,35.16580892795439,177.73662573409342,177.73662573409342,169.46214843438904,178.76138382972613,fresh_preparation,fresh_preparation,rm_fresh_preparation,1833.1633565684813,1387.1055939759176,2,6.0,0.85,0.027,1000.0,7.0,1436.847472575362,1188.9476519793582,-247.8998205960038,0,0.4480621343655887,742.8898893867947,898.2406013986998,921.1834628396255
2014-09-01,,100.0,125.84629381673362,fresh_preparation,fresh_preparation,fresh_forming,marinated_short_run,fresh_prepared,0.85,0.027,2.5,short,service_critical,low,1156.7183353365856,0.722948959585366,0.8511169662157342,0.0260021249000761,1394.3976175718678,9.022864442779625,1797.351526097975,3,169.5771940926774,2.9784692046516312,173.80357419666478,173.80357419666478,169.5771940926774,178.88274261851305,fresh_preparation,fresh_preparation,rm_fresh_preparation,1797.351526097975,1394.3976175718678,3,6.0,0.85,0.027,1000.0,7.0,1199.752547138603,1195.197957918744,-4.554589219859054,0,0.49904731603706814,792.2440493926367,957.9155424613224,982.3826212468696
2014-09-08,,100.0,125.84629381673362,fresh_preparation,fresh_preparation,fresh_forming,marinated_short_run,fresh_prepared,0.85,0.027,2.5,short,service_critical,low,1208.0712095865065,0.7550445059915666,0.8554751385276143,0.0287786925075447,1452.8042528430483,8.597837462438875,1784.4249758120689,3,177.47901504181308,0.0,174.04223054682257,174.04223054682257,177.47901504181308,187.21817599223257,fresh_preparation,fresh_preparation,rm_fresh_preparation,1784.4249758120689,1452.8042528430483,3,6.0,0.85,0.027,1000.0,7.0,1161.7945817364766,1245.2607881511842,83.46620641470759,1,0.5167505017163202,913.6400651821639,1104.697497348605,1132.9136808258831
2014-09-15,,100.0,125.84629381673362,fresh_preparation,fresh_preparation,fresh_forming,marinated_short_run,fresh_prepared,0.85,0.027,2.5,short,service_critical,low,1226.7840673593407,0.7667400420995879,0.8502237574005296,0.0289495036301731,1484.6666494360798,9.759750826174193,2069.9966512038645,2,136.38243355206893,0.0,137.7087950903365,137.7087950903365,136.38243355206893,143.8664195932387,fresh_preparation,fresh_preparation,rm_fresh_preparation,2069.9966512038645,1484.6666494360798,2,6.0,0.85,0.027,1000.0,7.0,1645.8061799364132,1272.571413802354,-373.2347661340591,0,0.42719817053403897,687.2414120345693,830.9550958643,852.1793509228659
2014-09-22,,100.0,125.84629381673362,fresh_preparation,fresh_preparation,fresh_forming,marinated_short_run,fresh_prepared,0.85,0.027,2.5,short,service_critical,low,1250.5030191509993,0.7815643869693746,0.8519844828323552,0.0296200793857339,1511.228248629619,9.42071851036669,2033.8365621791552,2,165.68142314698426,0.5333377139130898,175.12025664539047,175.12025664539047,165.68142314698426,174.77319124217502,fresh_preparation,fresh_preparation,rm_fresh_preparation,2033.8365621791552,1511.228248629619,2,6.0,0.85,0.027,1000.0,7.0,1602.0570625706926,1295.3384988253877,-306.7185637453049,0,0.4410784387180952,772.7301852758512,934.321002691314,958.1854297420555
2014-09-29,,100.0,125.84629381673362,fresh_preparation,fresh_preparation,fresh_forming,marinated_short_run,fresh_prepared,0.85,0.027,2.5,short,service_critical,low,1242.1493712140762,0.7763433570087976,0.8514653317346002,0.0287486848568927,1500.7769364244689,8.895776581868486,1907.225189379017,2,250.87774351305583,342.24163870462144,259.8558989675729,259.8558989675729,250.87774351305583,264.6446596883348,fresh_preparation,fresh_preparation,rm_fresh_preparation,1907.225189379017,1500.7769364244689,2,6.0,0.85,0.027,1000.0,7.0,1478.4317789720258,1286.3802312209734,-192.05154775105234,0,0.46274514885164025,879.9319782664254,1063.9404851779523,1091.1156530503674
2014-10-06,,100.0,125.89006763484052,fresh_preparation,fresh_preparation,fresh_forming,marinated_short_run,fresh_prepared,0.85,0.027,2.5,short,service_critical,low,1211.331042915427,0.7570819018221419,0.8488468581674907,0.0291627495878742,1468.6474654324554,9.250880323082644,1940.8974199306144,2,335.8127886962112,699.0667896236946,344.9470255762565,344.9470255762565,335.8127886962112,354.2405154759158,fresh_preparation,fresh_preparation,rm_fresh_preparation,1940.8974199306144,1468.6474654324554,2,6.0,0.85,0.027,1000.0,7.0,1521.2838583784842,1258.8406846563903,-262.4431737220939,0,0.4480679480230514,786.5907301582315,951.0800195371882,975.3725053962071
2014-10-13,,100.0,125.89006763484052,fresh_preparation,fresh_preparation,fresh_forming,marinated_short_run,fresh_prepared,0.85,0.027,2.5,short,service_critical,low,1264.0662618820431,0.790041413676277,0.8516199292756987,0.028465817114875,1526.5600254558983,9.11329098196028,1987.4265304868995,2,469.548034555984,1263.9173538449184,477.9890608936,477.9890608936,469.548034555984,495.3144829522436,fresh_preparation,fresh_preparation,rm_fresh_preparation,1987.4265304868995,1526.5600254558983,2,6.0,0.85,0.027,1000.0,7.0,1551.2665232137856,1308.4800218193413,-242.78650139444426,0,0.4537455047574959,847.6135167883403,1024.8636923866034,1051.040760817542
2014-10-20,,100.0,125.89006763484052,cured_embutido,cured_embutido,curing_maturation,fermented_dry_spiced,cured,0.79,0.031,11.0,long,planned_campaign,high,1078.6822640535984,0.674176415033499,0.7989375449847907,0.0315310572982329,1392.7174449527745,13.023029932503492,2591.0572818771097,9,341.97451056105075,685.4764282605441,290.08406707145053,290.08406707145053,341.97451056105075,358.2268491754647,cured_embutido,cured_embutido,rm_cured_embutido,2591.0572818771097,1392.7174449527745,9,6.0,0.79,0.031,1000.0,28.0,800.4205669378284,1193.757809959521,393.33724302169253,1,0.5816365002291572,0.0,0.0,0.0
2014-10-27,,100.0,125.89006763484052,cured_embutido,cured_embutido,curing_maturation,fermented_dry_spiced,cured,0.79,0.031,11.0,long,planned_campaign,high,1054.288506440974,0.6589303165256087,0.7889184122316183,0.0311790179995276,1378.038805920039,13.585882232274152,2674.553275533336,9,293.9659918317289,519.3824115138424,262.44360157982675,262.44360157982675,293.9659918317289,307.93672559353183,cured_embutido,cured_embutido,rm_cured_embutido,2674.553275533336,1378.038805920039,9,6.0,0.79,0.031,1000.0,28.0,902.7890964932858,1181.1761193600335,278.38702286674766,1,0.5586503321396772,0.0,0.0,0.0
2014-11-03,,100.0,125.55275174236962,cured_embutido,cured_embutido,curing_maturation,fermented_dry_spiced,cured,0.79,0.031,11.0,long,planned_campaign,high,1079.4076094059842,0.6746297558787401,0.791677859571413,0.0305254805618051,1405.0627183225292,13.178912400888889,2645.3140689324905,9,293.93223249635093,490.9928442331678,244.1059760812637,244.1059760812637,293.93223249635093,307.90136184574004,cured_embutido,cured_embutido,rm_cured_embutido,2645.3140689324905,1405.0627183225292,9,6.0,0.79,0.031,1000.0,28.0,838.804859660667,1204.339472847882,365.534613187215,1,0.5753014643422357,0.0,0.0,0.0
2014-11-10,,100.0,125.55275174236962,cured_embutido,cured_embutido,curing_maturation,fermented_dry_spiced,cured,0.79,0.031,11.0,long,planned_campaign,high,1060.948686240837,0.6630929289005232,0.7950311158034779,0.0285752634138805,1372.6073769023744,12.984559152401252,2546.100239773029,9,285.941156522868,437.4011287570316,230.56414492670748,230.56414492670748,285.941156522868,299.53050998661735,cured_embutido,cured_embutido,rm_cured_embutido,2546.100239773029,1372.6073769023744,9,6.0,0.79,0.031,1000.0,28.0,781.3193266128333,1176.520608773464,395.2012821606306,1,0.58319589627718,3.027745902809329,3.9552009807962394,3.754404919483568
2014-11-17,,100.0,125.55275174236962,cured_embutido,cured_embutido,curing_maturation,fermented_dry_spiced,cured,0.79,0.031,11.0,long,planned_campaign,high,1038.2578787302782,0.6489111742064239,0.7945610131237771,0.0290893769823603,1344.7175684708857,12.577859055613398,2416.2382922619945,9,313.50234043961973,515.2119462102248,247.69936704848345,247.69936704848345,313.50234043961973,328.40153916901266,cured_embutido,cured_embutido,rm_cured_embutido,2416.2382922619945,1344.7175684708857,9,6.0,0.79,0.031,1000.0,28.0,687.3157042279986,1152.6150586893307,465.2993544613321,1,0.5995739363171586,81.09433489822186,105.93504317150901,100.5569752737951
2014-11-24,,100.0,125.55275174236962,cured_embutido,cured_embutido,curing_maturation,fermented_dry_spiced,cured,0.79,0.031,11.0,long,planned_campaign,high,1082.3654380103442,0.6764783987564651,0.7900468656708775,0.0304359710361295,1411.6988872363384,13.336355041650137,2689.559653155175,9,280.9274665793872,420.66253300085975,238.19048680400783,238.19048680400783,280.9274665793872,294.2785444285726,cured_embutido,cured_embutido,rm_cured_embutido,2689.559653155175,1411.6988872363384,9,6.0,0.79,0.031,1000.0,28.0,874.5182267084544,1210.0276176311472,335.5093909226928,1,0.568877821583718,0.0,0.0,0.0
2014-12-01,,100.0,125.52356919696504,cured_embutido,cured_embutido,curing_maturation,fermented_dry_spiced,cured,0.79,0.031,11.0,long,planned_campaign,high,1068.0030275993472,0.667501892249592,0.7804664451881705,0.0314829043192048,1411.4980490471646,13.892388334518465,2801.2970043969144,9,251.2629528018782,332.0449045555474,229.44205350694588,229.44205350694588,251.2629528018782,263.2042246337875,cured_embutido,cured_embutido,rm_cured_embutido,2801.2970043969144,1411.4980490471646,9,6.0,0.79,0.031,1000.0,28.0,986.5137984791313,1209.8554706118555,223.34167213272417,1,0.546019871930144,0.0,0.0,0.0
2014-12-08,,100.0,125.52356919696504,cured_embutido,cured_embutido,curing_maturation,fermented_dry_spiced,cured,0.79,0.031,11.0,long,planned_campaign,high,1069.2911900351182,0.6683069937719489,0.7920668112745939,0.0338816251960085,1395.741492541871,13.135410326740912,2619.0910306564665,9,280.5182876478974,417.3438322667909,229.48163409030383,229.48163409030383,280.5182876478974,293.8499192683637,cured_embutido,cured_embutido,rm_cured_embutido,2619.0910306564665,1395.741492541871,9,6.0,0.79,0.031,1000.0,28.0,824.5662545312039,1196.3498507501752,371.7835962189713,1,0.577071964672363,0.0,0.0,0.0
2014-12-15,,100.0,125.52356919696504,cured_embutido,cured_embutido,curing_maturation,fermented_dry_spiced,cured,0.79,0.031,11.0,long,planned_campaign,high,1121.7196846841923,0.7010748029276201,0.7811221029655078,0.0309164055442489,1480.4333675524215,15.06463115406301,3186.026090049232,9,185.5431920826707,131.83093562106313,194.4509394182886,194.4509394182886,185.5431920826707,194.36113228639965,cured_embutido,cured_embutido,rm_cured_embutido,3186.026090049232,1480.4333675524215,9,6.0,0.79,0.031,1000.0,28.0,1282.611760338976,1268.9428864735041,-13.668873865471824,0,0.4973070612864587,0.0,0.0,0.0
2014-12-22,,100.0,125.52356919696504,cured_embutido,cured_embutido,curing_maturation,fermented_dry_spiced,cured,0.79,0.031,11.0,long,planned_campaign,high,1000.0389474809072,0.625024342175567,0.795879748923765,0.0330069525817553,1297.9940587724022,14.083617330959868,2611.4930888014205,9,225.43213728022076,239.39958894385904,214.57344784399385,214.57344784399385,225.43213728022076,236.14579960446324,cured_embutido,cured_embutido,rm_cured_embutido,2611.4930888014205,1297.9940587724022,9,6.0,0.79,0.031,1000.0,28.0,942.6435846654749,1112.5663360906306,169.92275142515564,1,0.5381085614322247,0.0,0.0,0.0
2014-12-29,,100.0,125.52356919696504,cured_embutido,cured_embutido,curing_maturation,fermented_dry_spiced,cured,0.79,0.031,11.0,long,planned_campaign,high,1038.5028507272418,0.6490642817045261,0.7906778954847731,0.0331586313128642,1356.9851768956244,14.334804018364515,2778.8737952320685,9,218.8912470298845,208.7849717101236,216.52578906969117,216.52578906969117,218.8912470298845,229.2940535449798,cured_embutido,cured_embutido,rm_cured_embutido,2778.8737952320685,1356.9851768956244,9,6.0,0.79,0.031,1000.0,28.0,1034.1785677948371,1163.1301516248209,128.95158382998375,1,0.5276881448391598,0.0,0.0,0.0
2015-01-05,,100.0,126.36299653242698,cured_embutido,cured_embutido,curing_maturation,fermented_dry_spiced,cured,0.79,0.031,11.0,long,planned_campaign,high,1056.3006908374268,0.6601879317733917,0.793998696079488,0.0305371064046224,1370.9809131976572,14.009605207041002,2743.843048612532,9,232.96536446626268,242.176473503883,218.6417117162644,218.6417117162644,232.96536446626268,244.03704341252185,cured_embutido,cured_embutido,rm_cured_embutido,2743.843048612532,1370.9809131976572,9,6.0,0.79,0.031,1000.0,28.0,981.1533030726871,1175.1264970265634,193.97319395387626,1,0.5411730063578564,0.0,0.0,0.0
2015-01-12,,100.0,126.36299653242698,cured_embutido,cured_embutido,curing_maturation,fermented_dry_spiced,cured,0.79,0.031,11.0,long,planned_campaign,high,1088.4929937235593,0.6803081210772245,0.7863915554472758,0.0321893804227403,1428.716904452241,14.64417838475989,2988.912172874367,9,208.5309839018071,171.8248941833426,212.2393970921613,212.2393970921613,208.5309839018071,218.4414189117405,cured_embutido,cured_embutido,rm_cured_embutido,2988.912172874367,1428.716904452241,9,6.0,0.79,0.031,1000.0,28.0,1151.9904385786288,1224.6144895304922,72.62405095186341,1,0.5148215570404336,0.0,0.0,0.0
2015-01-19,,100.0,126.36299653242698,cured_embutido,cured_embutido,curing_maturation,fermented_dry_spiced,cured,0.79,0.031,11.0,long,planned_campaign,high,1097.068559395762,0.6856678496223513,0.7837899701067998,0.0305129439165502,1442.4059938750772,13.06025820971322,2691.170674749505,9,275.87176666718915,374.9664462591377,218.91009362865336,218.91009362865336,275.87176666718915,288.98257237804734,cured_embutido,cured_embutido,rm_cured_embutido,2691.170674749505,1442.4059938750772,9,6.0,0.79,0.031,1000.0,28.0,836.6486826244056,1236.3479947500662,399.6993121256605,1,0.5801259131207395,0.0,0.0,0.0
2015-01-26,,100.0,126.36299653242698,cured_embutido,cured_embutido,curing_maturation,fermented_dry_spiced,cured,0.79,0.031,11.0,long,planned_campaign,high,1060.1059710578727,0.6625662319111705,0.7910430175365647,0.0336442717881569,1385.2248742234065,11.996016968401571,2373.883013747988,9,339.4690089020829,569.5646799402707,248.67559092635707,248.67559092635707,339.4690089020829,355.60227355015445,cured_embutido,cured_embutido,rm_cured_embutido,2373.883013747988,1385.2248742234065,9,6.0,0.79,0.031,1000.0,28.0,592.8796040321799,1187.3356064772056,594.4560024450257,1,0.6226153230502858,198.67746695262394,259.5360830722315,246.36005902125368
2015-02-02,,100.0,124.09619940261614,cured_embutido,cured_embutido,curing_maturation,fermented_dry_spiced,cured,0.79,0.031,11.0,long,planned_campaign,high,1067.3497548059722,0.6670935967537326,0.7898655862401754,0.0322716866765318,1394.9144650192663,13.31810776630208,2653.945881414315,9,290.85970625812644,432.1786265210328,251.38679954086032,251.38679954086032,290.85970625812644,304.6828137980439,cured_embutido,cured_embutido,rm_cured_embutido,2653.945881414315,1394.9144650192663,9,6.0,0.79,0.031,1000.0,28.0,860.4844263895438,1195.6409700165138,335.15654362697,1,0.5696235399596153,0.0,0.0,0.0
2015-02-09,,100.0,124.09619940261614,cured_embutido,cured_embutido,curing_maturation,fermented_dry_spiced,cured,0.79,0.031,11.0,long,planned_campaign,high,1075.4351395492106,0.6721469622182566,0.7880338366953714,0.0286190324906232,1403.7633934456976,13.920714276642332,2791.6270160239155,9,275.9490897321893,388.50230756825766,262.08392475770086,262.08392475770086,275.9490897321893,289.0635702217116,cured_embutido,cured_embutido,rm_cured_embutido,2791.6270160239155,1403.7633934456976,9,6.0,0.79,0.031,1000.0,28.0,986.7883673080187,1203.225765810598,216.4373985025793,1,0.5448493704616733,0.0,0.0,0.0
2015-02-16,,100.0,124.09619940261614,cured_embutido,cured_embutido,curing_maturation,fermented_dry_spiced,cured,0.79,0.031,11.0,long,planned_campaign,high,1189.2745185799165,0.7432965741124478,0.7903386451229311,0.0313230493043076,1551.8995945984336,13.676693314362598,3032.122115715204,9,275.6038474033896,379.2063350418324,240.7467820383584,240.7467820383584,275.6038474033896,288.70192025123566,cured_embutido,cured_embutido,rm_cured_embutido,3032.122115715204,1551.8995945984336,9,6.0,0.79,0.031,1000.0,28.0,1036.8226369457893,1330.1996525129432,293.3770155671539,1,0.5549153557983626,0.0,0.0,0.0
2015-02-23,,100.0,124.09619940261614,cured_embutido,cured_embutido,curing_maturation,fermented_dry_spiced,cured,0.79,0.031,11.0,long,planned_campaign,high,1170.8639148375005,0.7317899467734378,0.8010697435681291,0.0342962243236477,1511.753671932608,13.751066697894482,2969.7465105045976,9,256.0510165641037,321.2398405644972,223.86276673072132,223.86276673072132,256.0510165641037,268.2198411263127,cured_embutido,cured_embutido,rm_cured_embutido,2969.7465105045976,1511.753671932608,9,6.0,0.79,0.031,1000.0,28.0,1026.0632180198156,1295.7888616565212,269.7256436367056,1,0.551851799917005,0.0,0.0,0.0
2015-03-02,,100.0,125.3604902667628,cured_embutido,cured_embutido,curing_maturation,fermented_dry_spiced,cured,0.79,0.031,11.0,long,planned_campaign,high,1108.0997343876056,0.6925623339922535,0.7933381021894763,0.0306375379309065,1439.549139111401,14.348588180047642,2950.785394578801,9,224.4456381215528,224.79818290237225,219.8162531451653,219.8162531451653,224.4456381215528,235.1124170732796,cured_embutido,cured_embutido,rm_cured_embutido,2950.785394578801,1439.549139111401,9,6.0,0.79,0.031,1000.0,28.0,1099.9365014355712,1233.8992620954866,133.96276065991538,1,0.5271155298300828,0.0,0.0,0.0
2015-03-09,,100.0,125.3604902667628,cured_embutido,cured_embutido,curing_maturation,fermented_dry_spiced,cured,0.79,0.031,11.0,long,planned_campaign,high,1111.845614991488,0.69490350936968,0.7941979944234533,0.0318954300601901,1444.6125740660736,13.785276723123218,2844.912013029166,9,223.11422226706463,162.93128325817142,194.79118924320653,194.79118924320653,223.11422226706463,233.71772568030693,cured_embutido,cured_embutido,rm_cured_embutido,2844.912013029166,1444.6125740660736,9,6.0,0.79,0.031,1000.0,28.0,987.5529892299282,1238.2393491994917,250.68635996956345,1,0.5504412985815212,0.0,0.0,0.0
2015-03-16,,100.0,125.3604902667628,cured_embutido,cured_embutido,curing_maturation,fermented_dry_spiced,cured,0.79,0.031,11.0,long,planned_campaign,high,1086.85541330152,0.67928463331345,0.7933757475662134,0.0320917576754782,1413.8754774072,14.035389935000332,2834.899092134972,9,174.26252025679415,0.0,149.9098070461715,149.9098070461715,174.26252025679415,182.5443465319983,cured_embutido,cured_embutido,rm_cured_embutido,2834.899092134972,1413.8754774072,9,6.0,0.79,0.031,1000.0,28.0,1017.0591926114291,1211.8932663490284,194.83407373759928,1,0.5401057406101887,0.0,0.0,0.0
2015-03-23,,100.0,125.3604902667628,cured_embutido,cured_embutido,curing_maturation,fermented_dry_spiced,cured,0.79,0.031,11.0,long,planned_campaign,high,1062.1159774197008,0.663822485887313,0.7959178485754088,0.0289267542016707,1373.0557081842442,12.992304533334064,2548.451128851767,9,168.52829207908252,0.0,94.29648730784344,94.29648730784344,168.52829207908252,176.53759916014093,cured_embutido,cured_embutido,rm_cured_embutido,2548.451128851767,1373.0557081842442,9,6.0,0.79,0.031,1000.0,28.0,783.0937897577389,1176.904892729352,393.8111029716131,1,0.5828820734276324,1.5094720618290012,1.9718515262099792,1.8717453566679614
2015-03-30,,100.0,125.3604902667628,cured_embutido,cured_embutido,curing_maturation,fermented_dry_spiced,cured,0.79,0.031,11.0,long,planned_campaign,high,1122.9719625197465,0.7018574765748414,0.789239713308397,0.032021415898427,1468.4145960113506,12.898805964916097,2705.827850000153,9,108.32954935282112,0.0,0.0,0.0,108.32954935282112,113.47791118581397,cured_embutido,cured_embutido,rm_cured_embutido,2705.827850000153,1468.4145960113506,9,6.0,0.79,0.031,1000.0,28.0,817.8662265569878,1258.6410822954433,440.77485573845547,1,0.5866658364849042,21.227828306641186,27.73030829988006,26.32250710023507
2015-04-06,,100.0,125.58193428777422,fresh_preparation,fresh_preparation,fresh_forming,marinated_short_run,fresh_prepared,0.85,0.027,2.5,short,service_critical,low,1284.7297588931096,0.8029560993081936,0.8417809547692988,0.0242123296959307,1563.1573177445257,10.139301322593086,2264.189008461162,2,125.91446523145586,0.0,126.84289889445968,126.84289889445968,125.91446523145586,132.82402151103202,fresh_preparation,fresh_preparation,rm_fresh_preparation,2264.189008461162,1563.1573177445257,2,6.0,0.85,0.027,1000.0,7.0,1817.572631962726,1339.8491294953076,-477.7235024674185,0,0.41179491606065466,638.8174387786717,772.4048591725672,792.1336240855528
2015-04-13,,100.0,125.58193428777422,fresh_preparation,fresh_preparation,fresh_forming,marinated_short_run,fresh_prepared,0.85,0.027,2.5,short,service_critical,low,1319.89821872688,0.8249363867043,0.8483571058612019,0.0260079120891729,1596.292417674105,9.231373889866632,2105.138877872688,3,149.8514447148009,0.0,153.48567506513606,153.48567506513606,149.8514447148009,158.0745427435256,fresh_preparation,fresh_preparation,rm_fresh_preparation,2105.138877872688,1596.292417674105,3,6.0,0.85,0.027,1000.0,7.0,1421.0135560123576,1368.2506437206614,-52.76291229169624,0,0.49036061574819817,859.4041835220783,1039.1199849127358,1065.661187567377
2015-04-20,,100.0,125.58193428777422,fresh_preparation,fresh_preparation,fresh_forming,marinated_short_run,fresh_prepared,0.85,0.027,2.5,short,service_critical,low,1257.9990464780617,0.7862494040487885,0.853246942839986,0.0291514459349883,1517.3468226660036,8.796895458710713,1906.8487676571,3,174.43868566502107,0.0,173.20089325948985,173.20089325948985,174.43868566502107,184.0110085408891,fresh_preparation,fresh_preparation,rm_fresh_preparation,1906.8487676571,1517.3468226660036,3,6.0,0.85,0.027,1000.0,7.0,1256.557272228813,1300.5829908565745,44.025718627761535,1,0.508461881215194,911.081045865478,1101.6033442542507,1129.7404968731928
2015-04-27,,100.0,125.58193428777422,fresh_preparation,fresh_preparation,fresh_forming,marinated_short_run,fresh_prepared,0.85,0.027,2.5,short,service_critical,low,1288.7616648783371,0.8054760405489607,0.8461207984195397,0.0277135125806167,1565.3530559292926,8.797996272650122,1967.4243359210568,3,177.92224512863547,0.0,175.69211750632573,175.69211750632573,177.92224512863547,187.6857283300693,fresh_preparation,fresh_preparation,rm_fresh_preparation,1967.4243359210568,1565.3530559292926,3,6.0,0.85,0.027,1000.0,7.0,1296.5587405227884,1341.7311907965366,45.172450273748154,1,0.5084160270336686,939.6599108047722,1136.1585282688739,1165.1782893979175
2015-05-04,,100.0,125.77591238369897,fresh_preparation,fresh_preparation,fresh_forming,marinated_short_run,fresh_prepared,0.85,0.027,2.5,short,service_critical,low,1323.1195924511485,0.8269497452819676,0.8480435820472885,0.0267559060118102,1601.946980872738,8.776795989652744,2008.5659767657385,2,178.8135936805531,6.658320637870111,187.1276017886496,187.1276017886496,178.8135936805531,188.62598963377343,fresh_preparation,fresh_preparation,rm_fresh_preparation,2008.5659767657385,1601.946980872738,2,6.0,0.85,0.027,1000.0,7.0,1550.8668393735275,1373.0974121766326,-177.76942719689487,0,0.467678633890194,966.4784162836322,1168.5852321910793,1198.4332361917038
2015-05-11,,100.0,125.77591238369897,fresh_preparation,fresh_preparation,fresh_forming,marinated_short_run,fresh_prepared,0.85,0.027,2.5,short,service_critical,low,1327.8772290228574,0.8299232681392859,0.8454467327629193,0.0284138936198028,1615.2494751333031,8.740894450008193,2016.9607389387625,2,190.2355267639288,57.42933520866384,198.1951848206564,198.1951848206564,190.2355267639288,200.6747012950993,fresh_preparation,fresh_preparation,rm_fresh_preparation,2016.9607389387625,1615.2494751333031,2,6.0,0.85,0.027,1000.0,7.0,1555.4608889006759,1384.4995501142598,-170.96133878641604,0,0.46916856419812203,982.7882863088003,1188.3057690693431,1218.6574750229122
2015-05-18,,100.0,125.77591238369897,fresh_preparation,fresh_preparation,fresh_forming,marinated_short_run,fresh_prepared,0.85,0.027,2.5,short,service_critical,low,1325.4868910605344,0.828429306912834,0.8544908417630623,0.0273223541174135,1593.5832740658673,8.396381181073503,1911.476087548592,2,222.29275481921783,178.63986520332855,230.27532949690303,230.27532949690303,222.29275481921783,234.49106973992244,fresh_preparation,fresh_preparation,rm_fresh_preparation,1911.476087548592,1593.5832740658673,2,6.0,0.85,0.027,1000.0,7.0,1456.1665806726298,1365.9285206278862,-90.23806004474363,0,0.48349012164756605,1048.0357071451615,1267.1975178588496,1299.5642768600003
2015-05-25,,100.0,125.77591238369897,fresh_preparation,fresh_preparation,fresh_forming,marinated_short_run,fresh_prepared,0.85,0.027,2.5,short,service_critical,low,1252.5755155835072,0.7828596972396921,0.8529978280616263,0.0270251570047036,1508.124081014025,8.266017621303392,1780.882889824845,3,249.37711015685065,195.8327042388781,240.3512293050954,240.3512293050954,249.37711015685065,263.0616790767078,fresh_preparation,fresh_preparation,rm_fresh_preparation,1780.882889824845,1508.124081014025,3,6.0,0.85,0.027,1000.0,7.0,1134.5439979616915,1292.677783726307,158.1337857646156,1,0.5305445177479876,1019.9189749154873,1233.2011062396316,1264.6995288952041
2015-06-01,,100.0,128.40062484979572,fresh_preparation,fresh_preparation,fresh_forming,marinated_short_run,fresh_prepared,0.85,0.027,2.5,short,service_critical,low,1353.056683520971,0.8456604272006071,0.8479872855864665,0.0296608094814721,1642.9367087325984,8.987523967970656,2109.4190067990075,2,217.92197421492176,166.93181914352485,226.5297373284824,226.5297373284824,217.92197421492176,229.8804425499656,fresh_preparation,fresh_preparation,rm_fresh_preparation,2109.4190067990075,1642.9367087325984,2,6.0,0.85,0.027,1000.0,7.0,1640.0085185896937,1408.2314646279415,-231.77705396175224,0,0.458945802576645,941.7491665615325,1138.6846823789765,1167.7689665363002
2015-06-08,,100.0,128.40062484979572,fresh_preparation,fresh_preparation,fresh_forming,marinated_short_run,fresh_prepared,0.85,0.027,2.5,short,service_critical,low,1281.9930718201522,0.8012456698875952,0.8524864052524839,0.0255452645186817,1542.2438596677955,8.748771072371067,1927.534066571931,3,232.1903412554868,179.0621951831483,231.3504854219643,231.3504854219643,232.1903412554868,244.9317862318816,fresh_preparation,fresh_preparation,rm_fresh_preparation,1927.534066571931,1542.2438596677955,3,6.0,0.85,0.027,1000.0,7.0,1266.57241242859,1321.9233082866817,55.35089585809169,1,0.5104663428777707,936.6331013825461,1132.4987623270008,1161.425045714357
2015-06-15,,100.0,128.40062484979572,fresh_preparation,fresh_preparation,fresh_forming,marinated_short_run,fresh_prepared,0.85,0.027,2.5,short,service_critical,low,1332.378205310113,0.8327363783188205,0.8475584548924038,0.0277493326728474,1615.6417335830265,9.768822165829285,2254.702397009246,3,169.81715211128108,0.0,178.605686499981,178.605686499981,169.81715211128108,179.13586833338763,fresh_preparation,fresh_preparation,rm_fresh_preparation,2254.702397009246,1615.6417335830265,3,6.0,0.85,0.027,1000.0,7.0,1562.2845111879487,1384.8357716425942,-177.44873954535456,0,0.46800950237628536,745.775108216375,901.729167784747,924.7611341883049
2015-06-22,,100.0,128.40062484979572,fresh_preparation,fresh_preparation,fresh_forming,marinated_short_run,fresh_prepared,0.85,0.027,2.5,short,service_critical,low,1300.984496486911,0.8131153103043194,0.85079022513011,0.0263754636107866,1569.4803798762428,9.280372586523455,2080.7660989271294,3,169.6784954055061,0.0,178.0604513598344,178.0604513598344,169.6784954055061,178.98960284088326,fresh_preparation,fresh_preparation,rm_fresh_preparation,2080.7660989271294,1569.4803798762428,3,6.0,0.85,0.027,1000.0,7.0,1408.1316504087395,1345.2688970367797,-62.8627533719598,0,0.488319934178182,833.9831779858928,1008.3830215656766,1034.1391407025071
2015-06-29,,100.0,128.40062484979572,fresh_preparation,fresh_preparation,fresh_forming,marinated_short_run,fresh_prepared,0.85,0.027,2.5,short,service_critical,low,1241.6762357820928,0.776047647363808,0.8452592616778707,0.0238287932507994,1503.9928454205517,9.263717202610096,1990.366342103553,3,159.6759643444102,0.0,163.96405091766883,163.96405091766883,159.6759643444102,168.43818288780972,fresh_preparation,fresh_preparation,rm_fresh_preparation,1990.366342103553,1503.9928454205517,3,6.0,0.85,0.027,1000.0,7.0,1345.7979797804596,1289.136724646187,-56.66125513427255,0,0.48901355185259987,802.7632279631857,970.63445736435,995.4264026743502
2015-07-06,,100.0,128.80574724482435,fresh_preparation,fresh_preparation,fresh_forming,marinated_short_run,fresh_prepared,0.85,0.027,2.5,short,service_critical,low,1279.7104548975408,0.799819034310963,0.8412542320849977,0.0251590884875014,1559.4653238405792,8.649124323042356,1926.85849476724,2,182.61648864468157,31.77672308772673,190.81911146911784,190.81911146911784,182.61648864468157,192.63756845905843,fresh_preparation,fresh_preparation,rm_fresh_preparation,1926.85849476724,1559.4653238405792,2,6.0,0.85,0.027,1000.0,7.0,1481.2969736699317,1336.684563291925,-144.61241037800664,0,0.4729795032080165,969.2913923652643,1171.9864486612228,1201.9213265329277
2015-07-13,,100.0,128.80574724482435,fresh_preparation,fresh_preparation,fresh_forming,marinated_short_run,fresh_prepared,0.85,0.027,2.5,short,service_critical,low,1299.8913974095874,0.8124321233809921,0.8506003245213801,0.0301364128941276,1574.259288030391,9.02237951810704,2029.0806795021672,3,165.59107128579006,0.0,165.4683875665294,165.4683875665294,165.59107128579006,174.67788132259778,fresh_preparation,fresh_preparation,rm_fresh_preparation,2029.0806795021672,1574.259288030391,3,6.0,0.85,0.027,1000.0,7.0,1354.3981274891426,1349.3651040260495,-5.033023463093059,0,0.49906752115995034,894.543712554273,1081.6077777090538,1109.2342035672987
2015-07-20,,100.0,128.80574724482435,fresh_preparation,fresh_preparation,fresh_forming,marinated_short_run,fresh_prepared,0.85,0.027,2.5,short,service_critical,low,1303.3454197473734,0.8145908873421084,0.8512959610250885,0.0277694466291704,1573.5286694035476,9.311597229753891,2093.152171279486,2,160.0107428897894,0.0,164.87206991808063,164.87206991808063,160.0107428897894,168.7913324058666,fresh_preparation,fresh_preparation,rm_fresh_preparation,2093.152171279486,1573.5286694035476,2,6.0,0.85,0.027,1000.0,7.0,1643.572551449901,1348.738859488755,-294.8336919611461,0,0.44556670434641865,829.1153576128168,1002.4972584642002,1028.1030434398929
2015-07-27,,100.0,128.80574724482435,fresh_preparation,fresh_preparation,fresh_forming,marinated_short_run,fresh_prepared,0.85,0.027,2.5,short,service_critical,low,1268.703740950066,0.7929398380937913,0.8548370582737015,0.0243528233971972,1520.2900324902396,9.524714011402631,2068.618253407936,2,168.38934752146488,0.0,176.05045916738644,176.05045916738644,168.38934752146488,177.62971296670528,fresh_preparation,fresh_preparation,rm_fresh_preparation,2068.618253407936,1520.2900324902396,2,6.0,0.85,0.027,1000.0,7.0,1634.2496726964391,1303.105742134491,-331.1439305619481,0,0.4368099333720518,754.7775212167944,912.6141360459396,935.9241263088251
2015-08-03,,100.0,129.337899543379,fresh_preparation,fresh_preparation,fresh_forming,marinated_short_run,fresh_prepared,0.85,0.027,2.5,short,service_critical,low,1331.150609119428,0.8319691306996425,0.8541308997383938,0.0245476706100344,1596.7426728410787,9.026143215874312,2058.9182919945038,2,195.4129935612588,85.9141032242179,204.31235646185527,204.31235646185527,195.4129935612588,206.13628158293284,fresh_preparation,fresh_preparation,rm_fresh_preparation,2058.9182919945038,1596.7426728410787,2,6.0,0.85,0.027,1000.0,7.0,1602.7060997541955,1368.6365767209245,-234.06952303327103,0,0.4573479434434142,906.4609575674995,1096.0171181518645,1124.0115873836994
2015-08-10,,100.0,129.337899543379,fresh_preparation,fresh_preparation,fresh_forming,marinated_short_run,fresh_prepared,0.85,0.027,2.5,short,service_critical,low,1306.0327825221843,0.8162704890763652,0.8562799939399958,0.0267756721997788,1566.0796674914895,9.729952579379855,2176.84012860331,3,168.81014975373927,0.0,177.35463031392518,177.35463031392518,168.81014975373927,178.0736067214757,fresh_preparation,fresh_preparation,rm_fresh_preparation,2176.84012860331,1566.0796674914895,3,6.0,0.85,0.027,1000.0,7.0,1505.6631282498142,1342.3540007069912,-163.30912754282303,0,0.46962276737038583,731.5935395951706,884.5819957622521,907.1759890980115
2015-08-17,,100.0,129.337899543379,fresh_preparation,fresh_preparation,fresh_forming,marinated_short_run,fresh_prepared,0.85,0.027,2.5,short,service_critical,low,1253.5410879123156,0.7834631799451972,0.8460079056268245,0.0301223730663529,1526.3459261171574,9.087271897130098,1981.4743485290653,3,191.444314213834,52.10549505487503,197.45714586112493,197.45714586112493,191.444314213834,201.94982095631812,fresh_preparation,fresh_preparation,rm_fresh_preparation,1981.4743485290653,1526.3459261171574,3,6.0,0.85,0.027,1000.0,7.0,1327.3260944788549,1308.2965081004206,-19.02958637843426,0,0.4963637350619231,853.1680856885125,1031.579814628514,1057.9284262537556
2015-08-24,,100.0,129.337899543379,fresh_preparation,fresh_preparation,fresh_forming,marinated_short_run,fresh_prepared,0.85,0.027,2.5,short,service_critical,low,1287.7292880923465,0.8048308050577165,0.848590939860201,0.0266264837303912,1557.8966601371894,9.55818658289594,2127.238136351669,3,161.62683314200373,0.0,167.64758711186616,167.64758711186616,161.62683314200373,170.49610561067118,fresh_preparation,fresh_preparation,rm_fresh_preparation,2127.238136351669,1557.8966601371894,3,6.0,0.85,0.027,1000.0,7.0,1459.5681391500161,1335.3399944033051,-124.228144746711,0,0.4767589854606913,765.998518188826,926.1816313267952,949.8381625541442
2015-08-31,,100.0,129.337899543379,fresh_preparation,fresh_preparation,fresh_forming,marinated_short_run,fresh_prepared,0.85,0.027,2.5,short,service_critical,low,1329.0073781059575,0.8306296113162236,0.8500080071466052,0.0301720537009097,1610.6980741076,8.788566986631842,2022.2468456476488,2,192.28639812081056,90.39569049802574,200.6753565266594,200.6753565266594,192.28639812081056,202.83811421769005,fresh_preparation,fresh_preparation,rm_fresh_preparation,2022.2468456476488,1610.6980741076,2,6.0,0.85,0.027,1000.0,7.0,1562.0473959026203,1380.5983492350856,-181.44904666753473,0,0.4671902562762531,969.0495776950368,1171.6940664954195,1201.6214763418457
2015-09-07,,100.0,129.16967075222303,fresh_preparation,fresh_preparation,fresh_forming,marinated_short_run,fresh_prepared,0.85,0.027,2.5,short,service_critical,low,1325.980436788913,0.8287377729930706,0.8585548195722159,0.0281625946237735,1587.9282897608612,7.998882675932501,1814.521726798754,4,229.1272698202683,86.84477162185213,155.2456613388797,155.2456613388797,229.1272698202683,241.70062875165556,fresh_preparation,fresh_preparation,rm_fresh_preparation,1814.521726798754,1587.9282897608612,4,6.0,0.85,0.027,1000.0,7.0,907.1341326496904,1361.0813912235953,453.94725857390495,1,0.5826154913127508,1134.4879541857024,1371.728376985312,1406.765063190271
2015-09-14,,100.0,129.16967075222303,fresh_preparation,fresh_preparation,fresh_forming,marinated_short_run,fresh_prepared,0.85,0.027,2.5,short,service_critical,low,1204.3891562302133,0.7527432226438833,0.8559203968148557,0.0279425009156917,1446.4461951580604,9.2474510886848,1910.848634591199,2,153.9138347545746,0.0,158.39710811971108,158.39710811971108,153.9138347545746,162.3598564367319,fresh_preparation,fresh_preparation,rm_fresh_preparation,1910.848634591199,1446.4461951580604,2,6.0,0.85,0.027,1000.0,7.0,1497.5782931174674,1239.8110244211946,-257.7672686962728,0,0.4482092955757058,775.408584988056,937.5595006203446,961.5066453851894
2015-09-21,,100.0,129.16967075222303,fresh_preparation,fresh_preparation,fresh_forming,marinated_short_run,fresh_prepared,0.85,0.027,2.5,short,service_critical,low,1214.5970264917346,0.7591231415573341,0.8544775886479935,0.0243285589813908,1456.0316600672054,9.52163013376166,1980.5421328867028,2,152.698255963784,0.0,156.80638332647192,156.80638332647192,152.698255963784,161.07757275979665,fresh_preparation,fresh_preparation,rm_fresh_preparation,1980.5421328867028,1456.0316600672054,2,6.0,0.85,0.027,1000.0,7.0,1564.5330871532155,1248.027137200462,-316.50594995275355,0,0.4369363800651485,723.5166643809648,874.8161107320776,897.1606638323964
2015-09-28,,100.0,129.16967075222303,fresh_preparation,fresh_preparation,fresh_forming,marinated_short_run,fresh_prepared,0.85,0.027,2.5,short,service_critical,low,1304.5811832415905,0.815363239525994,0.8484488481778029,0.0288750458434995,1582.0058305188163,9.431644094958228,2131.559421371754,2,155.99267192242283,0.0,162.42713852130612,162.42713852130612,155.99267192242283,164.55276979416578,fresh_preparation,fresh_preparation,rm_fresh_preparation,2131.559421371754,1582.0058305188163,2,6.0,0.85,0.027,1000.0,7.0,1679.557755509235,1356.004997587557,-323.552757921678,0,0.44062957612729503,806.451406734619,975.0938960578187,999.9997443509276
2015-10-05,,100.0,128.22467126720912,fresh_preparation,fresh_preparation,fresh_forming,marinated_short_run,fresh_prepared,0.85,0.027,2.5,short,service_critical,low,1203.000668142347,0.7518754175889668,0.8464672014753795,0.0263301359254527,1458.6221853616116,9.361977692130427,1950.798337228849,3,169.43438687723767,23.742042089546345,178.45769652941917,178.45769652941917,169.43438687723767,178.7320988571261,fresh_preparation,fresh_preparation,rm_fresh_preparation,1950.798337228849,1458.6221853616116,3,6.0,0.85,0.027,1000.0,7.0,1325.674543502444,1250.24758745281,-75.4269560496341,0,0.48492216906847996,758.0714355855725,916.5968630500847,940.0085801261099
2015-10-12,,100.0,128.22467126720912,fresh_preparation,fresh_preparation,fresh_forming,marinated_short_run,fresh_prepared,0.85,0.027,2.5,short,service_critical,low,1194.2326107855934,0.7463953817409958,0.8531556315335329,0.0287261849072218,1439.9932581784374,8.899513515694972,1830.748494809806,2,264.125338547313,391.5428902282295,273.36622517261264,273.36622517261264,264.125338547313,278.6192165000968,fresh_preparation,fresh_preparation,rm_fresh_preparation,1830.748494809806,1439.9932581784374,2,6.0,0.85,0.027,1000.0,7.0,1419.3218496159668,1234.2799355815175,-185.0419140344493,0,0.4625903113032439,843.5246989501486,1019.9198342907305,1045.9706266981843
2015-10-19,,100.0,128.22467126720912,fresh_preparation,fresh_preparation,fresh_forming,marinated_short_run,fresh_prepared,0.85,0.027,2.5,short,service_critical,low,1227.2664979542112,0.767041561221382,0.8455973549430625,0.0253716600360277,1488.1838016140025,8.624617944400608,1833.5738171380629,2,388.9193272632896,878.5832846094952,399.62308673257377,399.62308673257377,388.9193272632896,410.26127534686265,fresh_preparation,fresh_preparation,rm_fresh_preparation,1833.5738171380629,1488.1838016140025,2,6.0,0.85,0.027,1000.0,7.0,1408.3784452483478,1275.5861156691449,-132.79232957920294,0,0.47399773122922745,930.1961001450843,1124.7156763739608,1153.4431641799044
2015-10-26,,100.0,128.22467126720912,fresh_preparation,fresh_preparation,fresh_forming,marinated_short_run,fresh_prepared,0.85,0.027,2.5,short,service_critical,low,1263.7302864955186,0.7898314290596992,0.8490462545960787,0.0273540986950198,1529.1257483891136,9.439702656694232,2062.070341355467,3,453.78697286592353,1216.7271385515216,461.603355376243,461.603355376243,453.78697286592353,478.6885330019411,fresh_preparation,fresh_preparation,rm_fresh_preparation,2062.070341355467,1529.1257483891136,3,6.0,0.85,0.027,1000.0,7.0,1406.7307349029898,1310.6792129049547,-96.05152199803501,0,0.48168725097387094,777.7346199386016,940.3719484173889,964.390928723866
2015-11-02,,100.0,128.74566553369726,cured_embutido,cured_embutido,curing_maturation,fermented_dry_spiced,cured,0.79,0.031,11.0,long,planned_campaign,high,1065.756954287442,0.6660980964296512,0.7895408882039924,0.0317040059078752,1392.639362305505,13.732278368754118,2732.015912923345,9,305.3927238501716,584.7552896294212,279.4150256874055,279.4150256874055,305.3927238501716,319.906513051151,cured_embutido,cured_embutido,rm_cured_embutido,2732.015912923345,1392.639362305505,9,6.0,0.79,0.031,1000.0,28.0,941.479589959124,1193.6908819761472,252.2112920170232,1,0.5526261015309658,0.0,0.0,0.0
2015-11-09,,100.0,128.74566553369726,cured_embutido,cured_embutido,curing_maturation,fermented_dry_spiced,cured,0.79,0.031,11.0,long,planned_campaign,high,1051.4052947397072,0.657128309212317,0.7963716483564912,0.0306919333668482,1360.7653640405704,13.139870464528856,2554.325802301507,9,316.59599002072093,579.3262343825983,270.23647613850943,270.23647613850943,316.59599002072093,331.6422144464557,cured_embutido,cured_embutido,rm_cured_embutido,2554.325802301507,1360.7653640405704,9,6.0,0.79,0.031,1000.0,28.0,804.7703342493451,1166.3703120347745,361.5999777854295,1,0.576890530813155,0.0,0.0,0.0
2015-11-16,,100.0,128.74566553369726,cured_embutido,cured_embutido,curing_maturation,fermented_dry_spiced,cured,0.79,0.031,11.0,long,planned_campaign,high,1054.3437695954326,0.6589648559971454,0.7885812107881613,0.0318090903861723,1379.542742050992,14.142064432550386,2787.0831922203383,9,253.16964126340585,349.8054090272157,243.23744931022165,243.23744931022165,253.16964126340585,265.2015284644492,cured_embutido,cured_embutido,rm_cured_embutido,2787.0831922203383,1379.542742050992,9,6.0,0.79,0.031,1000.0,28.0,1013.3853810119201,1182.4652074722787,169.07982646035862,1,0.5356865323284355,0.0,0.0,0.0
2015-11-23,,100.0,128.74566553369726,cured_embutido,cured_embutido,curing_maturation,fermented_dry_spiced,cured,0.79,0.031,11.0,long,planned_campaign,high,1057.2263578407255,0.6607664736504535,0.7802430014457096,0.0304672058496149,1396.279221852786,12.946690610306591,2582.456441561094,9,298.98312053987325,454.2224148779796,244.3852460257513,244.3852460257513,298.98312053987325,313.1922933435308,cured_embutido,cured_embutido,rm_cured_embutido,2582.456441561094,1396.279221852786,9,6.0,0.79,0.031,1000.0,28.0,787.2402991789406,1196.8107615881022,409.57046240916156,1,0.5847292570839627,10.633541879794393,13.89079421535237,13.185591930945048
2015-11-30,,100.0,128.74566553369726,cured_embutido,cured_embutido,curing_maturation,fermented_dry_spiced,cured,0.79,0.031,11.0,long,planned_campaign,high,1056.257310453977,0.6601608190337356,0.7920177785906499,0.0297018804939174,1373.2395512576536,13.126295891760527,2575.0783828680587,9,303.29314334671466,466.7160852147438,260.4132207367665,260.4132207367665,303.29314334671466,317.7071499842673,cured_embutido,cured_embutido,rm_cured_embutido,2575.0783828680587,1373.2395512576536,9,6.0,0.79,0.031,1000.0,28.0,809.4846741082185,1177.0624725065604,367.5777983983419,1,0.5774426659004267,0.0,0.0,0.0
2015-12-07,,100.0,129.23146908366806,cured_embutido,cured_embutido,curing_maturation,fermented_dry_spiced,cured,0.79,0.031,11.0,long,planned_campaign,high,1167.6466546957902,0.7297791591848689,0.7872039125875844,0.0342109667655879,1534.0281676498664,14.446837090348268,3165.9792900061543,9,231.2391578089472,242.1008097490436,229.0245911126094,229.0245911126094,231.2391578089472,242.2287987838174,cured_embutido,cured_embutido,rm_cured_embutido,3165.9792900061543,1534.0281676498664,9,6.0,0.79,0.031,1000.0,28.0,1193.6573601706116,1314.8812865570285,121.2239263864169,1,0.5230321430203213,0.0,0.0,0.0
2015-12-14,,100.0,129.23146908366806,cured_embutido,cured_embutido,curing_maturation,fermented_dry_spiced,cured,0.79,0.031,11.0,long,planned_campaign,high,1107.7545254804745,0.6923465784252965,0.790170524097751,0.0330979057327228,1448.3188697105204,13.986131125583617,2893.768231918342,9,248.48381909086777,297.02237167385977,229.89979057907053,229.89979057907053,248.48381909086777,260.2930125931613,cured_embutido,cured_embutido,rm_cured_embutido,2893.768231918342,1448.3188697105204,9,6.0,0.79,0.031,1000.0,28.0,1031.6439708619585,1241.416174037589,209.77220317563047,1,0.5421443031119956,0.0,0.0,0.0
2015-12-21,,100.0,129.23146908366806,cured_embutido,cured_embutido,curing_maturation,fermented_dry_spiced,cured,0.79,0.031,11.0,long,planned_campaign,high,1132.570650803944,0.7078566567524649,0.7896531811966315,0.0294782705099036,1476.5429970826465,13.250176379408655,2794.9221633036777,9,274.97367309820345,380.114416336201,223.45250767762755,223.45250767762755,274.97367309820345,288.0417969121956,cured_embutido,cured_embutido,rm_cured_embutido,2794.9221633036777,1476.5429970826465,9,6.0,0.79,0.031,1000.0,28.0,896.5097384831322,1265.608283213697,369.09854473056475,1,0.5723969164269368,0.0,0.0,0.0
2015-12-28,,100.0,129.23146908366806,cured_embutido,cured_embutido,curing_maturation,fermented_dry_spiced,cured,0.79,0.031,11.0,long,planned_campaign,high,1092.3015578551665,0.682688473659479,0.7889051840167289,0.0321368886111892,1429.075070352028,13.6374103887294,2784.1261729561347,9,253.07509149338603,320.693162408362,219.43287457650365,219.43287457650365,253.07509149338603,265.1024852166092,cured_embutido,cured_embutido,rm_cured_embutido,2784.1261729561347,1429.075070352028,9,6.0,0.79,0.031,1000.0,28.0,946.7439396463844,1224.921488873167,278.1775492267825,1,0.5565318131833683,0.0,0.0,0.0
2016-01-04,,100.0,128.53194630411647,cured_embutido,cured_embutido,curing_maturation,fermented_dry_spiced,cured,0.79,0.031,11.0,long,planned_campaign,high,1097.8923192495852,0.6861826995309908,0.7931613623271389,0.0295146422905976,1425.0520411250711,13.574312758800476,2763.4431576855304,9,256.6461262064967,340.73000044566714,220.4209432801248,220.4209432801248,256.6461262064967,268.8432333544605,cured_embutido,cured_embutido,rm_cured_embutido,2763.4431576855304,1425.0520411250711,9,6.0,0.79,0.031,1000.0,28.0,931.2333905247247,1221.473178107204,290.23978758247927,1,0.5591257067282904,0.0,0.0,0.0
2016-01-11,,100.0,128.53194630411647,cured_embutido,cured_embutido,curing_maturation,fermented_dry_spiced,cured,0.79,0.031,11.0,long,planned_campaign,high,1085.6266789897925,0.6785166743686202,0.7838685404865892,0.0286306307126753,1424.6124163046218,11.834069093099746,2408.423109348096,9,339.4002021339969,594.3112193293504,234.9559317572836,234.9559317572836,339.4002021339969,355.53019674041514,cured_embutido,cured_embutido,rm_cured_embutido,2408.423109348096,1424.6124163046218,9,6.0,0.79,0.031,1000.0,28.0,576.7785740992967,1221.096356832533,644.3177827332363,1,0.6289360473524488,237.28566378905862,309.97069115891185,294.23422309843266
2016-01-18,,100.0,128.53194630411647,cured_embutido,cured_embutido,curing_maturation,fermented_dry_spiced,cured,0.79,0.031,11.0,long,planned_campaign,high,1025.9507369015305,0.6412192105634564,0.7879319431001826,0.0330676188827979,1345.1370948254048,12.937553042402143,2486.1117876580565,9,291.6240657251859,461.7724229493836,236.68682323925356,236.68682323925356,291.6240657251859,305.4834994487754,cured_embutido,cured_embutido,rm_cured_embutido,2486.1117876580565,1345.1370948254048,9,6.0,0.79,0.031,1000.0,28.0,756.6498085968219,1152.97465270749,396.324844110668,1,0.5850990081255317,11.999959874838169,15.675771544249153,14.879950244799328
2016-01-25,,100.0,128.53194630411647,cured_embutido,cured_embutido,curing_maturation,fermented_dry_spiced,cured,0.79,0.031,11.0,long,planned_campaign,high,1073.422385749873,0.6708889910936706,0.7927361516524696,0.0275918007487051,1391.4340099633162,13.450929441820604,2673.7258129951533,9,273.9684358059982,404.6660699288723,236.06135068811653,236.06135068811653,273.9684358059982,286.98878571767824,cured_embutido,cured_embutido,rm_cured_embutido,2673.7258129951533,1391.4340099633162,9,6.0,0.79,0.031,1000.0,28.0,884.739228756604,1192.6577228256995,307.91849406909546,1,0.5641884560514081,0.0,0.0,0.0
2016-02-01,,100.0,127.42386788890036,cured_embutido,cured_embutido,curing_maturation,fermented_dry_spiced,cured,0.79,0.031,11.0,long,planned_campaign,high,1056.599642387196,0.6603747764919974,0.7875436608986226,0.032853711827153,1385.7172836736706,13.293536765222353,2631.5833795314275,9,288.6462202359342,445.4484484940416,247.008376149482,247.008376149482,288.6462202359342,302.364131852647,cured_embutido,cured_embutido,rm_cured_embutido,2631.5833795314275,1385.7172836736706,9,6.0,0.79,0.031,1000.0,28.0,849.9468719509939,1187.757671720289,337.81079976929504,1,0.5706271930424639,0.0,0.0,0.0
2016-02-08,,100.0,127.42386788890036,cured_embutido,cured_embutido,curing_maturation,fermented_dry_spiced,cured,0.79,0.031,11.0,long,planned_campaign,high,1046.1075909976464,0.6538172443735291,0.7835647731629202,0.0304945553748538,1375.774171812134,13.655765190056188,2683.892720687217,9,277.00364368258846,393.38010871783393,253.07486440465252,253.07486440465252,277.00364368258846,290.1682418486035,cured_embutido,cured_embutido,rm_cured_embutido,2683.892720687217,1375.774171812134,9,6.0,0.79,0.031,1000.0,28.0,915.0402140716162,1179.2350044104005,264.1947903387843,1,0.5557766763109475,0.0,0.0,0.0
2016-02-15,,100.0,127.42386788890036,cured_embutido,cured_embutido,curing_maturation,fermented_dry_spiced,cured,0.79,0.031,11.0,long,planned_campaign,high,1085.6151339188375,0.6785094586992736,0.792674221373027,0.0305769067938389,1411.4372039811178,14.185193038926688,2860.215600113586,9,257.6465052615754,317.5290396867323,254.6934746257521,254.6934746257521,257.6465052615754,269.89115542413174,cured_embutido,cured_embutido,rm_cured_embutido,2860.215600113586,1411.4372039811178,9,6.0,0.79,0.031,1000.0,28.0,1045.5106235664346,1209.803317698101,164.2926941316664,1,0.5338982102774829,0.0,0.0,0.0
2016-02-22,,100.0,127.42386788890036,cured_embutido,cured_embutido,curing_maturation,fermented_dry_spiced,cured,0.79,0.031,11.0,long,planned_campaign,high,1174.6463228442176,0.734153951777636,0.7944923785217662,0.0318195024392465,1525.531291608238,13.31458218036558,2901.687392976733,9,295.9874680043232,421.0543251213932,250.18307822669772,250.18307822669772,295.9874680043232,310.0542724212287,cured_embutido,cured_embutido,rm_cured_embutido,2901.687392976733,1525.531291608238,9,6.0,0.79,0.031,1000.0,28.0,940.2900180518554,1307.5982499499182,367.3082318980628,1,0.569767585133708,0.0,0.0,0.0
2016-02-29,,100.0,127.42386788890036,cured_embutido,cured_embutido,curing_maturation,fermented_dry_spiced,cured,0.79,0.031,11.0,long,planned_campaign,high,1131.4978180016665,0.7071861362510415,0.789820019169428,0.0321623976239885,1478.678018269352,12.872910773484218,2719.270027413405,9,318.21926485033265,487.34080251768165,257.2430468633679,257.2430468633679,318.21926485033265,333.34263541234475,cured_embutido,cured_embutido,rm_cured_embutido,2719.270027413405,1478.678018269352,9,6.0,0.79,0.031,1000.0,28.0,818.1125753528097,1267.4383013737302,449.32572602092046,1,0.5877119935458207,26.846292229677147,35.06981258203962,33.28940236479966
2016-03-07,,100.0,127.29597967521543,cured_embutido,cured_embutido,curing_maturation,fermented_dry_spiced,cured,0.79,0.031,11.0,long,planned_campaign,high,1178.8341143294865,0.736771321455929,0.7821566176061219,0.0293473136463421,1551.389710840215,13.70542306580112,3037.4931895708587,9,272.94773038045133,353.5252474523588,239.33741129145565,239.33741129145565,272.94773038045133,285.91957126678227,cured_embutido,cured_embutido,rm_cured_embutido,3037.4931895708587,1551.389710840215,9,6.0,0.79,0.031,1000.0,28.0,1042.8492756334394,1329.7626092916128,286.9133336581733,1,0.5537324140607143,0.0,0.0,0.0
2016-03-14,,100.0,127.29597967521543,cured_embutido,cured_embutido,curing_maturation,fermented_dry_spiced,cured,0.79,0.031,11.0,long,planned_campaign,high,1151.086814701145,0.7194292591882155,0.7928238789867953,0.0324354512175001,1498.9745723164388,13.31453807055381,2851.164858557049,9,293.6151696386629,423.2218629403228,246.267923285194,246.267923285194,293.6151696386629,307.5692305757404,cured_embutido,cured_embutido,rm_cured_embutido,2851.164858557049,1498.9745723164388,9,6.0,0.79,0.031,1000.0,28.0,923.911837007342,1284.8353476998047,360.92351069246274,1,0.5697693872574052,0.0,0.0,0.0
2016-03-21,,100.0,127.29597967521543,cured_embutido,cured_embutido,curing_maturation,fermented_dry_spiced,cured,0.79,0.031,11.0,long,planned_campaign,high,1165.3740922000277,0.7283588076250173,0.7833604484743213,0.0312267410760504,1534.1148887136974,13.416873970201353,2940.432302525878,9,260.3275270153958,263.9464465680886,214.00882360055684,214.00882360055684,260.3275270153958,272.69959273680246,cured_embutido,cured_embutido,rm_cured_embutido,2940.432302525878,1534.1148887136974,9,6.0,0.79,0.031,1000.0,28.0,967.9988741796958,1314.955618897455,346.9567447177592,1,0.5655835363700175,0.0,0.0,0.0
2016-03-28,,100.0,127.29597967521543,cured_embutido,cured_embutido,curing_maturation,fermented_dry_spiced,cured,0.79,0.031,11.0,long,planned_campaign,high,1108.7970034505445,0.6929981271565903,0.7912351971073927,0.0284878904142639,1441.2709332769057,13.335447839202644,2745.713336124727,9,217.19512238361335,17.059563491724585,173.71387345616242,173.71387345616242,217.19512238361335,227.51732057489463,cured_embutido,cured_embutido,rm_cured_embutido,2745.713336124727,1441.2709332769057,9,6.0,0.79,0.031,1000.0,28.0,892.6507076258481,1235.3750856659192,342.7243780400711,1,0.5689149039813707,0.0,0.0,0.0
2016-04-04,,100.0,127.40412675524428,cured_embutido,cured_embutido,curing_maturation,fermented_dry_spiced,cured,0.79,0.031,11.0,long,planned_campaign,high,1158.5716648798211,0.7241072905498882,0.7864501447010314,0.0306602510328405,1518.3337062243234,14.85307071807286,3221.702558883362,9,112.541054760378,0.0,94.55341767487698,94.55341767487698,112.541054760378,117.88956838786495,cured_embutido,cured_embutido,rm_cured_embutido,3221.702558883362,1518.3337062243234,9,6.0,0.79,0.031,1000.0,28.0,1269.5592223092322,1301.42889104942,31.869668740187763,1,0.5061217474963311,0.0,0.0,0.0
2016-04-11,,100.0,127.40412675524428,cured_embutido,cured_embutido,curing_maturation,fermented_dry_spiced,cured,0.79,0.031,11.0,long,planned_campaign,high,1165.2516547619275,0.7282822842262049,0.7853606428569322,0.0337625580311178,1533.8093935987088,12.1635454814675,2665.2229027057115,9,124.92557646871803,0.0,0.0,0.0,124.92557646871803,130.86266449039388,cured_embutido,cured_embutido,rm_cured_embutido,2665.2229027057115,1533.8093935987088,9,6.0,0.79,0.031,1000.0,28.0,693.1822537930859,1314.6937659417504,621.5115121486645,1,0.6160326446332032,183.28025683474743,239.422420131347,227.2675184750868
2016-04-18,,100.0,127.40412675524428,fresh_preparation,fresh_preparation,fresh_forming,marinated_short_run,fresh_prepared,0.85,0.027,2.5,short,service_critical,low,1314.4715141248175,0.821544696328011,0.8479543145926393,0.0304342861537119,1597.3460987427034,8.894967696186677,2029.76313542088,2,140.40100057004935,0.0,142.0148798854305,142.0148798854305,140.40100057004935,148.10550547633082,fresh_preparation,fresh_preparation,rm_fresh_preparation,2029.76313542088,1597.3460987427034,2,6.0,0.85,0.027,1000.0,7.0,1573.3785357801075,1369.1537989223173,-204.22473685779028,0,0.4627786654780353,936.7367622441404,1132.6241004100605,1161.5535851827342
2016-04-25,,100.0,127.40412675524428,fresh_preparation,fresh_preparation,fresh_forming,marinated_short_run,fresh_prepared,0.85,0.027,2.5,short,service_critical,low,1358.1834655444015,0.848864665965251,0.8440711699005458,0.029950091878393,1657.2787165447126,9.125754622677231,2160.5598440817857,3,131.83523171020926,0.0,124.841203715352,124.841203715352,131.83523171020926,139.069690050307,fresh_preparation,fresh_preparation,rm_fresh_preparation,2160.5598440817857,1657.2787165447126,3,6.0,0.85,0.027,1000.0,7.0,1450.2975369911946,1420.5246141811822,-29.77292281001246,0,0.4947604158591813,917.243486644109,1109.0544545603157,1137.3819234386951
2016-05-02,,100.0,126.79901809317818,fresh_preparation,fresh_preparation,fresh_forming,marinated_short_run,fresh_prepared,0.85,0.027,2.5,short,service_critical,low,1351.025383539933,0.8443908647124582,0.8430328113502117,0.0258998334210673,1644.0839517282725,8.673517010973587,2037.141446111978,2,166.79653246240423,0.0,173.227237805769,173.227237805769,166.79653246240423,175.94949218127866,fresh_preparation,fresh_preparation,rm_fresh_preparation,2037.141446111978,1644.0839517282725,2,6.0,0.85,0.027,1000.0,7.0,1567.4031741896144,1409.2148157670906,-158.18835842252383,0,0.47196622212889106,1016.1573213833849,1228.652827983054,1260.0350785153973
2016-05-09,,100.0,126.79901809317818,fresh_preparation,fresh_preparation,fresh_forming,marinated_short_run,fresh_prepared,0.85,0.027,2.5,short,service_critical,low,1303.405608929815,0.8146285055811343,0.8523548131128605,0.0279812138049117,1571.9703336389653,9.682098005620224,2174.281547459997,2,162.326452256187,0.0,168.55446526678892,168.55446526678892,162.326452256187,171.23411632374527,fresh_preparation,fresh_preparation,rm_fresh_preparation,2174.281547459997,1571.9703336389653,2,6.0,0.85,0.027,1000.0,7.0,1725.1471664202927,1347.403143119113,-377.7440233011796,0,0.43036805247478055,745.0919292980811,900.9031247180716,923.9139923296206
2016-05-16,,100.0,126.79901809317818,fresh_preparation,fresh_preparation,fresh_forming,marinated_short_run,fresh_prepared,0.85,0.027,2.5,short,service_critical,low,1276.9226255305928,0.7980766409566205,0.8482157224861646,0.0287017218077183,1548.630223038549,9.630157113575038,2130.50747981314,2,172.9650509269062,0.0,182.6270234138377,182.6270234138377,172.9650509269062,182.45650809652017,fresh_preparation,fresh_preparation,rm_fresh_preparation,2130.50747981314,1548.630223038549,2,6.0,0.85,0.027,1000.0,7.0,1688.041701802126,1327.397334033042,-360.64436776908406,0,0.43249154956832064,745.5200772584512,901.4208055842468,924.4448958004796
2016-05-23,,100.0,126.79901809317818,fresh_preparation,fresh_preparation,fresh_forming,marinated_short_run,fresh_prepared,0.85,0.027,2.5,short,service_critical,low,1270.2636288726196,0.7939147680453873,0.8539207634866872,0.0284514159666374,1529.8895209325026,9.11354973525013,1991.817748350908,3,189.9033661843833,48.38959317744638,196.04680532641203,196.04680532641203,189.9033661843833,200.3243134037513,fresh_preparation,fresh_preparation,rm_fresh_preparation,1991.817748350908,1529.8895209325026,3,6.0,0.85,0.027,1000.0,7.0,1336.150810808407,1311.333875085002,-24.816935723404868,0,0.49526890223551623,849.4056476665965,1027.0305878321703,1053.2630031065796
2016-05-30,,100.0,126.79901809317818,fresh_preparation,fresh_preparation,fresh_forming,marinated_short_run,fresh_prepared,0.85,0.027,2.5,short,service_critical,low,1315.5771893552844,0.8222357433470527,0.8507222588601043,0.0286872851030961,1590.7865500954213,8.979798253137037,2040.7060405229652,3,182.80440201695583,17.666140593122666,186.1016319668668,186.1016319668668,182.80440201695583,192.83579357763628,fresh_preparation,fresh_preparation,rm_fresh_preparation,2040.7060405229652,1590.7865500954213,3,6.0,0.85,0.027,1000.0,7.0,1358.940376196356,1363.5313286532182,4.590952456862169,1,0.5008417386574328,913.6118382256743,1104.663367662988,1132.878679399836
2016-06-06,,100.0,124.24812030075188,fresh_preparation,fresh_preparation,fresh_forming,marinated_short_run,fresh_prepared,0.85,0.027,2.5,short,service_critical,low,1299.8059737042677,0.8123787335651673,0.8472097711736147,0.027726526158495,1576.758346618973,9.135035270654216,2057.677587094678,3,167.40982292470426,0.0,171.45760904283597,171.45760904283597,167.40982292470426,176.5964369576974,fresh_preparation,fresh_preparation,rm_fresh_preparation,2057.677587094678,1576.758346618973,3,6.0,0.85,0.027,1000.0,7.0,1381.924009972261,1351.5071542448338,-30.41685572742722,0,0.49437376786811255,870.5879137691286,1052.6424203725635,1079.5290130737194
2016-06-13,,100.0,124.24812030075188,fresh_preparation,fresh_preparation,fresh_forming,marinated_short_run,fresh_prepared,0.85,0.027,2.5,short,service_critical,low,1251.140845143451,0.7819630282146569,0.8465362404646708,0.0268551753223389,1517.6437705579067,9.13933737900452,1981.465491467605,2,184.252947479357,40.99524161531609,193.2063347630824,193.2063347630824,184.252947479357,194.3638279722867,fresh_preparation,fresh_preparation,rm_fresh_preparation,1981.465491467605,1517.6437705579067,2,6.0,0.85,0.027,1000.0,7.0,1547.8529855939173,1300.837517621063,-247.01546797285437,0,0.452669743526587,837.0157967113644,1012.0498116333528,1037.8995879220918
2016-06-20,,100.0,124.24812030075188,fresh_preparation,fresh_preparation,fresh_forming,marinated_short_run,fresh_prepared,0.85,0.027,2.5,short,service_critical,low,1276.802099378273,0.7980013121114206,0.8434100148038102,0.0257832650081919,1552.8891088330506,9.155185554317748,2030.9982766636724,3,176.28242029953773,0.0,182.8320145705028,182.8320145705028,176.28242029953773,185.9559181134749,fresh_preparation,fresh_preparation,rm_fresh_preparation,2030.9982766636724,1552.8891088330506,3,6.0,0.85,0.027,1000.0,7.0,1365.4743728780795,1331.047807571186,-34.42656530689351,0,0.4935342956741498,852.938639740564,1031.3023876918735,1057.6439132782994
2016-06-27,,100.0,124.24812030075188,fresh_preparation,fresh_preparation,fresh_forming,marinated_short_run,fresh_prepared,0.85,0.027,2.5,short,service_critical,low,1291.514308167995,0.8071964426049969,0.8511629327114673,0.023204128962997,1552.561468487075,9.089409910283129,2015.981085427164,2,187.43876229207456,49.39603977988177,196.63627948690123,196.63627948690123,187.43876229207456,197.7244643728521,fresh_preparation,fresh_preparation,rm_fresh_preparation,2015.981085427164,1552.561468487075,2,6.0,0.85,0.027,1000.0,7.0,1572.392094430857,1330.7669729889215,-241.62512144193556,0,0.45473221425656846,867.3473560488324,1048.7242077853,1075.510721500552
2016-07-04,,100.0,124.2979022899715,fresh_preparation,fresh_preparation,fresh_forming,marinated_short_run,fresh_prepared,0.85,0.027,2.5,short,service_critical,low,1287.508017011755,0.804692510632347,0.8485816498109946,0.0276792835334267,1559.2433760038168,9.35250789731025,2083.2622839863416,3,168.25811499796689,0.0,175.87472003946013,175.87472003946013,168.25811499796689,177.49127905848033,fresh_preparation,fresh_preparation,rm_fresh_preparation,2083.2622839863416,1559.2433760038168,3,6.0,0.85,0.027,1000.0,7.0,1415.0151228418486,1336.4943222889858,-78.52080055286274,0,0.4853163943402452,812.4754143064611,982.3776244561527,1007.4695137400117
2016-07-11,,100.0,124.2979022899715,fresh_preparation,fresh_preparation,fresh_forming,marinated_short_run,fresh_prepared,0.85,0.027,2.5,short,service_critical,low,1316.5369475650252,0.8228355922281407,0.8400008112866806,0.0275209742792817,1610.438119654393,9.652965547451531,2220.7862407609264,3,141.9192771911127,0.0,142.43381861452107,142.43381861452107,141.9192771911127,149.70709752697502,fresh_preparation,fresh_preparation,rm_fresh_preparation,2220.7862407609264,1610.438119654393,3,6.0,0.85,0.027,1000.0,7.0,1530.598475194758,1380.3755311323368,-150.22294406242122,0,0.4728199223745778,770.0274100258034,931.0530318914255,954.8339884319962
2016-07-18,,100.0,124.2979022899715,fresh_preparation,fresh_preparation,fresh_forming,marinated_short_run,fresh_prepared,0.85,0.027,2.5,short,service_critical,low,1299.9266406750558,0.8124541504219098,0.8478571405089224,0.0281151516856496,1576.296538064938,8.462882219995668,1905.7159922043556,2,179.46499931370835,43.01084030250997,186.95915273421312,186.95915273421312,179.46499931370835,189.3131411510481,fresh_preparation,fresh_preparation,rm_fresh_preparation,1905.7159922043556,1576.296538064938,2,6.0,0.85,0.027,1000.0,7.0,1455.3455527572305,1351.1113183413752,-104.23423441585533,0,0.48072280083831187,1021.6918642019573,1235.3447363544615,1266.897911610427
2016-07-25,,100.0,124.2979022899715,fresh_preparation,fresh_preparation,fresh_forming,marinated_short_run,fresh_prepared,0.85,0.027,2.5,short,service_critical,low,1208.7029367313053,0.7554393354570658,0.8463958638829802,0.0243249126134142,1462.7960542751985,8.570639969014925,1791.0140470411916,2,192.4774517520237,81.15498734175925,200.35481193269385,200.35481193269385,192.4774517520237,203.03965191691609,fresh_preparation,fresh_preparation,rm_fresh_preparation,1791.0140470411916,1462.7960542751985,2,6.0,0.85,0.027,1000.0,7.0,1373.0723172482776,1253.8251893787415,-119.24712786953614,0,0.4762412406385613,925.6071966127483,1119.167156293753,1147.7529237998078
2016-08-01,,100.0,125.20599443815014,fresh_preparation,fresh_preparation,fresh_forming,marinated_short_run,fresh_prepared,0.85,0.027,2.5,short,service_critical,low,1310.3201489741505,0.818950093108844,0.8563027103686827,0.0282900333786301,1573.4963038306864,8.130565693081644,1827.630723730936,3,227.45739134383692,144.5472450495852,208.41705238374357,208.41705238374357,227.45739134383692,239.93911569383,fresh_preparation,fresh_preparation,rm_fresh_preparation,1827.630723730936,1573.4963038306864,3,6.0,0.85,0.027,1000.0,7.0,1153.2751649463562,1348.7111175691596,195.43595262280337,1,0.536163173066574,1094.5766976689097,1323.471008607593,1357.275105109448
2016-08-08,,100.0,125.20599443815014,fresh_preparation,fresh_preparation,fresh_forming,marinated_short_run,fresh_prepared,0.85,0.027,2.5,short,service_critical,low,1222.2820557530292,0.7639262848456433,0.8431888855524268,0.0311090901892415,1494.6901697315836,9.699514950986318,2071.1099497719674,2,165.7663778085265,0.0,174.41050081624746,174.41050081624746,165.7663778085265,174.86280779076938,fresh_preparation,fresh_preparation,rm_fresh_preparation,2071.1099497719674,1494.6901697315836,2,6.0,0.85,0.027,1000.0,7.0,1644.0556155629436,1281.1630026270718,-362.89261293587174,0,0.42965656538696556,704.7432225866883,852.1168279870483,873.8815960074934
2016-08-15,,100.0,125.20599443815014,fresh_preparation,fresh_preparation,fresh_forming,marinated_short_run,fresh_prepared,0.85,0.027,2.5,short,service_critical,low,1276.0173609914798,0.7975108506196749,0.8442345968010637,0.0271569002615558,1552.4950554766078,9.329870486686035,2069.225399831029,2,184.1632429633966,85.3506184869481,192.70828843129095,192.70828843129095,184.1632429633966,194.269200921013,fresh_preparation,fresh_preparation,rm_fresh_preparation,2069.225399831029,1552.4950554766078,2,6.0,0.85,0.027,1000.0,7.0,1625.6553839805695,1330.7100475513782,-294.94533642919123,0,0.44481446782098344,813.9797031969574,984.1964853357807,1009.3348319642272
2016-08-22,,100.0,125.20599443815014,fresh_preparation,fresh_preparation,fresh_forming,marinated_short_run,fresh_prepared,0.85,0.027,2.5,short,service_critical,low,1235.4084326729449,0.7721302704205906,0.8544398785724228,0.0268766693615869,1484.7295034543308,9.48283702033142,2011.3497000764307,3,162.12534440677757,6.3568557631462514,170.96261867642406,170.96261867642406,162.12534440677757,171.0219726810995,fresh_preparation,fresh_preparation,rm_fresh_preparation,2011.3497000764307,1484.7295034543308,3,6.0,0.85,0.027,1000.0,7.0,1375.0370557388605,1272.6252886751406,-102.41176706371994,0,0.4798926407147497,746.0050920530405,902.0072450916396,925.0463141457702
2016-08-29,,100.0,125.20599443815014,fresh_preparation,fresh_preparation,fresh_forming,marinated_short_run,fresh_prepared,0.85,0.027,2.5,short,service_critical,low,1213.9104898695462,0.7586940561684663,0.8554270526298559,0.0276180047121714,1458.2614282116754,8.321977567753677,1733.659841928286,4,191.63159319696405,0.0,136.1878085796557,136.1878085796557,191.63159319696405,202.14737687364743,fresh_preparation,fresh_preparation,rm_fresh_preparation,1733.659841928286,1458.2614282116754,4,6.0,0.85,0.027,1000.0,7.0,900.3675972359,1249.938367038579,349.5707698026789,1,0.5694654175741409,974.5399533219684,1178.3325715760454,1208.4295421192408
2016-09-05,,100.0,125.15192089813576,fresh_preparation,fresh_preparation,fresh_forming,marinated_short_run,fresh_prepared,0.85,0.027,2.5,short,service_critical,low,1159.0746069425495,0.7244216293390936,0.8470200682450975,0.0310646740494206,1410.9239280271297,10.251917400813952,2066.382224138015,2,139.5069754250139,0.0,142.4470930972128,142.4470930972128,139.5069754250139,147.16242070146154,fresh_preparation,fresh_preparation,rm_fresh_preparation,2066.382224138015,1410.9239280271297,2,6.0,0.85,0.027,1000.0,7.0,1663.261101844549,1209.363366880397,-453.89773496415205,0,0.407256254782209,553.9050707695119,669.7358935608631,686.8422877541948
2016-09-12,,100.0,125.15192089813576,fresh_preparation,fresh_preparation,fresh_forming,marinated_short_run,fresh_prepared,0.85,0.027,2.5,short,service_critical,low,1216.7230481650724,0.7604519051031703,0.8474716567087643,0.0249527044766002,1471.5342618760487,8.815637982198655,1853.216190157308,2,248.51584782022545,342.25212715823415,257.4143503454654,257.4143503454654,248.51584782022545,262.15315496936034,fresh_preparation,fresh_preparation,rm_fresh_preparation,1853.216190157308,1471.5342618760487,2,6.0,0.85,0.027,1000.0,7.0,1432.777829621294,1261.3150816080417,-171.46274801325217,0,0.4660673231569961,879.6331533267823,1063.5791709410341,1090.7451101252102
2016-09-19,,100.0,125.15192089813576,fresh_preparation,fresh_preparation,fresh_forming,marinated_short_run,fresh_prepared,0.85,0.027,2.5,short,service_critical,low,1164.0628590094057,0.7275392868808785,0.8524649415862132,0.0274064138667878,1402.9499503698016,9.281872011352624,1860.2859825237165,2,337.1689128342238,695.9773625631109,347.07491320151894,347.07491320151894,337.1689128342238,355.6710569260018,fresh_preparation,fresh_preparation,rm_fresh_preparation,1860.2859825237165,1402.9499503698016,2,6.0,0.85,0.027,1000.0,7.0,1459.443139560916,1202.5285288884013,-256.91461067251475,0,0.44679090352061623,745.1924967344867,901.0247224889507,924.0386959507634
2016-09-26,,100.0,125.15192089813576,fresh_preparation,fresh_preparation,fresh_forming,marinated_short_run,fresh_prepared,0.85,0.027,2.5,short,service_critical,low,1255.491459928606,0.7846821624553787,0.8406916008122187,0.0254006851554047,1531.3365828488968,9.693579323492894,2120.590376687476,2,427.0125082428765,1137.743688164182,433.6203227704352,433.6203227704352,427.0125082428765,450.4448196327043,fresh_preparation,fresh_preparation,rm_fresh_preparation,2120.590376687476,1531.3365828488968,2,6.0,0.85,0.027,1000.0,7.0,1683.065638730648,1312.574213870483,-370.4914248601651,0,0.42989900493968186,723.3204200319037,874.578828404454,896.9173208395606
2016-10-03,,100.0,124.4695643217633,cured_embutido,cured_embutido,curing_maturation,fermented_dry_spiced,cured,0.79,0.031,11.0,long,planned_campaign,high,1081.7997308297274,0.6761248317685796,0.7825552252619778,0.02990599055831,1423.7359708293,12.984812308048236,2640.992051062186,9,332.47713963314675,665.249382230771,274.8365035911712,274.8365035911712,332.47713963314675,348.27811569421203,cured_embutido,cured_embutido,rm_cured_embutido,2640.992051062186,1423.7359708293,9,6.0,0.79,0.031,1000.0,28.0,810.4743742816574,1220.3451178536857,409.87074357202823,1,0.583185640127769,3.0890376207998997,4.035267495917624,3.830406649791876
2016-10-10,,100.0,124.4695643217633,cured_embutido,cured_embutido,curing_maturation,fermented_dry_spiced,cured,0.79,0.031,11.0,long,planned_campaign,high,1010.2857577837532,0.6314285986148457,0.7888770663965972,0.0309008193842361,1320.2366501397223,13.24920554641828,2498.8695353737003,9,299.54781929022204,545.0865298692516,257.78585458875705,257.78585458875705,299.54781929022204,313.78382940198986,cured_embutido,cured_embutido,rm_cured_embutido,2498.8695353737003,1320.2366501397223,9,6.0,0.79,0.031,1000.0,28.0,801.4224137654858,1131.6314144054763,330.20900063999056,1,0.5724365192641885,0.0,0.0,0.0
2016-10-17,,100.0,124.4695643217633,cured_embutido,cured_embutido,curing_maturation,fermented_dry_spiced,cured,0.79,0.031,11.0,long,planned_campaign,high,1045.3539919625011,0.6533462449765632,0.7961995622645165,0.0336946464832271,1357.1683236024116,13.684503226286406,2653.1677575644167,9,262.6361544011013,407.5773390464592,233.61723385901297,233.61723385901297,262.6361544011013,275.1179376390137,cured_embutido,cured_embutido,rm_cured_embutido,2653.1677575644167,1357.1683236024116,9,6.0,0.79,0.031,1000.0,28.0,908.2370557898876,1163.2871345163528,255.05007872646524,1,0.554593845252224,0.0,0.0,0.0
2016-10-24,,100.0,124.4695643217633,cured_embutido,cured_embutido,curing_maturation,fermented_dry_spiced,cured,0.79,0.031,11.0,long,planned_campaign,high,1014.9396871699882,0.6343373044812427,0.788257079647333,0.0346019812013774,1332.1270918565972,15.291484006804705,2910.028588593774,9,180.10047061718103,109.2739782664072,194.17877996727407,194.17877996727407,180.10047061718103,188.65974548326253,cured_embutido,cured_embutido,rm_cured_embutido,2910.028588593774,1332.1270918565972,9,6.0,0.79,0.031,1000.0,28.0,1197.2937562067207,1141.823221591369,-55.47053461535165,0,0.4878572211179694,0.0,0.0,0.0
2016-10-31,,100.0,124.4695643217633,cured_embutido,cured_embutido,curing_maturation,fermented_dry_spiced,cured,0.79,0.031,11.0,long,planned_campaign,high,1020.0523749754371,0.6375327343596483,0.7904037471669406,0.0318962842892534,1331.7095968869,13.757675007237095,2617.3182625698128,9,243.8881620078255,297.58753894165187,221.21533019492367,221.21533019492367,243.8881620078255,255.47894690724743,cured_embutido,cured_embutido,rm_cured_embutido,2617.3182625698128,1331.7095968869,9,6.0,0.79,0.031,1000.0,28.0,905.1202094295127,1141.4653687602001,236.34515933068747,1,0.5515793993589655,0.0,0.0,0.0
2016-11-07,,100.0,124.87640333710992,cured_embutido,cured_embutido,curing_maturation,fermented_dry_spiced,cured,0.79,0.031,11.0,long,planned_campaign,high,1069.1653939715677,0.6682283712322298,0.7945351570902561,0.030246810553953,1386.3505312059358,14.53124644344574,2877.914460850767,9,208.2284167252244,176.2004334088765,209.86031219038975,209.86031219038975,208.2284167252244,218.12447223009067,cured_embutido,cured_embutido,rm_cured_embutido,2877.914460850767,1386.3505312059358,9,6.0,0.79,0.031,1000.0,28.0,1095.4637778717065,1188.3004553193734,92.83667744766694,1,0.5195214699159622,0.0,0.0,0.0
2016-11-14,,100.0,124.87640333710992,cured_embutido,cured_embutido,curing_maturation,fermented_dry_spiced,cured,0.79,0.031,11.0,long,planned_campaign,high,1046.8944265211312,0.6543090165757071,0.7984275389331126,0.035985477733277,1358.379276402511,14.290833640182482,2773.196037048535,9,219.32285561670813,202.95497219431164,216.47727271409224,216.47727271409224,219.32285561670813,229.7461743298922,cured_embutido,cured_embutido,rm_cured_embutido,2773.196037048535,1358.379276402511,9,6.0,0.79,0.031,1000.0,28.0,1026.708395959592,1164.3250940592952,137.61669809970317,1,0.5295142470304478,0.0,0.0,0.0
2016-11-21,,100.0,124.87640333710992,cured_embutido,cured_embutido,curing_maturation,fermented_dry_spiced,cured,0.79,0.031,11.0,long,planned_campaign,high,1106.6891858395784,0.6916807411497365,0.7876926061074068,0.0301448910373409,1447.3288208109232,13.78823577496402,2850.8730036059515,9,241.1165647357708,275.5582269927912,212.84309290975307,212.84309290975307,241.1165647357708,252.5756294748383,cured_embutido,cured_embutido,rm_cured_embutido,2850.8730036059515,1447.3288208109232,9,6.0,0.79,0.031,1000.0,28.0,990.0216625633361,1240.567560695077,250.54589813174084,1,0.5503192565193937,0.0,0.0,0.0
2016-11-28,,100.0,124.87640333710992,cured_embutido,cured_embutido,curing_maturation,fermented_dry_spiced,cured,0.79,0.031,11.0,long,planned_campaign,high,1040.629000288955,0.6503931251805969,0.7899326531050663,0.0298577281712805,1356.6977056766773,12.9739122900889,2514.5252910877225,9,281.4383266918708,400.8956700648969,227.9420143725248,227.9420143725248,281.4383266918708,294.813683167902,cured_embutido,cured_embutido,rm_cured_embutido,2514.5252910877225,1356.6977056766773,9,6.0,0.79,0.031,1000.0,28.0,770.1996695034231,1162.8837477228662,392.6840782194431,1,0.583627169614148,5.056162311821026,6.604959192983797,6.2696412666580725
2016-12-05,,100.0,125.3544820956501,cured_embutido,cured_embutido,curing_maturation,fermented_dry_spiced,cured,0.79,0.031,11.0,long,planned_campaign,high,1095.2803649363514,0.6845502280852196,0.7972882208853714,0.0274501139108425,1411.4669027324785,14.192035680082672,2861.6555206907306,9,232.18068813365483,254.09363568139025,222.6993749694481,222.6993749694481,232.18068813365483,243.2150753372068,cured_embutido,cured_embutido,rm_cured_embutido,2861.6555206907306,1411.4669027324785,9,6.0,0.79,0.031,1000.0,28.0,1046.9123600346868,1209.828773770696,162.9164137360092,1,0.5336143997551728,0.0,0.0,0.0
2016-12-12,,100.0,125.3544820956501,cured_embutido,cured_embutido,curing_maturation,fermented_dry_spiced,cured,0.79,0.031,11.0,long,planned_campaign,high,1071.2938888193917,0.6695586805121198,0.7839112028992343,0.0337921831384894,1412.7815038355575,12.657317308602902,2554.574825967406,9,303.83894303144393,472.815410898068,233.86261529300984,233.86261529300984,303.83894303144393,318.2788887990133,cured_embutido,cured_embutido,rm_cured_embutido,2554.574825967406,1412.7815038355575,9,6.0,0.79,0.031,1000.0,28.0,738.1414638931176,1210.9555747161921,472.81411082307454,1,0.5963903285514678,69.1622525843436,90.34794135196616,85.76119320458606
2016-12-19,,100.0,125.3544820956501,cured_embutido,cured_embutido,curing_maturation,fermented_dry_spiced,cured,0.79,0.031,11.0,long,planned_campaign,high,1098.7892163670983,0.6867432602294364,0.7941103242822153,0.0329364911847425,1429.246595845174,14.516708587797986,2963.993761712382,9,219.34193134797343,222.8481709281564,218.5106097039314,218.5106097039314,219.34193134797343,229.76615663528588,cured_embutido,cured_embutido,rm_cured_embutido,2963.993761712382,1429.246595845174,9,6.0,0.79,0.031,1000.0,28.0,1126.3909956257296,1225.0685107244349,98.67751509870527,1,0.5201262616321799,0.0,0.0,0.0
2016-12-26,,100.0,125.3544820956501,cured_embutido,cured_embutido,curing_maturation,fermented_dry_spiced,cured,0.79,0.031,11.0,long,planned_campaign,high,1063.8518302691346,0.6649073939182091,0.785926737870555,0.0358356110722328,1402.1352851321897,13.676186698522685,2739.409133722023,9,252.13377395218103,315.7308268891848,221.90653743651723,221.90653743651723,252.13377395218103,264.1164315592585,cured_embutido,cured_embutido,rm_cured_embutido,2739.409133722023,1402.1352851321897,9,6.0,0.79,0.031,1000.0,28.0,936.6637671234932,1201.8302443990196,265.1664772755264,1,0.55493621006173,0.0,0.0,0.0
2017-01-02,,100.0,124.4412400865177,cured_embutido,cured_embutido,curing_maturation,fermented_dry_spiced,cured,0.79,0.031,11.0,long,planned_campaign,high,1076.0443715128122,0.6725277321955077,0.7904098894684126,0.0282209532955637,1399.7944410960529,11.987532327406749,2397.1544449090275,9,338.9965148856208,575.0215646492358,245.3215417778414,245.3215417778414,338.9965148856208,355.10732425555994,cured_embutido,cured_embutido,rm_cured_embutido,2397.1544449090275,1399.7944410960529,9,6.0,0.79,0.031,1000.0,28.0,597.418734928388,1199.8238066537597,602.4050717253717,1,0.6229475316871566,202.46380284078487,264.4822443087417,251.05511552257323
2017-01-09,,100.0,124.4412400865177,cured_embutido,cured_embutido,curing_maturation,fermented_dry_spiced,cured,0.79,0.031,11.0,long,planned_campaign,high,1079.0904039422826,0.6744315024639266,0.7890295238103989,0.0339163416149582,1414.001845365559,13.37336279876655,2701.422810885574,9,276.13604084980307,391.7430462926938,234.74068845872503,234.74068845872503,276.13604084980307,289.25940619118995,cured_embutido,cured_embutido,rm_cured_embutido,2701.422810885574,1414.001845365559,9,6.0,0.79,0.031,1000.0,28.0,883.4204382727125,1212.0015817419076,328.581143469195,1,0.5673644553215318,0.0,0.0,0.0
2017-01-16,,100.0,124.4412400865177,cured_embutido,cured_embutido,curing_maturation,fermented_dry_spiced,cured,0.79,0.031,11.0,long,planned_campaign,high,1060.6745237987686,0.6629215773742304,0.7861679535971952,0.0311402710367322,1391.183920620599,13.970035148339418,2776.412609839201,9,259.1087051048536,343.4092943600018,244.2497790135817,244.2497790135817,259.1087051048536,271.42284631496176,cured_embutido,cured_embutido,rm_cured_embutido,2776.412609839201,1391.183920620599,9,6.0,0.79,0.031,1000.0,28.0,987.7475690412882,1192.4433605319423,204.69579149065407,1,0.5428101283627178,0.0,0.0,0.0
2017-01-23,,100.0,124.4412400865177,cured_embutido,cured_embutido,curing_maturation,fermented_dry_spiced,cured,0.79,0.031,11.0,long,planned_campaign,high,1114.640434026732,0.6966502712667075,0.786067592289367,0.0326122004336002,1464.2396182756056,13.435452131961794,2810.3887572948443,9,283.7374330726042,411.4179148944176,243.4534186935809,243.4534186935809,283.7374330726042,297.2220545793797,cured_embutido,cured_embutido,rm_cured_embutido,2810.3887572948443,1464.2396182756056,9,6.0,0.79,0.031,1000.0,28.0,927.7949623690656,1255.062529950519,327.2675675814535,1,0.564822610448833,0.0,0.0,0.0
2017-01-30,,100.0,124.4412400865177,cured_embutido,cured_embutido,curing_maturation,fermented_dry_spiced,cured,0.79,0.031,11.0,long,planned_campaign,high,1119.0918101790924,0.6994323813619328,0.791105657457015,0.027704445717791,1453.782585987782,14.006669942381798,2908.950407130449,9,248.71678383167196,294.59233477378217,231.33888523222728,231.33888523222728,248.71678383167196,260.53704898327214,cured_embutido,cured_embutido,rm_cured_embutido,2908.950407130449,1453.782585987782,9,6.0,0.79,0.031,1000.0,28.0,1039.8013680033007,1246.0993594180989,206.29799141479816,1,0.5412944772847089,0.0,0.0,0.0
2017-02-06,,100.0,121.10155525800803,cured_embutido,cured_embutido,curing_maturation,fermented_dry_spiced,cured,0.79,0.031,11.0,long,planned_campaign,high,1099.319198186294,0.6870744988664338,0.7939821573126508,0.0339361636453305,1431.5509031606894,13.146214105606171,2688.4963822891877,9,288.94420979706143,413.3170622679025,238.6546954647743,238.6546954647743,288.94420979706143,302.6762833676668,cured_embutido,cured_embutido,rm_cured_embutido,2688.4963822891877,1431.5509031606894,9,6.0,0.79,0.031,1000.0,28.0,847.9309353683016,1227.043631280591,379.1126959122894,1,0.5766324422413811,0.0,0.0,0.0
2017-02-13,,100.0,121.10155525800803,cured_embutido,cured_embutido,curing_maturation,fermented_dry_spiced,cured,0.79,0.031,11.0,long,planned_campaign,high,1134.0889016609472,0.708805563538092,0.789481055187246,0.0325730335026636,1483.2903332582289,12.872639182560986,2727.6944661448315,9,302.42641559003005,459.22581545048655,236.2483226762908,236.2483226762908,302.42641559003005,316.7992309909462,cured_embutido,cured_embutido,rm_cured_embutido,2727.6944661448315,1483.2903332582289,9,6.0,0.79,0.031,1000.0,28.0,820.6068948128229,1271.391714221339,450.7848194085161,1,0.587722961548086,26.987581334736205,35.25438117690978,33.464600855072895
2017-02-20,,100.0,121.10155525800803,cured_embutido,cured_embutido,curing_maturation,fermented_dry_spiced,cured,0.79,0.031,11.0,long,planned_campaign,high,1135.0031393614504,0.7093769621009065,0.7902804526349329,0.0309221799304275,1480.6135046831391,13.613361364404987,2879.4466686099586,9,264.8661805280884,357.9702252242676,228.4434601675418,228.4434601675418,264.8661805280884,277.45394575768586,cured_embutido,cured_embutido,rm_cured_embutido,2879.4466686099586,1480.6135046831391,9,6.0,0.79,0.031,1000.0,28.0,975.8007340173513,1269.097289728405,293.29655571105377,1,0.5575208209450747,0.0,0.0,0.0
2017-02-27,,100.0,121.10155525800803,cured_embutido,cured_embutido,curing_maturation,fermented_dry_spiced,cured,0.79,0.031,11.0,long,planned_campaign,high,1078.5848704991809,0.674115544061988,0.7922846962651642,0.0322902253753222,1405.3188510426207,13.6751680066075,2745.4244844086365,9,263.0253855229201,356.18142147591755,233.3652863714472,233.3652863714472,263.0253855229201,275.52566696989686,cured_embutido,cured_embutido,rm_cured_embutido,2745.4244844086365,1405.3188510426207,9,6.0,0.79,0.031,1000.0,28.0,938.5859616395528,1204.5590151793892,265.9730535398364,1,0.5549781427671253,0.0,0.0,0.0
2017-03-06,,100.0,122.2147835341779,cured_embutido,cured_embutido,curing_maturation,fermented_dry_spiced,cured,0.79,0.031,11.0,long,planned_campaign,high,1113.2556454070218,0.6957847783793887,0.7861135249079482,0.0294690093979155,1457.8838172489206,13.421010612113523,2795.1820260751915,9,272.9591219596828,382.92191924548416,229.9428851288037,229.9428851288037,272.9591219596828,285.9315042308167,cured_embutido,cured_embutido,rm_cured_embutido,2795.1820260751915,1457.8838172489206,9,6.0,0.79,0.031,1000.0,28.0,920.7599753265793,1249.6147004990748,328.8547251724956,1,0.5654141340582359,0.0,0.0,0.0
2017-03-13,,100.0,122.2147835341779,cured_embutido,cured_embutido,curing_maturation,fermented_dry_spiced,cured,0.79,0.031,11.0,long,planned_campaign,high,1082.4065683747526,0.6765041052342204,0.7929587700336518,0.0298411198288366,1405.7563074027637,14.366415910736231,2885.0971116126966,9,228.8180714817892,235.9369481788865,226.20672242203855,226.20672242203855,228.8180714817892,239.6926503289613,cured_embutido,cured_embutido,rm_cured_embutido,2885.0971116126966,1405.7563074027637,9,6.0,0.79,0.031,1000.0,28.0,1077.6961449520004,1204.9339777737973,127.23783282179693,1,0.5263748332321591,0.0,0.0,0.0
2017-03-20,,100.0,122.2147835341779,cured_embutido,cured_embutido,curing_maturation,fermented_dry_spiced,cured,0.79,0.031,11.0,long,planned_campaign,high,1105.3441850826464,0.690840115676654,0.793277372388239,0.0300731107727492,1435.2928279988987,13.119916797667484,2690.131783376345,9,287.4939748436834,411.3227987262802,235.37414243860948,235.37414243860948,287.4939748436834,301.15712599812946,cured_embutido,cured_embutido,rm_cured_embutido,2690.131783376345,1435.2928279988987,9,6.0,0.79,0.031,1000.0,28.0,844.7552902349039,1230.2509954276272,385.49570519272334,1,0.5777020638112963,0.0,0.0,0.0
2017-03-27,,100.0,122.2147835341779,cured_embutido,cured_embutido,curing_maturation,fermented_dry_spiced,cured,0.79,0.031,11.0,long,planned_campaign,high,1085.6054131633473,0.678503383227092,0.8004145051950017,0.0272945442766194,1393.3237228230537,13.817940587150328,2750.40920294801,9,263.460585381653,337.30456379165014,243.39784447627437,243.39784447627437,263.460585381653,275.9815497019161,cured_embutido,cured_embutido,rm_cured_embutido,2750.40920294801,1393.3237228230537,9,6.0,0.79,0.031,1000.0,28.0,958.9929878897979,1194.2774767054746,235.2844888156767,1,0.5490937887926117,0.0,0.0,0.0
2017-04-03,,100.0,122.65080509492914,cured_embutido,cured_embutido,curing_maturation,fermented_dry_spiced,cured,0.79,0.031,11.0,long,planned_campaign,high,1162.6199355012927,0.726637459688308,0.7884955832377617,0.0327235169884067,1522.7288195851354,13.660566311995602,2971.6197164470755,9,244.89190517652256,235.3531837900005,209.0707857275556,209.0707857275556,244.89190517652256,256.5303929700368,cured_embutido,cured_embutido,rm_cured_embutido,2971.6197164470755,1522.7288195851354,9,6.0,0.79,0.031,1000.0,28.0,1013.8255198376155,1305.1961310729732,291.3706112353577,1,0.5555791101681158,0.0,0.0,0.0
2017-04-10,,100.0,122.65080509492914,cured_embutido,cured_embutido,curing_maturation,fermented_dry_spiced,cured,0.79,0.031,11.0,long,planned_campaign,high,1120.5161789355204,0.7003226118347002,0.7881676727933276,0.0333831872283651,1469.132292911189,12.685754758015776,2662.435996421821,9,247.1966655570283,171.18364137442674,171.5692130067908,171.5692130067908,247.1966655570283,258.94468708762605,cured_embutido,cured_embutido,rm_cured_embutido,2662.435996421821,1469.132292911189,9,6.0,0.79,0.031,1000.0,28.0,773.5516198217208,1259.2562510667335,485.7046312450127,1,0.5952489513680678,65.95254755610131,86.15504376964547,81.78115896956562
2017-04-17,,100.0,122.65080509492914,cured_embutido,cured_embutido,curing_maturation,fermented_dry_spiced,cured,0.79,0.031,11.0,long,planned_campaign,high,1100.250041362033,0.6876562758512706,0.793075863486295,0.0295973117004723,1428.3809871667577,12.82836621909632,2617.6849148242127,9,191.46843908430668,0.0,114.47874856890306,114.47874856890306,191.46843908430668,200.5679766517884,cured_embutido,cured_embutido,rm_cured_embutido,2617.6849148242127,1428.3809871667577,9,6.0,0.79,0.031,1000.0,28.0,781.1950741812384,1224.3265604286494,443.131486247411,1,0.5895097212738384,35.02263277119437,45.75071882953112,43.428064636281015
2017-04-24,,100.0,122.65080509492914,cured_embutido,cured_embutido,curing_maturation,fermented_dry_spiced,cured,0.79,0.031,11.0,long,planned_campaign,high,1145.5649291677944,0.7159780807298715,0.7932764166756486,0.0316964060318896,1489.8655694964768,13.626930939046607,2900.3278891416903,9,111.94802039625912,0.0,32.1925736667187,32.1925736667187,111.94802039625912,117.26835006559136,cured_embutido,cured_embutido,rm_cured_embutido,2900.3278891416903,1489.8655694964768,9,6.0,0.79,0.031,1000.0,28.0,984.7864426462202,1277.0276309969802,292.24118835076,1,0.5569628324686227,0.0,0.0,0.0
2017-05-01,,100.0,125.64459092937824,cooked_emulsion,cooked_emulsion,cooking_emulsification,high_throughput_standard,cooked_emulsion,0.9,0.018,4.0,medium,standard_service,medium,1247.4304609807318,0.7796440381129573,0.8978596513864932,0.0174689190507415,1413.6081521929127,12.988079044325012,2622.864916911968,4,67.54531714824736,0.0,51.94216093034778,51.94216093034778,67.54531714824736,70.97830789230703,cooked_emulsion,cooked_emulsion,rm_cooked_emulsion,2622.864916911968,1413.6081521929127,4,6.0,0.9,0.018,1000.0,14.0,1815.0888299445894,1211.664130451068,-603.4246994935213,0,0.37800769374696425,2.4073657320127495,2.723880665323319,2.985133507695809
2017-05-08,,100.0,125.64459092937824,cooked_emulsion,cooked_emulsion,cooking_emulsification,high_throughput_standard,cooked_emulsion,0.9,0.018,4.0,medium,standard_service,medium,1250.6699243163273,0.7816687026977046,0.8983873492922798,0.018656547924162,1418.100008532245,12.14692093225212,2460.792668238177,3,97.90658141723875,0.0,90.97712618146046,90.97712618146046,97.90658141723875,102.88268341776993,cooked_emulsion,cooked_emulsion,rm_cooked_emulsion,2460.792668238177,1418.100008532245,3,6.0,0.9,0.018,1000.0,14.0,1853.0355217243577,1215.5142930276386,-637.5212286967192,0,0.3718036645859459,172.82163332170649,195.54382589014085,214.29882531891604
2017-05-15,,100.0,125.64459092937824,cooked_emulsion,cooked_emulsion,cooking_emulsification,high_throughput_standard,cooked_emulsion,0.9,0.018,4.0,medium,standard_service,medium,1358.9487017256429,0.8493429385785268,0.8974109673031508,0.0180652777536116,1541.6554264239032,10.763978150026054,2370.620760699428,5,115.48685382064484,0.0,102.50024622842751,102.50024622842751,115.48685382064484,121.35647316607913,cooked_emulsion,cooked_emulsion,rm_cooked_emulsion,2370.620760699428,1541.6554264239032,5,6.0,0.9,0.018,1000.0,14.0,1269.438313253783,1321.4189369347744,51.98062368099136,1,0.5098329758213467,492.45360265924955,557.2002745635319,610.6424672974695
2017-05-22,,100.0,125.64459092937824,cooked_emulsion,cooked_emulsion,cooking_emulsification,high_throughput_standard,cooked_emulsion,0.9,0.018,4.0,medium,standard_service,medium,1325.2583845273846,0.8282864903296153,0.8953472516036637,0.0166060417526574,1504.7409574115595,9.93306620604123,2135.2416504158414,4,140.93181925506028,0.0,137.6624196281443,137.6624196281443,140.93181925506028,148.0946789686987,cooked_emulsion,cooked_emulsion,rm_cooked_emulsion,2135.2416504158414,1504.7409574115595,4,6.0,0.9,0.018,1000.0,14.0,1275.389674752093,1289.7779634956225,14.388288743529529,1,0.5027888791591084,659.2772704913409,745.9575361974892,817.5038154092628
2017-05-29,,100.0,125.64459092937824,cooked_emulsion,cooked_emulsion,cooking_emulsification,high_throughput_standard,cooked_emulsion,0.9,0.018,4.0,medium,standard_service,medium,1327.8610282595282,0.8299131426622052,0.8967519349366627,0.0205502411918467,1511.1747629016588,12.239191200915462,2642.222408735928,3,117.5545097565492,0.0,114.2410518732258,114.2410518732258,117.5545097565492,123.5292177149258,cooked_emulsion,cooked_emulsion,rm_cooked_emulsion,2642.222408735928,1511.1747629016588,3,6.0,0.9,0.018,1000.0,14.0,1994.5760817780745,1295.2926539157074,-699.283427862367,0,0.36821894070112765,164.24500808143785,185.8395656047045,203.66381002098294
2017-06-05,,100.0,126.6642633982216,cooked_emulsion,cooked_emulsion,cooking_emulsification,high_throughput_standard,cooked_emulsion,0.9,0.018,4.0,medium,standard_service,medium,1268.0425801691997,0.7925266126057499,0.9003583710694738,0.017872258829751,1433.5462487409195,11.71764436200405,2399.6835884615843,5,126.3274535875786,0.0,124.55346066665238,124.55346066665238,126.3274535875786,132.74804641616728,cooked_emulsion,cooked_emulsion,rm_cooked_emulsion,2399.6835884615843,1433.5462487409195,5,6.0,0.9,0.018,1000.0,14.0,1375.7219822180705,1228.7539274922167,-146.9680547258538,0,0.4701337484684695,262.6165877715516,297.144815310649,325.64456883672403
2017-06-12,,100.0,126.6642633982216,cooked_emulsion,cooked_emulsion,cooking_emulsification,high_throughput_standard,cooked_emulsion,0.9,0.018,4.0,medium,standard_service,medium,1313.9642172732038,0.8212276357957523,0.9037848777403772,0.0220994615125158,1485.975426231295,12.460132033467191,2645.064287047089,4,117.5728005151992,0.0,114.69141151621984,114.69141151621984,117.5728005151992,123.54843810138418,cooked_emulsion,cooked_emulsion,rm_cooked_emulsion,2645.064287047089,1485.975426231295,4,6.0,0.9,0.018,1000.0,14.0,1795.9354720577774,1273.6932224839672,-522.2422495738101,0,0.39890684463860415,114.60436166817317,129.67228068360848,142.10940846853472
2017-06-19,,100.0,126.6642633982216,cooked_emulsion,cooked_emulsion,cooking_emulsification,high_throughput_standard,cooked_emulsion,0.9,0.018,4.0,medium,standard_service,medium,1387.5737613187666,0.8672336008242292,0.8899297622017568,0.0202181319666785,1590.7186958622826,11.246941699334103,2555.8172046291247,5,119.46927395539606,0.0,115.86354690821736,115.86354690821736,119.46927395539606,125.54129980417906,cooked_emulsion,cooked_emulsion,rm_cooked_emulsion,2555.8172046291247,1590.7186958622826,5,6.0,0.9,0.018,1000.0,14.0,1419.5895647274942,1363.4731678819567,-56.116396845537565,0,0.48971221468868303,398.3746591151148,450.752046973427,493.98457730274237
2017-06-26,,100.0,126.6642633982216,cooked_emulsion,cooked_emulsion,cooking_emulsification,high_throughput_standard,cooked_emulsion,0.9,0.018,4.0,medium,standard_service,medium,1334.953594972491,0.8343459968578069,0.8903064106609127,0.0167934137779003,1524.612208576061,11.985499950476084,2610.4627929119447,5,91.97435360102614,0.0,81.56777708343365,81.56777708343365,91.97435360102614,96.64895012279828,cooked_emulsion,cooked_emulsion,rm_cooked_emulsion,2610.4627929119447,1524.612208576061,5,6.0,0.9,0.018,1000.0,14.0,1521.4540725004726,1306.8104644937666,-214.64360800670602,0,0.4590295692358033,220.9598801578827,250.01117917841447,273.9902513957746
2017-07-03,,100.0,127.71140179215162,cooked_emulsion,cooked_emulsion,cooking_emulsification,high_throughput_standard,cooked_emulsion,0.9,0.018,4.0,medium,standard_service,medium,1311.157457825302,0.8194734111408138,0.8923336101299272,0.0204538817528718,1499.41199371863,12.258443832701191,2625.779672439763,4,80.66524305523924,0.0,67.48995077983241,67.48995077983241,80.66524305523924,84.76505403352176,cooked_emulsion,cooked_emulsion,rm_cooked_emulsion,2625.779672439763,1499.41199371863,4,6.0,0.9,0.018,1000.0,14.0,1768.9728188862603,1285.2102803302544,-483.7625385560059,0,0.4069937027103143,158.84260160912117,179.7268631015175,196.96482599531026
2017-07-10,,100.0,127.71140179215162,cooked_emulsion,cooked_emulsion,cooking_emulsification,high_throughput_standard,cooked_emulsion,0.9,0.018,4.0,medium,standard_service,medium,1281.126491402464,0.8007040571265399,0.8949623477331755,0.019261600328292,1459.059189648901,11.482261571960588,2393.3284663602185,4,83.79379893365831,0.0,70.11818724518535,70.11818724518535,83.79379893365831,88.05261876446149,cooked_emulsion,cooked_emulsion,rm_cooked_emulsion,2393.3284663602185,1459.059189648901,4,6.0,0.9,0.018,1000.0,14.0,1559.5803579894177,1250.622162556201,-308.9581954332168,0,0.4385513043208961,316.35288584488353,357.9462387925815,392.27757844765557
2017-07-17,,100.0,127.71140179215162,cooked_emulsion,cooked_emulsion,cooking_emulsification,high_throughput_standard,cooked_emulsion,0.9,0.018,4.0,medium,standard_service,medium,1276.734289153872,0.79795893072117,0.8947473291272002,0.0194537457273928,1454.6805684753035,11.495088412745837,2388.8116781324266,4,66.96122042339026,0.0,48.06283367378828,48.06283367378828,66.96122042339026,70.36452445140907,cooked_emulsion,cooked_emulsion,rm_cooked_emulsion,2388.8116781324266,1454.6805684753035,4,6.0,0.9,0.018,1000.0,14.0,1557.5656390036816,1246.8690586931173,-310.6965803105643,0,0.4380249941958212,312.737949035994,353.8560183706653,387.79505680463257
2017-07-24,,100.0,127.71140179215162,fresh_preparation,fresh_preparation,fresh_forming,marinated_short_run,fresh_prepared,0.85,0.027,2.5,short,service_critical,low,1190.4088179697285,0.7440055112310803,0.8493815569655203,0.0293812013577358,1442.6784395063862,9.13589745354351,1882.8803259669312,3,141.73358597553715,0.0,141.53119174760624,141.53119174760624,141.73358597553715,149.51121650594476,fresh_preparation,fresh_preparation,rm_fresh_preparation,1882.8803259669312,1442.6784395063862,3,6.0,0.85,0.027,1000.0,7.0,1264.5895661784798,1236.5815195769026,-28.008046601577234,0,0.4943378481588205,796.3796331163576,962.9159459722599,987.5107450642834
2017-07-31,,100.0,127.71140179215162,fresh_preparation,fresh_preparation,fresh_forming,marinated_short_run,fresh_prepared,0.85,0.027,2.5,short,service_critical,low,1275.738763532824,0.7973367272080151,0.8452444793856095,0.0256944074123084,1548.0942460882388,9.446345562820673,2089.119030337693,3,125.2547848047046,0.0,122.6716610397957,122.6716610397957,125.2547848047046,132.12814112086278,fresh_preparation,fresh_preparation,rm_fresh_preparation,2089.119030337693,1548.0942460882388,3,6.0,0.85,0.027,1000.0,7.0,1425.6500677284478,1326.9379252184904,-98.7121425099574,0,0.4814108401416591,785.9131409690362,950.2607351055393,974.532294801605
2017-08-07,,100.0,126.40505373021595,fresh_preparation,fresh_preparation,fresh_forming,marinated_short_run,fresh_prepared,0.85,0.027,2.5,short,service_critical,low,1282.6769171119258,0.8016730731949536,0.8471889801607152,0.0267454933820294,1554.532430131454,9.14286965106751,2030.4124824355847,2,138.64926763519824,0.0,140.39022136454656,140.39022136454656,138.64926763519824,146.25764619667976,fresh_preparation,fresh_preparation,rm_fresh_preparation,2030.4124824355847,1554.532430131454,2,6.0,0.85,0.027,1000.0,7.0,1586.2603595408837,1332.4563686841034,-253.80399085678027,0,0.4525238883973474,856.5763163799727,1035.7007634120944,1062.154632311166
2017-08-14,,100.0,126.40505373021595,fresh_preparation,fresh_preparation,fresh_forming,marinated_short_run,fresh_prepared,0.85,0.027,2.5,short,service_critical,low,1187.1797425353243,0.7419873390845778,0.8469036564600718,0.0266571003370244,1439.156039477596,9.73586785643035,2001.6332893053616,2,135.78007678632443,0.0,136.88332530796976,136.88332530796976,135.78007678632443,143.231008499974,fresh_preparation,fresh_preparation,rm_fresh_preparation,2001.6332893053616,1439.156039477596,2,6.0,0.85,0.027,1000.0,7.0,1590.4458494546197,1233.5623195522253,-356.88352990239446,0,0.42817247828226085,671.0850697244598,811.4201919164014,832.1454864583302
2017-08-21,,100.0,126.40505373021595,fresh_preparation,fresh_preparation,fresh_forming,marinated_short_run,fresh_prepared,0.85,0.027,2.5,short,service_critical,low,1217.0695970540748,0.7606684981587968,0.848237968556608,0.0244185069261687,1469.8571222424166,8.874308940214439,1863.4237429648208,2,159.49843592738787,0.0,167.1278003502325,167.1278003502325,159.49843592738787,168.25091259890328,fresh_preparation,fresh_preparation,rm_fresh_preparation,1863.4237429648208,1469.8571222424166,2,6.0,0.85,0.027,1000.0,7.0,1443.4645651812732,1259.877533350643,-183.58703183063017,0,0.46363478564724625,866.3109126282391,1047.4710266951683,1074.2255316590165
2017-08-28,,100.0,126.40505373021595,fresh_preparation,fresh_preparation,fresh_forming,marinated_short_run,fresh_prepared,0.85,0.027,2.5,short,service_critical,low,1194.9104855228156,0.7468190534517598,0.8552900173260924,0.0264728196996835,1434.0669369647092,8.354432930496792,1711.5451489592335,3,177.64391029469124,4.286811780213454,166.60617934441962,166.60617934441962,177.64391029469124,187.39211987211243,fresh_preparation,fresh_preparation,rm_fresh_preparation,1711.5451489592335,1434.0669369647092,3,6.0,0.85,0.027,1000.0,7.0,1096.9450331172152,1229.2002316840365,132.25519856682126,1,0.5268727083940731,951.7220196895121,1150.7430260437845,1180.135304414995
2017-09-04,,100.0,125.64459092937824,fresh_preparation,fresh_preparation,fresh_forming,marinated_short_run,fresh_prepared,0.85,0.027,2.5,short,service_critical,low,1193.5412805237308,0.7459633003273318,0.8526477903577221,0.0296727589157536,1441.3418495825945,10.35554426598074,2132.2684751090155,2,114.0246059024382,0.0,109.11051205748144,109.11051205748144,114.0246059024382,120.28170615133448,fresh_preparation,fresh_preparation,rm_fresh_preparation,2132.2684751090155,1441.3418495825945,2,6.0,0.85,0.027,1000.0,7.0,1720.456518085417,1235.4358710707952,-485.0206470146218,0,0.40309379564914644,544.5092455443742,658.3752439929559,675.191464475024
2017-09-11,,100.0,125.64459092937824,fresh_preparation,fresh_preparation,fresh_forming,marinated_short_run,fresh_prepared,0.85,0.027,2.5,short,service_critical,low,1228.5796802640928,0.767862300165058,0.850064517661104,0.0274746762075876,1484.9867074181614,8.806578803187366,1868.2360657948252,2,150.01571895158648,0.0,153.87529753198265,153.87529753198265,150.01571895158648,158.2478315290548,fresh_preparation,fresh_preparation,rm_fresh_preparation,1868.2360657948252,1484.9867074181614,2,6.0,0.85,0.027,1000.0,7.0,1443.9541493896363,1272.845749215567,-171.1084001740694,0,0.46644306963208215,889.5963908389031,1075.6258882037398,1103.0995246402397
2017-09-18,,100.0,125.64459092937824,fresh_preparation,fresh_preparation,fresh_forming,marinated_short_run,fresh_prepared,0.85,0.027,2.5,short,service_critical,low,1148.1924364089982,0.7176202727556239,0.8481558948776766,0.02430787734431,1386.6584721320758,8.828293794882184,1748.832626449202,2,188.26396695219395,91.18591310485826,197.2012219845571,197.2012219845571,188.26396695219395,198.5949521386956,fresh_preparation,fresh_preparation,rm_fresh_preparation,1748.832626449202,1386.6584721320758,2,6.0,0.85,0.027,1000.0,7.0,1352.6444915543234,1188.5644046846362,-164.0800868696872,0,0.46554246409598876,826.3902503675099,999.2022856750013,1024.7239104557123
2017-09-25,,100.0,125.64459092937824,fresh_preparation,fresh_preparation,fresh_forming,marinated_short_run,fresh_prepared,0.85,0.027,2.5,short,service_critical,low,1246.2209524245516,0.7788880952653447,0.8482670693735079,0.0238883211766701,1504.23271733931,9.129877052469524,1961.9228239442916,2,234.20798437446172,296.0350997262678,243.03897339248684,243.03897339248684,234.20798437446172,247.06014751701036,fresh_preparation,fresh_preparation,rm_fresh_preparation,1961.9228239442916,1504.23271733931,2,6.0,0.85,0.027,1000.0,7.0,1532.1420475616317,1289.34232914798,-242.7997184136516,0,0.45306042077610315,831.6522225429983,1005.564624318963,1031.2487559533179
2017-10-02,,100.0,125.60081711127134,fresh_preparation,fresh_preparation,fresh_forming,marinated_short_run,fresh_prepared,0.85,0.027,2.5,short,service_critical,low,1250.639433423865,0.7816496458899157,0.8513109858798078,0.0303295521174965,1513.6310803840806,9.2106974383976,1991.6568449675203,2,329.35817762029865,706.818408644655,337.67527012626005,337.67527012626005,329.35817762029865,347.4317076172125,fresh_preparation,fresh_preparation,rm_fresh_preparation,1991.6568449675203,1513.6310803840806,2,6.0,0.85,0.027,1000.0,7.0,1559.19082200064,1297.3980689006405,-261.7927530999996,0,0.4497247431285413,819.3723043172006,990.7167696236027,1016.0216573533287
2017-10-09,,100.0,125.60081711127134,fresh_preparation,fresh_preparation,fresh_forming,marinated_short_run,fresh_prepared,0.85,0.027,2.5,short,service_critical,low,1214.1368511245505,0.758835531952844,0.8523366762934091,0.0268193619794897,1462.6840091512531,8.938378587112242,1867.7176324441496,2,457.69202111235234,1246.5233060078597,465.6067912865663,465.6067912865663,457.69202111235234,482.8078707708927,fresh_preparation,fresh_preparation,rm_fresh_preparation,1867.7176324441496,1462.6840091512531,2,6.0,0.85,0.027,1000.0,7.0,1449.8079155437915,1253.729150701074,-196.07876484271742,0,0.46098039425396353,848.6955274081777,1026.171969540146,1052.3824539861403
2017-10-16,,100.0,125.60081711127134,cured_embutido,cured_embutido,curing_maturation,fermented_dry_spiced,cured,0.79,0.031,11.0,long,planned_campaign,high,965.3670595236636,0.6033544122022898,0.7863695299755976,0.0297051795885967,1264.092037526653,13.539928434435804,2445.102246093003,9,305.3688113557367,595.1089897098012,278.3633341059335,278.3633341059335,305.3688113557367,319.88146411541805,cured_embutido,cured_embutido,rm_cured_embutido,2445.102246093003,1264.092037526653,9,6.0,0.79,0.031,1000.0,28.0,819.8410549873063,1083.5074607371312,263.6664057498249,1,0.5605378708222729,0.0,0.0,0.0
2017-10-23,,100.0,125.60081711127134,cured_embutido,cured_embutido,curing_maturation,fermented_dry_spiced,cured,0.79,0.031,11.0,long,planned_campaign,high,1013.322678970262,0.6333266743564139,0.790145923022457,0.0304520164702059,1321.5032406744708,13.526531433748303,2553.6221606833547,9,289.6820455597036,509.0393483524789,258.5911263889105,258.5911263889105,289.6820455597036,303.44918477492854,cured_embutido,cured_embutido,rm_cured_embutido,2553.6221606833547,1321.5032406744708,9,6.0,0.79,0.031,1000.0,28.0,854.5465655304636,1132.7170634352608,278.17049790479723,1,0.5610878216548759,0.0,0.0,0.0
2017-10-30,,100.0,125.60081711127134,cured_embutido,cured_embutido,curing_maturation,fermented_dry_spiced,cured,0.79,0.031,11.0,long,planned_campaign,high,1085.412312185063,0.6783826951156644,0.781873521725348,0.0280453844913653,1427.1529688710002,13.655280368817694,2784.024845589151,9,262.483397659906,402.687331088629,228.56613519595768,228.56613519595768,262.483397659906,274.95792113369305,cured_embutido,cured_embutido,rm_cured_embutido,2784.024845589151,1427.1529688710002,9,6.0,0.79,0.031,1000.0,28.0,949.1138856121509,1223.2739733180003,274.1600877058495,1,0.5557966257231108,0.0,0.0,0.0
2017-11-06,,100.0,127.53630651972394,cured_embutido,cured_embutido,curing_maturation,fermented_dry_spiced,cured,0.79,0.031,11.0,long,planned_campaign,high,973.0271477341018,0.6081419673338136,0.7908468551366824,0.0338461902990232,1272.004058950915,12.090366189461598,2196.9992667425795,9,324.0165820771871,554.5056450178081,246.9658085533064,246.9658085533064,324.0165820771871,339.41547014040543,cured_embutido,cured_embutido,rm_cured_embutido,2196.9992667425795,1272.004058950915,9,6.0,0.79,0.031,1000.0,28.0,561.5654766628318,1090.2891933864985,528.7237167236667,1,0.6189134600220116,165.29398559483388,215.92661832612754,204.964542137594
2017-11-13,,100.0,127.53630651972394,cured_embutido,cured_embutido,curing_maturation,fermented_dry_spiced,cured,0.79,0.031,11.0,long,planned_campaign,high,1053.66053830463,0.6585378364403937,0.7930485969678348,0.0302138941248279,1368.763188539506,14.633384449058696,2861.3768510882865,9,217.0046187948063,228.3001121758935,219.5698436803327,219.5698436803327,217.0046187948063,227.3177633030295,cured_embutido,cured_embutido,rm_cured_embutido,2861.3768510882865,1368.763188539506,9,6.0,0.79,0.031,1000.0,28.0,1101.5384658232074,1173.2255901767196,71.68712435351222,1,0.5152708970596459,0.0,0.0,0.0
2017-11-20,,100.0,127.53630651972394,cured_embutido,cured_embutido,curing_maturation,fermented_dry_spiced,cured,0.79,0.031,11.0,long,planned_campaign,high,1030.6850946791928,0.6441781841744956,0.7888797254924765,0.0337348030554768,1350.59251610919,13.416485676733252,2588.600735354581,9,274.380559644226,393.4765747524612,240.02727130513932,240.02727130513932,274.380559644226,287.42049574131784,cured_embutido,cured_embutido,rm_cured_embutido,2588.600735354581,1350.59251610919,9,6.0,0.79,0.031,1000.0,28.0,852.1246432141938,1157.6507280935914,305.52608487939756,1,0.5655994368423702,0.0,0.0,0.0
2017-11-27,,100.0,127.53630651972394,cured_embutido,cured_embutido,curing_maturation,fermented_dry_spiced,cured,0.79,0.031,11.0,long,planned_campaign,high,1098.5753924879602,0.6866096203049752,0.7972661079845604,0.0311033034288946,1420.786240523304,13.853232236522178,2811.7831069177982,9,259.9141963811707,343.8253232202697,239.7420386092689,239.7420386092689,259.9141963811707,272.2666185641859,cured_embutido,cured_embutido,rm_cured_embutido,2811.7831069177982,1420.786240523304,9,6.0,0.79,0.031,1000.0,28.0,985.057940530693,1217.8167775914033,232.75883706071022,1,0.5476370636042672,0.0,0.0,0.0
2017-12-04,,100.0,129.29841727606689,cured_embutido,cured_embutido,curing_maturation,fermented_dry_spiced,cured,0.79,0.031,11.0,long,planned_campaign,high,1066.340356072201,0.6664627225451256,0.7864750462102559,0.0338590639491368,1401.7553992237763,12.636546280681571,2530.4781394980746,9,313.65217491234347,488.8920025392658,247.4897804356901,247.4897804356901,313.65217491234347,328.5584945250526,cured_embutido,cured_embutido,rm_cured_embutido,2530.4781394980746,1401.7553992237763,9,6.0,0.79,0.031,1000.0,28.0,728.2211976389335,1201.504627906094,473.2834302671604,1,0.5972233449817965,72.7818876317956,95.07633816905802,90.24954066342654
2017-12-11,,100.0,129.29841727606689,cured_embutido,cured_embutido,curing_maturation,fermented_dry_spiced,cured,0.79,0.031,11.0,long,planned_campaign,high,1106.5176007571054,0.6915735004731909,0.790869761661213,0.0315133889980861,1443.2056650459374,13.180806928852435,2717.51646137094,9,296.4593117261942,445.93032803876287,248.3377164056614,248.3377164056614,296.4593117261942,310.5485405159816,cured_embutido,cured_embutido,rm_cured_embutido,2717.51646137094,1443.2056650459374,9,6.0,0.79,0.031,1000.0,28.0,861.9663205975917,1237.0334271822321,375.06710658464044,1,0.5752243142703256,0.0,0.0,0.0
2017-12-18,,100.0,129.29841727606689,cured_embutido,cured_embutido,curing_maturation,fermented_dry_spiced,cured,0.79,0.031,11.0,long,planned_campaign,high,1117.015679262819,0.6981347995392619,0.7898567010133362,0.0327064653257381,1460.4539182423894,13.060017565809735,2724.793403757323,9,298.7461321946886,454.30578420623726,242.83553829386585,242.83553829386585,298.7461321946886,312.9440421272412,cured_embutido,cured_embutido,rm_cured_embutido,2724.793403757323,1460.4539182423894,9,6.0,0.79,0.031,1000.0,28.0,847.0669374456797,1251.8176442077622,404.7507067620825,1,0.5801356824231827,0.0,0.0,0.0
2017-12-25,,100.0,129.29841727606689,cured_embutido,cured_embutido,curing_maturation,fermented_dry_spiced,cured,0.79,0.031,11.0,long,planned_campaign,high,1164.4485748143356,0.7277803592589598,0.7895988093302264,0.0324381860921766,1522.5721723145855,14.345241344307112,3120.237896568384,9,233.1165072007983,270.6484139688692,225.42425122557916,225.42425122557916,233.1165072007983,244.19536920551627,cured_embutido,cured_embutido,rm_cured_embutido,3120.237896568384,1522.5721723145855,9,6.0,0.79,0.031,1000.0,28.0,1162.645103592488,1305.0618619839304,142.41675839144227,1,0.5272545690847474,0.0,0.0,0.0
2018-01-01,,100.0,124.77083118755796,cured_embutido,cured_embutido,curing_maturation,fermented_dry_spiced,cured,0.79,0.031,11.0,long,planned_campaign,high,1073.200098133717,0.6707500613335731,0.789542711327981,0.0322465821325039,1403.099689666576,13.218425049388571,2649.538297811144,9,277.9329417993518,402.9169298502821,229.80342122235945,229.80342122235945,277.9329417993518,291.141704858366,cured_embutido,cured_embutido,rm_cured_embutido,2649.538297811144,1403.099689666576,9,6.0,0.79,0.031,1000.0,28.0,845.552982525546,1202.656876857065,357.1038943315191,1,0.5736916530089778,0.0,0.0,0.0
2018-01-08,,100.0,124.77083118755796,cured_embutido,cured_embutido,curing_maturation,fermented_dry_spiced,cured,0.79,0.031,11.0,long,planned_campaign,high,1097.2201566947392,0.685762597934212,0.7904284201200379,0.0316958689543654,1432.131581027304,14.024761205654158,2869.329062711984,9,239.5715062662901,283.1720555686268,221.63077298886492,221.63077298886492,239.5715062662901,250.95714210159557,cured_embutido,cured_embutido,rm_cured_embutido,2869.329062711984,1432.131581027304,9,6.0,0.79,0.031,1000.0,28.0,1028.0170299625931,1227.5413551662605,199.52432520366733,1,0.5405457236262604,0.0,0.0,0.0
2018-01-15,,100.0,124.77083118755796,cured_embutido,cured_embutido,curing_maturation,fermented_dry_spiced,cured,0.79,0.031,11.0,long,planned_campaign,high,1041.5440862060889,0.6509650538788054,0.7933918349738548,0.0305342985677688,1352.8585208356346,13.179660941886189,2547.17380099362,9,280.3451124181926,396.4738554746087,235.4978238518311,235.4978238518311,280.3451124181926,293.66851388586724,cured_embutido,cured_embutido,rm_cured_embutido,2547.17380099362,1352.8585208356346,9,6.0,0.79,0.031,1000.0,28.0,807.7842742049468,1159.5930178591154,351.80874365416867,1,0.5752709822576778,0.0,0.0,0.0
2018-01-22,,100.0,124.77083118755796,cured_embutido,cured_embutido,curing_maturation,fermented_dry_spiced,cured,0.79,0.031,11.0,long,planned_campaign,high,1134.198058861528,0.7088737867884549,0.795510944945099,0.0348308693831457,1475.407938460674,13.298341849697737,2802.9255904868346,9,278.9983125244801,394.8093250298513,230.4875736832253,230.4875736832253,278.9983125244801,292.25770732720605,cured_embutido,cured_embutido,rm_cured_embutido,2802.9255904868346,1475.407938460674,9,6.0,0.79,0.031,1000.0,28.0,905.9725267516824,1264.6353758234347,358.66284907175236,1,0.5704309648882127,0.0,0.0,0.0
2018-01-29,,100.0,124.77083118755796,cured_embutido,cured_embutido,curing_maturation,fermented_dry_spiced,cured,0.79,0.031,11.0,long,planned_campaign,high,1074.752606373235,0.6717203789832719,0.7899909990219834,0.0291861260298081,1400.1684484545992,13.422583114369692,2684.8396247857017,9,275.84654738097873,386.2019354118949,238.02263042898795,238.02263042898795,275.84654738097873,288.9561545452598,cured_embutido,cured_embutido,rm_cured_embutido,2684.8396247857017,1400.1684484545992,9,6.0,0.79,0.031,1000.0,28.0,884.6230482012172,1200.1443843896564,315.52133618843914,1,0.5653497334857163,0.0,0.0,0.0
2018-02-05,,100.0,127.59982147148696,cured_embutido,cured_embutido,curing_maturation,fermented_dry_spiced,cured,0.79,0.031,11.0,long,planned_campaign,high,1104.093400487485,0.6900583753046782,0.7932612642886866,0.0310086152846863,1434.9998660306412,14.27367162655086,2926.1024102665497,9,242.16520285799928,280.47651978912944,237.34226342865503,237.34226342865503,242.16520285799928,253.6741041238257,cured_embutido,cured_embutido,rm_cured_embutido,2926.1024102665497,1434.9998660306412,9,6.0,0.79,0.031,1000.0,28.0,1081.1025825128681,1229.9998851691212,148.89730265625303,1,0.5302267786816128,0.0,0.0,0.0
2018-02-12,,100.0,127.59982147148696,cured_embutido,cured_embutido,curing_maturation,fermented_dry_spiced,cured,0.79,0.031,11.0,long,planned_campaign,high,1126.4077260766585,0.7040048287979116,0.7871929322149329,0.0310297717504151,1475.3179978979117,12.369452955035207,2606.982366959279,9,329.6773466520044,532.5289954808437,244.883699914644,244.883699914644,329.6773466520044,345.34526255164093,cured_embutido,cured_embutido,rm_cured_embutido,2606.982366959279,1475.3179978979117,9,6.0,0.79,0.031,1000.0,28.0,710.1449410905352,1264.5582839124959,554.4133428219607,1,0.6078835584567895,132.893914851129,173.60180121896386,164.78845441539997
2018-02-19,,100.0,127.59982147148696,cured_embutido,cured_embutido,curing_maturation,fermented_dry_spiced,cured,0.79,0.031,11.0,long,planned_campaign,high,1077.8859299244637,0.6736787062027898,0.793063821810905,0.031804881506687,1402.368805153512,12.71396641728862,2547.09569905356,9,322.9337449700775,520.9413662494327,260.603679879556,260.603679879556,322.9337449700775,338.28117119978043,cured_embutido,cured_embutido,rm_cured_embutido,2547.09569905356,1402.368805153512,9,6.0,0.79,0.031,1000.0,28.0,744.0500924276159,1202.030404417296,457.9803119896801,1,0.5941156178181448,57.303510517248014,74.856645265572,71.05635304138754
2018-02-26,,100.0,127.59982147148696,cured_embutido,cured_embutido,curing_maturation,fermented_dry_spiced,cured,0.79,0.031,11.0,long,planned_campaign,high,1141.9653584100352,0.713728349006272,0.786952033904692,0.0301410547082109,1494.862898969553,12.33498145103939,2634.158018662344,9,345.682979315607,582.7844862210061,259.7530695145137,259.7530695145137,345.682979315607,362.1115629075812,cured_embutido,cured_embutido,rm_cured_embutido,2634.158018662344,1494.862898969553,9,6.0,0.79,0.031,1000.0,28.0,712.1914342729187,1281.3110562596169,569.1196219866981,1,0.6092521508996834,142.01593656682599,185.51806843388852,176.0997613428642
2018-03-05,,100.0,127.53029834861124,cured_embutido,cured_embutido,curing_maturation,fermented_dry_spiced,cured,0.79,0.031,11.0,long,planned_campaign,high,1169.4451835236723,0.7309032397022952,0.7943626397443526,0.0316294926111791,1518.7448162257183,12.852498728143129,2788.5236884164306,9,302.5082224560338,419.7354891321062,234.23319223817452,234.23319223817452,302.5082224560338,316.88492572825686,cured_embutido,cured_embutido,rm_cured_embutido,2788.5236884164306,1518.7448162257183,9,6.0,0.79,0.031,1000.0,28.0,835.8517818405069,1301.7812710506155,465.9294892101086,1,0.588536075752797,32.002398859903224,41.8053309034542,39.68297458628
2018-03-12,,100.0,127.53029834861124,cured_embutido,cured_embutido,curing_maturation,fermented_dry_spiced,cured,0.79,0.031,11.0,long,planned_campaign,high,1148.6427831958526,0.7179017394974079,0.798842563509573,0.030662314829594,1481.9726488281422,13.018039969284734,2756.054167975932,9,241.9861932582796,132.31903759337445,181.55022923362475,181.55022923362475,241.9861932582796,253.4865870928793,cured_embutido,cured_embutido,rm_cured_embutido,2756.054167975932,1481.9726488281422,9,6.0,0.79,0.031,1000.0,28.0,850.6607623397495,1270.2622704241219,419.6015080843724,1,0.5818388589959355,0.0,0.0,0.0
2018-03-19,,100.0,127.53029834861124,cured_embutido,cured_embutido,curing_maturation,fermented_dry_spiced,cured,0.79,0.031,11.0,long,planned_campaign,high,1085.8632033833449,0.6786645021145905,0.7895116644481145,0.0278360949651242,1413.645225130433,12.536311247545765,2531.699505120287,9,200.32303750496015,0.0,113.10436392423895,113.10436392423895,200.32303750496015,209.84338986238345,cured_embutido,cured_embutido,rm_cured_embutido,2531.699505120287,1413.645225130433,9,6.0,0.79,0.031,1000.0,28.0,714.1556442383019,1211.6959072546567,497.54026301635486,1,0.6012352852894234,93.64162726480254,122.3258053647928,116.11561780835514
2018-03-26,,100.0,127.53029834861124,cured_embutido,cured_embutido,curing_maturation,fermented_dry_spiced,cured,0.79,0.031,11.0,long,planned_campaign,high,1136.9307133910106,0.7105816958693816,0.7812298260367704,0.0310191045725136,1500.451271846624,13.064511352031198,2800.3803820299813,9,105.35963289988086,0.0,0.0,0.0,105.35963289988086,110.36684945344771,cured_embutido,cured_embutido,rm_cured_embutido,2800.3803820299813,1500.451271846624,9,6.0,0.79,0.031,1000.0,28.0,871.2287467986075,1286.101090154249,414.87234335564153,1,0.5799532400343481,0.0,0.0,0.0
2018-04-02,,100.0,129.60311738249737,fresh_preparation,fresh_preparation,fresh_forming,marinated_short_run,fresh_prepared,0.85,0.027,2.5,short,service_critical,low,1386.633953995826,0.8666462212473912,0.8394113884424903,0.0272477959494277,1696.9232162477886,7.867410686065581,1907.198834991518,3,185.12173175865448,0.0,140.3174631048119,140.3174631048119,185.12173175865448,195.28028678891064,fresh_preparation,fresh_preparation,rm_fresh_preparation,1907.198834991518,1696.9232162477886,3,6.0,0.85,0.027,1000.0,7.0,1179.94602802818,1454.505613926676,274.5595858984959,1,0.5470515917410886,1244.2299951829466,1504.4193158611288,1542.8451940268537
2018-04-09,,100.0,129.60311738249737,fresh_preparation,fresh_preparation,fresh_forming,marinated_short_run,fresh_prepared,0.85,0.027,2.5,short,service_critical,low,1279.658219657524,0.7997863872859524,0.8549275005371572,0.0235312284751022,1532.0248193810462,8.465446140365021,1852.7533705961,2,171.67383063612266,0.0,180.18574820055065,180.18574820055065,171.67383063612266,181.0944320922799,fresh_preparation,fresh_preparation,rm_fresh_preparation,1852.7533705961,1532.0248193810462,2,6.0,0.85,0.027,1000.0,7.0,1415.0319936300868,1313.1641308980397,-101.86786273204712,0,0.48061613049982804,992.4355796829859,1199.9704729858968,1230.6201188069026
2018-04-16,,100.0,129.60311738249737,fresh_preparation,fresh_preparation,fresh_forming,marinated_short_run,fresh_prepared,0.85,0.027,2.5,short,service_critical,low,1311.235733038596,0.8195223331491225,0.8522123071481009,0.0272737466413787,1580.589757869487,9.79649161457175,2212.033472720917,2,159.69374954654057,0.0,164.7854804491616,164.7854804491616,159.69374954654057,168.45694405290698,fresh_preparation,fresh_preparation,rm_fresh_preparation,2212.033472720917,1580.589757869487,2,6.0,0.85,0.027,1000.0,7.0,1760.4363990439206,1354.791221030989,-405.64517801293164,0,0.4257004317364111,723.3475061795589,874.611578719012,896.950907662653
2018-04-23,,100.0,129.60311738249737,fresh_preparation,fresh_preparation,fresh_forming,marinated_short_run,fresh_prepared,0.85,0.027,2.5,short,service_critical,low,1388.6283816293462,0.8678927385183414,0.8423749614613986,0.030490135456252,1698.7302739876068,9.31839221679429,2261.3478519369924,2,197.3346851864815,47.89110255439319,207.38697046431187,207.38697046431187,197.3346851864815,208.16342603608965,fresh_preparation,fresh_preparation,rm_fresh_preparation,2261.3478519369924,1698.7302739876068,2,6.0,0.85,0.027,1000.0,7.0,1775.9963450833905,1456.0545205608057,-319.94182452258474,0,0.44528695273436775,893.4369426114204,1080.269563643577,1107.8618088381613
2018-04-30,,100.0,129.60311738249737,fresh_preparation,fresh_preparation,fresh_forming,marinated_short_run,fresh_prepared,0.85,0.027,2.5,short,service_critical,low,1361.4052309240656,0.850878269327541,0.848476584944862,0.029674505223905,1652.1425369116926,9.188719977929146,2168.725019329573,3,186.4853768076568,0.0,194.97696799699747,194.97696799699747,186.4853768076568,196.71876185997695,fresh_preparation,fresh_preparation,rm_fresh_preparation,2168.725019329573,1652.1425369116926,3,6.0,0.85,0.027,1000.0,7.0,1460.6639320817048,1416.1221744957365,-44.5417575859683,0,0.49213731579621545,899.5396920778558,1087.6485001848205,1115.429218176541
2018-05-07,,100.0,128.47358121330726,fresh_preparation,fresh_preparation,fresh_forming,marinated_short_run,fresh_prepared,0.85,0.027,2.5,short,service_critical,low,1354.9030538703398,0.8468144086689624,0.8471112201965804,0.0295420978691599,1646.6901856963882,8.501143248308543,1999.821307741256,2,223.5235033209277,137.93405767540426,233.02886335001665,233.02886335001665,223.5235033209277,235.7893555656636,fresh_preparation,fresh_preparation,rm_fresh_preparation,1999.821307741256,1646.6901856963882,2,6.0,0.85,0.027,1000.0,7.0,1529.338397542288,1411.448730596904,-117.88966694538408,0,0.4791311620744975,1058.3176085520358,1279.6295369712059,1312.3138346045243
2018-05-14,,100.0,128.47358121330726,fresh_preparation,fresh_preparation,fresh_forming,marinated_short_run,fresh_prepared,0.85,0.027,2.5,short,service_critical,low,1408.94722162603,0.8805920135162688,0.8439643383168761,0.0263159026677228,1713.37208685632,8.181159406649178,2002.4814522106733,3,243.8532999475332,141.513237350116,225.3167517747028,225.3167517747028,243.8532999475332,257.2347497821541,fresh_preparation,fresh_preparation,rm_fresh_preparation,2002.4814522106733,1713.37208685632,3,6.0,0.85,0.027,1000.0,7.0,1268.1791292722505,1468.6046458768458,200.42551660459526,1,0.5340655019701803,1179.4952805224923,1426.1474886917263,1462.5741478478903
2018-05-21,,100.0,128.47358121330726,fresh_preparation,fresh_preparation,fresh_forming,marinated_short_run,fresh_prepared,0.85,0.027,2.5,short,service_critical,low,1348.7730352048995,0.8429831470030622,0.8495407282460368,0.0254845813618458,1628.110231059655,8.419316736755443,1958.225102520475,3,216.11474685487272,58.71223182479595,207.5275677208937,207.5275677208937,216.11474685487272,227.97404358853387,fresh_preparation,fresh_preparation,rm_fresh_preparation,1958.225102520475,1628.110231059655,3,6.0,0.85,0.027,1000.0,7.0,1260.46357492348,1395.5230551939899,135.05948027050977,1,0.5241762683819303,1065.4081837331696,1288.2028701205122,1321.1061478291304
2018-05-28,,100.0,128.47358121330726,fresh_preparation,fresh_preparation,fresh_forming,marinated_short_run,fresh_prepared,0.85,0.027,2.5,short,service_critical,low,1351.304017790519,0.8445650111190744,0.8516650998095143,0.0322367059573787,1637.8099893761478,9.076884485938402,2123.7445833547563,2,181.24183689639915,0.0,188.79083320921893,188.79083320921893,181.24183689639915,191.18748269608903,fresh_preparation,fresh_preparation,rm_fresh_preparation,2123.7445833547563,1637.8099893761478,2,6.0,0.85,0.027,1000.0,7.0,1655.7988721044285,1403.8371337509836,-251.96173835344484,0,0.4552498778762962,917.9025397723753,1109.8513267303977,1138.1991493177454
2018-06-04,,100.0,129.43574690150032,fresh_preparation,fresh_preparation,fresh_forming,marinated_short_run,fresh_prepared,0.85,0.027,2.5,short,service_critical,low,1435.153515243691,0.8969709470273068,0.8375804138707098,0.0289465571987795,1763.050143134874,9.60108263581484,2418.17001647473,2,162.96733059218306,0.0,168.27448978308803,168.27448978308803,162.96733059218306,171.91016285842912,fresh_preparation,fresh_preparation,rm_fresh_preparation,2418.17001647473,1763.050143134874,2,6.0,0.85,0.027,1000.0,7.0,1914.4414041504801,1511.185836972749,-403.2555671777311,0,0.43368128905172965,856.0659636328928,1035.0836873621822,1061.5217949047872
2018-06-11,,100.0,129.43574690150032,fresh_preparation,fresh_preparation,fresh_forming,marinated_short_run,fresh_prepared,0.85,0.027,2.5,short,service_critical,low,1313.0052563590004,0.8206282852243753,0.8535079462655883,0.028254667036553,1581.8291892909367,9.621597018260031,2174.246144439765,2,164.25033680993815,0.0,170.58012227026404,170.58012227026404,164.25033680993815,173.2635740423835,fresh_preparation,fresh_preparation,rm_fresh_preparation,2174.246144439765,1581.8291892909367,2,6.0,0.85,0.027,1000.0,7.0,1722.2949474994973,1355.853590820803,-366.4413566786943,0,0.432841751926077,763.4366356719747,923.0840162891901,946.6614282332487
2018-06-18,,100.0,129.43574690150032,fresh_preparation,fresh_preparation,fresh_forming,marinated_short_run,fresh_prepared,0.85,0.027,2.5,short,service_critical,low,1283.9847611212906,0.8024904757008067,0.8487714917076569,0.0256261247566683,1551.5227922488032,9.458543985468838,2096.449510706105,3,152.22262764125855,0.0,154.70969689550458,154.70969689550458,152.22262764125855,160.5758443330726,fresh_preparation,fresh_preparation,rm_fresh_preparation,2096.449510706105,1551.5227922488032,3,6.0,0.85,0.027,1000.0,7.0,1431.5111711709033,1329.8766790704028,-101.63449210050044,0,0.4809032944293,784.9499606131012,949.0961376133259,973.3379511602454
2018-06-25,,100.0,129.43574690150032,fresh_preparation,fresh_preparation,fresh_forming,marinated_short_run,fresh_prepared,0.85,0.027,2.5,short,service_critical,low,1326.0849703851522,0.8288031064907202,0.8460095975854343,0.0276215085692979,1610.7541115934553,8.637642449538072,1987.588298581088,2,179.1501775024323,24.88545184024504,187.25974882174455,187.25974882174455,179.1501775024323,188.98104349287829,fresh_preparation,fresh_preparation,rm_fresh_preparation,1987.588298581088,1610.7541115934553,2,6.0,0.85,0.027,1000.0,7.0,1527.3728381258152,1380.6463813658188,-146.72645675999638,0,0.47345654195849635,1003.8121943781857,1213.7261282609102,1244.7271210289503
2018-07-02,,100.0,128.1894805506918,fresh_preparation,fresh_preparation,fresh_forming,marinated_short_run,fresh_prepared,0.85,0.027,2.5,short,service_critical,low,1310.5910335870644,0.8191193959919153,0.8568270705616758,0.0257334915954528,1568.9479979358175,9.12422341485129,2045.0617227785772,3,152.3936593537869,0.0,151.1322966836464,151.1322966836464,152.3936593537869,160.75626141082594,fresh_preparation,fresh_preparation,rm_fresh_preparation,2045.0617227785772,1568.9479979358175,3,6.0,0.85,0.027,1000.0,7.0,1372.6554379489412,1344.8125696592722,-27.842868289669013,0,0.4948242092641141,868.6988448165127,1050.3583154785233,1077.1865675724757
2018-07-09,,100.0,128.1894805506918,fresh_preparation,fresh_preparation,fresh_forming,marinated_short_run,fresh_prepared,0.85,0.027,2.5,short,service_critical,low,1266.9769118221147,0.7918605698888217,0.8508648187052907,0.0281230823092392,1530.9226320807263,8.91668799738655,1950.108494057377,2,162.8749224804632,0.0,167.7787652341525,167.7787652341525,162.8749224804632,171.8126838515786,fresh_preparation,fresh_preparation,rm_fresh_preparation,1950.108494057377,1530.9226320807263,2,6.0,0.85,0.027,1000.0,7.0,1512.702027748598,1312.2193989263367,-200.4826288222614,0,0.46187879048068753,893.0335369496861,1079.7817991048742,1107.3615858176108
2018-07-16,,100.0,128.1894805506918,fresh_preparation,fresh_preparation,fresh_forming,marinated_short_run,fresh_prepared,0.85,0.027,2.5,short,service_critical,low,1241.4921762250851,0.7759326101406782,0.8532195222634495,0.0272735482346333,1494.752569178191,8.988779657312046,1919.428783791977,2,173.33927430707934,0.0,181.26872960075687,181.26872960075687,173.33927430707934,182.8512669846803,fresh_preparation,fresh_preparation,rm_fresh_preparation,1919.428783791977,1494.752569178191,2,6.0,0.85,0.027,1000.0,7.0,1492.3566211696366,1281.2164878670208,-211.14013330261582,0,0.4588938353671052,856.5402732532348,1035.6571830641856,1062.109938834011
2018-07-23,,100.0,128.1894805506918,fresh_preparation,fresh_preparation,fresh_forming,marinated_short_run,fresh_prepared,0.85,0.027,2.5,short,service_critical,low,1363.5731266919731,0.8522332041824832,0.8446929833047986,0.0277956636722919,1659.1525849201605,10.331770253584784,2448.8547604337737,2,134.36744604785116,0.0,133.34675485644703,133.34675485644703,134.36744604785116,141.740859649727,fresh_preparation,fresh_preparation,rm_fresh_preparation,2448.8547604337737,1659.1525849201605,2,6.0,0.85,0.027,1000.0,7.0,1974.8111647422993,1422.1307870744233,-552.680377667876,0,0.4040475349145187,632.4286115608102,764.6800212330695,784.2114783354046
2018-07-30,,100.0,128.1894805506918,fresh_preparation,fresh_preparation,fresh_forming,marinated_short_run,fresh_prepared,0.85,0.027,2.5,short,service_critical,low,1281.9573810972383,0.8012233631857739,0.8476539373963201,0.0248996557606385,1550.0166053874727,8.052293373206728,1783.0269199888478,2,220.32726505837428,167.96820508236848,223.98222117638983,223.98222117638983,220.32726505837428,232.41772372845256,fresh_preparation,fresh_preparation,rm_fresh_preparation,1783.0269199888478,1550.0166053874727,2,6.0,0.85,0.027,1000.0,7.0,1340.165032735284,1328.585661760691,-11.579370974593076,0,0.49782112324217814,1095.575347159316,1324.6784924240565,1358.5134304775518
2018-08-06,,100.0,130.35070553095068,fresh_preparation,fresh_preparation,fresh_forming,marinated_short_run,fresh_prepared,0.85,0.027,2.5,short,service_critical,low,1252.044428222065,0.7825277676387908,0.8500439315703295,0.027535548394985,1513.474904516277,8.917847154761269,1928.1339815775805,3,176.19501671949445,0.0,177.3367068575353,177.3367068575353,176.19501671949445,185.86371826197671,fresh_preparation,fresh_preparation,rm_fresh_preparation,1928.1339815775805,1513.474904516277,3,6.0,0.85,0.027,1000.0,7.0,1279.5018796420331,1297.2642038710947,17.762324229061505,1,0.5034229817415685,882.6051268097913,1067.172633830834,1094.430357244141
2018-08-13,,100.0,130.35070553095068,fresh_preparation,fresh_preparation,fresh_forming,marinated_short_run,fresh_prepared,0.85,0.027,2.5,short,service_critical,low,1310.226570290307,0.8188916064314421,0.8557439760710709,0.0245745624019148,1568.7224829392933,9.78570258863232,2193.007380306394,2,150.9979662638284,0.0,154.60300616252886,154.60300616252886,150.9979662638284,159.283979662556,fresh_preparation,fresh_preparation,rm_fresh_preparation,2193.007380306394,1568.7224829392933,2,6.0,0.85,0.027,1000.0,7.0,1744.8009566094534,1344.6192710908228,-400.1816855186305,0,0.4261401064378148,720.3343737237219,870.9683498261555,893.2146234174152
2018-08-20,,100.0,130.35070553095068,fresh_preparation,fresh_preparation,fresh_forming,marinated_short_run,fresh_prepared,0.85,0.027,2.5,short,service_critical,low,1266.5522235103183,0.7915951396939489,0.8522209602971177,0.0278549620842416,1527.5756503572036,8.179118347294501,1784.8888612452763,3,215.66569972773917,94.53063465396654,198.9052710878173,198.9052710878173,215.66569972773917,227.50035500029884,fresh_preparation,fresh_preparation,rm_fresh_preparation,1784.8888612452763,1527.5756503572036,3,6.0,0.85,0.027,1000.0,7.0,1130.2135825207606,1309.3505574490316,179.136974928271,1,0.5341501503674585,1052.037346560959,1272.0359670648195,1304.526309735589
2018-08-27,,100.0,130.35070553095068,fresh_preparation,fresh_preparation,fresh_forming,marinated_short_run,fresh_prepared,0.85,0.027,2.5,short,service_critical,low,1257.2002083531895,0.7857501302207435,0.8431541073610781,0.0322529698180738,1539.1594933815868,8.672404789154875,1906.8877373822377,2,186.51516205147985,57.15830197350191,194.3831418389545,194.3831418389545,186.51516205147985,196.7501815690548,fresh_preparation,fresh_preparation,rm_fresh_preparation,1906.8877373822377,1539.1594933815868,2,6.0,0.85,0.027,1000.0,7.0,1467.1278821303558,1319.2795657556458,-147.84831637471007,0,0.4720124192634394,951.5513217549949,1150.5366323136386,1179.9236389761936
2018-09-03,,100.0,131.51028255570435,fresh_preparation,fresh_preparation,fresh_forming,marinated_short_run,fresh_prepared,0.85,0.027,2.5,short,service_critical,low,1293.4699869632768,0.808418741852048,0.8491390221736954,0.029700340102524,1568.514048593623,8.713952462593596,1952.565265193579,2,201.3901739538412,117.59551186611186,209.4769802578947,209.4769802578947,201.3901739538412,212.44145974955825,fresh_preparation,fresh_preparation,rm_fresh_preparation,1952.565265193579,1568.514048593623,2,6.0,0.85,0.027,1000.0,7.0,1504.4183941668296,1344.4406130802486,-159.977781086581,0,0.47028703156458973,960.3893964802926,1161.2228964153226,1190.8828516355627
2018-09-10,,100.0,131.51028255570435,fresh_preparation,fresh_preparation,fresh_forming,marinated_short_run,fresh_prepared,0.85,0.027,2.5,short,service_critical,low,1220.2017563784102,0.7626260977365064,0.8571291751708189,0.0284366957737883,1464.0736762426664,8.897401727901789,1860.9216652538605,3,210.05731652591763,107.93978435551716,212.9361266755461,212.9361266755461,210.05731652591763,221.58421177027736,fresh_preparation,fresh_preparation,rm_fresh_preparation,1860.9216652538605,1464.0736762426664,3,6.0,0.85,0.027,1000.0,7.0,1233.4615182927178,1254.9202939222855,21.458775629567754,1,0.5042748238413384,858.0723049110914,1037.509588188249,1064.0096580897532
2018-09-17,,100.0,131.51028255570435,fresh_preparation,fresh_preparation,fresh_forming,marinated_short_run,fresh_prepared,0.85,0.027,2.5,short,service_critical,low,1280.9128475079292,0.8005705296924558,0.8491448125526001,0.0268287854045177,1548.9444956529535,8.073801265370449,1786.552861284487,2,264.19187468194593,306.6093543590321,270.33824559857163,270.33824559857163,264.19187468194593,278.6894038051177,fresh_preparation,fresh_preparation,rm_fresh_preparation,1786.552861284487,1548.9444956529535,2,6.0,0.85,0.027,1000.0,7.0,1343.997291097929,1327.6667105596746,-16.33058053825448,0,0.49692498604570134,1090.058344928141,1318.0077926705048,1351.6723477108949
2018-09-24,,100.0,131.51028255570435,fresh_preparation,fresh_preparation,fresh_forming,marinated_short_run,fresh_prepared,0.85,0.027,2.5,short,service_critical,low,1339.030419970852,0.8368940124817825,0.8397571629863424,0.0240094304012865,1632.8289154071178,9.388547197337004,2189.9844767823306,3,188.9552618720827,73.18724217094938,197.8018902600201,197.8018902600201,188.9552618720827,199.32418186731323,fresh_preparation,fresh_preparation,rm_fresh_preparation,2189.9844767823306,1632.8289154071178,3,6.0,0.85,0.027,1000.0,7.0,1490.200655893566,1399.5676417775296,-90.63301411603629,0,0.4838161887263147,842.4120804023169,1018.5745485790663,1044.5909796988728
2018-10-01,,100.0,132.63466886394068,fresh_preparation,fresh_preparation,fresh_forming,marinated_short_run,fresh_prepared,0.85,0.027,2.5,short,service_critical,low,1291.970529710262,0.8074815810689137,0.8575721955416902,0.0243554272081996,1543.2368619015251,9.404698067602553,2073.382390425472,3,208.2627671056748,159.58407989351898,217.27758071279084,217.27758071279084,208.2627671056748,219.6911864505987,fresh_preparation,fresh_preparation,rm_fresh_preparation,2073.382390425472,1543.2368619015251,3,6.0,0.85,0.027,1000.0,7.0,1411.9951638962468,1322.77445305845,-89.22071083779679,0,0.48314397051672,792.6289245345033,958.3809014382483,982.8598664227841
2018-10-08,,100.0,132.63466886394068,fresh_preparation,fresh_preparation,fresh_forming,marinated_short_run,fresh_prepared,0.85,0.027,2.5,short,service_critical,low,1260.1532885561924,0.7875958053476202,0.8527295700392511,0.0295655857122054,1521.4793812765265,9.309950893105436,2023.5569035081287,3,262.7116612210106,389.7921152424741,271.60025088500004,271.60025088500004,262.7116612210106,277.1279636305136,fresh_preparation,fresh_preparation,rm_fresh_preparation,2023.5569035081287,1521.4793812765265,3,6.0,0.85,0.027,1000.0,7.0,1371.4943115324745,1304.1251839513084,-67.36912758116614,0,0.48708825068278133,802.0476617197062,969.7692542406218,994.5391005324357
2018-10-15,,100.0,132.63466886394068,fresh_preparation,fresh_preparation,fresh_forming,marinated_short_run,fresh_prepared,0.85,0.027,2.5,short,service_critical,low,1256.2864625562408,0.7851790390976505,0.8497199485647488,0.0254204878397504,1516.0546477422522,8.482701493520018,1837.177003523024,3,390.74395997310535,831.5409947423215,386.9305304956425,386.9305304956425,390.74395997310535,412.1860347766295,fresh_preparation,fresh_preparation,rm_fresh_preparation,1837.177003523024,1516.0546477422522,3,6.0,0.85,0.027,1000.0,7.0,1187.439297347773,1299.475412350502,112.03611500272905,1,0.5215407628959784,978.3530565697299,1182.943058545106,1213.157790146465
2018-10-22,,100.0,132.63466886394068,fresh_preparation,fresh_preparation,fresh_forming,marinated_short_run,fresh_prepared,0.85,0.027,2.5,short,service_critical,low,1261.8735461179588,0.7886709663237242,0.8485143290556717,0.0256014958036719,1525.229866010607,9.056832172567043,1973.3929887207123,2,479.3153748054039,1294.4331046645616,487.9377718742096,487.9377718742096,479.3153748054039,505.6178059978504,fresh_preparation,fresh_preparation,rm_fresh_preparation,1973.3929887207123,1525.229866010607,2,6.0,0.85,0.027,1000.0,7.0,1537.613027003396,1307.339885151949,-230.273141851447,0,0.4560788214313953,859.1767624418435,1038.8450062775448,1065.379185427886
2018-10-29,,100.0,132.63466886394068,cured_embutido,cured_embutido,curing_maturation,fermented_dry_spiced,cured,0.79,0.031,11.0,long,planned_campaign,high,1082.1841121683465,0.6763650701052165,0.7943294077191669,0.0306686990486319,1404.16970614537,12.845261554353211,2576.7038774480816,9,357.6390250591219,728.4335603210392,299.2411698630452,299.2411698630452,357.6390250591219,374.6358197250567,cured_embutido,cured_embutido,rm_cured_embutido,2576.7038774480816,1404.16970614537,9,6.0,0.79,0.031,1000.0,28.0,771.3428266897488,1203.5740338388885,432.23120714913966,1,0.5888281385060271,31.03986253617677,40.54795173959422,38.48942954485919
2018-11-05,,100.0,129.86919353177464,cured_embutido,cured_embutido,curing_maturation,fermented_dry_spiced,cured,0.79,0.031,11.0,long,planned_campaign,high,1063.858202341223,0.6649113764632644,0.7878320663990953,0.0288759074823068,1389.3545592390706,13.250422250267874,2629.933509321785,9,320.37080470128296,595.7800841115088,276.96879479625505,276.96879479625505,320.37080470128296,335.59642719471145,cured_embutido,cured_embutido,rm_cured_embutido,2629.933509321785,1389.3545592390706,9,6.0,0.79,0.031,1000.0,28.0,843.6205045858371,1190.8753364906318,347.2548319047946,1,0.5723868865590909,0.0,0.0,0.0
2018-11-12,,100.0,129.86919353177464,cured_embutido,cured_embutido,curing_maturation,fermented_dry_spiced,cured,0.79,0.031,11.0,long,planned_campaign,high,1109.040158804194,0.6931500992526212,0.794593025698064,0.0285464625308967,1435.576823922703,14.742061003033308,3023.337301829899,9,227.5938949698668,282.8016845618615,229.14698988644375,229.14698988644375,227.5938949698668,238.41029482830973,cured_embutido,cured_embutido,rm_cured_embutido,3023.337301829899,1435.576823922703,9,6.0,0.79,0.031,1000.0,28.0,1177.595671072138,1230.494420505174,52.89874943303607,1,0.5107458032916268,0.0,0.0,0.0
2018-11-19,,100.0,129.86919353177464,cured_embutido,cured_embutido,curing_maturation,fermented_dry_spiced,cured,0.79,0.031,11.0,long,planned_campaign,high,1026.8486369204425,0.6417803980752765,0.792168781142897,0.0308990518544371,1336.3027064409796,13.507397473288536,2578.5674000756453,9,270.7203908196541,373.8480321015551,240.55434069062468,240.55434069062468,270.7203908196541,283.58637739335813,cured_embutido,cured_embutido,rm_cured_embutido,2578.5674000756453,1336.3027064409796,9,6.0,0.79,0.031,1000.0,28.0,860.4639203658144,1145.4023198065538,284.93839944073943,1,0.5618730159425669,0.0,0.0,0.0
2018-11-26,,100.0,129.86919353177464,cured_embutido,cured_embutido,curing_maturation,fermented_dry_spiced,cured,0.79,0.031,11.0,long,planned_campaign,high,1115.5203534691352,0.6972002209182095,0.7909787277019494,0.0292169410906559,1451.5086255954202,12.737464301138475,2641.2199001880344,9,308.558433228593,472.88625121089217,241.10466781164453,241.10466781164453,308.558433228593,323.2226727677819,cured_embutido,cured_embutido,rm_cured_embutido,2641.2199001880344,1451.5086255954202,9,6.0,0.79,0.031,1000.0,28.0,774.9945244224944,1244.1502505103601,469.1557260878658,1,0.5931708820434409,54.438975917745665,71.11465025635938,67.50433013800462
2018-12-03,,100.0,133.2440690768016,cured_embutido,cured_embutido,curing_maturation,fermented_dry_spiced,cured,0.79,0.031,11.0,long,planned_campaign,high,1100.696972935261,0.6879356080845384,0.7905820592213424,0.0295179628404422,1433.3582353197428,13.478791480540302,2759.9909672557187,9,278.8356189750608,384.0486292839669,243.1751800130598,243.1751800130598,278.8356189750608,292.0872817668506,cured_embutido,cured_embutido,rm_cured_embutido,2759.9909672557187,1433.3582353197428,9,6.0,0.79,0.031,1000.0,28.0,917.1018075589066,1228.592773131208,311.49096557230155,1,0.5630463320570966,0.0,0.0,0.0
2018-12-10,,100.0,133.2440690768016,cured_embutido,cured_embutido,curing_maturation,fermented_dry_spiced,cured,0.79,0.031,11.0,long,planned_campaign,high,1131.0231294333803,0.7068894558958628,0.7893001278531433,0.0294376179477059,1475.12678019519,12.559512720503967,2646.696222888221,9,333.38142286918384,547.7927233960676,259.04834881692904,259.04834881692904,333.38142286918384,349.2253749910418,cured_embutido,cured_embutido,rm_cured_embutido,2646.696222888221,1475.12678019519,9,6.0,0.79,0.031,1000.0,28.0,750.1046483515483,1264.3943830244484,514.2897346729001,1,0.6003078257046577,92.82494033141711,121.25895198157714,115.10292601095722
2018-12-17,,100.0,133.2440690768016,cured_embutido,cured_embutido,curing_maturation,fermented_dry_spiced,cured,0.79,0.031,11.0,long,planned_campaign,high,1085.618953898449,0.6785118461865306,0.7941825604808371,0.0320447204276689,1410.7679588037713,12.651184040632948,2549.697869350656,9,338.152569536488,567.7993425462948,274.52321524288726,274.52321524288726,338.152569536488,354.22327040370953,cured_embutido,cured_embutido,rm_cured_embutido,2549.697869350656,1410.7679588037713,9,6.0,0.79,0.031,1000.0,28.0,735.8533508886644,1209.229678974661,473.37632808599665,1,0.596636359657355,70.29976842777614,91.83389952812654,87.17171285044242
2018-12-24,,100.0,133.2440690768016,cured_embutido,cured_embutido,curing_maturation,fermented_dry_spiced,cured,0.79,0.031,11.0,long,planned_campaign,high,1173.9984045983642,0.7337490028739776,0.7865386286715927,0.0305357486190092,1538.191870885786,12.74591639457268,2800.809283588794,9,330.1239067808412,537.1810156193618,257.6786512286209,257.6786512286209,330.1239067808412,345.81304545060067,cured_embutido,cured_embutido,rm_cured_embutido,2800.809283588794,1538.191870885786,9,6.0,0.79,0.031,1000.0,28.0,823.1340210213548,1318.4501750449595,495.31615402360467,1,0.5928308954247451,55.832762341951366,72.93537947505763,69.23262530401969
2018-12-31,,100.0,133.2440690768016,cured_embutido,cured_embutido,curing_maturation,fermented_dry_spiced,cured,0.79,0.031,11.0,long,planned_campaign,high,1176.861531327633,0.7355384570797706,0.7835122994926792,0.0306428560642122,1548.059846188729,13.104004604824544,2897.969050428725,9,307.28688590124085,484.82764416336016,247.0958372607749,247.0958372607749,307.28688590124085,321.8906951536973,cured_embutido,cured_embutido,rm_cured_embutido,2897.969050428725,1548.059846188729,9,6.0,0.79,0.031,1000.0,28.0,907.6063910432165,1326.908439590339,419.30204854712247,1,0.5783489262317212,0.0,0.0,0.0
2019-01-07,,100.0,129.16108765063342,cured_embutido,cured_embutido,curing_maturation,fermented_dry_spiced,cured,0.79,0.031,11.0,long,planned_campaign,high,1145.5090683720591,0.7159431677325371,0.7924577604915699,0.0321938917946177,1492.0510875375053,14.028819000578656,2990.244949525743,9,254.97309340051885,332.88285483641164,235.98961529594575,235.98961529594575,254.97309340051885,267.09068966437854,cured_embutido,cured_embutido,rm_cured_embutido,2990.244949525743,1492.0510875375053,9,6.0,0.79,0.031,1000.0,28.0,1071.893551263236,1278.9009321750043,207.00738091176822,1,0.5403777560441485,0.0,0.0,0.0
2019-01-14,,100.0,129.16108765063342,cured_embutido,cured_embutido,curing_maturation,fermented_dry_spiced,cured,0.79,0.031,11.0,long,planned_campaign,high,1067.8824582730251,0.6674265364206406,0.7925249533122686,0.0307159207835341,1388.8312874784356,13.813676522035236,2740.6951641298338,9,263.1237544293511,341.61390128336814,241.08605327032507,241.08605327032507,263.1237544293511,275.62871085860604,cured_embutido,cured_embutido,rm_cured_embutido,2740.6951641298338,1388.8312874784356,9,6.0,0.79,0.031,1000.0,28.0,955.0549373718452,1190.4268178386592,235.371880466814,1,0.5492697391510933,0.0,0.0,0.0
2019-01-21,,100.0,129.16108765063342,cured_embutido,cured_embutido,curing_maturation,fermented_dry_spiced,cured,0.79,0.031,11.0,long,planned_campaign,high,1151.7839305977382,0.7198649566235864,0.7919209646100471,0.0304434924630856,1498.6953358311637,13.78043480017353,2950.381908677932,9,261.3355554583138,323.4292401900821,232.47850468213863,232.47850468213863,261.3355554583138,273.7555277314702,cured_embutido,cured_embutido,rm_cured_embutido,2950.381908677932,1498.6953358311637,9,6.0,0.79,0.031,1000.0,28.0,1023.4879054664359,1284.5960021409974,261.10809667456147,1,0.5506409839946833,0.0,0.0,0.0
2019-01-28,,100.0,129.16108765063342,cured_embutido,cured_embutido,curing_maturation,fermented_dry_spiced,cured,0.79,0.031,11.0,long,planned_campaign,high,1142.420063084488,0.714012539427805,0.7916309134784721,0.0319409007111403,1489.2167155394245,12.807282863870808,2724.6885316454336,9,307.58257280573787,459.14207463017465,239.38625991458076,239.38625991458076,307.58257280573787,322.2004345783306,cured_embutido,cured_embutido,rm_cured_embutido,2724.6885316454336,1489.2167155394245,9,6.0,0.79,0.031,1000.0,28.0,809.981325951888,1276.4714704623639,466.49014451047583,1,0.5903597728963406,40.99965435635477,53.558613677619846,50.83957140187991
2019-02-04,,100.0,131.11374326226525,cured_embutido,cured_embutido,curing_maturation,fermented_dry_spiced,cured,0.79,0.031,11.0,long,planned_campaign,high,1090.984199121683,0.681865124451052,0.7887178384866499,0.0323363956871152,1427.9665564986913,13.095915067509626,2671.504106164436,9,306.71344817128096,463.62282629119454,257.6298166117017,257.6298166117017,306.71344817128096,321.2900047956211,cured_embutido,cured_embutido,rm_cured_embutido,2671.504106164436,1427.9665564986913,9,6.0,0.79,0.031,1000.0,28.0,835.547104951833,1223.9713341417353,388.42422918990223,1,0.578677679165148,0.0,0.0,0.0
2019-02-11,,100.0,131.11374326226525,cured_embutido,cured_embutido,curing_maturation,fermented_dry_spiced,cured,0.79,0.031,11.0,long,planned_campaign,high,1149.604935163128,0.718503084476955,0.7931499308175421,0.0307058530009827,1493.9225098211969,13.58390434490093,2899.042924586494,9,287.66615207373286,402.7504569772745,253.9957483365577,253.9957483365577,287.66615207373286,301.337485951037,cured_embutido,cured_embutido,rm_cured_embutido,2899.042924586494,1493.9225098211969,9,6.0,0.79,0.031,1000.0,28.0,978.2854119592407,1280.5050084181687,302.219596458928,1,0.5587316085983387,0.0,0.0,0.0
2019-02-18,,100.0,131.11374326226525,cured_embutido,cured_embutido,curing_maturation,fermented_dry_spiced,cured,0.79,0.031,11.0,long,planned_campaign,high,1166.8945037651622,0.7293090648532263,0.7898177674929818,0.031161215551241,1523.460732900313,13.043711689537968,2838.797510040556,9,318.1925645385459,491.7606542827862,260.642750535339,260.642750535339,318.1925645385459,333.3146661682403,cured_embutido,cured_embutido,rm_cured_embutido,2838.797510040556,1523.460732900313,9,6.0,0.79,0.031,1000.0,28.0,880.0622820258682,1305.8234853431254,425.76120331725724,1,0.5807974974142253,0.0,0.0,0.0
2019-02-25,,100.0,131.11374326226525,cured_embutido,cured_embutido,curing_maturation,fermented_dry_spiced,cured,0.79,0.031,11.0,long,planned_campaign,high,1176.9214296276396,0.7355758935172747,0.7880515457567393,0.0294364195405333,1537.4194608462794,13.253683816590357,2910.9244896470577,9,306.5505428986542,453.5050154076181,256.56708134312504,256.56708134312504,306.5505428986542,321.11935744991274,cured_embutido,cured_embutido,rm_cured_embutido,2910.9244896470577,1537.4194608462794,9,6.0,0.79,0.031,1000.0,28.0,934.2423257018415,1317.788109296811,383.5457835949694,1,0.5722538310892001,0.0,0.0,0.0
2019-03-04,,100.0,130.31036495347962,cured_embutido,cured_embutido,curing_maturation,fermented_dry_spiced,cured,0.79,0.031,11.0,long,planned_campaign,high,1161.1833929271174,0.7257396205794484,0.7887524347509784,0.0292786339136709,1515.2805921576678,13.704417424384392,2966.576821428149,9,280.9668818455274,375.11677806945465,250.51030239577452,250.51030239577452,280.9668818455274,294.31983290523607,cured_embutido,cured_embutido,rm_cured_embutido,2966.576821428149,1515.2805921576678,9,6.0,0.79,0.031,1000.0,28.0,1018.3589172254331,1298.811936135144,280.45301890971086,1,0.5537738315033015,0.0,0.0,0.0
2019-03-11,,100.0,130.31036495347962,cured_embutido,cured_embutido,curing_maturation,fermented_dry_spiced,cured,0.79,0.031,11.0,long,planned_campaign,high,1167.363354970612,0.7296020968566326,0.7980825587951034,0.0325382950039336,1510.3041094034031,13.23033860014564,2854.5478223712043,9,304.94351670079345,447.05662904097227,254.98831393942044,254.98831393942044,304.94351670079345,319.4359573319987,cured_embutido,cured_embutido,rm_cured_embutido,2854.5478223712043,1510.3041094034031,9,6.0,0.79,0.031,1000.0,28.0,912.7282531382575,1294.5463794886311,381.81812635037363,1,0.5732059668302454,0.0,0.0,0.0
2019-03-18,,100.0,130.31036495347962,cured_embutido,cured_embutido,curing_maturation,fermented_dry_spiced,cured,0.79,0.031,11.0,long,planned_campaign,high,1210.0866321543197,0.7563041450964498,0.7830600956718183,0.0318898841250892,1594.6108881512491,13.575237962327638,3092.460323424547,9,258.9249454767123,257.24292232038573,216.67690368460575,216.67690368460575,258.9249454767123,271.23035351049305,cured_embutido,cured_embutido,rm_cured_embutido,3092.460323424547,1594.6108881512491,9,6.0,0.79,0.031,1000.0,28.0,1042.2463243729412,1366.8093327010706,324.5630083281294,1,0.5590876952968431,0.0,0.0,0.0
2019-03-25,,100.0,130.31036495347962,cured_embutido,cured_embutido,curing_maturation,fermented_dry_spiced,cured,0.79,0.031,11.0,long,planned_campaign,high,1202.4864333740777,0.7515540208587985,0.7919991524171832,0.0319105968768331,1566.7421984130108,14.395239282478162,3221.9469771587383,9,173.26454119979306,0.0,159.10243490826988,159.10243490826988,173.26454119979306,181.49893852031323,cured_embutido,cured_embutido,rm_cured_embutido,3221.9469771587383,1566.7421984130108,9,6.0,0.79,0.031,1000.0,28.0,1207.5641506277245,1342.9218843540093,135.35773372628478,1,0.5251770516942736,0.0,0.0,0.0
2019-04-01,,100.0,130.95152264222202,cured_embutido,cured_embutido,curing_maturation,fermented_dry_spiced,cured,0.79,0.031,11.0,long,planned_campaign,high,1064.2994798827583,0.665187174926724,0.7832835582895051,0.031561708697451,1401.651519956814,13.321404450321156,2667.4238279645883,9,161.9272967937955,0.0,94.94944556551977,94.94944556551977,161.9272967937955,169.62289157392067,cured_embutido,cured_embutido,rm_cured_embutido,2667.4238279645883,1401.651519956814,9,6.0,0.79,0.031,1000.0,28.0,865.3004451629706,1201.4155885344119,336.11514337144126,1,0.5694888363873848,0.0,0.0,0.0
2019-04-08,,100.0,130.95152264222202,cured_embutido,cured_embutido,curing_maturation,fermented_dry_spiced,cured,0.79,0.031,11.0,long,planned_campaign,high,1153.043548756048,0.72065221797253,0.7895670666467082,0.0310924065516299,1505.7548595522617,14.13212241554488,3039.930286142021,9,64.138495332518,0.0,0.0,0.0,64.138495332518,67.18667732319592,cured_embutido,cured_embutido,rm_cured_embutido,3039.930286142021,1505.7548595522617,9,6.0,0.79,0.031,1000.0,28.0,1103.9597524319702,1290.647022473367,186.6872700413969,1,0.5360986483326959,0.0,0.0,0.0
2019-04-15,,100.0,130.95152264222202,fresh_preparation,fresh_preparation,fresh_forming,marinated_short_run,fresh_prepared,0.85,0.027,2.5,short,service_critical,low,1358.7923734570963,0.8492452334106853,0.8430013480454599,0.0299281985357065,1660.0905616858593,9.380141770097772,2224.5549742592284,3,114.15332450984118,0.0,108.3081825384199,108.3081825384199,114.15332450984118,120.41748819231871,fresh_preparation,fresh_preparation,rm_fresh_preparation,2224.5549742592284,1660.0905616858593,3,6.0,0.85,0.027,1000.0,7.0,1513.0875906795745,1422.934767159308,-90.15282352026657,0,0.48416605581728217,858.4703545859388,1037.9908767135466,1064.503239686564
2019-04-22,,100.0,130.95152264222202,fresh_preparation,fresh_preparation,fresh_forming,marinated_short_run,fresh_prepared,0.85,0.027,2.5,short,service_critical,low,1291.9711415974468,0.8074819634984043,0.8416598868132805,0.0288702175220455,1579.3441630211196,8.164174533621297,1842.005913651496,2,182.52418894283005,0.0,192.16296799577748,192.16296799577748,182.52418894283005,192.54020381106784,fresh_preparation,fresh_preparation,rm_fresh_preparation,1842.005913651496,1579.3441630211196,2,6.0,0.85,0.027,1000.0,7.0,1390.7647242168905,1353.7235683038166,-37.04115591307391,0,0.4931598211985031,1091.0618176734401,1319.2211083652019,1352.9166539150658
2019-04-29,,100.0,130.95152264222202,fresh_preparation,fresh_preparation,fresh_forming,marinated_short_run,fresh_prepared,0.85,0.027,2.5,short,service_critical,low,1364.8883081041397,0.8530551925650873,0.8456062157000194,0.0305578536200483,1663.417722239041,8.383237512155244,1992.1179782083088,2,208.73752481540512,78.69323411941266,220.06510357047648,220.06510357047648,208.73752481540512,220.19199648965048,fresh_preparation,fresh_preparation,rm_fresh_preparation,1992.1179782083088,1663.417722239041,2,6.0,0.85,0.027,1000.0,7.0,1516.855771854297,1425.7866190620352,-91.06915279226178,0,0.4840371969780123,1097.0863630927672,1326.5054870839335,1360.3870902350313
2019-05-06,,100.0,133.08871493803,fresh_preparation,fresh_preparation,fresh_forming,marinated_short_run,fresh_prepared,0.85,0.027,2.5,short,service_critical,low,1425.9786827852688,0.891236676740793,0.8356572459378885,0.0305383696969996,1758.5269009794845,8.494087269361202,2133.868708919864,2,247.7262824109908,245.847680962012,256.4339105753316,256.4339105753316,247.7262824109908,261.320262158294,fresh_preparation,fresh_preparation,rm_fresh_preparation,2133.868708919864,1758.5269009794845,2,6.0,0.85,0.027,1000.0,7.0,1631.432451497154,1507.3087722681296,-124.12367922902445,0,0.4794246562099723,1131.9669643277502,1368.680205946134,1403.6390357664102
2019-05-13,,100.0,133.08871493803,fresh_preparation,fresh_preparation,fresh_forming,marinated_short_run,fresh_prepared,0.85,0.027,2.5,short,service_critical,low,1325.8476799374969,0.8286547999609355,0.8400453106367866,0.0302283624577667,1626.0145338291484,8.48134384904347,1970.112623563876,3,270.87804493286563,268.2987719411726,264.89131090126153,264.89131090126153,270.87804493286563,285.74247764855664,fresh_preparation,fresh_preparation,rm_fresh_preparation,1970.112623563876,1626.0145338291484,3,6.0,0.85,0.027,1000.0,7.0,1273.2492519228126,1393.726743282127,120.4774913593144,1,0.5215972261482016,1049.6286535473994,1269.1235760200707,1301.5395303987752
2019-05-20,,100.0,133.08871493803,fresh_preparation,fresh_preparation,fresh_forming,marinated_short_run,fresh_prepared,0.85,0.027,2.5,short,service_critical,low,1379.7631672401728,0.862351979525108,0.8457349160485775,0.0296804002885328,1679.8586216412425,8.94007095153905,2145.4364665753283,3,230.1585244397254,161.65134648345543,232.3250712835969,232.3250712835969,230.1585244397254,242.7884734683553,fresh_preparation,fresh_preparation,rm_fresh_preparation,2145.4364665753283,1679.8586216412425,3,6.0,0.85,0.027,1000.0,7.0,1425.49705730051,1439.8788185496364,14.381761249126384,1,0.5024970229265672,974.3009736155509,1178.043617212443,1208.1332072832831
2019-05-27,,100.0,133.08871493803,fresh_preparation,fresh_preparation,fresh_forming,marinated_short_run,fresh_prepared,0.85,0.027,2.5,short,service_critical,low,1323.527189985548,0.8272044937409675,0.8544432158385816,0.0286429883065323,1593.361546531232,9.363031228052233,2131.2419882499325,3,192.75096944627947,32.94058079231207,202.12895957159336,202.12895957159336,192.75096944627947,203.32817889464403,fresh_preparation,fresh_preparation,rm_fresh_preparation,2131.2419882499325,1593.361546531232,3,6.0,0.85,0.027,1000.0,7.0,1448.3727540222617,1365.7384684553417,-82.63428556691997,0,0.48487831177327895,827.8580267366415,1000.9769986538196,1026.5439531534355
2019-06-03,,100.0,134.29292409104957,fresh_preparation,fresh_preparation,fresh_forming,marinated_short_run,fresh_prepared,0.85,0.027,2.5,short,service_critical,low,1337.203504762006,0.8357521904762537,0.8531251030834606,0.028391165781673,1611.918657860671,9.719012247818004,2238.0367397477457,3,166.8312197204924,0.0,171.92432683917633,171.92432683917633,166.8312197204924,175.98608290265443,fresh_preparation,fresh_preparation,rm_fresh_preparation,2238.0367397477457,1611.918657860671,3,6.0,0.85,0.027,1000.0,7.0,1547.2144578074583,1381.6445638805749,-165.56989392688342,0,0.47007695697058116,755.5264819935,913.5197170588236,936.85283767194
2019-06-10,,100.0,134.29292409104957,fresh_preparation,fresh_preparation,fresh_forming,marinated_short_run,fresh_prepared,0.85,0.027,2.5,short,service_critical,low,1419.0359797731269,0.8868974873582042,0.8393942780381292,0.031006131501274,1742.9649382248394,9.15082225103022,2278.5089056390534,3,157.73346158040073,0.0,156.1896921413632,156.1896921413632,157.73346158040073,166.38908528462522,fresh_preparation,fresh_preparation,rm_fresh_preparation,2278.5089056390534,1742.9649382248394,3,6.0,0.85,0.027,1000.0,7.0,1531.523932114122,1493.9699470498624,-37.55398506425968,0,0.49371607042292825,958.4259796356482,1158.8488962404308,1188.4482147482038
2019-06-17,,100.0,134.29292409104957,fresh_preparation,fresh_preparation,fresh_forming,marinated_short_run,fresh_prepared,0.85,0.027,2.5,short,service_critical,low,1330.615966680503,0.8316349791753146,0.8480899363027518,0.0261393324262033,1609.967671256222,8.698509464163246,2000.6170036313013,2,175.5464561444817,0.0,181.60635585682869,181.60635585682869,175.5464561444817,185.1795679254101,fresh_preparation,fresh_preparation,rm_fresh_preparation,2000.6170036313013,1609.967671256222,2,6.0,0.85,0.027,1000.0,7.0,1540.6262404152378,1379.9722896481903,-160.6539507670475,0,0.47092826618219147,989.3229572731109,1196.206949124129,1226.7604670186574
2019-06-24,,100.0,134.29292409104957,fresh_preparation,fresh_preparation,fresh_forming,marinated_short_run,fresh_prepared,0.85,0.027,2.5,short,service_critical,low,1364.9346085286586,0.8530841303304116,0.8493574830241091,0.0301396185190362,1655.4551470210936,7.716572451617247,1824.9199403415644,2,244.9183814725606,183.6224240859278,241.77075851878743,241.77075851878743,244.9183814725606,258.35827765586737,fresh_preparation,fresh_preparation,rm_fresh_preparation,1824.9199403415644,1655.4551470210936,2,6.0,0.85,0.027,1000.0,7.0,1351.9327554783947,1418.9615545895088,67.02879911111404,1,0.511807285678306,1249.4967612690377,1510.7874509026512,1549.3759839736067
2019-07-01,,100.0,137.32962543344664,fresh_preparation,fresh_preparation,fresh_forming,marinated_short_run,fresh_prepared,0.85,0.027,2.5,short,service_critical,low,1286.3150020375758,0.8039468762734849,0.8567295343413603,0.0326905887898152,1550.5072996515548,8.936836122103744,1979.518520444507,2,212.82198024736303,89.76050063189702,222.8689852102893,222.8689852102893,212.82198024736303,224.5005864134371,fresh_preparation,fresh_preparation,rm_fresh_preparation,1979.518520444507,1550.5072996515548,2,6.0,0.85,0.027,1000.0,7.0,1536.5164348297772,1329.00625684419,-207.51017798558723,0,0.46104427286162236,899.9950360512375,1088.1990642055953,1115.9938447035345
2019-07-08,,100.0,137.32962543344664,fresh_preparation,fresh_preparation,fresh_forming,marinated_short_run,fresh_prepared,0.85,0.027,2.5,short,service_critical,low,1432.0211032469526,0.8950131895293454,0.8410319006962202,0.0301886023007104,1754.0973387547626,8.909944493070336,2232.70141767819,2,216.0228320112541,123.34344832788258,224.77497019420065,224.77497019420065,216.0228320112541,227.8770849178717,fresh_preparation,fresh_preparation,rm_fresh_preparation,2232.70141767819,1754.0973387547626,2,6.0,0.85,0.027,1000.0,7.0,1731.5307494625436,1503.5120046469394,-228.01874481560412,0,0.4621581484602487,1024.907925723512,1239.2333301777549,1270.885827897155
2019-07-15,,100.0,137.32962543344664,fresh_preparation,fresh_preparation,fresh_forming,marinated_short_run,fresh_prepared,0.85,0.027,2.5,short,service_critical,low,1374.176513707098,0.8588603210669363,0.8392389917990322,0.029182156286864,1685.190942408579,9.004239628976716,2167.694723718278,3,201.1712419555805,56.08958340116868,204.32710361779277,204.32710361779277,201.1712419555805,212.21051385789303,fresh_preparation,fresh_preparation,rm_fresh_preparation,2167.694723718278,1685.190942408579,3,6.0,0.85,0.027,1000.0,7.0,1445.4700341146013,1444.4493792073536,-1.0206549072477173,0,0.49982334879998686,961.9455978976544,1163.1045256002108,1192.8125413930914
2019-07-22,,100.0,137.32962543344664,fresh_preparation,fresh_preparation,fresh_forming,marinated_short_run,fresh_prepared,0.85,0.027,2.5,short,service_critical,low,1336.132863809462,0.8350830398809137,0.8480904322342953,0.0268994490650534,1617.839383129129,10.15822655547534,2347.7684263137376,3,139.71522695080589,0.0,137.3216632669227,137.3216632669227,139.71522695080589,147.38210002973136,fresh_preparation,fresh_preparation,rm_fresh_preparation,2347.7684263137376,1617.839383129129,3,6.0,0.85,0.027,1000.0,7.0,1654.408690686968,1386.719471253539,-267.6892194334289,0,0.45188986379846624,656.7904280689304,794.1363013952365,814.4201308054737
2019-07-29,,100.0,137.32962543344664,fresh_preparation,fresh_preparation,fresh_forming,marinated_short_run,fresh_prepared,0.85,0.027,2.5,short,service_critical,low,1360.5791605295688,0.8503619753309805,0.8462929090175892,0.0276179639017526,1652.094176581943,9.638840304569184,2274.895990883153,2,156.55060579626632,0.0,159.28745981318727,159.28745981318727,156.55060579626632,165.14132028933645,fresh_preparation,fresh_preparation,rm_fresh_preparation,2274.895990883153,1652.094176581943,2,6.0,0.85,0.027,1000.0,7.0,1802.8690832883121,1416.0807227845228,-386.78836050378936,0,0.43213638015418054,793.278908483313,959.1668079116292,983.665846519308
2019-08-05,,100.0,139.6247467985031,fresh_preparation,fresh_preparation,fresh_forming,marinated_short_run,fresh_prepared,0.85,0.027,2.5,short,service_critical,low,1291.8002995637646,0.8073751872273529,0.842761532124331,0.0300888989562373,1578.9391156651236,9.311528902026494,2100.3338871508504,2,173.19145394019256,0.0,180.35903981264133,180.35903981264133,173.19145394019256,182.69533497516065,fresh_preparation,fresh_preparation,rm_fresh_preparation,2100.3338871508504,1578.9391156651236,2,6.0,0.85,0.027,1000.0,7.0,1649.2084255322436,1353.3763848558203,-295.8320406764233,0,0.44556951759448066,831.9816133700933,1005.9628962820789,1031.6572005789158
2019-08-12,,100.0,139.6247467985031,fresh_preparation,fresh_preparation,fresh_forming,marinated_short_run,fresh_prepared,0.85,0.027,2.5,short,service_critical,low,1391.2668146570345,0.8695417591606465,0.8429599259895667,0.028255000320479,1697.0878624765692,8.263246073033542,2003.3506593146285,3,210.840225626692,55.60000803674643,192.9338480662001,192.9338480662001,210.840225626692,222.41008300795667,fresh_preparation,fresh_preparation,rm_fresh_preparation,2003.3506593146285,1697.0878624765692,3,6.0,0.85,0.027,1000.0,7.0,1276.0272896818133,1454.6467392656307,178.6194495838174,1,0.5306595663398277,1148.3839424275711,1388.5302489904734,1423.9960886101883
2019-08-19,,100.0,139.6247467985031,fresh_preparation,fresh_preparation,fresh_forming,marinated_short_run,fresh_prepared,0.85,0.027,2.5,short,service_critical,low,1325.873802671967,0.8286711266699794,0.8575311645033212,0.0265070732034412,1587.136296563886,8.532695501558456,1934.650105435831,2,196.6203173384949,74.47934886183528,204.4962922785033,204.4962922785033,196.6203173384949,207.40985725244485,fresh_preparation,fresh_preparation,rm_fresh_preparation,1934.650105435831,1587.136296563886,2,6.0,0.85,0.027,1000.0,7.0,1481.1825921318637,1360.4025399119023,-120.78005221996136,0,0.47781892210101734,1012.8887310399573,1224.7007206818903,1255.982026489547
2019-08-26,,100.0,139.6247467985031,fresh_preparation,fresh_preparation,fresh_forming,marinated_short_run,fresh_prepared,0.85,0.027,2.5,short,service_critical,low,1326.6040185049358,0.8291275115655848,0.8509167925813979,0.0243042087097306,1596.9200411753084,8.7835855869194,2003.8119795900247,3,184.8064578229024,0.0,182.9856909245933,182.9856909245933,184.8064578229024,194.9477121959341,fresh_preparation,fresh_preparation,rm_fresh_preparation,2003.8119795900247,1596.9200411753084,3,6.0,0.85,0.027,1000.0,7.0,1319.4176762291781,1368.788606721693,49.370930492514844,1,0.5090162897335422,961.8966683069766,1163.0453640130302,1192.751868700651
2019-09-02,,100.0,139.73375218869091,fresh_preparation,fresh_preparation,fresh_forming,marinated_short_run,fresh_prepared,0.85,0.027,2.5,short,service_critical,low,1312.4750410390322,0.8202969006493952,0.8558402102088758,0.0255003638350087,1572.657624700066,8.372683853306919,1881.0521573008932,2,205.1077602774779,93.50359620549288,212.50205533354944,212.50205533354944,205.1077602774779,216.36304862270447,fresh_preparation,fresh_preparation,rm_fresh_preparation,1881.0521573008932,1572.657624700066,2,6.0,0.85,0.027,1000.0,7.0,1431.7214073865887,1347.9922497429138,-83.72915764367485,0,0.48447649678640725,1039.5977171420868,1256.9950028923122,1289.1011692561876
2019-09-09,,100.0,139.73375218869091,fresh_preparation,fresh_preparation,fresh_forming,marinated_short_run,fresh_prepared,0.85,0.027,2.5,short,service_critical,low,1306.228350326886,0.8163927189543039,0.8507316589205148,0.0235832002140933,1571.6276466477318,9.138206842704202,2051.694073539915,2,184.85242357270957,8.216751910836157,194.74526315183533,194.74526315183533,184.85242357270957,194.996200316262,fresh_preparation,fresh_preparation,rm_fresh_preparation,2051.694073539915,1571.6276466477318,2,6.0,0.85,0.027,1000.0,7.0,1602.6576030691344,1347.1094114123414,-255.54819165679305,0,0.45271642752621344,867.0429845201584,1048.3561870747335,1075.1333008049965
2019-09-16,,100.0,139.73375218869091,fresh_preparation,fresh_preparation,fresh_forming,marinated_short_run,fresh_prepared,0.85,0.027,2.5,short,service_critical,low,1355.064252144108,0.8469151575900675,0.8448623983378525,0.0296766551719024,1651.4855311773526,9.052073437242552,2135.6240441087034,2,187.32158981061377,21.60527497596941,196.6096577037947,196.6096577037947,187.32158981061377,197.6008620514712,fresh_preparation,fresh_preparation,rm_fresh_preparation,2135.6240441087034,1651.4855311773526,2,6.0,0.85,0.027,1000.0,7.0,1663.7710352008885,1415.5590267234452,-248.2120084774433,0,0.45627557892475734,931.4205137920944,1126.1961354115163,1154.9614371021971
2019-09-23,,100.0,139.73375218869091,fresh_preparation,fresh_preparation,fresh_forming,marinated_short_run,fresh_prepared,0.85,0.027,2.5,short,service_critical,low,1336.38011158836,0.835237569742725,0.8487823230066334,0.0333993668551676,1627.0536317265608,8.184943451880315,1902.4774241226287,3,225.82005655575105,88.78506993745737,207.87741742290564,207.87741742290564,225.82005655575105,238.21193215924788,fresh_preparation,fresh_preparation,rm_fresh_preparation,1902.4774241226287,1627.0536317265608,3,6.0,0.85,0.027,1000.0,7.0,1205.1687248112455,1394.6173986227664,189.44867381152085,1,0.5339085619235426,1119.1936062266986,1353.2357248373116,1387.8000717211064
2019-09-30,,100.0,139.73375218869091,fresh_preparation,fresh_preparation,fresh_forming,marinated_short_run,fresh_prepared,0.85,0.027,2.5,short,service_critical,low,1351.7183888515376,0.844823993032211,0.8422683746622642,0.02756990204689,1649.1004223969762,9.556018153170806,2251.261938975307,2,162.34998811544855,0.0,166.08996441735695,166.08996441735695,162.34998811544855,171.2589437132838,fresh_preparation,fresh_preparation,rm_fresh_preparation,2251.261938975307,1649.1004223969762,2,6.0,0.85,0.027,1000.0,7.0,1780.0903897190283,1413.514647768837,-366.5757419501913,0,0.43552685288039955,811.3531311905062,981.020653153384,1006.0778826762278
2019-10-07,,100.0,139.95347958938444,fresh_preparation,fresh_preparation,fresh_forming,marinated_short_run,fresh_prepared,0.85,0.027,2.5,short,service_critical,low,1327.4472537579982,0.8296545335987489,0.8444070832032876,0.0241733471479538,1610.0481913134138,8.894145499801411,2045.714696461943,2,199.730110891049,69.02489817824147,208.40737916050173,208.40737916050173,199.730110891049,210.6903007261953,fresh_preparation,fresh_preparation,rm_fresh_preparation,2045.714696461943,1610.0481913134138,2,6.0,0.85,0.027,1000.0,7.0,1585.7009275152534,1380.041306840069,-205.65962067518444,0,0.46281273398552203,944.3748016915399,1141.8593817683816,1171.0247540975095
2019-10-14,,100.0,139.95347958938444,fresh_preparation,fresh_preparation,fresh_forming,marinated_short_run,fresh_prepared,0.85,0.027,2.5,short,service_critical,low,1349.4627744381978,0.8434142340238736,0.8508506561043802,0.0300292466151128,1633.6428901092568,7.795316611470744,1819.2519369256809,2,322.39977949112387,474.9962898330365,323.7376907419081,323.7376907419081,322.39977949112387,340.0914673906993,fresh_preparation,fresh_preparation,rm_fresh_preparation,1819.2519369256809,1633.6428901092568,2,6.0,0.85,0.027,1000.0,7.0,1352.4968254658932,1400.265334379363,47.76850891346976,1,0.5085276475282261,1214.6562875629386,1468.661250907368,1506.173796578044
2019-10-21,,100.0,139.95347958938444,fresh_preparation,fresh_preparation,fresh_forming,marinated_short_run,fresh_prepared,0.85,0.027,2.5,short,service_critical,low,1314.2639652026362,0.8214149782516477,0.8552346732861694,0.0256204364403511,1576.1007167887851,8.801953584509112,1981.823621955204,3,344.8608545906901,585.4013916885062,347.50980898901935,347.50980898901935,344.8608545906901,363.78509398635424,fresh_preparation,fresh_preparation,rm_fresh_preparation,1981.823621955204,1576.1007167887851,3,6.0,0.85,0.027,1000.0,7.0,1306.3518861885818,1350.9434715332443,44.59158534466246,1,0.5082511848462564,945.2205663668251,1142.8820099955567,1172.0735022948631
2019-10-28,,100.0,139.95347958938444,fresh_preparation,fresh_preparation,fresh_forming,marinated_short_run,fresh_prepared,0.85,0.027,2.5,short,service_critical,low,1422.9453078412218,0.8893408174007637,0.8335542276055131,0.0332390867746471,1763.8237102192932,9.001483173069838,2268.1470639715108,3,415.99488717081954,937.3841406385671,420.51275527079446,420.51275527079446,415.99488717081954,438.8226066043183,fresh_preparation,fresh_preparation,rm_fresh_preparation,2268.1470639715108,1763.8237102192932,3,6.0,0.85,0.027,1000.0,7.0,1512.2226167346707,1511.8488944736798,-0.37372226099091677,0,0.4999382011224048,1007.5255407214622,1218.2159974868052,1249.331670494613
2019-11-04,,100.0,139.88395646650875,fresh_preparation,fresh_preparation,fresh_forming,marinated_short_run,fresh_prepared,0.85,0.027,2.5,short,service_critical,low,1273.8008342690289,0.7961255214181431,0.8538719952182154,0.0264359419044201,1531.2306369614903,9.418070165924258,2060.176797016601,3,517.2125752535587,1379.2624592305003,527.1463708163772,527.1463708163772,517.2125752535587,545.5946153205978,fresh_preparation,fresh_preparation,rm_fresh_preparation,2060.176797016601,1531.2306369614903,3,6.0,0.85,0.027,1000.0,7.0,1403.9350954616766,1312.4834031098487,-91.45169235182789,0,0.48258745411637877,783.5372430547377,947.3879971643041,971.5861813878747
2019-11-11,,100.0,139.88395646650875,cured_embutido,cured_embutido,curing_maturation,fermented_dry_spiced,cured,0.79,0.031,11.0,long,planned_campaign,high,1185.2800253310654,0.7408000158319159,0.789652160097576,0.0297363686218344,1545.6501112256678,13.011908907186845,2873.1226356645147,9,382.6394791287898,760.3278067170907,325.4301890650261,325.4301890650261,382.6394791287898,400.8244203743856,cured_embutido,cured_embutido,rm_cured_embutido,2873.1226356645147,1545.6501112256678,9,6.0,0.79,0.031,1000.0,28.0,885.8582069457989,1324.8429524791438,438.98474553334495,1,0.5820874552067458,0.0,0.0,0.0
2019-11-18,,100.0,139.88395646650875,cured_embutido,cured_embutido,curing_maturation,fermented_dry_spiced,cured,0.79,0.031,11.0,long,planned_campaign,high,1193.1312769986246,0.7457070481241403,0.7913592342979617,0.0306440848885086,1553.900731600109,13.711157709531136,3043.682570846416,9,322.65807304734665,558.4969522469382,292.1010041316597,292.1010041316597,322.65807304734665,337.9923979689218,cured_embutido,cured_embutido,rm_cured_embutido,3043.682570846416,1553.900731600109,9,6.0,0.79,0.031,1000.0,28.0,1045.8102016462758,1331.9149128000936,286.1047111538178,1,0.5534962179439541,0.0,0.0,0.0
2019-11-25,,100.0,139.88395646650875,cured_embutido,cured_embutido,curing_maturation,fermented_dry_spiced,cured,0.79,0.031,11.0,long,planned_campaign,high,1121.1609615079103,0.700725600942444,0.7918408745577403,0.0325155535218723,1461.9302538594104,13.326679941124942,2783.239512775985,9,333.41213377461816,549.2616014609828,295.9348821283808,295.9348821283808,333.41213377461816,349.2575454322569,cured_embutido,cured_embutido,rm_cured_embutido,2783.239512775985,1461.9302538594104,9,6.0,0.79,0.031,1000.0,28.0,903.6149006710286,1253.0830747366376,349.468174065609,1,0.5692732567386257,0.0,0.0,0.0
2019-12-02,,100.0,143.8562158821712,cured_embutido,cured_embutido,curing_maturation,fermented_dry_spiced,cured,0.79,0.031,11.0,long,planned_campaign,high,1259.5623299322772,0.7872264562076733,0.7939774018724973,0.0305451587384886,1634.852400307392,12.331919261390748,2880.1239721259467,9,365.8252254433078,605.1736705967159,269.79604540820884,269.79604540820884,365.8252254433078,383.211069282501,cured_embutido,cured_embutido,rm_cured_embutido,2880.1239721259467,1634.852400307392,9,6.0,0.79,0.031,1000.0,28.0,778.1708860164426,1401.302057406336,623.1311713898933,1,0.6093736436256424,156.0304855877812,203.82553537874253,193.47780212884868
2019-12-09,,100.0,143.8562158821712,cured_embutido,cured_embutido,curing_maturation,fermented_dry_spiced,cured,0.79,0.031,11.0,long,planned_campaign,high,1221.3209806901348,0.7633256129313343,0.7903308728074528,0.0300065505944125,1591.6986844011444,12.271851962723789,2790.441517747579,9,366.7941524441504,619.0394140805199,271.05494084691554,271.05494084691554,366.7941524441504,384.2260445390587,cured_embutido,cured_embutido,rm_cured_embutido,2790.441517747579,1591.6986844011444,9,6.0,0.79,0.031,1000.0,28.0,743.9717806603933,1364.3131580581237,620.3413773977304,1,0.6117540612687239,165.5703247116894,216.2876052718964,205.30720264249487
2019-12-16,,100.0,143.8562158821712,cured_embutido,cured_embutido,curing_maturation,fermented_dry_spiced,cured,0.79,0.031,11.0,long,planned_campaign,high,1226.16382312033,0.7663523894502062,0.7956406479812078,0.0306023367940422,1588.263878431178,13.794487948902905,3129.898132956668,9,287.7820934890058,402.7084240357968,257.74809536853667,257.74809536853667,287.7820934890058,301.4589374820708,cured_embutido,cured_embutido,rm_cured_embutido,3129.898132956668,1588.263878431178,9,6.0,0.79,0.031,1000.0,28.0,1087.844574973725,1361.3690386552953,273.5244636815703,1,0.55006137421958,0.0,0.0,0.0
2019-12-23,,100.0,143.8562158821712,cured_embutido,cured_embutido,curing_maturation,fermented_dry_spiced,cured,0.79,0.031,11.0,long,planned_campaign,high,1198.1737691285336,0.7488586057053336,0.7912376513590398,0.0284562896309982,1557.3947306660125,13.838542533842356,3078.867603186225,9,283.3496662269234,388.7834500376038,256.5352089900149,256.5352089900149,283.3496662269234,296.8158591143579,cured_embutido,cured_embutido,rm_cured_embutido,3078.867603186225,1557.3947306660125,9,6.0,0.79,0.031,1000.0,28.0,1076.5029494727805,1334.9097691422965,258.4068196695159,1,0.548243507651863,0.0,0.0,0.0
2019-12-30,,100.0,143.8562158821712,cured_embutido,cured_embutido,curing_maturation,fermented_dry_spiced,cured,0.79,0.031,11.0,long,planned_campaign,high,1195.127939943382,0.7469549624646138,0.7924967370898781,0.0317940632045879,1556.0012495845272,13.314697565056129,2959.669435581057,9,304.24439425829746,438.8436613678845,254.9181572257143,254.9181572257143,304.24439425829746,318.7036090954231,cured_embutido,cured_embutido,rm_cured_embutido,2959.669435581057,1556.0012495845272,9,6.0,0.79,0.031,1000.0,28.0,959.0964004009504,1333.7153567867374,374.618956385787,1,0.5697628710380802,0.0,0.0,0.0
2020-01-06,,100.0,139.46681772925467,cured_embutido,cured_embutido,curing_maturation,fermented_dry_spiced,cured,0.79,0.031,11.0,long,planned_campaign,high,1172.8830113325998,0.7330518820828749,0.7866669496338511,0.0274265468123101,1531.8441212118544,14.121631479051135,3090.3054518721065,9,261.3420756816032,294.1438668886786,248.8005104079753,248.8005104079753,261.3420756816032,273.7623578283714,cured_embutido,cured_embutido,rm_cured_embutido,3090.3054518721065,1531.8441212118544,9,6.0,0.79,0.031,1000.0,28.0,1120.7915817425794,1313.009246753018,192.21766501043862,1,0.536533464652784,0.0,0.0,0.0
2020-01-13,,100.0,139.46681772925467,cured_embutido,cured_embutido,curing_maturation,fermented_dry_spiced,cured,0.79,0.031,11.0,long,planned_campaign,high,1199.7724903328146,0.7498578064580091,0.7986346360428194,0.0301117570912689,1547.5158380937537,13.858173355768082,3063.6775364428527,9,278.86891333415105,342.4614242968845,255.817885140594,255.817885140594,278.86891333415105,292.1221584403566,cured_embutido,cured_embutido,rm_cured_embutido,3063.6775364428527,1547.5158380937537,9,6.0,0.79,0.031,1000.0,28.0,1074.0143160365978,1326.4421469375031,252.4278309009053,1,0.5474330444488074,0.0,0.0,0.0
2020-01-20,,100.0,139.46681772925467,cured_embutido,cured_embutido,curing_maturation,fermented_dry_spiced,cured,0.79,0.031,11.0,long,planned_campaign,high,1241.3725564107542,0.7758578477567214,0.7918792996928199,0.0325187704176614,1618.6058482304877,13.634384684030952,3152.6706837995266,9,289.51998088404844,371.094937232065,252.2636372067141,252.2636372067141,289.51998088404844,303.27941797556286,cured_embutido,cured_embutido,rm_cured_embutido,3152.6706837995266,1618.6058482304877,9,6.0,0.79,0.031,1000.0,28.0,1071.6060217888999,1387.376441340418,315.7704195515182,1,0.5566562690475063,0.0,0.0,0.0
2020-01-27,,100.0,139.46681772925467,cured_embutido,cured_embutido,curing_maturation,fermented_dry_spiced,cured,0.79,0.031,11.0,long,planned_campaign,high,1202.9777976442044,0.7518611235276278,0.7928519897013804,0.0316060965658654,1565.2344273620968,12.677420553102916,2834.733585694931,9,343.6889242970859,531.2519431090959,269.4641538568343,269.4641538568343,343.6889242970859,360.0227404243049,cured_embutido,cured_embutido,rm_cured_embutido,2834.733585694931,1565.2344273620968,9,6.0,0.79,0.031,1000.0,28.0,822.2893219436639,1341.6295091675115,519.3401872238476,1,0.5955835637600477,72.1303508346773,94.22522349110697,89.44163503499985
2020-02-03,,100.0,142.59964980945514,cured_embutido,cured_embutido,curing_maturation,fermented_dry_spiced,cured,0.79,0.031,11.0,long,planned_campaign,high,1188.5929957109363,0.7428706223193353,0.7835672567551538,0.0321806411459727,1565.7145826320386,14.189368513684494,3173.785885745101,9,276.9947789323513,330.7247964997947,270.24062147624625,270.24062147624625,276.9947789323513,290.15895580111135,cured_embutido,cured_embutido,rm_cured_embutido,3173.785885745101,1565.7145826320386,9,6.0,0.79,0.031,1000.0,28.0,1160.7242795039085,1342.0410708274617,181.31679132355316,1,0.5337250277492711,0.0,0.0,0.0
2020-02-10,,100.0,142.59964980945514,cured_embutido,cured_embutido,curing_maturation,fermented_dry_spiced,cured,0.79,0.031,11.0,long,planned_campaign,high,1256.885953150642,0.7855537207191512,0.7867091919076836,0.0308699086545623,1646.969326202619,13.472292122390051,3169.778839888228,9,312.8102085239507,433.32546170815255,269.023913177731,269.023913177731,312.8102085239507,327.67651368405143,cured_embutido,cured_embutido,rm_cured_embutido,3169.778839888228,1646.969326202619,9,6.0,0.79,0.031,1000.0,28.0,1052.2468490562892,1411.687993887959,359.4411448316698,1,0.5633128147701668,0.0,0.0,0.0
2020-02-17,,100.0,142.59964980945514,cured_embutido,cured_embutido,curing_maturation,fermented_dry_spiced,cured,0.79,0.031,11.0,long,planned_campaign,high,1264.638884591481,0.7903993028696756,0.7949515347516749,0.033339492361971,1643.875438812991,12.919007998298117,3033.891420318693,9,341.8734464876206,522.7316709704883,272.6119218707091,272.6119218707091,341.8734464876206,358.1209820319448,cured_embutido,cured_embutido,rm_cured_embutido,3033.891420318693,1643.875438812991,9,6.0,0.79,0.031,1000.0,28.0,920.33728470199,1409.036090411135,488.69880570914506,1,0.5858491370174816,19.020108905433062,24.846323242587378,23.584935042736998
2020-02-24,,100.0,142.59964980945514,cured_embutido,cured_embutido,curing_maturation,fermented_dry_spiced,cured,0.79,0.031,11.0,long,planned_campaign,high,1258.4296071554404,0.7865185044721502,0.7911475644731705,0.0328493983935395,1642.8897983609895,12.74954925988191,2992.300630394414,9,345.35388752067,534.0240421049817,267.0437795389838,267.0437795389838,345.35388752067,361.76683102508986,cured_embutido,cured_embutido,rm_cured_embutido,2992.300630394414,1642.8897983609895,9,6.0,0.79,0.031,1000.0,28.0,880.0137467874274,1408.191255737991,528.1775089505636,1,0.5926847355744146,58.7804237045666,76.78596452635054,72.88772539366259
2020-03-02,,100.0,142.74899577711403,cured_embutido,cured_embutido,curing_maturation,fermented_dry_spiced,cured,0.79,0.031,11.0,long,planned_campaign,high,1265.8660613255977,0.7911662883284984,0.7823448810606843,0.0318922820084953,1669.64397717719,13.30106834405823,3172.578378668429,9,316.10142060503887,471.4975224499382,259.6753099989684,259.6753099989684,316.10142060503887,331.12414061929337,cured_embutido,cured_embutido,rm_cured_embutido,3172.578378668429,1669.64397717719,9,6.0,0.79,0.031,1000.0,28.0,1025.8932651548994,1431.12340900902,405.23014385412057,1,0.5703196115332556,0.0,0.0,0.0
2020-03-09,,100.0,142.74899577711403,cured_embutido,cured_embutido,curing_maturation,fermented_dry_spiced,cured,0.79,0.031,11.0,long,planned_campaign,high,1230.4619822651232,0.769038738915702,0.7941531597159354,0.032855091554627,1600.3070790545269,12.144362624246844,2776.3870683124906,9,379.2864038614114,663.1325710479714,277.0592362850296,277.0592362850296,379.2864038614114,397.311990204925,cured_embutido,cured_embutido,rm_cured_embutido,2776.3870683124906,1600.3070790545269,9,6.0,0.79,0.031,1000.0,28.0,718.8493952423846,1371.6917820467372,652.8423868043526,1,0.6167886042946121,195.61179278877353,255.53133569616796,242.55862305807918
2020-03-16,,100.0,142.74899577711403,cured_embutido,cured_embutido,curing_maturation,fermented_dry_spiced,cured,0.79,0.031,11.0,long,planned_campaign,high,1207.6418832833506,0.7547761770520941,0.7878248687825892,0.0325008471088071,1582.701075964931,13.566802040361631,3067.456026669083,9,305.59434970674425,446.5782961896446,266.8886155257935,266.8886155257935,305.59434970674425,320.11772117655727,cured_embutido,cured_embutido,rm_cured_embutido,3067.456026669083,1582.701075964931,9,6.0,0.79,0.031,1000.0,28.0,1032.5546432856,1356.6009222556552,324.04627897005525,1,0.5594342543966523,0.0,0.0,0.0
2020-03-23,,100.0,142.74899577711403,cured_embutido,cured_embutido,curing_maturation,fermented_dry_spiced,cured,0.79,0.031,11.0,long,planned_campaign,high,1210.9216740801055,0.7568260463000661,0.7956452679435069,0.0301210729733062,1567.7789895164678,12.5748555863335,2816.3706263510635,9,361.5747843570228,599.6551329044606,282.7066214412916,282.7066214412916,361.5747843570228,378.7586259835903,cured_embutido,cured_embutido,rm_cured_embutido,2816.3706263510635,1567.7789895164678,9,6.0,0.79,0.031,1000.0,28.0,800.6547826870335,1343.8105624426867,543.1557797556532,1,0.5996941116605294,95.21892560809101,124.38625962834061,118.07146775403285
2020-03-30,,100.0,142.74899577711403,cured_embutido,cured_embutido,curing_maturation,fermented_dry_spiced,cured,0.79,0.031,11.0,long,planned_campaign,high,1182.6348164854116,0.7391467603033823,0.7896486572855852,0.0283122021766173,1540.0745651759285,13.36936294044449,2941.402259597746,9,310.98534359321894,406.321582468896,270.85748797921417,270.85748797921417,310.98534359321894,325.76492204748666,cured_embutido,cured_embutido,rm_cured_embutido,2941.402259597746,1540.0745651759285,9,6.0,0.79,0.031,1000.0,28.0,961.3063900858378,1320.0639130079387,358.75752292210086,1,0.567528083524596,0.0,0.0,0.0
2020-04-06,,100.0,148.71425138187936,cured_embutido,cured_embutido,curing_maturation,fermented_dry_spiced,cured,0.79,0.031,11.0,long,planned_campaign,high,1292.46091687848,0.80778807304905,0.7908188267440821,0.0318407242516852,1686.3708392345347,12.693700263479586,3058.0408523308147,9,295.5891475838759,256.2482511251771,210.70431655808625,210.70431655808625,295.5891475838759,309.6370218227996,cured_embutido,cured_embutido,rm_cured_embutido,3058.0408523308147,1686.3708392345347,9,6.0,0.79,0.031,1000.0,28.0,889.8497733149843,1445.4607193438871,555.6109460289028,1,0.5949298625238593,73.79070624760743,96.3941767548529,91.50047574703322
2020-04-13,,100.0,148.71425138187936,cured_embutido,cured_embutido,curing_maturation,fermented_dry_spiced,cured,0.79,0.031,11.0,long,planned_campaign,high,1279.0535541753418,0.7994084713595886,0.7947158183143667,0.0320921784616628,1661.0983935087183,12.84802123825966,3048.832491234145,9,230.88279677393416,0.0,147.96404848970366,147.96404848970366,230.88279677393416,241.8555016906154,cured_embutido,cured_embutido,rm_cured_embutido,3048.832491234145,1661.0983935087183,9,6.0,0.79,0.031,1000.0,28.0,913.1345567229355,1423.7986230074728,510.6640662845373,1,0.5887167763145935,36.064525282045906,47.11176246168686,44.72001134973692
2020-04-20,,100.0,148.71425138187936,cured_embutido,cured_embutido,curing_maturation,fermented_dry_spiced,cured,0.79,0.031,11.0,long,planned_campaign,high,1263.5879061893504,0.789742441368344,0.7864100281165813,0.0331809439822771,1660.0944787644112,12.552526542235444,2976.911429615541,9,177.72764622571125,0.0,51.25360919260122,51.25360919260122,177.72764622571125,186.17415261258816,cured_embutido,cured_embutido,rm_cured_embutido,2976.911429615541,1660.0944787644112,9,6.0,0.79,0.031,1000.0,28.0,842.5042426327263,1422.9381246552095,580.4338820224832,1,0.6005871683835813,106.12117380407972,138.62806991950427,131.59025551705884
2020-04-27,,100.0,148.71425138187936,cooked_emulsion,cooked_emulsion,cooking_emulsification,high_throughput_standard,cooked_emulsion,0.9,0.018,4.0,medium,standard_service,medium,1382.8348693763603,0.8642717933602253,0.8888565822443077,0.0181195881511195,1583.9352442388729,11.159934807186003,2525.2305806442946,4,126.24226546641522,0.0,120.62504818889832,120.62504818889832,126.24226546641522,132.65852860874577,cooked_emulsion,cooked_emulsion,rm_cooked_emulsion,2525.2305806442946,1583.9352442388729,4,6.0,0.9,0.018,1000.0,14.0,1620.12472679351,1357.6587807761769,-262.4659460173332,0,0.4518193465925879,416.36344437075513,471.105956518166,516.2906710197364
2020-05-04,,100.0,147.9434888591341,cooked_emulsion,cooked_emulsion,cooking_emulsification,high_throughput_standard,cooked_emulsion,0.9,0.018,4.0,medium,standard_service,medium,1451.2010620436736,0.907000663777296,0.8851198987864857,0.0201021677514239,1672.5116577579342,12.408431473664807,2964.749470599265,4,103.90842169420334,0.0,93.43813485749024,93.43813485749024,103.90842169420334,109.18956722681122,cooked_emulsion,cooked_emulsion,rm_cooked_emulsion,2964.749470599265,1672.5116577579342,4,6.0,0.9,0.018,1000.0,14.0,2009.0285233090167,1433.5814209353723,-575.4471023736444,0,0.40097476140021876,141.34360809404188,159.9271419937111,175.26607403661194
2020-05-11,,100.0,147.9434888591341,cooked_emulsion,cooked_emulsion,cooking_emulsification,high_throughput_standard,cooked_emulsion,0.9,0.018,4.0,medium,standard_service,medium,1553.8150636437122,0.97113441477732,0.878824916004559,0.0257208491975949,1813.535867670342,12.10583952228358,3136.339168846067,5,84.97980662016262,0.0,66.96558684575811,66.96558684575811,84.97980662016262,89.29890529163238,cooked_emulsion,cooked_emulsion,rm_cooked_emulsion,3136.339168846067,1813.535867670342,5,6.0,0.9,0.018,1000.0,14.0,1840.956406224394,1554.4593151460074,-286.4970910783866,0,0.45405334284846754,231.6560139702824,262.113616169136,287.2534573231502
2020-05-18,,100.0,147.9434888591341,cooked_emulsion,cooked_emulsion,cooking_emulsification,high_throughput_standard,cooked_emulsion,0.9,0.018,4.0,medium,standard_service,medium,1468.4082630072876,0.9177551643795548,0.8788401543600581,0.0222566484193737,1708.035416913998,11.48749111905167,2803.005954689324,3,111.02277748014812,0.0,99.54338861248335,99.54338861248335,111.02277748014812,116.66551014557662,cooked_emulsion,cooked_emulsion,rm_cooked_emulsion,2803.005954689324,1708.035416913998,3,6.0,0.9,0.018,1000.0,14.0,2070.9907760118963,1464.0303573548554,-606.9604186570409,0,0.3978139892550036,369.05981957952963,417.5829594699362,457.63417627861674
2020-05-25,,100.0,147.9434888591341,cooked_emulsion,cooked_emulsion,cooking_emulsification,high_throughput_standard,cooked_emulsion,0.9,0.018,4.0,medium,standard_service,medium,1508.8804519562184,0.9430502824726364,0.8733937158398766,0.0197657394901263,1761.753676475303,11.259627186715424,2833.812798848168,3,132.31644353300703,0.0,127.27437214697488,127.27437214697488,132.31644353300703,139.0414267755721,cooked_emulsion,cooked_emulsion,rm_cooked_emulsion,2833.812798848168,1761.753676475303,3,6.0,0.9,0.018,1000.0,14.0,2078.775508930181,1510.0745798359742,-568.7009290942067,0,0.4069461032021666,438.0154574631092,495.60472670639194,543.1391672542554
2020-06-01,,100.0,146.24403474439524,cooked_emulsion,cooked_emulsion,cooking_emulsification,high_throughput_standard,cooked_emulsion,0.9,0.018,4.0,medium,standard_service,medium,1411.960529516885,0.8824753309480529,0.8931738800945906,0.0215616062201707,1614.9203403708973,11.821302116056565,2727.208748127039,4,135.035464014677,0.0,130.28751463843892,130.28751463843892,135.035464014677,141.89864147322294,cooked_emulsion,cooked_emulsion,rm_cooked_emulsion,2727.208748127039,1614.9203403708973,4,6.0,0.9,0.018,1000.0,14.0,1804.397125057955,1384.2174346036263,-420.1796904543287,0,0.42468980020483843,271.92902684748424,307.6816325497672,337.1919932908805
2020-06-08,,100.0,146.24403474439524,cooked_emulsion,cooked_emulsion,cooking_emulsification,high_throughput_standard,cooked_emulsion,0.9,0.018,4.0,medium,standard_service,medium,1530.3814244275654,0.9564883902672284,0.875476967526441,0.0204371317320473,1783.7796871014828,11.992763638105368,3056.064024265948,4,136.65251658073603,0.0,132.87236627883672,132.87236627883672,136.65251658073603,143.59788073595192,cooked_emulsion,cooked_emulsion,rm_cooked_emulsion,3056.064024265948,1783.7796871014828,4,6.0,0.9,0.018,1000.0,14.0,2036.7613459222434,1528.9540175155566,-507.8073284066868,0,0.41772311506634335,256.66968035109176,290.4160221216245,318.2704036353538
2020-06-15,,100.0,146.24403474439524,cooked_emulsion,cooked_emulsion,cooking_emulsification,high_throughput_standard,cooked_emulsion,0.9,0.018,4.0,medium,standard_service,medium,1454.080415341347,0.9088002595883418,0.8840454538950075,0.0201054985777286,1677.8723543326537,10.816890372316315,2592.76590222237,5,161.49302210411744,0.0,155.40168850025438,155.40168850025438,161.49302210411744,169.7009049525592,cooked_emulsion,cooked_emulsion,rm_cooked_emulsion,2592.76590222237,1677.8723543326537,5,6.0,0.9,0.018,1000.0,14.0,1394.2856491276175,1438.176303713703,43.890654586085475,1,0.5076289757160056,523.2827558239865,592.0827741841892,648.8706172217433
2020-06-22,,100.0,146.24403474439524,cooked_emulsion,cooked_emulsion,cooking_emulsification,high_throughput_standard,cooked_emulsion,0.9,0.018,4.0,medium,standard_service,medium,1466.165122469161,0.9163532015432254,0.8769635397422368,0.0250392568151653,1713.7278112449696,11.268318081061514,2758.690011638524,5,125.36208291403902,0.0,117.4516979315237,117.4516979315237,125.36208291403902,131.73361077814505,cooked_emulsion,cooked_emulsion,rm_cooked_emulsion,2758.690011638524,1713.7278112449696,5,6.0,0.9,0.018,1000.0,14.0,1534.598717892117,1468.9095524956883,-65.68916539642873,0,0.48882194276330504,423.94735210213366,479.6869790700765,525.6947166066458
2020-06-29,,100.0,146.24403474439524,cooked_emulsion,cooked_emulsion,cooking_emulsification,high_throughput_standard,cooked_emulsion,0.9,0.018,4.0,medium,standard_service,medium,1547.473530347087,0.9671709564669294,0.8734423877949495,0.028272451076626,1821.7851826991443,10.221606463899986,2660.22445704497,4,134.1243852072057,0.0,127.63659179733244,127.63659179733244,134.1243852072057,140.9412570853619,cooked_emulsion,cooked_emulsion,rm_cooked_emulsion,2660.22445704497,1821.7851826991443,4,6.0,0.9,0.018,1000.0,14.0,1619.2043526454593,1561.5301565992665,-57.67419604619272,0,0.49076744686311663,723.0908822534407,818.1612154938229,896.6326939942664
2020-07-06,,100.0,145.17114704569642,cooked_emulsion,cooked_emulsion,cooking_emulsification,high_throughput_standard,cooked_emulsion,0.9,0.018,4.0,medium,standard_service,medium,1496.5046004161736,0.9353153752601086,0.8812886400213378,0.0207578791497609,1733.3354734059528,12.013881086728205,2974.869465843836,4,85.42991289518481,0.0,67.47326830139802,67.47326830139802,85.42991289518481,89.77188821808257,cooked_emulsion,cooked_emulsion,rm_cooked_emulsion,2974.869465843836,1733.3354734059528,4,6.0,0.9,0.018,1000.0,14.0,1984.392052469006,1485.7161200622452,-498.6759324067609,0,0.41686729579642773,244.18212762436178,276.28663456026453,302.7858382542086
2020-07-13,,100.0,145.17114704569642,cooked_emulsion,cooked_emulsion,cooking_emulsification,high_throughput_standard,cooked_emulsion,0.9,0.018,4.0,medium,standard_service,medium,1411.4509970550685,0.8821568731594178,0.893652097978666,0.0201382762173484,1611.225655216208,12.57903437519218,2895.380414736604,4,57.91990420995182,0.0,31.80296398491695,31.80296398491695,57.91990420995182,60.863683341422615,cooked_emulsion,cooked_emulsion,rm_cooked_emulsion,2895.380414736604,1611.225655216208,4,6.0,0.9,0.018,1000.0,14.0,1974.6800403273423,1381.0505616138926,-593.6294787134498,0,0.3941647626042925,96.89580209349651,109.63544025061836,120.15079459593568
2020-07-20,,100.0,145.17114704569642,fresh_preparation,fresh_preparation,fresh_forming,marinated_short_run,fresh_prepared,0.85,0.027,2.5,short,service_critical,low,1377.116302932858,0.8606976893330363,0.8395894952551148,0.0292218737361418,1688.156211657306,8.758069395345517,2112.141321696897,2,185.23108251731267,0.0,194.78813861207655,194.78813861207655,185.23108251731267,195.3956381704502,fresh_preparation,fresh_preparation,rm_fresh_preparation,2112.141321696897,1688.156211657306,2,6.0,0.85,0.027,1000.0,7.0,1629.8109755090954,1446.991038563405,-182.81993694569042,0,0.46845572589305173,1023.0059285238135,1236.9335935237452,1268.5273513695288
2020-07-27,,100.0,145.17114704569642,fresh_preparation,fresh_preparation,fresh_forming,marinated_short_run,fresh_prepared,0.85,0.027,2.5,short,service_critical,low,1382.1718591431516,0.8638574119644697,0.8487351703273255,0.0328649679832978,1682.0286739039404,7.435013745629857,1786.5580444313366,3,282.04536437645766,207.2348967752158,233.1390634911415,233.1390634911415,282.04536437645766,297.52260374661574,fresh_preparation,fresh_preparation,rm_fresh_preparation,1786.5580444313366,1682.0286739039404,3,6.0,0.85,0.027,1000.0,7.0,1065.6886127582193,1441.7388633462347,376.0502505880154,1,0.5648405694465017,1337.2094928188387,1616.8423829500498,1658.13977109536
2020-08-03,,100.0,145.00120163422255,fresh_preparation,fresh_preparation,fresh_forming,marinated_short_run,fresh_prepared,0.85,0.027,2.5,short,service_critical,low,1409.908475393948,0.8811927971212176,0.8362470724214616,0.0292268839532151,1735.2714940897167,9.07935189607653,2250.7343614387173,3,183.22911733330875,0.0,186.20926119796388,186.20926119796388,183.22911733330875,193.2838151469741,fresh_preparation,fresh_preparation,rm_fresh_preparation,2250.7343614387173,1735.2714940897167,3,6.0,0.85,0.027,1000.0,7.0,1507.0465782574101,1487.3755663626143,-19.67101189479581,0,0.49669371918818883,971.9126990136137,1175.1559144109954,1205.171746776881
2020-08-10,,100.0,145.00120163422255,fresh_preparation,fresh_preparation,fresh_forming,marinated_short_run,fresh_prepared,0.85,0.027,2.5,short,service_critical,low,1378.8966261761186,0.8618103913600741,0.8397417623488459,0.0282412775003373,1688.421955428767,8.171564086440863,1971.006887677138,3,244.2601929609022,119.67699259446528,225.70788094002103,225.70788094002103,244.2601929609022,257.6639710496317,fresh_preparation,fresh_preparation,rm_fresh_preparation,1971.006887677138,1688.421955428767,3,6.0,0.85,0.027,1000.0,7.0,1247.3974782076662,1447.2188189389433,199.82134073127713,1,0.5344634293873072,1164.6338866905721,1408.1783286265306,1444.1460194963095
2020-08-17,,100.0,145.00120163422255,fresh_preparation,fresh_preparation,fresh_forming,marinated_short_run,fresh_prepared,0.85,0.027,2.5,short,service_critical,low,1362.0656515565045,0.8512910322228153,0.8505170444074844,0.0317402303086235,1652.2866158565687,8.316007921131634,1962.918369349001,2,233.6174712521905,146.16788237146844,242.38404853411012,242.38404853411012,233.6174712521905,246.43722998715447,fresh_preparation,fresh_preparation,rm_fresh_preparation,1962.918369349001,1652.2866158565687,2,6.0,0.85,0.027,1000.0,7.0,1490.8364791042673,1416.245670734202,-74.59080837006536,0,0.48683604612161985,1105.6139172417695,1336.8162955586356,1370.9612573797942
2020-08-24,,100.0,145.00120163422255,fresh_preparation,fresh_preparation,fresh_forming,marinated_short_run,fresh_prepared,0.85,0.027,2.5,short,service_critical,low,1434.6619917370335,0.8966637448356459,0.8370463665390394,0.0302752682984348,1765.8481388145435,9.089963420004914,2293.0707124439946,2,196.59336618130345,21.736194316855038,205.5656553033433,205.5656553033433,196.59336618130345,207.38142715050247,fresh_preparation,fresh_preparation,rm_fresh_preparation,2293.0707124439946,1765.8481388145435,2,6.0,0.85,0.027,1000.0,7.0,1788.5426727826964,1513.5841189838943,-274.9585537988021,0,0.4547093404865083,986.361545354443,1192.626256398577,1223.0883162395094
2020-08-31,,100.0,145.00120163422255,fresh_preparation,fresh_preparation,fresh_forming,marinated_short_run,fresh_prepared,0.85,0.027,2.5,short,service_critical,low,1365.9300159212544,0.853706259950784,0.8417247742928126,0.030213982065349,1671.8056114091462,8.866750061437946,2117.6403582391927,2,225.3354461034237,120.73103962973664,235.14197991819768,235.14197991819768,225.3354461034237,237.70072870834903,fresh_preparation,fresh_preparation,rm_fresh_preparation,2117.6403582391927,1671.8056114091462,2,6.0,0.85,0.027,1000.0,7.0,1639.9816121222939,1432.9762383506968,-207.00537377159708,0,0.46394808722838143,987.1414915206501,1193.5693023646093,1224.0554494856062
2020-09-07,,100.0,144.488790469324,fresh_preparation,fresh_preparation,fresh_forming,marinated_short_run,fresh_prepared,0.85,0.027,2.5,short,service_critical,low,1458.175587657447,0.9113597422859044,0.8329347138638148,0.0288421005397851,1801.140485071213,8.433206189808516,2169.9127267738954,3,231.47443791430945,95.07428155535216,221.97032646587172,221.97032646587172,231.47443791430945,244.17659769485715,fresh_preparation,fresh_preparation,rm_fresh_preparation,2169.9127267738954,1801.140485071213,3,6.0,0.85,0.027,1000.0,7.0,1397.9953760290898,1543.8347014896112,145.83932546052142,1,0.5235988621597918,1175.0624597869287,1420.7876909339564,1457.0774501357917
2020-09-14,,100.0,144.488790469324,fresh_preparation,fresh_preparation,fresh_forming,marinated_short_run,fresh_prepared,0.85,0.027,2.5,short,service_critical,low,1365.7429446809997,0.8535893404256248,0.8493662130335558,0.0284209748841606,1653.655006588434,8.33630807545068,1969.3396550618013,2,268.1987494162111,294.73760144978377,277.35585797115823,277.35585797115823,268.1987494162111,282.9161557904257,fresh_preparation,fresh_preparation,rm_fresh_preparation,1969.3396550618013,1653.655006588434,2,6.0,0.85,0.027,1000.0,7.0,1496.8667960365344,1417.4185770758006,-79.44821896073381,0,0.48599083111032204,1101.733928602433,1332.1249363429454,1366.150071467017
2020-09-21,,100.0,144.488790469324,fresh_preparation,fresh_preparation,fresh_forming,marinated_short_run,fresh_prepared,0.85,0.027,2.5,short,service_critical,low,1433.6851966907943,0.8960532479317465,0.8421752266507883,0.0276736018397638,1749.470161746416,8.801573088144178,2199.7270705912138,3,309.0535048171207,452.8064594663712,309.07075670352043,309.07075670352043,309.0535048171207,326.01281589396024,fresh_preparation,fresh_preparation,rm_fresh_preparation,2199.7270705912138,1749.470161746416,3,6.0,0.85,0.027,1000.0,7.0,1449.9541441284641,1499.5458529254993,49.59170879703515,1,0.5082670345356678,1049.2889440807016,1268.7128276170747,1301.11829066007
2020-09-28,,100.0,144.488790469324,fresh_preparation,fresh_preparation,fresh_forming,marinated_short_run,fresh_prepared,0.85,0.027,2.5,short,service_critical,low,1374.9707995517729,0.8593567497198581,0.8396486123333445,0.0269553617983811,1681.6959072818856,8.480392123504258,2037.3486751775213,2,430.4933331249253,969.3365983417276,441.8466070163024,441.8466070163024,430.4933331249253,454.1166547801556,fresh_preparation,fresh_preparation,rm_fresh_preparation,2037.3486751775213,1681.6959072818856,2,6.0,0.85,0.027,1000.0,7.0,1556.8641302398396,1441.4536348130448,-115.4104954267948,0,0.479994347500098,1085.8008669174092,1312.860004736605,1346.3930749775873
2020-10-05,,100.0,144.23988052322588,fresh_preparation,fresh_preparation,fresh_forming,marinated_short_run,fresh_prepared,0.85,0.027,2.5,short,service_critical,low,1398.2495704926653,0.8739059815579158,0.8401271880792588,0.0315084667420951,1716.7713306352523,8.066384488041825,1978.3053758501603,2,597.8980316151665,1606.8826738745342,608.371851137224,608.371851137224,597.8980316151665,630.7076861000487,fresh_preparation,fresh_preparation,rm_fresh_preparation,1978.3053758501603,1716.7713306352523,2,6.0,0.85,0.027,1000.0,7.0,1487.7992813829453,1471.5182834016448,-16.280997981300516,0,0.497234007881189,1209.9842381867368,1463.0121977954618,1500.3804553515536
2020-10-12,,100.0,144.23988052322588,cured_embutido,cured_embutido,curing_maturation,fermented_dry_spiced,cured,0.79,0.031,11.0,long,planned_campaign,high,1133.440658657672,0.708400411661045,0.7903606273106704,0.0309001892178265,1478.3937219307852,12.912388859316614,2727.084946391814,9,390.4221262839503,818.8312708001843,332.9432081341838,332.9432081341838,390.4221262839503,408.9769378355951,cured_embutido,cured_embutido,rm_cured_embutido,2727.084946391814,1478.3937219307852,9,6.0,0.79,0.031,1000.0,28.0,826.2930181950901,1267.1946187978158,440.9016006027257,1,0.5861167785090925,18.503394336787096,24.171329357927522,22.944208977616
2020-10-19,,100.0,144.23988052322588,cured_embutido,cured_embutido,curing_maturation,fermented_dry_spiced,cured,0.79,0.031,11.0,long,planned_campaign,high,1130.6395036984247,0.7066496898115154,0.7860550395579337,0.030361788518894,1482.0434735155252,13.31568234215674,2819.20287294276,9,346.8839050747633,655.3869173093232,303.85732808462734,303.85732808462734,346.8839050747633,363.3695626634414,cured_embutido,cured_embutido,rm_cured_embutido,2819.20287294276,1482.0434735155252,9,6.0,0.79,0.031,1000.0,28.0,913.718406994228,1270.3229772990217,356.6045703047937,1,0.5697226369933732,0.0,0.0,0.0
2020-10-26,,100.0,144.23988052322588,cured_embutido,cured_embutido,curing_maturation,fermented_dry_spiced,cured,0.79,0.031,11.0,long,planned_campaign,high,1178.784897940764,0.7367405612129775,0.7897772597894,0.0295025007520381,1536.5876710635578,13.005064688111853,2854.7745801623864,9,336.8847986302972,591.9401117986773,275.43004353532154,275.43004353532154,336.8847986302972,352.8952486852021,cured_embutido,cured_embutido,rm_cured_embutido,2854.7745801623864,1536.5876710635578,9,6.0,0.79,0.031,1000.0,28.0,879.1618602235264,1317.0751466259067,437.9132864023802,1,0.5823649185328883,0.0,0.0,0.0
2020-11-02,,100.0,141.58684382188346,cured_embutido,cured_embutido,curing_maturation,fermented_dry_spiced,cured,0.79,0.031,11.0,long,planned_campaign,high,1183.2816298384344,0.7395510186490215,0.7900212914418069,0.0305586878535174,1543.554809240597,12.326231171586883,2718.030486387756,9,343.39150226948647,580.8608835157136,250.7060119306593,250.7060119306593,343.39150226948647,359.71118341484384,cured_embutido,cured_embutido,rm_cured_embutido,2718.030486387756,1543.554809240597,9,6.0,0.79,0.031,1000.0,28.0,733.4600173641311,1323.0469793490831,589.586961984952,1,0.6095992832364007,148.57130220192403,194.08146490826252,184.2284147303858
2020-11-09,,100.0,141.58684382188346,cured_embutido,cured_embutido,curing_maturation,fermented_dry_spiced,cured,0.79,0.031,11.0,long,planned_campaign,high,1154.132331830463,0.7213327073940394,0.7945608379157469,0.0316022263342013,1498.4447083041832,13.767775103361116,2947.178535536221,9,267.895725594928,371.722266630861,237.71595719891164,237.71595719891164,267.895725594928,280.6274699538269,cured_embutido,cured_embutido,rm_cured_embutido,2947.178535536221,1498.4447083041832,9,6.0,0.79,0.031,1000.0,28.0,1020.6067677165568,1284.3811785464427,263.77441082988594,1,0.5511630044054142,0.0,0.0,0.0
2020-11-16,,100.0,141.58684382188346,cured_embutido,cured_embutido,curing_maturation,fermented_dry_spiced,cured,0.79,0.031,11.0,long,planned_campaign,high,1112.155952615735,0.6950974703848344,0.7948297001132448,0.0329658324129235,1445.365087896213,11.531049468369794,2380.939475483698,9,382.33115987992977,702.3625178140959,268.136366452919,268.136366452919,382.33115987992977,400.5014482532234,cured_embutido,cured_embutido,rm_cured_embutido,2380.939475483698,1445.365087896213,9,6.0,0.79,0.031,1000.0,28.0,522.6129339028528,1238.884361053897,716.2714271510442,1,0.6406435492543979,303.309973466412,396.2194791268723,376.10436709835085
2020-11-23,,100.0,141.58684382188346,cured_embutido,cured_embutido,curing_maturation,fermented_dry_spiced,cured,0.79,0.031,11.0,long,planned_campaign,high,1113.9265234151435,0.6962040771344649,0.788683162406564,0.0257497066318063,1448.7564323244162,12.906517237518733,2671.199980965888,9,322.2608602055178,529.1378848002294,262.55683820423053,262.55683820423053,322.2608602055178,337.57630758678505,cured_embutido,cured_embutido,rm_cured_embutido,2671.199980965888,1448.7564323244162,9,6.0,0.79,0.031,1000.0,28.0,808.513139405924,1241.7912277066425,433.27808830071854,1,0.586354151971984,19.347679065170723,25.27423425581733,23.991122040811696
2020-11-30,,100.0,141.58684382188346,cured_embutido,cured_embutido,curing_maturation,fermented_dry_spiced,cured,0.79,0.031,11.0,long,planned_campaign,high,1116.2983274170267,0.6976864546356417,0.7891441874245568,0.0293364776514743,1456.0667196975646,12.802217257803443,2662.9832124893446,9,336.3625351033456,559.5851304957665,275.27019511076725,275.27019511076725,336.3625351033456,352.34816458413206,cured_embutido,cured_embutido,rm_cured_embutido,2662.9832124893446,1456.0667196975646,9,6.0,0.79,0.031,1000.0,28.0,790.8974300210473,1248.0571883121982,457.15975829115087,1,0.5905639308774137,41.140695520418376,53.742858382540234,51.014462445318784
2020-12-07,,100.0,143.48370927318297,cured_embutido,cured_embutido,curing_maturation,fermented_dry_spiced,cured,0.79,0.031,11.0,long,planned_campaign,high,1120.7727022099689,0.7004829388812306,0.7926571692082226,0.031318192484378,1458.2259800710658,13.218622132588928,2753.6768877833674,9,328.31466759434625,536.750305282418,286.63193520313456,286.63193520313456,328.31466759434625,343.9178221717676,cured_embutido,cured_embutido,rm_cured_embutido,2753.6768877833674,1458.2259800710658,9,6.0,0.79,0.031,1000.0,28.0,878.8149134062828,1249.9079829180566,371.0930695117738,1,0.5736836195649154,0.0,0.0,0.0
2020-12-14,,100.0,143.48370927318297,cured_embutido,cured_embutido,curing_maturation,fermented_dry_spiced,cured,0.79,0.031,11.0,long,planned_campaign,high,1192.9759770503815,0.7456099856564884,0.787659246204292,0.0308022737680754,1561.2364809023984,13.46671189054772,3003.531697332173,9,304.4828071362485,449.0414192920074,263.95805946264966,263.95805946264966,304.4828071362485,318.9533525453988,cured_embutido,cured_embutido,rm_cured_embutido,3003.531697332173,1561.2364809023984,9,6.0,0.79,0.031,1000.0,28.0,996.2276504576605,1338.2026979163415,341.97504745868105,1,0.56354158287161,0.0,0.0,0.0
2020-12-21,,100.0,143.48370927318297,cured_embutido,cured_embutido,curing_maturation,fermented_dry_spiced,cured,0.79,0.031,11.0,long,planned_campaign,high,1235.0996815265778,0.7719373009541112,0.7923545606069496,0.0318067524850534,1608.3509261498716,13.8057736908227,3172.0755574071745,9,273.8632395785274,357.4710654534633,242.01740786352207,242.01740786352207,273.8632395785274,286.8785900394969,cured_embutido,cured_embutido,rm_cured_embutido,3172.0755574071745,1608.3509261498716,9,6.0,0.79,0.031,1000.0,28.0,1104.1957952144826,1378.5865081284614,274.39071291397886,1,0.5495958052144557,0.0,0.0,0.0
2020-12-28,,100.0,143.48370927318297,cured_embutido,cured_embutido,curing_maturation,fermented_dry_spiced,cured,0.79,0.031,11.0,long,planned_campaign,high,1200.079748872864,0.75004984304554,0.7896483740505231,0.0315350805722531,1567.6906343727803,12.702271881854784,2844.747523491493,9,322.9964229577639,508.6247053834937,244.2763279432804,244.2763279432804,322.9964229577639,338.3468279588317,cured_embutido,cured_embutido,rm_cured_embutido,2844.747523491493,1567.6906343727803,9,6.0,0.79,0.031,1000.0,28.0,829.1452792979185,1343.734829462383,514.5895501644645,1,0.5945855392325939,66.67794034366989,87.10263790632375,82.68064602615065
2021-01-04,100.0,100.0,137.740755999588,cured_embutido,cured_embutido,curing_maturation,fermented_dry_spiced,cured,0.79,0.031,11.0,long,planned_campaign,high,1084.5937133358605,0.6778710708349128,0.7861224056890456,0.0303902642740131,1421.604059147151,13.616760417119137,2765.3774116301165,9,281.85542795427574,382.48782750695983,252.08713509690983,252.08713509690983,281.85542795427574,295.2506071678027,cured_embutido,cured_embutido,rm_cured_embutido,2765.3774116301165,1421.604059147151,9,6.0,0.79,0.031,1000.0,28.0,937.6007641552083,1218.5177649832724,280.91700082806415,1,0.5573810635746207,0.0,0.0,0.0
2021-01-11,100.0,100.0,137.740755999588,cured_embutido,cured_embutido,curing_maturation,fermented_dry_spiced,cured,0.79,0.031,11.0,long,planned_campaign,high,1162.4122029077705,0.7265076268173566,0.7861726531484815,0.0299462936080256,1522.8488745251277,13.382302047447924,2911.3176587873404,9,296.536979196055,419.1972488528048,251.9332398936351,251.9332398936351,296.536979196055,310.6298991323475,cured_embutido,cured_embutido,rm_cured_embutido,2911.3176587873404,1522.8488745251277,9,6.0,0.79,0.031,1000.0,28.0,953.3691058264619,1305.2990353072523,351.9299294807904,1,0.5669987109931639,0.0,0.0,0.0
2021-01-18,100.0,100.0,137.740755999588,cured_embutido,cured_embutido,curing_maturation,fermented_dry_spiced,cured,0.79,0.031,11.0,long,planned_campaign,high,1168.8938400825396,0.7305586500515873,0.7957882347841244,0.0305089970205289,1513.6635176488824,12.237887389609114,2646.291953535233,9,365.5026187712644,622.8446008221057,276.8080153868591,276.8080153868591,365.5026187712644,382.8731307283687,cured_embutido,cured_embutido,rm_cured_embutido,2646.291953535233,1513.6635176488824,9,6.0,0.79,0.031,1000.0,28.0,700.1531451295273,1297.4258722704706,597.2727271409433,1,0.6130977011326084,164.79743638411992,215.2779668248879,204.3488211163087
2021-01-25,100.0,100.0,137.740755999588,cured_embutido,cured_embutido,curing_maturation,fermented_dry_spiced,cured,0.79,0.031,11.0,long,planned_campaign,high,1254.1943479490064,0.7838714674681291,0.7893743140834268,0.0332974846996454,1641.750740984022,14.405135167979513,3378.5201908579083,9,246.0199144274418,270.77845292638983,240.46492738610405,240.46492738610405,246.0199144274418,257.712010860606,cured_embutido,cured_embutido,rm_cured_embutido,3378.5201908579083,1641.750740984022,9,6.0,0.79,0.031,1000.0,28.0,1267.697809592737,1407.2149208434475,139.5171112507105,1,0.5247657516195735,0.0,0.0,0.0
2021-02-01,100.0,100.0,135.78295052700244,cured_embutido,cured_embutido,curing_maturation,fermented_dry_spiced,cured,0.79,0.031,11.0,long,planned_campaign,high,1121.0049927769023,0.700628120485564,0.7965614163755933,0.0295359841341885,1448.8713044992892,12.44760100523991,2576.424558049802,9,349.6746772475651,580.7567770613147,274.17646320807154,274.17646320807154,349.6746772475651,366.2929662837557,cured_embutido,cured_embutido,rm_cured_embutido,2576.424558049802,1448.8713044992892,9,6.0,0.79,0.031,1000.0,28.0,713.5900236935729,1241.8896895708192,528.2996658772463,1,0.604774657579168,114.33643602030679,149.35982027707905,141.77718066518042
2021-02-08,100.0,100.0,135.78295052700244,cured_embutido,cured_embutido,curing_maturation,fermented_dry_spiced,cured,0.79,0.031,11.0,long,planned_campaign,high,1163.211191567676,0.7270069947297975,0.7879454549571404,0.030874386553712,1521.837096712444,13.56256444496986,2948.573385558336,9,302.79788631801887,436.3633084439321,268.88438526286905,268.88438526286905,302.79788631801887,317.18835586528274,cured_embutido,cured_embutido,rm_cured_embutido,2948.573385558336,1521.837096712444,9,6.0,0.79,0.031,1000.0,28.0,991.9256897851938,1304.431797182095,312.50610739690114,1,0.5596083187222136,0.0,0.0,0.0
2021-02-15,100.0,100.0,135.78295052700244,cured_embutido,cured_embutido,curing_maturation,fermented_dry_spiced,cured,0.79,0.031,11.0,long,planned_campaign,high,1241.839916408094,0.7761499477550587,0.791164820804526,0.0313666844279968,1618.8691452101405,13.54484204810268,3132.475266916908,9,292.7919301573214,392.9157713124911,250.33954563675735,250.33954563675735,292.7919301573214,306.7068666380481,cured_embutido,cured_embutido,rm_cured_embutido,3132.475266916908,1618.8691452101405,9,6.0,0.79,0.031,1000.0,28.0,1051.0720802181559,1387.6021244658348,336.5300442476789,1,0.5603361281919549,0.0,0.0,0.0
2021-02-22,100.0,100.0,135.78295052700244,cured_embutido,cured_embutido,curing_maturation,fermented_dry_spiced,cured,0.79,0.031,11.0,long,planned_campaign,high,1201.3137335987628,0.7508210834992268,0.799570706892073,0.0341207018597489,1553.7129995316295,13.476248150981478,2991.1745624420014,9,302.4360360113325,432.21065241629793,261.9772746438109,261.9772746438109,302.4360360113325,316.8093086227711,cured_embutido,cured_embutido,rm_cured_embutido,2991.1745624420014,1553.7129995316295,9,6.0,0.79,0.031,1000.0,28.0,993.5435630441918,1331.7539995985394,338.21043655434755,1,0.563150616445523,0.0,0.0,0.0
2021-03-01,100.0,100.0,134.8328011810348,cured_embutido,cured_embutido,curing_maturation,fermented_dry_spiced,cured,0.79,0.031,11.0,long,planned_campaign,high,1202.3880658691885,0.7514925411682428,0.785770453021347,0.0303993834835273,1576.7199148501256,13.036471096092212,2936.409085225234,9,317.7923496340102,469.6064752554096,255.35236507900208,255.35236507900208,317.7923496340102,332.89543105036654,cured_embutido,cured_embutido,rm_cured_embutido,2936.409085225234,1576.7199148501256,9,6.0,0.79,0.031,1000.0,28.0,909.1977661322151,1351.474212728679,442.276446596464,1,0.5810912820771033,0.0,0.0,0.0
2021-03-08,100.0,100.0,134.8328011810348,cured_embutido,cured_embutido,curing_maturation,fermented_dry_spiced,cured,0.79,0.031,11.0,long,planned_campaign,high,1189.3410461530198,0.7433381538456374,0.7824087420004009,0.0329176133120219,1570.1400672818288,13.82956881607348,3102.0514444783275,9,278.75712036807977,355.2927212363229,251.31425498864675,251.31425498864675,278.75712036807977,292.0050525135728,cured_embutido,cured_embutido,rm_cured_embutido,3102.0514444783275,1570.1400672818288,9,6.0,0.79,0.031,1000.0,28.0,1083.2999294016904,1345.8343433844245,262.5344139827341,1,0.5486139048052318,0.0,0.0,0.0
2021-03-15,100.0,100.0,134.8328011810348,cured_embutido,cured_embutido,curing_maturation,fermented_dry_spiced,cured,0.79,0.031,11.0,long,planned_campaign,high,1199.290555308909,0.7495565970680681,0.795146360525149,0.03346395880653,1558.7363868838663,12.39699674102332,2760.521415473393,9,354.1130780393409,579.0220359529467,266.224898562309,266.224898562309,354.1130780393409,370.9423020731606,cured_embutido,cured_embutido,rm_cured_embutido,2760.521415473393,1558.7363868838663,9,6.0,0.79,0.031,1000.0,28.0,756.4317751941364,1336.0597601861712,579.6279849920347,1,0.6067887901634529,134.27473159664441,175.405587904331,166.50066717983907
2021-03-22,100.0,100.0,134.8328011810348,cured_embutido,cured_embutido,curing_maturation,fermented_dry_spiced,cured,0.79,0.031,11.0,long,planned_campaign,high,1216.9225067543473,0.760576566721467,0.7866927635784278,0.0308724914700187,1594.6402389129523,13.293719952184825,3028.385822941984,9,309.44981574225,456.196752626255,256.99787345775195,256.99787345775195,309.44981574225,324.15641823540045,cured_embutido,cured_embutido,rm_cured_embutido,3028.385822941984,1594.6402389129523,9,6.0,0.79,0.031,1000.0,28.0,978.1340871967595,1366.8344904968162,388.7004033000567,1,0.5706197125317777,0.0,0.0,0.0
2021-03-29,100.0,100.0,134.8328011810348,cured_embutido,cured_embutido,curing_maturation,fermented_dry_spiced,cured,0.79,0.031,11.0,long,planned_campaign,high,1161.2746675612352,0.725796667225772,0.7899171745435751,0.0305785620418464,1515.076283437437,12.994892419457702,2812.6076157916145,9,328.73167756101657,511.115191844759,270.5431984063247,270.5431984063247,328.73167756101657,344.3546505371039,cured_embutido,cured_embutido,rm_cured_embutido,2812.6076157916145,1515.076283437437,9,6.0,0.79,0.031,1000.0,28.0,864.6523942291956,1298.636814374946,433.9844201457504,1,0.5827772039791304,1.1054820207687044,1.4441117957553846,1.3707977057531935
2021-04-05,100.0,100.0,138.1681944587496,cured_embutido,cured_embutido,curing_maturation,fermented_dry_spiced,cured,0.79,0.031,11.0,long,planned_campaign,high,1244.852126905692,0.7780325793160574,0.7876563271581937,0.0303418926559035,1628.404739844278,12.848377263376785,2988.908347855744,9,337.3795448166926,539.6707693406536,263.20597514274846,263.20597514274846,337.3795448166926,353.4135076841059,cured_embutido,cured_embutido,rm_cured_embutido,2988.908347855744,1628.404739844278,9,6.0,0.79,0.031,1000.0,28.0,895.2451109131007,1395.7754912950954,500.53038038199475,1,0.5887024088849052,35.27188328362945,46.07631942578079,43.73713527170052
2021-04-12,100.0,100.0,138.1681944587496,cured_embutido,cured_embutido,curing_maturation,fermented_dry_spiced,cured,0.79,0.031,11.0,long,planned_campaign,high,1162.6164816699563,0.7266353010437228,0.7910726511238213,0.0304883537315148,1514.4787808239807,13.512004701089127,2923.377772313337,9,275.6297409215788,291.00812517291035,238.3882292464924,238.3882292464924,275.6297409215788,288.7290443588768,cured_embutido,cured_embutido,rm_cured_embutido,2923.377772313337,1514.4787808239807,9,6.0,0.79,0.031,1000.0,28.0,976.1907683967904,1298.1246692776979,321.93390088090746,1,0.5616839787643175,0.0,0.0,0.0
2021-04-19,100.0,100.0,138.1681944587496,cured_embutido,cured_embutido,curing_maturation,fermented_dry_spiced,cured,0.79,0.031,11.0,long,planned_campaign,high,1223.481578960098,0.7646759868500612,0.7861978551712571,0.0327084797211536,1607.1015623662468,13.901243154248812,3191.5299417180518,9,203.2838127864832,0.0,172.3261361954562,172.3261361954562,203.2838127864832,212.9448759891608,cured_embutido,cured_embutido,rm_cured_embutido,3191.5299417180518,1607.1015623662468,9,6.0,0.79,0.031,1000.0,28.0,1125.2565043900204,1377.5156248853543,252.25912049533395,1,0.5456540218257008,0.0,0.0,0.0
2021-04-26,100.0,100.0,138.1681944587496,cured_embutido,cured_embutido,curing_maturation,fermented_dry_spiced,cured,0.79,0.031,11.0,long,planned_campaign,high,1216.3582584201936,0.760223911512621,0.7892802396484668,0.031462019954511,1589.5841339917945,13.048802571514884,2963.167076467341,9,175.5168126868797,0.0,84.26762297265209,84.26762297265209,175.5168126868797,183.85824920982364,cured_embutido,cured_embutido,rm_cured_embutido,2963.167076467341,1589.5841339917945,9,6.0,0.79,0.031,1000.0,28.0,919.4160470493193,1362.500686278681,443.08463922936176,1,0.5805909022605824,0.0,0.0,0.0
2021-05-03,100.0,100.0,136.4163834243142,cured_embutido,cured_embutido,curing_maturation,fermented_dry_spiced,cured,0.79,0.031,11.0,long,planned_campaign,high,1173.7406518024063,0.7335879073765041,0.7917992613062261,0.0314705794183397,1529.0225810570205,13.764373973002732,3006.5769455478157,9,75.88133184291846,0.0,0.0,0.0,75.88133184291846,79.48759213875316,cured_embutido,cured_embutido,rm_cured_embutido,3006.5769455478157,1529.0225810570205,9,6.0,0.79,0.031,1000.0,28.0,1040.690769903075,1310.5907837631603,269.9000138600852,1,0.5513032302699017,0.0,0.0,0.0
2021-05-10,100.0,100.0,136.4163834243142,fresh_preparation,fresh_preparation,fresh_forming,marinated_short_run,fresh_prepared,0.85,0.027,2.5,short,service_critical,low,1399.5805886588028,0.8747378679117517,0.8361139482307877,0.0276232910446072,1720.1502422522894,8.945809718314026,2198.3052505858223,2,140.8916227936296,0.0,140.20576792070594,140.20576792070594,140.8916227936296,148.62305059443003,fresh_preparation,fresh_preparation,rm_fresh_preparation,2198.3052505858223,1720.1502422522894,2,6.0,0.85,0.027,1000.0,7.0,1706.8337527994538,1474.414493359105,-232.4192594403487,0,0.46067266438435117,996.2594850255723,1204.5940209486396,1235.3617614317097
2021-05-17,100.0,100.0,136.4163834243142,fresh_preparation,fresh_preparation,fresh_forming,marinated_short_run,fresh_prepared,0.85,0.027,2.5,short,service_critical,low,1370.4133950089135,0.8565083718805709,0.8406281569429137,0.0269817093689795,1674.21169434368,8.380325993504462,2004.3485401053556,2,182.51759056493717,0.0,192.378041147373,192.378041147373,182.51759056493717,192.5332433471881,fresh_preparation,fresh_preparation,rm_fresh_preparation,2004.3485401053556,1674.21169434368,2,6.0,0.85,0.027,1000.0,7.0,1526.002341721447,1435.0385951517258,-90.96374656972125,0,0.4841583875436234,1104.9017493900503,1335.9552014872745,1370.0781692436624
2021-05-24,100.0,100.0,136.4163834243142,fresh_preparation,fresh_preparation,fresh_forming,marinated_short_run,fresh_prepared,0.85,0.027,2.5,short,service_critical,low,1347.1136518793164,0.8419460324245728,0.8446601828291828,0.032439060351844,1646.5944307625657,8.761194063102629,2060.876193019263,3,186.0490571317528,0.0,183.3602073045532,183.3602073045532,186.0490571317528,196.2584991418577,fresh_preparation,fresh_preparation,rm_fresh_preparation,2060.876193019263,1646.5944307625657,3,6.0,0.85,0.027,1000.0,7.0,1355.1928655495922,1411.366654939342,56.1737893897498,1,0.509948934047639,997.0848926826447,1205.5920351643126,1236.3852669264795
2021-05-31,100.0,100.0,136.4163834243142,fresh_preparation,fresh_preparation,fresh_forming,marinated_short_run,fresh_prepared,0.85,0.027,2.5,short,service_critical,low,1371.9971448318868,0.8574982155199292,0.8375350594695077,0.0286130048642189,1685.0089913902111,8.736273784572298,2102.957125464416,3,193.63741655924449,0.1822771067001401,191.0066372048385,191.0066372048385,193.63741655924449,204.26326979293304,fresh_preparation,fresh_preparation,rm_fresh_preparation,2102.957125464416,1685.0089913902111,3,6.0,0.85,0.027,1000.0,7.0,1380.8104148686114,1444.2934211916095,63.48300632299811,1,0.5109868235001499,1026.3452871174045,1240.9712679008578,1272.6681560255815
2021-06-07,100.0,100.0,135.96233735022486,fresh_preparation,fresh_preparation,fresh_forming,marinated_short_run,fresh_prepared,0.85,0.027,2.5,short,service_critical,low,1331.9728342742956,0.8324830214214347,0.8460628122129468,0.0261058146334686,1615.4179695096657,8.508650270435528,1963.575220447832,2,201.9087482363964,65.83483901584586,209.59365626567487,209.59365626567487,201.9087482363964,212.98849079586864,fresh_preparation,fresh_preparation,rm_fresh_preparation,1963.575220447832,1615.4179695096657,2,6.0,0.85,0.027,1000.0,7.0,1502.027229159356,1384.6439738654278,-117.38325529392819,0,0.4788189225745209,1036.4867229272616,1253.2334477084355,1285.2435364298044
2021-06-14,100.0,100.0,135.96233735022486,fresh_preparation,fresh_preparation,fresh_forming,marinated_short_run,fresh_prepared,0.85,0.027,2.5,short,service_critical,low,1384.924080713575,0.8655775504459844,0.8422712270793344,0.0322550197295927,1697.3093562963709,9.183735975132295,2226.8058566210884,2,174.96064255888103,0.0,181.9514418530159,181.9514418530159,174.96064255888103,184.56160781929964,fresh_preparation,fresh_preparation,rm_fresh_preparation,2226.8058566210884,1697.3093562963709,2,6.0,0.85,0.027,1000.0,7.0,1741.8603262506967,1454.8365911111748,-287.02373513952193,0,0.4508370288702112,925.340090786457,1118.8441941677734,1147.4217125752068
2021-06-21,100.0,100.0,135.96233735022486,fresh_preparation,fresh_preparation,fresh_forming,marinated_short_run,fresh_prepared,0.85,0.027,2.5,short,service_critical,low,1318.294310764286,0.8239339442276788,0.8476936942726641,0.0277701491693202,1598.3409450577635,9.067433930561652,2070.407273974677,2,181.82952303947368,3.8690654007657233,190.48685532051692,190.48685532051692,181.82952303947368,191.8074181162648,fresh_preparation,fresh_preparation,rm_fresh_preparation,2070.407273974677,1598.3409450577635,2,6.0,0.85,0.027,1000.0,7.0,1613.7384325296018,1370.0065243352258,-243.73190819437605,0,0.4556405242326514,897.9401954183122,1085.7145219978383,1113.445842318707
2021-06-28,100.0,100.0,135.96233735022486,fresh_preparation,fresh_preparation,fresh_forming,marinated_short_run,fresh_prepared,0.85,0.027,2.5,short,service_critical,low,1388.0053621271777,0.867503351329486,0.8403638907889657,0.030650235778527,1702.2959570468718,7.972256398977145,1938.7342623599784,3,225.6959478634036,89.47621467911485,193.3476282426379,193.3476282426379,225.6959478634036,238.08101300240787,fresh_preparation,fresh_preparation,rm_fresh_preparation,1938.7342623599784,1702.2959570468718,3,6.0,0.85,0.027,1000.0,7.0,1209.1788521970334,1459.11082032589,249.93196812885662,1,0.5427182532813962,1222.6725150127836,1478.3538057103967,1516.1139186158516
2021-07-05,100.0,100.0,134.38476327805816,fresh_preparation,fresh_preparation,fresh_forming,marinated_short_run,fresh_prepared,0.85,0.027,2.5,short,service_critical,low,1292.9896048698845,0.8081185030436777,0.8499203933163736,0.0267239058494369,1561.9619764089648,7.972841191991077,1779.0392551195985,2,211.65064610513437,101.46623462840816,212.85199983001772,212.85199983001772,211.65064610513437,223.2649753101536,fresh_preparation,fresh_preparation,rm_fresh_preparation,1779.0392551195985,1561.9619764089648,2,6.0,0.85,0.027,1000.0,7.0,1332.764404717037,1338.8245512076842,6.060146490647185,1,0.5011316150682423,1121.7472724970505,1356.3234054737325,1390.9666178963425
2021-07-12,100.0,100.0,134.38476327805816,fresh_preparation,fresh_preparation,fresh_forming,marinated_short_run,fresh_prepared,0.85,0.027,2.5,short,service_critical,low,1311.375900296997,0.8196099376856232,0.8473770261502708,0.0263626538188463,1588.3688224327898,9.218567461058145,2091.783591805451,2,164.0330347050701,0.0,167.59580579363146,167.59580579363146,164.0330347050701,173.03434748451082,fresh_preparation,fresh_preparation,rm_fresh_preparation,2091.783591805451,1588.3688224327898,2,6.0,0.85,0.027,1000.0,7.0,1637.9639282532255,1361.4589906566769,-276.50493759654864,0,0.44940016234868013,858.0442212840157,1037.4756318046257,1063.9748343921794
2021-07-19,100.0,100.0,134.38476327805816,fresh_preparation,fresh_preparation,fresh_forming,marinated_short_run,fresh_prepared,0.85,0.027,2.5,short,service_critical,low,1302.79272403853,0.8142454525240812,0.8527642502634675,0.0266608272550054,1568.4595776499325,8.47458493185797,1898.8634147114903,2,203.1035151355109,76.07083717687519,211.1352146370384,211.1352146370384,203.1035151355109,214.24882052857208,fresh_preparation,fresh_preparation,rm_fresh_preparation,1898.8634147114903,1568.4595776499325,2,6.0,0.85,0.027,1000.0,7.0,1450.7321068115098,1344.393923699942,-106.33818311156779,0,0.48023593111258883,1013.9900866383841,1226.0323881728846,1257.3477074315963
2021-07-26,100.0,100.0,134.38476327805816,fresh_preparation,fresh_preparation,fresh_forming,marinated_short_run,fresh_prepared,0.85,0.027,2.5,short,service_critical,low,1374.0239350436689,0.858764959402293,0.8487662198067943,0.0262696840280231,1661.3751546158308,9.144981482194886,2170.463574848634,2,172.93906720458432,0.0,179.7012832220794,179.7012832220794,172.93906720458432,182.42909851743588,fresh_preparation,fresh_preparation,rm_fresh_preparation,2170.463574848634,1661.3751546158308,2,6.0,0.85,0.027,1000.0,7.0,1695.7849592441107,1424.0358468135692,-271.7491124305416,0,0.4524366902296441,914.9474265807662,1106.2782499011744,1134.53480896015
2021-08-02,100.0,100.0,136.59577024753668,fresh_preparation,fresh_preparation,fresh_forming,marinated_short_run,fresh_prepared,0.85,0.027,2.5,short,service_critical,low,1345.2265148500198,0.8407665717812624,0.8444044955105909,0.0279143901996764,1637.5773696661363,9.380304402267544,2194.4248871047093,2,161.24104584700407,0.0,165.7364973081477,165.7364973081477,161.24104584700407,170.0891482378584,fresh_preparation,fresh_preparation,rm_fresh_preparation,2194.4248871047093,1637.5773696661363,2,6.0,0.85,0.027,1000.0,7.0,1726.5456386286705,1403.637745428117,-322.90789320055364,0,0.44273962828043445,846.7902279895438,1023.8682401179419,1050.0198827070344
2021-08-09,100.0,100.0,136.59577024753668,fresh_preparation,fresh_preparation,fresh_forming,marinated_short_run,fresh_prepared,0.85,0.027,2.5,short,service_critical,low,1317.991984193441,0.8237449901209009,0.8512666947041487,0.0277886781354325,1591.295944801482,8.149173752958696,1852.535306652264,2,222.68287595427296,162.88104177994634,227.97593111357747,227.97593111357747,222.68287595427296,234.9025987722637,fresh_preparation,fresh_preparation,rm_fresh_preparation,1852.535306652264,1591.295944801482,2,6.0,0.85,0.027,1000.0,7.0,1397.879322423269,1363.9679526869845,-33.91136973628454,0,0.4937847471114615,1102.7285908362028,1333.3275991006624,1367.3834526368914
2021-08-16,100.0,100.0,136.59577024753668,fresh_preparation,fresh_preparation,fresh_forming,marinated_short_run,fresh_prepared,0.85,0.027,2.5,short,service_critical,low,1341.024774308663,0.8381404839429143,0.8457762442685368,0.0316533018746905,1635.743077068545,8.06482310265632,1884.5683654217917,3,228.8058383981013,118.44456670767124,204.35708160520005,204.35708160520005,228.8058383981013,241.3615587801971,fresh_preparation,fresh_preparation,rm_fresh_preparation,1884.5683654217917,1635.743077068545,3,6.0,0.85,0.027,1000.0,7.0,1183.535618106701,1402.0654946301815,218.52987652348065,1,0.5388870116926172,1153.240206276935,1394.4020389056707,1430.0178557833992
2021-08-23,100.0,100.0,136.59577024753668,fresh_preparation,fresh_preparation,fresh_forming,marinated_short_run,fresh_prepared,0.85,0.027,2.5,short,service_critical,low,1233.3897295305867,0.7708685809566167,0.851461949380154,0.0271719981300104,1487.9154539756526,9.916404464839207,2107.824493015345,2,155.2224486621658,0.0,158.0084549810608,158.0084549810608,155.2224486621658,163.74028053250214,fresh_preparation,fresh_preparation,rm_fresh_preparation,2107.824493015345,1487.9154539756526,2,6.0,0.85,0.027,1000.0,7.0,1682.7057918794444,1275.3561034077022,-407.3496884717422,0,0.4208217980346763,655.4470643680097,792.5120178562478,812.754359816332
2021-08-30,100.0,100.0,136.59577024753668,fresh_preparation,fresh_preparation,fresh_forming,marinated_short_run,fresh_prepared,0.85,0.027,2.5,short,service_critical,low,1310.8792817972146,0.8192995511232591,0.856263118124813,0.0223316459155793,1565.1186479820233,9.122687925179504,2039.7269987741247,2,188.64037372308883,25.242788367091865,198.84309672327063,198.84309672327063,188.64037372308883,198.9920142311433,fresh_preparation,fresh_preparation,rm_fresh_preparation,2039.7269987741247,1565.1186479820233,2,6.0,0.85,0.027,1000.0,7.0,1592.5502422078323,1341.530269698877,-251.01997250895533,0,0.4533573444144725,866.9219189067753,1048.209804614927,1074.9831794444015
2021-09-06,100.0,100.0,136.4962062690974,fresh_preparation,fresh_preparation,fresh_forming,marinated_short_run,fresh_prepared,0.85,0.027,2.5,short,service_critical,low,1386.8682890336474,0.8667926806460297,0.8436119556557871,0.0292686448683473,1692.0813353752208,8.66254318667485,2093.9610918649,3,187.6507642872239,0.0,182.89642275593343,182.89642275593343,187.6507642872239,197.9480999774853,fresh_preparation,fresh_preparation,rm_fresh_preparation,2093.9610918649,1692.0813353752208,3,6.0,0.85,0.027,1000.0,7.0,1368.783376704091,1450.3554303216176,81.57205361752654,1,0.5140569952647518,1048.4756738319384,1267.729488944971,1300.1098355516035
2021-09-13,100.0,100.0,136.4962062690974,fresh_preparation,fresh_preparation,fresh_forming,marinated_short_run,fresh_prepared,0.85,0.027,2.5,short,service_critical,low,1310.9536408460872,0.8193460255288045,0.8429063418447612,0.0324790082662166,1605.7918273831604,8.353723309091054,1916.3343739940888,2,188.83288714459889,48.83726863879806,196.3214115331391,196.3214115331391,188.83288714459889,199.1950918266587,fresh_preparation,fresh_preparation,rm_fresh_preparation,1916.3343739940888,1605.7918273831604,2,6.0,0.85,0.027,1000.0,7.0,1457.5367090274715,1376.3929948998518,-81.14371412761966,0,0.48526579600885933,1065.8504482889234,1288.7376195984807,1321.654555878265
2021-09-20,100.0,100.0,136.4962062690974,fresh_preparation,fresh_preparation,fresh_forming,marinated_short_run,fresh_prepared,0.85,0.027,2.5,short,service_critical,low,1306.4762907749025,0.8165476817343139,0.8518159825257878,0.02873273246997,1577.8230886568365,8.607823071334444,1940.2317121463552,2,190.88413673109463,62.90785679038488,198.46370395489217,198.46370395489217,190.88413673109463,201.35890373421347,fresh_preparation,fresh_preparation,rm_fresh_preparation,1940.2317121463552,1577.8230886568365,2,6.0,0.85,0.027,1000.0,7.0,1489.4251153872592,1352.4197902772885,-137.00532510997073,0,0.4746956753979223,990.0111667877695,1197.0390747690824,1227.6138468168342
2021-09-27,100.0,100.0,136.4962062690974,fresh_preparation,fresh_preparation,fresh_forming,marinated_short_run,fresh_prepared,0.85,0.027,2.5,short,service_critical,low,1324.0592101758589,0.8275370063599118,0.8535747938284518,0.0257739149462781,1591.1732744016929,8.199744179010827,1863.8876849389824,2,255.84754913482743,309.4028600104048,262.59871777019987,262.59871777019987,255.84754913482743,269.8871833936011,fresh_preparation,fresh_preparation,rm_fresh_preparation,1863.8876849389824,1591.1732744016929,2,6.0,0.85,0.027,1000.0,7.0,1409.2667493956415,1363.8628066300225,-45.40394276561892,0,0.4916780944372044,1091.1483960927328,1319.3257917813105,1353.0240111549888
2021-10-04,100.0,100.0,136.07992584200227,fresh_preparation,fresh_preparation,fresh_forming,marinated_short_run,fresh_prepared,0.85,0.027,2.5,short,service_critical,low,1334.12232604813,0.8338264537800812,0.846624853639593,0.0289081018523153,1621.3666114712587,9.45392739167833,2189.7546028772585,3,244.35304483945535,322.5941845553827,252.83849350228647,252.83849350228647,244.35304483945535,257.76191817502047,fresh_preparation,fresh_preparation,rm_fresh_preparation,2189.7546028772585,1621.3666114712587,3,6.0,0.85,0.027,1000.0,7.0,1494.883197961005,1389.7428098325074,-105.14038812849753,0,0.48109537471700886,821.3548184265073,993.1138606208904,1018.4799748488691
2021-10-11,100.0,100.0,136.07992584200227,fresh_preparation,fresh_preparation,fresh_forming,marinated_short_run,fresh_prepared,0.85,0.027,2.5,short,service_critical,low,1221.7317137806049,0.7635823211128779,0.8539825392244713,0.0255159731502205,1467.132323951268,8.457829395060184,1772.679270851142,2,399.8419095829013,886.06573552821,411.217591215936,411.217591215936,399.8419095829013,421.783234371263,fresh_preparation,fresh_preparation,rm_fresh_preparation,1772.679270851142,1467.132323951268,2,6.0,0.85,0.027,1000.0,7.0,1353.4986068650655,1257.5419919582298,-95.95661490683574,0,0.48093302566394475,951.9950450583556,1151.0731455877583,1180.473855872361
2021-10-18,100.0,100.0,136.07992584200227,fresh_preparation,fresh_preparation,fresh_forming,marinated_short_run,fresh_prepared,0.85,0.027,2.5,short,service_critical,low,1235.1373566505604,0.7719608479066002,0.8472395378353922,0.0242923849609062,1493.251592141481,9.580000840153737,2043.6216438966133,2,484.7823776999853,1284.532970023842,494.013214375931,494.013214375931,484.7823776999853,511.384810676272,fresh_preparation,fresh_preparation,rm_fresh_preparation,2043.6216438966133,1493.251592141481,2,6.0,0.85,0.027,1000.0,7.0,1616.9783318561902,1279.9299361212693,-337.04839573492086,0,0.4345444438897107,729.5598843661371,882.1230691809892,904.65425661401
2021-10-25,100.0,100.0,136.07992584200227,cured_embutido,cured_embutido,curing_maturation,fermented_dry_spiced,cured,0.79,0.031,11.0,long,planned_campaign,high,1116.6586993239562,0.6979116870774726,0.784057843361911,0.0303032612735318,1467.3625286494043,13.06350273536197,2738.413486682736,9,363.16190424469033,711.697801289259,311.8251087821617,311.8251087821617,363.16190424469033,380.42117374391927,cured_embutido,cured_embutido,rm_cured_embutido,2738.413486682736,1467.3625286494043,9,6.0,0.79,0.031,1000.0,28.0,851.8045212763593,1257.739310270918,405.93478899455863,1,0.5799941905779414,0.0,0.0,0.0
2021-11-01,100.0,100.0,140.9302365502798,cured_embutido,cured_embutido,curing_maturation,fermented_dry_spiced,cured,0.79,0.031,11.0,long,planned_campaign,high,1117.647866294668,0.6985299164341674,0.7905646760753305,0.0311830528784777,1457.8181566754372,12.563772132751074,2616.527875922485,9,375.4532082068325,718.1856149927831,305.61030495405134,305.61030495405134,375.4532082068325,393.2966219268623,cured_embutido,cured_embutido,rm_cured_embutido,2616.527875922485,1457.8181566754372,9,6.0,0.79,0.031,1000.0,28.0,742.1902459112084,1249.5584200075175,507.3681740963091,1,0.6001374808643747,90.84870076046991,118.67735334674911,112.65238894298268
2021-11-08,100.0,100.0,140.9302365502798,cured_embutido,cured_embutido,curing_maturation,fermented_dry_spiced,cured,0.79,0.031,11.0,long,planned_campaign,high,1190.1735404959304,0.7438584628099565,0.7829740931170148,0.0272556889951332,1561.4980765183575,12.934001290113184,2885.2025908853843,9,326.9829676577031,563.2352351035923,259.0153275428421,259.0153275428421,326.9829676577031,342.5228331956355,cured_embutido,cured_embutido,rm_cured_embutido,2885.2025908853843,1561.4980765183575,9,6.0,0.79,0.031,1000.0,28.0,877.5622067903532,1338.4269227300208,460.8647159396676,1,0.5852427036903638,14.722408362993974,19.232156814403435,18.255786370112528
2021-11-15,100.0,100.0,140.9302365502798,cured_embutido,cured_embutido,curing_maturation,fermented_dry_spiced,cured,0.79,0.031,11.0,long,planned_campaign,high,1137.7682144608746,0.7111051340380466,0.7890409159484256,0.0287016814189227,1483.350294799427,11.615282176420614,2461.36174865315,9,376.3955818563214,690.4762677765968,260.4139009489112,260.4139009489112,376.3955818563214,394.2837818840431,cured_embutido,cured_embutido,rm_cured_embutido,2461.36174865315,1483.350294799427,9,6.0,0.79,0.031,1000.0,28.0,554.1970839110293,1271.4431098280802,717.2460259170509,1,0.6374052079776213,293.43165597435745,383.3152486242602,363.8552534082032
2021-11-22,100.0,100.0,140.9302365502798,cured_embutido,cured_embutido,curing_maturation,fermented_dry_spiced,cured,0.79,0.031,11.0,long,planned_campaign,high,1085.7765793524247,0.6786103620952655,0.795147369050582,0.0310206711263647,1407.862417848248,13.11732109691706,2638.197627885355,9,307.2995413244727,498.1899734538586,257.5717548602161,257.5717548602161,307.2995413244727,321.9039520259184,cured_embutido,cured_embutido,rm_cured_embutido,2638.197627885355,1407.862417848248,9,6.0,0.79,0.031,1000.0,28.0,828.0888049376074,1206.7392152984983,378.6504103608909,1,0.5778076024880993,0.0,0.0,0.0
2021-11-29,100.0,100.0,140.9302365502798,cured_embutido,cured_embutido,curing_maturation,fermented_dry_spiced,cured,0.79,0.031,11.0,long,planned_campaign,high,1113.1558399049006,0.6957223999405628,0.7823609483770149,0.030183653648022,1465.7620023235736,13.08771072824337,2740.49558326596,9,310.01335017699074,494.1640179920731,255.5411156286346,255.5411156286346,310.01335017699074,324.74673464415224,cured_embutido,cured_embutido,rm_cured_embutido,2740.49558326596,1465.7620023235736,9,6.0,0.79,0.031,1000.0,28.0,855.9444374213651,1256.367430563063,400.4229931416978,1,0.5790110263344836,0.0,0.0,0.0
2021-12-06,100.0,100.0,141.74305627081404,cured_embutido,cured_embutido,curing_maturation,fermented_dry_spiced,cured,0.79,0.031,11.0,long,planned_campaign,high,1070.9347444219584,0.6693342152637239,0.7848820128163444,0.0317896225422921,1407.828613309188,13.665507264668246,2748.3845917977906,9,294.3089827980544,442.100138626778,270.6768803910493,270.6768803910493,294.3089827980544,308.29601720553194,cured_embutido,cured_embutido,rm_cured_embutido,2748.3845917977906,1407.828613309188,9,6.0,0.79,0.031,1000.0,28.0,938.3192318288345,1206.710239979304,268.3910081504696,1,0.5553757716429918,0.0,0.0,0.0
2021-12-13,100.0,100.0,141.74305627081404,cured_embutido,cured_embutido,curing_maturation,fermented_dry_spiced,cured,0.79,0.031,11.0,long,planned_campaign,high,1164.2225633325213,0.7276391020828258,0.7858718710193537,0.0285706633453828,1523.7664286104762,12.038878659949438,2620.6341628780046,9,375.9513658612756,654.421822444802,279.4276214276221,279.4276214276221,375.9513658612756,393.8184545238327,cured_embutido,cured_embutido,rm_cured_embutido,2620.6341628780046,1523.7664286104762,9,6.0,0.79,0.031,1000.0,28.0,661.5058975216782,1306.085510237551,644.5796127158728,1,0.6209353556767832,209.21777597002256,273.3050854593964,259.43004220282796
2021-12-20,100.0,100.0,141.74305627081404,cured_embutido,cured_embutido,curing_maturation,fermented_dry_spiced,cured,0.79,0.031,11.0,long,planned_campaign,high,1171.2851272953762,0.7320532045596102,0.7897467205611562,0.0324282274971066,1531.2096858193222,13.867781433257594,3033.49732163277,9,283.7003068266852,393.9058563488374,261.2568338796545,261.2568338796545,283.7003068266852,297.1831639086234,cured_embutido,cured_embutido,rm_cured_embutido,3033.49732163277,1531.2096858193222,9,6.0,0.79,0.031,1000.0,28.0,1064.7991541507843,1312.4654449879906,247.66629083720636,1,0.5470362806934977,0.0,0.0,0.0
2021-12-27,100.0,100.0,141.74305627081404,cured_embutido,cured_embutido,curing_maturation,fermented_dry_spiced,cured,0.79,0.031,11.0,long,planned_campaign,high,1168.5212471859656,0.7303257794912286,0.7885371328574152,0.0286324818058796,1524.3149123240412,13.66302119373806,2975.249564716335,9,290.35452633049766,410.55496710256176,258.77881868873607,258.77881868873607,290.35452633049766,304.15362519435456,cured_embutido,cured_embutido,rm_cured_embutido,2975.249564716335,1524.3149123240412,9,6.0,0.79,0.031,1000.0,28.0,1015.4161060139963,1306.5556391348925,291.1395331208962,1,0.5554780850032295,0.0,0.0,0.0
2022-01-03,96.97336244345644,100.0,139.4067360181275,cured_embutido,cured_embutido,curing_maturation,fermented_dry_spiced,cured,0.79,0.031,11.0,long,planned_campaign,high,1203.6789891615144,0.7522993682259466,0.7955965455267844,0.0342854686038752,1564.797753777632,13.855781433760702,3097.356523483223,9,275.6003845542071,364.3541340909448,248.3332811548717,248.3332811548717,275.6003845542071,288.6982928301458,cured_embutido,cured_embutido,rm_cured_embutido,3097.356523483223,1564.797753777632,9,6.0,0.79,0.031,1000.0,28.0,1085.4736971976965,1341.2552175236847,255.78152032598814,1,0.5475318090685198,0.0,0.0,0.0
2022-01-10,96.97336244345644,100.0,139.4067360181275,cured_embutido,cured_embutido,curing_maturation,fermented_dry_spiced,cured,0.79,0.031,11.0,long,planned_campaign,high,1213.6874907400645,0.7585546817125404,0.7938173933163668,0.0275684834312433,1571.075444705207,13.072922469939025,2934.078211865164,9,306.01825815989105,448.7092432438897,243.4941873457687,243.4941873457687,306.01825815989105,320.5617758789399,cured_embutido,cured_embutido,rm_cured_embutido,2934.078211865164,1571.075444705207,9,6.0,0.79,0.031,1000.0,28.0,914.1240686727549,1346.6360954616061,432.51202678885124,1,0.5796116999374604,0.0,0.0,0.0
2022-01-17,96.97336244345644,100.0,139.4067360181275,cured_embutido,cured_embutido,curing_maturation,fermented_dry_spiced,cured,0.79,0.031,11.0,long,planned_campaign,high,1171.0858713450305,0.7319286695906441,0.7919810917842744,0.0288148914592331,1521.2870561125208,13.712893396003158,2980.1781750272103,9,277.8907189987532,366.7272125690582,246.4163111957316,246.4163111957316,277.8907189987532,291.0974754191689,cured_embutido,cured_embutido,rm_cured_embutido,2980.1781750272103,1521.2870561125208,9,6.0,0.79,0.031,1000.0,28.0,1024.2376743111122,1303.960333810732,279.7226594996198,1,0.5534247244460969,0.0,0.0,0.0
2022-01-24,96.97336244345644,100.0,139.4067360181275,cured_embutido,cured_embutido,curing_maturation,fermented_dry_spiced,cured,0.79,0.031,11.0,long,planned_campaign,high,1106.7526790459451,0.6917204244037158,0.7905825212573756,0.0318347416060636,1444.4866081644827,12.221808874597365,2522.034178128817,9,370.8932219609518,638.6853753517591,289.5329994481084,289.5329994481084,370.8932219609518,388.519922334646,cured_embutido,cured_embutido,rm_cured_embutido,2522.034178128817,1444.4866081644827,9,6.0,0.79,0.031,1000.0,28.0,664.8371104887678,1238.1313784266993,573.2942679379314,1,0.613733169328594,160.5838084623647,209.7736260301821,199.1239224933322
2022-01-31,96.97336244345644,100.0,139.4067360181275,cured_embutido,cured_embutido,curing_maturation,fermented_dry_spiced,cured,0.79,0.031,11.0,long,planned_campaign,high,1209.6080838577907,0.7560050524111191,0.7915729191079394,0.0343284665029952,1580.5645244359982,13.532383834664223,3055.543688588779,9,312.7800384208973,465.8389543686236,275.49789690098027,275.49789690098027,312.7800384208973,327.6449097468505,cured_embutido,cured_embutido,rm_cured_embutido,3055.543688588779,1580.5645244359982,9,6.0,0.79,0.031,1000.0,28.0,1023.3893000282096,1354.7695923737126,331.380292345503,1,0.560847597244134,0.0,0.0,0.0
2022-02-07,96.97336244345644,100.0,141.93188450578504,cured_embutido,cured_embutido,curing_maturation,fermented_dry_spiced,cured,0.79,0.031,11.0,long,planned_campaign,high,1229.2493947127837,0.7682808716954898,0.7865520705787465,0.0316300860722323,1612.2653620868298,12.582456495485928,2898.036968233772,9,364.420137470227,609.2674452125602,283.7017588616592,283.7017588616592,364.420137470227,381.7392045034996,cured_embutido,cured_embutido,rm_cured_embutido,2898.036968233772,1612.2653620868298,9,6.0,0.79,0.031,1000.0,28.0,825.1243598364194,1381.9417389315684,556.8173790951489,1,0.5993899595399753,96.17013278462628,125.62883931578462,119.25096465293657
2022-02-14,96.97336244345644,100.0,141.93188450578504,cured_embutido,cured_embutido,curing_maturation,fermented_dry_spiced,cured,0.79,0.031,11.0,long,planned_campaign,high,1224.8643174517767,0.7655401984073604,0.7934288414142265,0.0321257158403647,1593.3551875980077,12.054313053292132,2743.8288909133425,9,402.44286481462063,723.1154787350998,301.7351318863113,301.7351318863113,402.44286481462063,421.5689619649355,cured_embutido,cured_embutido,rm_cured_embutido,2743.8288909133425,1593.3551875980077,9,6.0,0.79,0.031,1000.0,28.0,695.2293640016183,1365.7330179411495,670.5036539395312,1,0.620329690129741,215.25931462581457,281.1972601609575,266.92155013601007
2022-02-21,96.97336244345644,100.0,141.93188450578504,cured_embutido,cured_embutido,curing_maturation,fermented_dry_spiced,cured,0.79,0.031,11.0,long,planned_campaign,high,1253.490571867734,0.7834316074173338,0.7855518229825632,0.0310350738033461,1645.2036727131808,12.370669841847278,2907.467351104189,9,381.7795881777277,662.5573596939382,287.4011844921188,287.4011844921188,381.7795881777277,399.9236631058741,cured_embutido,cured_embutido,rm_cured_embutido,2907.467351104189,1645.2036727131808,9,6.0,0.79,0.031,1000.0,28.0,792.2054861872425,1410.1745766112979,617.9690904240554,1,0.6078352143116491,147.9108982202897,193.21876686168662,183.40951379315925
2022-02-28,96.97336244345644,100.0,141.93188450578504,cured_embutido,cured_embutido,curing_maturation,fermented_dry_spiced,cured,0.79,0.031,11.0,long,planned_campaign,high,1178.4865329228237,0.7365540830767646,0.793341507975609,0.0289472030917696,1528.4721771667807,13.048472835923455,2849.1753834607894,9,358.09921333238213,605.4155566612857,305.69213058606425,305.69213058606425,358.09921333238213,375.1178784460036,cured_embutido,cured_embutido,rm_cured_embutido,2849.1753834607894,1528.4721771667807,9,6.0,0.79,0.031,1000.0,28.0,883.9968699606427,1310.1190090000978,426.1221390394551,1,0.5806042842513606,0.0,0.0,0.0
2022-03-07,96.97336244345644,100.0,146.89806708552203,cured_embutido,cured_embutido,curing_maturation,fermented_dry_spiced,cured,0.79,0.031,11.0,long,planned_campaign,high,1333.0739776024732,0.8331712360015457,0.7921366652801692,0.0307770693736101,1734.678052562174,12.433751034268294,3081.222147166777,9,385.5612595970614,668.4134512853516,286.39327464907296,286.39327464907296,385.5612595970614,403.88505845941177,cured_embutido,cured_embutido,rm_cured_embutido,3081.222147166777,1734.678052562174,9,6.0,0.79,0.031,1000.0,28.0,850.9217938725537,1486.8669021961489,635.9451083235952,1,0.6053262658448417,140.32280759154582,183.30630245397947,174.00028141351683
2022-03-14,96.97336244345644,100.0,146.89806708552203,cured_embutido,cured_embutido,curing_maturation,fermented_dry_spiced,cured,0.79,0.031,11.0,long,planned_campaign,high,1223.4545424710743,0.7646590890444215,0.7908434584083524,0.0285761805600374,1591.2329892902042,13.153974678216334,2990.1483497522613,9,320.4007541865718,416.3344669606795,266.4581867576781,266.4581867576781,320.4007541865718,335.62780002928866,cured_embutido,cured_embutido,rm_cured_embutido,2990.1483497522613,1591.2329892902042,9,6.0,0.79,0.031,1000.0,28.0,944.277363521999,1363.9139908201748,419.6366272981759,1,0.5763166494931822,0.0,0.0,0.0
2022-03-21,96.97336244345644,100.0,146.89806708552203,cured_embutido,cured_embutido,curing_maturation,fermented_dry_spiced,cured,0.79,0.031,11.0,long,planned_campaign,high,1289.811002394523,0.8061318764965769,0.7892951477641521,0.0284425800644462,1680.6090330793484,11.843388026196443,2843.443557012792,9,339.638212556922,327.95838235663115,218.7413769009033,218.7413769009033,339.638212556922,355.7795186086897,cured_embutido,cured_embutido,rm_cured_embutido,2843.443557012792,1680.6090330793484,9,6.0,0.79,0.031,1000.0,28.0,682.6605144822015,1440.5220283537271,757.8615138715256,1,0.6285735063852337,277.6875044202834,362.74836961017286,344.33250548115143
2022-03-28,96.97336244345644,100.0,146.89806708552203,cured_embutido,cured_embutido,curing_maturation,fermented_dry_spiced,cured,0.79,0.031,11.0,long,planned_campaign,high,1198.6058332310768,0.749128645769423,0.7916012396332387,0.0318034978386394,1562.3089370484263,11.652072033029338,2600.5908960476804,9,276.6573410707696,0.0,158.38760002509105,158.38760002509105,276.6573410707696,289.8054812051579,cured_embutido,cured_embutido,rm_cured_embutido,2600.5908960476804,1562.3089370484263,9,6.0,0.79,0.031,1000.0,28.0,591.9079769854179,1339.1219460415082,747.2139690560903,1,0.6359868733422595,300.83998704225405,392.99288976271254,373.04158393239504
2022-04-04,96.97336244345644,100.0,158.5882514505442,cured_embutido,cured_embutido,curing_maturation,fermented_dry_spiced,cured,0.79,0.031,11.0,long,planned_campaign,high,1303.9116000339757,0.8149447500212348,0.78,0.028753644035824,1719.7484744045312,13.47676520701464,3310.9494863816417,9,116.28654472286206,0.0,10.303478517750683,10.303478517750683,116.28654472286206,121.81306276081608,cured_embutido,cured_embutido,rm_cured_embutido,3310.9494863816417,1719.7484744045312,9,6.0,0.79,0.031,1000.0,28.0,1099.8443050043875,1474.0701209181696,374.22581591378207,1,0.5631294159987209,0.0,0.0,0.0
2022-04-11,96.97336244345644,100.0,158.5882514505442,fresh_preparation,fresh_preparation,fresh_forming,marinated_short_run,fresh_prepared,0.85,0.027,2.5,short,service_critical,low,1584.0,0.98,0.8224090328739417,0.0360391080134467,1995.4619678220924,8.815612824169355,2513.0314448106647,2,190.99477836726865,0.0,201.7769690329481,201.7769690329481,190.99477836726865,201.47561683017253,fresh_preparation,fresh_preparation,rm_fresh_preparation,2513.0314448106647,1995.4619678220924,2,6.0,0.85,0.027,1000.0,7.0,1942.8994540043525,1710.3959724189365,-232.503481585416,0,0.4660683665804282,1192.826495430364,1442.2664838043215,1479.1048543336515
2022-04-18,96.97336244345644,100.0,158.5882514505442,fresh_preparation,fresh_preparation,fresh_forming,marinated_short_run,fresh_prepared,0.85,0.027,2.5,short,service_critical,low,1560.6610737497033,0.9754131710935644,0.8215722132117992,0.0325555459779699,1961.4456540495933,7.643754644980209,2141.829904145404,2,284.78965589527087,176.27108006583936,285.9585973478027,285.9585973478027,284.78965589527087,300.4174882625239,fresh_preparation,fresh_preparation,rm_fresh_preparation,2141.829904145404,1961.4456540495933,2,6.0,0.85,0.027,1000.0,7.0,1581.4168601312344,1681.2391320425086,99.82227191127413,1,0.5148391973316911,1500.8548819466978,1814.7087624045678,1861.0600536139052
2022-04-25,96.97336244345644,100.0,158.5882514505442,fresh_preparation,fresh_preparation,fresh_forming,marinated_short_run,fresh_prepared,0.85,0.027,2.5,short,service_critical,low,1584.0,0.98,0.820997487547772,0.0359927660402335,1998.8033657803887,8.271532960446171,2361.88113164332,2,267.5415751573899,169.6262099575518,279.0249738053999,279.0249738053999,267.5415751573899,282.2229190941517,fresh_preparation,fresh_preparation,rm_fresh_preparation,2361.88113164332,1998.8033657803887,2,6.0,0.85,0.027,1000.0,7.0,1790.794455706066,1713.2600278117618,-77.53442789430414,0,0.4886880572100094,1350.1822619488307,1632.527975272149,1674.2260048165501
2022-05-02,96.97336244345644,100.0,169.53513921790778,fresh_preparation,fresh_preparation,fresh_forming,marinated_short_run,fresh_prepared,0.85,0.027,2.5,short,service_critical,low,1584.0,0.98,0.8240261300515912,0.034422634862074,1988.4387082712285,8.62752434661421,2450.75762390859,3,272.5411171687698,133.3908838072456,266.5909286450062,266.5909286450062,272.5411171687698,287.49681097340607,fresh_preparation,fresh_preparation,rm_fresh_preparation,2450.75762390859,1988.4387082712285,3,6.0,0.85,0.027,1000.0,7.0,1598.5696060780638,1704.376035661053,105.80642958298927,1,0.5155148365741851,1242.0571200236914,1501.7920561316623,1540.1508288293774
2022-05-09,96.97336244345644,100.0,169.53513921790778,fresh_preparation,fresh_preparation,fresh_forming,marinated_short_run,fresh_prepared,0.85,0.027,2.5,short,service_critical,low,1584.0,0.98,0.8209009243137411,0.0382132310673012,2003.323067744629,8.26734047546778,2366.0219833433503,2,293.79789218181907,262.37265409759203,302.45928890596235,302.45928890596235,293.79789218181907,309.9200515152964,fresh_preparation,fresh_preparation,rm_fresh_preparation,2366.0219833433503,2003.323067744629,2,6.0,0.85,0.027,1000.0,7.0,1793.643963987742,1717.134058066825,-76.50990592091694,0,0.4888626560453036,1354.4351424681035,1637.6702043021626,1679.4995766604484
2022-05-16,96.97336244345644,100.0,169.53513921790778,fresh_preparation,fresh_preparation,fresh_forming,marinated_short_run,fresh_prepared,0.85,0.027,2.5,short,service_critical,low,1584.0,0.98,0.8166391725733952,0.0360474377911581,2009.5768076980185,8.104753968203504,2326.7322295143204,3,300.90056809876194,195.92944264762292,275.06513986546605,275.06513986546605,300.90056809876194,317.4124867731815,fresh_preparation,fresh_preparation,rm_fresh_preparation,2326.7322295143204,2009.5768076980185,3,6.0,0.85,0.027,1000.0,7.0,1465.4850262151695,1722.4944065983016,257.0093803831321,1,0.5372328675501454,1405.338984782,1699.2188921854784,1742.62034112968
2022-05-23,96.97336244345644,100.0,169.53513921790778,fresh_preparation,fresh_preparation,fresh_forming,marinated_short_run,fresh_prepared,0.85,0.027,2.5,short,service_critical,low,1584.0,0.98,0.8206343893166984,0.0378715657859882,2003.3142427456316,8.672912559280975,2482.081322299292,2,248.404238544965,111.6798649608427,256.97543038774614,256.97543038774614,248.404238544965,262.03542113512,fresh_preparation,fresh_preparation,rm_fresh_preparation,2482.081322299292,2003.3142427456316,2,6.0,0.85,0.027,1000.0,7.0,1909.7058243719687,1717.12649378197,-192.57933058999856,0,0.47199132851460446,1238.35941422831,1497.3210981540535,1535.5656736431044
2022-05-30,96.97336244345644,100.0,169.53513921790778,fresh_preparation,fresh_preparation,fresh_forming,marinated_short_run,fresh_prepared,0.85,0.027,2.5,short,service_critical,low,1546.1515237335066,0.9663447023334416,0.8239281755163038,0.0331718034396553,1938.809966251856,7.577392625372685,2098.73204861084,2,340.8117283333385,361.65096091947214,334.2998649084676,334.2998649084676,340.8117283333385,359.51377192563046,fresh_preparation,fresh_preparation,rm_fresh_preparation,2098.73204861084,1938.809966251856,2,6.0,0.85,0.027,1000.0,7.0,1544.7863439674527,1661.837113930162,117.05076996270941,1,0.517601364473177,1501.9150315711777,1815.9906070626657,1862.3746391482603
2022-06-06,96.97336244345644,100.0,174.86438699488446,fresh_preparation,fresh_preparation,fresh_forming,marinated_short_run,fresh_prepared,0.85,0.027,2.5,short,service_critical,low,1584.0,0.98,0.821659735646324,0.0355122866804883,1996.266083078367,7.90916290517896,2255.541950450045,3,317.30283535376924,231.1196553576012,282.00786185642323,282.00786185642323,317.30283535376924,334.71482844380733,fresh_preparation,fresh_preparation,rm_fresh_preparation,2255.541950450045,1996.266083078367,3,6.0,0.85,0.027,1000.0,7.0,1399.9993434164592,1711.0852140671718,311.08587065071265,1,0.5453267637059829,1451.8093466954938,1755.4069846992247,1800.2435899024124
2022-06-13,96.97336244345644,100.0,174.86438699488446,fresh_preparation,fresh_preparation,fresh_forming,marinated_short_run,fresh_prepared,0.85,0.027,2.5,short,service_critical,low,1584.0,0.98,0.8218476774691402,0.0334378256837674,1991.811330445178,7.879746653004747,2242.1383806417603,2,306.20638597657165,269.73100968473454,305.2958537572959,305.2958537572959,306.20638597657165,323.00946140703604,fresh_preparation,fresh_preparation,rm_fresh_preparation,2242.1383806417603,1991.811330445178,2,6.0,0.85,0.027,1000.0,7.0,1673.0494290859951,1707.2668546672955,34.217425581300404,1,0.5050103884070299,1456.9398044707136,1761.6103070802415,1806.605357543685
2022-06-20,96.97336244345644,100.0,174.86438699488446,fresh_preparation,fresh_preparation,fresh_forming,marinated_short_run,fresh_prepared,0.85,0.027,2.5,short,service_critical,low,1584.0,0.98,0.8253574761796741,0.0345727895145111,1985.5194214467128,7.726798607377557,2191.672671507936,2,335.2873510990396,351.5649574356444,331.71178942652585,331.71178942652585,335.2873510990396,353.6862444905994,fresh_preparation,fresh_preparation,rm_fresh_preparation,2191.672671507936,1985.5194214467128,2,6.0,0.85,0.027,1000.0,7.0,1624.3814082374465,1701.8737898114682,77.49238157402169,1,0.511381424996218,1495.7205397502453,1808.5007433048127,1854.6934692903042
2022-06-27,96.97336244345644,100.0,174.86438699488446,fresh_preparation,fresh_preparation,fresh_forming,marinated_short_run,fresh_prepared,0.85,0.027,2.5,short,service_critical,low,1568.0480022186416,0.98,0.8168558617878633,0.0348757915545107,1986.5621260766677,7.656572529127731,2172.893857417742,2,347.4436497809779,386.3278634380093,342.4926530044092,342.4926530044092,347.4436497809779,366.5096200627091,fresh_preparation,fresh_preparation,rm_fresh_preparation,2172.893857417742,1986.5621260766677,2,6.0,0.85,0.027,1000.0,7.0,1605.304678538694,1702.7675366371438,97.46285809844994,1,0.5143055725320993,1516.4358052960697,1833.547917654398,1880.3803985671263
2022-07-04,96.97336244345644,100.0,182.19521406255365,fresh_preparation,fresh_preparation,fresh_forming,marinated_short_run,fresh_prepared,0.85,0.027,2.5,short,service_critical,low,1584.0,0.98,0.8219028018246594,0.0339482835586257,1992.6615136497096,7.761727709806678,2209.499440965753,3,339.67253022663607,291.1384549260732,298.6282996468133,298.6282996468133,339.67253022663607,358.3120603228228,fresh_preparation,fresh_preparation,rm_fresh_preparation,2209.499440965753,1992.6615136497096,3,6.0,0.85,0.027,1000.0,7.0,1355.5016494015917,1707.9955831283226,352.4939337267308,1,0.5514123279291758,1491.1576558122792,1802.983683951731,1849.0354932072262
2022-07-11,96.97336244345644,100.0,182.19521406255365,fresh_preparation,fresh_preparation,fresh_forming,marinated_short_run,fresh_prepared,0.85,0.027,2.5,short,service_critical,low,1584.0,0.98,0.8263597187944729,0.0329689942823086,1980.0370827975075,7.7386512647009,2188.973782135088,2,330.11371733391223,330.4769896466834,326.57372411875883,326.57372411875883,330.11371733391223,348.2287075726107,fresh_preparation,fresh_preparation,rm_fresh_preparation,2188.973782135088,1980.0370827975075,2,6.0,0.85,0.027,1000.0,7.0,1623.2489013358004,1697.1746423978636,73.92574106206325,1,0.5108878092294153,1488.2379430602832,1799.4534103866552,1845.4150493947511
2022-07-18,96.97336244345644,100.0,182.19521406255365,fresh_preparation,fresh_preparation,fresh_forming,marinated_short_run,fresh_prepared,0.85,0.027,2.5,short,service_critical,low,1584.0,0.98,0.8142615540122512,0.0325729653526946,2008.6857460717831,7.088950181588868,2034.2104549100768,2,404.93513332758965,512.6740953455943,388.3838187393061,388.3838187393061,404.93513332758965,427.15594876894113,fresh_preparation,fresh_preparation,rm_fresh_preparation,2034.2104549100768,2008.6857460717831,2,6.0,0.85,0.027,1000.0,7.0,1460.30024174671,1721.7306394901,261.4303977433899,1,0.5378876426375634,1696.2059306518063,2050.9109856136947,2103.29535400824
2022-07-25,96.97336244345644,100.0,182.19521406255365,fresh_preparation,fresh_preparation,fresh_forming,marinated_short_run,fresh_prepared,0.85,0.027,2.5,short,service_critical,low,1584.0,0.98,0.8219185867231201,0.0307205037685852,1986.402673382338,8.199084313049852,2326.668999818488,2,325.0762945012001,358.44070643487584,332.7631445934473,332.7631445934473,325.0762945012001,342.91485616195354,fresh_preparation,fresh_preparation,rm_fresh_preparation,2326.668999818488,1986.402673382338,2,6.0,0.85,0.027,1000.0,7.0,1759.1253788521058,1702.630862899147,-56.494515952958864,0,0.4917055812609687,1362.364536462997,1647.2577673211981,1689.3320252141161
2022-08-01,96.97336244345644,100.0,183.75047207058745,fresh_preparation,fresh_preparation,fresh_forming,marinated_short_run,fresh_prepared,0.85,0.027,2.5,short,service_critical,low,1584.0,0.98,0.8188584859921078,0.033287307072993,1998.7911493896347,7.095590030367692,2026.0860789137532,3,420.92698904378426,489.29331658840886,352.15039655653743,352.15039655653743,420.92698904378426,444.0253575675619,fresh_preparation,fresh_preparation,rm_fresh_preparation,2026.0860789137532,1998.7911493896347,3,6.0,0.85,0.027,1000.0,7.0,1169.4613006039099,1713.249556619687,543.788256015777,1,0.5786908869835137,1685.9546270955684,2038.5159628747579,2090.5837375985047
2022-08-08,96.97336244345644,100.0,183.75047207058745,fresh_preparation,fresh_preparation,fresh_forming,marinated_short_run,fresh_prepared,0.85,0.027,2.5,short,service_critical,low,1584.0,0.98,0.8197171584621075,0.0366549877933436,2003.2049881026896,7.550481088299143,2160.737339807981,2,368.2773093849785,439.4205218969194,361.2547206055767,361.2547206055767,368.2773093849785,388.4865267374792,fresh_preparation,fresh_preparation,rm_fresh_preparation,2160.737339807981,2003.2049881026896,2,6.0,0.85,0.027,1000.0,7.0,1588.3930574929266,1717.0328469451626,128.63978945223607,1,0.5187211986650303,1559.5004952398713,1885.6181551778868,1933.7806140974403
2022-08-15,96.97336244345644,100.0,183.75047207058745,fresh_preparation,fresh_preparation,fresh_forming,marinated_short_run,fresh_prepared,0.85,0.027,2.5,short,service_critical,low,1584.0,0.98,0.8175807699871422,0.0322030029359734,1999.8141060439757,7.504252871395416,2143.8729639339376,3,358.7958370894728,327.7216905300847,304.2324846082043,304.2324846082043,358.7958370894728,378.4847586497576,fresh_preparation,fresh_preparation,rm_fresh_preparation,2143.8729639339376,1999.8141060439757,3,6.0,0.85,0.027,1000.0,7.0,1286.8097756293766,1714.126376609122,427.3166009797453,1,0.5620020304372864,1570.06751871916,1898.394920161006,1946.8837232117585
2022-08-22,96.97336244345644,100.0,183.75047207058745,fresh_preparation,fresh_preparation,fresh_forming,marinated_short_run,fresh_prepared,0.85,0.027,2.5,short,service_critical,low,1584.0,0.98,0.8205217971371982,0.0326637543074933,1993.5355678912697,7.896283322622977,2248.7888082565087,2,307.8645829950919,267.3922791700511,306.76162340664604,306.76162340664604,307.8645829950919,324.75865198694754,fresh_preparation,fresh_preparation,rm_fresh_preparation,2248.7888082565087,1993.5355678912697,2,6.0,0.85,0.027,1000.0,7.0,1679.2072174304317,1708.7447724782312,29.537555047799515,1,0.5043214206177122,1453.491532112992,1757.440943247678,1802.32949982011
2022-08-29,96.97336244345644,100.0,183.75047207058745,fresh_preparation,fresh_preparation,fresh_forming,marinated_short_run,fresh_prepared,0.85,0.027,2.5,short,service_critical,low,1584.0,0.98,0.8285650224577076,0.0389817971424658,1986.2619372852776,6.409958790897047,1818.8367379894232,2,443.9854251391454,553.5133370663509,398.8775496982242,398.8775496982242,443.9854251391454,468.349125343656,fresh_preparation,fresh_preparation,rm_fresh_preparation,1818.8367379894232,1986.2619372852776,2,6.0,0.85,0.027,1000.0,7.0,1251.333327336487,1702.5102319588093,451.17690462232235,1,0.5658666901451292,1869.9354312546636,2260.9702330628907,2318.719934755783
2022-09-05,96.97336244345644,100.0,185.058536752841,fresh_preparation,fresh_preparation,fresh_forming,marinated_short_run,fresh_prepared,0.85,0.027,2.5,short,service_critical,low,1584.0,0.98,0.8161422785552911,0.0341270079003034,2007.0730601209843,8.185196363624652,2346.8981590330404,2,294.7964342985932,247.19550136850583,300.6188979516015,300.6188979516015,294.7964342985932,310.9733886307285,fresh_preparation,fresh_preparation,rm_fresh_preparation,2346.8981590330404,2007.0730601209843,2,6.0,0.85,0.027,1000.0,7.0,1773.4487132841878,1720.348337246558,-53.10037603762976,0,0.4922840974264183,1380.523238334502,1669.213757734722,1711.8488155347823
2022-09-12,96.97336244345644,100.0,185.058536752841,fresh_preparation,fresh_preparation,fresh_forming,marinated_short_run,fresh_prepared,0.85,0.027,2.5,short,service_critical,low,1584.0,0.98,0.8165215599900846,0.0360420920183296,2009.8558986941664,7.244456266099678,2080.0447370360507,2,380.2954633810938,445.0444875972343,366.0377371059861,366.0377371059861,380.2954633810938,401.1641769341314,fresh_preparation,fresh_preparation,rm_fresh_preparation,2080.0447370360507,2009.8558986941664,2,6.0,0.85,0.027,1000.0,7.0,1505.8001945520032,1722.7336274521426,216.93343290013945,1,0.5314394556793408,1652.5447891102585,1998.1195684786392,2049.1555384967205
2022-09-19,96.97336244345644,100.0,185.058536752841,fresh_preparation,fresh_preparation,fresh_forming,marinated_short_run,fresh_prepared,0.85,0.027,2.5,short,service_critical,low,1584.0,0.98,0.8159922617193459,0.0366846342930009,2012.4069035410823,8.38262845153321,2409.894195097904,2,292.7883057565352,257.180633387067,301.0979008501965,301.0979008501965,292.7883057565352,308.8550640349251,fresh_preparation,fresh_preparation,rm_fresh_preparation,2409.894195097904,2012.4069035410823,2,6.0,0.85,0.027,1000.0,7.0,1834.920794086166,1724.9202030352135,-110.00059105095261,0,0.48406254867908893,1327.4329114783918,1605.0213547891806,1646.016810233206
2022-09-26,96.97336244345644,100.0,185.058536752841,fresh_preparation,fresh_preparation,fresh_forming,marinated_short_run,fresh_prepared,0.85,0.027,2.5,short,service_critical,low,1584.0,0.98,0.8281096731465123,0.0367250522595625,1983.0374357776736,7.363751519957284,2086.0849902628624,2,380.5465520813425,466.54051187308215,369.8792435440028,369.8792435440028,380.5465520813425,401.42904412680616,fresh_preparation,fresh_preparation,rm_fresh_preparation,2086.0849902628624,1983.0374357776736,2,6.0,0.85,0.027,1000.0,7.0,1519.5028657549556,1699.7463735237202,180.24350776876463,1,0.5264855393103526,1596.6988190385314,1930.595271191018,1979.906535607779
2022-10-03,96.97336244345644,100.0,190.0350190544856,fresh_preparation,fresh_preparation,fresh_forming,marinated_short_run,fresh_prepared,0.85,0.027,2.5,short,service_critical,low,1584.0,0.98,0.8193506411779148,0.0323553715387838,1995.788892245894,7.504278440857791,2139.565079512045,3,382.2148014870486,405.7739265548268,332.0932632396993,332.0932632396993,382.2148014870486,403.1888387186504,fresh_preparation,fresh_preparation,rm_fresh_preparation,2139.565079512045,1995.788892245894,3,6.0,0.85,0.027,1000.0,7.0,1284.2269828352332,1710.6761933536234,426.44921051839015,1,0.5620009814253187,1566.9000060874723,1894.56502761317,1942.9560075484655
2022-10-10,96.97336244345644,100.0,190.0350190544856,fresh_preparation,fresh_preparation,fresh_forming,marinated_short_run,fresh_prepared,0.85,0.027,2.5,short,service_critical,low,1584.0,0.98,0.8210974437586093,0.034937880640201,1996.525035359897,8.681856216339252,2476.220469902324,2,328.97604842901546,400.50598387033824,339.2805373191142,339.2805373191142,328.97604842901546,347.0286090865577,fresh_preparation,fresh_preparation,rm_fresh_preparation,2476.220469902324,1996.525035359897,2,6.0,0.85,0.027,1000.0,7.0,1905.7847455137821,1711.307173165626,-194.47757234815617,0,0.47161986107653203,1231.611738623199,1489.162370622331,1527.1985558927668
2022-10-17,96.97336244345644,100.0,190.0350190544856,fresh_preparation,fresh_preparation,fresh_forming,marinated_short_run,fresh_prepared,0.85,0.027,2.5,short,service_critical,low,1584.0,0.98,0.819588868235575,0.0321635454609632,1994.8380454823744,7.367181667021996,2099.4763253365345,2,560.9924499316462,1085.4577685036097,559.8060523199182,559.8060523199182,560.9924499316462,591.7769106216452,fresh_preparation,fresh_preparation,rm_fresh_preparation,2099.4763253365345,1994.8380454823744,2,6.0,0.85,0.027,1000.0,7.0,1529.5225980558562,1709.8611818420352,180.33858378617902,1,0.5263430153939337,1605.222901987875,1940.901882580104,1990.476398464965
2022-10-24,96.97336244345644,100.0,190.0350190544856,fresh_preparation,fresh_preparation,fresh_forming,marinated_short_run,fresh_prepared,0.85,0.027,2.5,short,service_critical,low,1584.0,0.98,0.8174223084863875,0.0402926357178206,2015.8778612591157,8.276894523102273,2383.601204156957,3,617.2279983397245,1374.9078929804268,612.3950539341574,612.3950539341574,617.2279983397245,651.0983847486169,fresh_preparation,fresh_preparation,rm_fresh_preparation,2383.601204156957,2015.8778612591157,3,6.0,0.85,0.027,1000.0,7.0,1519.653549331622,1727.8953096506705,208.24176031904858,1,0.5300929799270745,1360.1719667528291,1644.6066945805321,1686.613238773508
2022-10-31,96.97336244345644,100.0,190.0350190544856,fresh_preparation,fresh_preparation,fresh_forming,marinated_short_run,fresh_prepared,0.85,0.027,2.5,short,service_critical,low,1584.0,0.98,0.8202593974135421,0.0322102494719688,1993.297535290883,7.557011643636933,2151.9103833465715,3,861.6030876966873,2124.8492062852943,852.753464650553,852.753464650553,861.6030876966873,908.883557134043,fresh_preparation,fresh_preparation,rm_fresh_preparation,2151.9103833465715,1993.297535290883,3,6.0,0.85,0.027,1000.0,7.0,1297.6400110790503,1708.5407445350424,410.90073345599217,1,0.5598363845225582,1549.9278964793539,1874.0437657691239,1921.9105916343988
2022-11-07,96.97336244345644,100.0,194.53771414838468,cured_embutido,cured_embutido,curing_maturation,fermented_dry_spiced,cured,0.79,0.031,11.0,long,planned_campaign,high,1401.634986515624,0.876021866572265,0.7887406448416379,0.0321255768901656,1834.1432364466727,12.056915293905371,3159.158519818141,9,591.4809236077883,1272.2984313824852,490.0643106722545,490.0643106722545,591.4809236077883,619.5910545022485,cured_embutido,cured_embutido,rm_cured_embutido,3159.158519818141,1834.1432364466727,9,6.0,0.79,0.031,1000.0,28.0,800.9743586724185,1572.122774097148,771.1484154247296,1,0.6202275378499568,247.10749072567978,322.8011269946569,306.4132884998429
2022-11-14,96.97336244345644,100.0,194.53771414838468,cured_embutido,cured_embutido,curing_maturation,fermented_dry_spiced,cured,0.79,0.031,11.0,long,planned_campaign,high,1477.353532376652,0.9233459577354076,0.78,0.0348611908601029,1960.0715844060023,11.849639149376102,3318.020140308144,9,580.9767181600376,1198.4118895442878,453.4764860225948,453.4764860225948,580.9767181600376,608.5876366905935,cured_embutido,cured_embutido,rm_cured_embutido,3318.020140308144,1960.0715844060023,9,6.0,0.79,0.031,1000.0,28.0,797.9281032147123,1680.0613580622878,882.1332548475755,1,0.6283302333927254,322.11280216014575,420.7819651737348,399.4198746785807
2022-11-21,96.97336244345644,100.0,194.53771414838468,cured_embutido,cured_embutido,curing_maturation,fermented_dry_spiced,cured,0.79,0.031,11.0,long,planned_campaign,high,1471.6637694705946,0.9197898559191215,0.78,0.0337445957619037,1950.4159852164355,12.316374971509353,3431.7220891930656,9,524.436988636248,1023.8767534078067,419.4561180856032,419.4561180856032,524.436988636248,549.3608565211857,cured_embutido,cured_embutido,rm_cured_embutido,3431.7220891930656,1950.4159852164355,9,6.0,0.79,0.031,1000.0,28.0,924.0443939147913,1671.785130185516,747.7407362707247,1,0.6099901556622583,190.4790262088859,248.8263069181146,236.19399249901852
2022-11-28,96.97336244345644,100.0,194.53771414838468,cured_embutido,cured_embutido,curing_maturation,fermented_dry_spiced,cured,0.79,0.031,11.0,long,planned_campaign,high,1502.4617958701892,0.9390386224188684,0.78,0.040549908608598,2004.3416466418405,11.396345028017448,3263.166994165006,9,564.0239379319755,1083.8853535931364,403.5928527470618,403.5928527470618,564.0239379319755,590.8291755821926,cured_embutido,cured_embutido,rm_cured_embutido,3263.166994165006,2004.3416466418405,9,6.0,0.79,0.031,1000.0,28.0,686.1563056254968,1718.0071256930062,1031.8508200675094,1,0.6457956605216381,459.1817781698405,599.8377267048642,569.3854049306022
2022-12-05,96.97336244345644,100.0,200.963023998352,cured_embutido,cured_embutido,curing_maturation,fermented_dry_spiced,cured,0.79,0.031,11.0,long,planned_campaign,high,1533.6233625345528,0.9585146015840956,0.78,0.0438094853932524,2052.321298505463,11.066087038624792,3244.452302926414,9,587.3387660368776,1150.403662395812,400.73658715827946,400.73658715827946,587.3387660368776,615.2520408927802,cured_embutido,cured_embutido,rm_cured_embutido,3244.452302926414,2052.321298505463,9,6.0,0.79,0.031,1000.0,28.0,605.7534905622474,1759.132541576111,1153.3790510138635,1,0.658283031336992,567.0015371551594,740.6846901479529,703.0819060723977
2022-12-12,96.97336244345644,100.0,200.963023998352,cured_embutido,cured_embutido,curing_maturation,fermented_dry_spiced,cured,0.79,0.031,11.0,long,planned_campaign,high,1473.9002507899986,0.9211876567437493,0.78,0.0358667920241403,1957.3901596787327,11.27337043821009,3152.3406231665085,9,572.5156983792699,1134.248034044009,408.393846985765,408.393846985765,572.5156983792699,599.7245069447447,cured_embutido,cured_embutido,rm_cured_embutido,3152.3406231665085,1957.3901596787327,9,6.0,0.79,0.031,1000.0,28.0,635.6961321509948,1677.7629940103423,1042.0668618593475,1,0.6504698052322476,482.8125305225667,630.707019532817,598.6875378479828
2022-12-19,96.97336244345644,100.0,200.963023998352,cured_embutido,cured_embutido,curing_maturation,fermented_dry_spiced,cured,0.79,0.031,11.0,long,planned_campaign,high,1489.676632429612,0.9310478952685076,0.78,0.0347444076842503,1976.198159826215,11.716342378230758,3307.687749679075,9,545.3947739752699,1079.0222352153885,401.0259784853997,401.0259784853997,545.3947739752699,571.3146606084447,cured_embutido,cured_embutido,rm_cured_embutido,3307.687749679075,1976.198159826215,9,6.0,0.79,0.031,1000.0,28.0,766.8615441882271,1693.8841369938984,927.0225928056714,1,0.6335034343340809,362.39454714103886,473.4027604355774,449.3692384548882
2022-12-26,96.97336244345644,100.0,200.963023998352,cured_embutido,cured_embutido,curing_maturation,fermented_dry_spiced,cured,0.79,0.031,11.0,long,planned_campaign,high,1557.1145282643874,0.973196580165242,0.78,0.0353349523620493,2066.839866593416,11.524024881106106,3402.616292554936,9,552.3441436641527,1108.265329688637,384.83806033709135,384.83806033709135,552.3441436641527,578.5942990917916,cured_embutido,cured_embutido,rm_cured_embutido,3402.616292554936,2066.839866593416,9,6.0,0.79,0.031,1000.0,28.0,745.2507497919728,1771.5770285086421,1026.3262787166693,1,0.6409130375510882,435.80060254712225,569.2944606172647,540.3927471584316
2023-01-02,91.27064575778245,100.0,184.65083942733543,cured_embutido,cured_embutido,curing_maturation,fermented_dry_spiced,cured,0.79,0.031,11.0,long,planned_campaign,high,1486.8532161675805,0.9292832601047376,0.78,0.0367955700189782,1976.3625997320732,12.23829733231644,3455.330447427288,9,487.2191486475484,943.3338137498748,365.11019188275145,365.11019188275145,487.2191486475484,510.3742386870232,cured_embutido,cured_embutido,rm_cured_embutido,3455.330447427288,1976.3625997320732,9,6.0,0.79,0.031,1000.0,28.0,914.2928192003369,1694.0250854846342,779.7322662842973,1,0.6130814939969168,215.05723778941956,280.93328341813896,266.67097485888024
2023-01-09,91.27064575778245,100.0,184.65083942733543,cured_embutido,cured_embutido,curing_maturation,fermented_dry_spiced,cured,0.79,0.031,11.0,long,planned_campaign,high,1353.0217985458378,0.8456386240911486,0.7830440914330743,0.0318414900389181,1782.9187959411315,12.594971426326644,3207.9730414770365,9,466.8193524986865,868.8635209423697,383.17002677826895,383.17002677826895,466.8193524986865,489.0049422261866,cured_embutido,cured_embutido,rm_cured_embutido,3207.9730414770365,1782.9187959411315,9,6.0,0.79,0.031,1000.0,28.0,915.6488752670102,1528.2161108066841,612.5672355396739,1,0.5988890049242948,103.16186527077934,134.76226995176987,127.92071293576639
2023-01-16,91.27064575778245,100.0,184.65083942733543,cured_embutido,cured_embutido,curing_maturation,fermented_dry_spiced,cured,0.79,0.031,11.0,long,planned_campaign,high,1471.2475282585594,0.9195297051615996,0.78,0.0354203657940716,1953.0251972860276,11.226629404092728,3132.2700152550456,9,573.4124100528466,1130.9516480366626,408.1582154629398,408.1582154629398,573.4124100528466,600.6638348406082,cured_embutido,cured_embutido,rm_cured_embutido,3132.2700152550456,1953.0251972860276,9,6.0,0.79,0.031,1000.0,28.0,621.2376187444388,1674.021597673738,1052.783978929299,1,0.6522388871248136,494.77677970471996,646.3361415327298,613.5232068338528
2023-01-23,91.27064575778245,100.0,184.65083942733543,cured_embutido,cured_embutido,curing_maturation,fermented_dry_spiced,cured,0.79,0.031,11.0,long,planned_campaign,high,1515.0013643644395,0.9468758527277747,0.78,0.0387381120397995,2017.5508422533828,11.371763131465372,3277.5871833991328,9,564.2162376353366,1102.454305849987,398.31859522482233,398.31859522482233,564.2162376353366,591.030614328956,cured_embutido,cured_embutido,rm_cured_embutido,3277.5871833991328,2017.5508422533828,9,6.0,0.79,0.031,1000.0,28.0,683.5932433590688,1729.3292933600424,1045.7360500009736,1,0.6467322584500266,469.29295221429265,613.0461420677623,581.9232607457229
2023-01-30,91.27064575778245,100.0,184.65083942733543,cured_embutido,cured_embutido,curing_maturation,fermented_dry_spiced,cured,0.79,0.031,11.0,long,planned_campaign,high,1462.4047051799091,0.9140029407374431,0.78,0.0371955153780339,1944.614874205561,10.95038875544602,3042.041264596236,9,605.5244647747968,1220.4980284095525,430.4521010077989,430.4521010077989,605.5244647747968,634.302014963219,cured_embutido,cured_embutido,rm_cured_embutido,3042.041264596236,1944.614874205561,9,6.0,0.79,0.031,1000.0,28.0,541.8221406176576,1666.812749319052,1124.9906087013944,1,0.6626073523693562,569.3863589283769,743.8000273391294,706.0390850711874
2023-02-06,91.27064575778245,100.0,188.71751296048345,cured_embutido,cured_embutido,curing_maturation,fermented_dry_spiced,cured,0.79,0.031,11.0,long,planned_campaign,high,1526.7490522449043,0.9542181576530652,0.78,0.039363710580927,2034.4199488040736,12.934692497773764,3759.22806415962,9,456.8051601144121,843.2589295860377,369.9239215593615,369.9239215593615,456.8051601144121,478.5148253488496,cured_embutido,cured_embutido,rm_cured_embutido,3759.22806415962,2034.4199488040736,9,6.0,0.79,0.031,1000.0,28.0,1143.545272840097,1743.7885275463486,600.2432547062517,1,0.5852147401857725,18.980412190802326,24.794466683390585,23.535711116594886
2023-02-13,91.27064575778245,100.0,188.71751296048345,cured_embutido,cured_embutido,curing_maturation,fermented_dry_spiced,cured,0.79,0.031,11.0,long,planned_campaign,high,1475.744483751624,0.9223403023447648,0.78,0.036252317640887,1960.5687711966343,11.899270402791398,3332.762564533888,9,519.6310982422544,1007.6859709948176,384.1758282781909,384.1758282781909,519.6310982422544,544.3265661862176,cured_embutido,cured_embutido,rm_cured_embutido,3332.762564533888,1960.5687711966343,9,6.0,0.79,0.031,1000.0,28.0,812.0312872810723,1680.4875181685436,868.4562308874713,1,0.6263964493674347,308.29372483128964,402.7298465484313,382.2842187907992
2023-02-20,91.27064575778245,100.0,188.71751296048345,cured_embutido,cured_embutido,curing_maturation,fermented_dry_spiced,cured,0.79,0.031,11.0,long,planned_campaign,high,1507.141209218447,0.9419632557615294,0.78,0.0358096435471394,2001.4248701227743,12.004350095349247,3432.2578329275266,9,506.7042233761184,967.505195370994,371.53862204349815,371.53862204349815,506.7042233761184,530.7853415920684,cured_embutido,cured_embutido,rm_cured_embutido,3432.2578329275266,2001.4248701227743,9,6.0,0.79,0.031,1000.0,28.0,858.9972856268168,1715.5070315338066,856.5097459069898,1,0.6222889346547504,284.6740687290544,371.87504895958824,352.99584522402745
2023-02-27,91.27064575778245,100.0,188.71751296048345,cured_embutido,cured_embutido,curing_maturation,fermented_dry_spiced,cured,0.79,0.031,11.0,long,planned_campaign,high,1443.167978274014,0.9019799864212588,0.78,0.0370455154148358,1918.757538281232,10.912343672299674,2991.163097362929,9,584.3381108145855,1165.294502650882,404.890968273593,404.890968273593,584.3381108145855,612.1087795310488,cured_embutido,cured_embutido,rm_cured_embutido,2991.163097362929,1918.757538281232,9,6.0,0.79,0.031,1000.0,28.0,524.1891195727735,1644.6493185267702,1120.4601989539967,1,0.6640234400409399,572.243759445073,747.5327029628261,709.5822617118905
2023-03-06,91.27064575778245,100.0,188.74755381604697,cured_embutido,cured_embutido,curing_maturation,fermented_dry_spiced,cured,0.79,0.031,11.0,long,planned_campaign,high,1413.844543578834,0.8836528397367712,0.78,0.0346850658037074,1875.4920956526648,11.715060034184116,3138.7860706012493,9,553.6758524532006,1096.3952160323931,424.98990486909975,424.98990486909975,553.6758524532006,579.989297341039,cured_embutido,cured_embutido,rm_cured_embutido,3138.7860706012493,1875.4920956526648,9,6.0,0.79,0.031,1000.0,28.0,727.4390904763945,1607.5646534165699,880.1255629401753,1,0.6335530546813456,344.27067846798536,449.72721253541476,426.89564130030186
2023-03-13,91.27064575778245,100.0,188.74755381604697,cured_embutido,cured_embutido,curing_maturation,fermented_dry_spiced,cured,0.79,0.031,11.0,long,planned_campaign,high,1566.8099905430277,0.9792562440893924,0.78,0.0419339490848093,2092.964770400038,12.021310818236092,3594.311433799571,9,524.1893399527975,1003.4923603214412,383.574703012461,383.574703012461,524.1893399527975,549.1014383340541,cured_embutido,cured_embutido,rm_cured_embutido,3594.311433799571,2092.964770400038,9,6.0,0.79,0.031,1000.0,28.0,903.3567289995221,1793.9698032000326,890.6130742005105,1,0.6216242819746141,292.6231398004993,382.259068856709,362.85269335261916
2023-03-20,91.27064575778245,100.0,188.74755381604697,cured_embutido,cured_embutido,curing_maturation,fermented_dry_spiced,cured,0.79,0.031,11.0,long,planned_campaign,high,1480.737566305654,0.9254609789410336,0.78,0.0386441573880539,1971.7428485491964,11.564107413267584,3257.349441709301,9,557.5867737155335,1102.6487295272595,406.9682608568433,406.9682608568433,557.5867737155335,584.0860851363642,cured_embutido,cured_embutido,rm_cured_embutido,3257.349441709301,1971.7428485491964,9,6.0,0.79,0.031,1000.0,28.0,722.2514935746199,1690.065298756454,967.8138051818341,1,0.6393741388061239,404.4587055963493,528.351955684902,501.52879493947313
2023-03-27,91.27064575778245,100.0,188.74755381604697,cured_embutido,cured_embutido,curing_maturation,fermented_dry_spiced,cured,0.79,0.031,11.0,long,planned_campaign,high,1506.2351627236396,0.9413969767022748,0.78,0.0351368020222865,1998.922371070855,12.361185402484075,3529.8642905685588,9,452.2842576733793,731.6202898770706,335.54776560659025,335.54776560659025,452.2842576733793,473.7790670193066,cured_embutido,cured_embutido,rm_cured_embutido,3529.8642905685588,1998.922371070855,9,6.0,0.79,0.031,1000.0,28.0,959.821242048888,1713.3620323464472,753.5407902975592,1,0.6082119534592789,182.42011284874343,238.29879798924043,226.20093993244186
2023-04-03,91.27064575778245,100.0,191.88038589624745,cured_embutido,cured_embutido,curing_maturation,fermented_dry_spiced,cured,0.79,0.031,11.0,long,planned_campaign,high,1484.1537179416607,0.927596073713538,0.78,0.0343183298236132,1968.0607624909287,13.029164519695904,3663.169637036068,9,330.1736342411028,229.2982442915903,247.70805385297365,247.70805385297365,330.1736342411028,345.8651362084112,cured_embutido,cured_embutido,rm_cured_embutido,3663.169637036068,1968.0607624909287,9,6.0,0.79,0.031,1000.0,28.0,1132.8057995477307,1686.9092249922246,554.103425444494,1,0.5813876856944717,0.0,0.0,0.0
2023-04-10,91.27064575778245,100.0,191.88038589624745,cured_embutido,cured_embutido,curing_maturation,fermented_dry_spiced,cured,0.79,0.031,11.0,long,planned_campaign,high,1482.6448137879183,0.9266530086174488,0.78,0.0356214665580222,1968.5369185124227,11.073828148053837,3114.177076958004,9,345.28401896413715,73.73279296273947,149.54309927485644,149.54309927485644,345.28401896413715,361.6936419654078,cured_embutido,cured_embutido,rm_cured_embutido,3114.177076958004,1968.5369185124227,9,6.0,0.79,0.031,1000.0,28.0,583.2010388706035,1687.3173587249337,1104.1163198543302,1,0.6579927495420806,541.6772002793527,707.6030362494974,671.6797283463974
2023-04-17,91.27064575778245,100.0,191.88038589624745,cured_embutido,cured_embutido,curing_maturation,fermented_dry_spiced,cured,0.79,0.031,11.0,long,planned_campaign,high,1538.76589033159,0.9617286814572438,0.78,0.0370368683672101,2045.8422564868645,11.028813496724188,3223.3160986444286,9,230.33693020140024,0.0,0.0,0.0,230.33693020140024,241.28369280922183,cured_embutido,cured_embutido,rm_cured_embutido,3223.3160986444286,2045.8422564868645,9,6.0,0.79,0.031,1000.0,28.0,592.947483161317,1753.579076988741,1160.631593827424,1,0.6596790794739673,576.1052348311769,752.5770203278557,714.3704911906593
2023-04-24,91.27064575778245,100.0,191.88038589624745,fresh_preparation,fresh_preparation,fresh_forming,marinated_short_run,fresh_prepared,0.85,0.027,2.5,short,service_critical,low,1584.0,0.98,0.8190659218972685,0.0369105035519522,2005.2918742141237,6.735412204993061,1929.4953377364595,2,367.1579572968938,399.54808518680574,328.28869347898325,328.28869347898325,367.1579572968938,387.3057502035609,fresh_preparation,fresh_preparation,rm_fresh_preparation,1929.4953377364595,2005.2918742141237,2,6.0,0.85,0.027,1000.0,7.0,1356.5548022467099,1718.821606469249,362.2668042225391,1,0.5524969680044661,1794.618142946913,2169.9028389419177,2225.326497254172
2023-05-01,91.27064575778245,100.0,191.387715865005,fresh_preparation,fresh_preparation,fresh_forming,marinated_short_run,fresh_prepared,0.85,0.027,2.5,short,service_critical,low,1584.0,0.98,0.8247565092701079,0.0361026193519758,1989.9043300742728,8.23737482229314,2341.6554039037014,3,315.31944380163515,264.27531600541147,300.41787055148296,300.41787055148296,315.31944380163515,332.62259828024986,fresh_preparation,fresh_preparation,rm_fresh_preparation,2341.6554039037014,1989.9043300742728,3,6.0,0.85,0.027,1000.0,7.0,1488.8392624432986,1705.6322829208054,216.79302047750684,1,0.5317333383026747,1353.8812090913766,1637.0004341833946,1678.812699273307
2023-05-08,91.27064575778245,100.0,191.387715865005,fresh_preparation,fresh_preparation,fresh_forming,marinated_short_run,fresh_prepared,0.85,0.027,2.5,short,service_critical,low,1584.0,0.98,0.8190319843858961,0.0375983679875706,2006.7052889572285,7.899068516501056,2264.443224271171,2,381.9113836213719,546.0961182569174,383.43027289236767,383.43027289236767,381.9113836213719,402.86877079759466,fresh_preparation,fresh_preparation,rm_fresh_preparation,2264.443224271171,2006.7052889572285,2,6.0,0.85,0.027,1000.0,7.0,1691.0988559976772,1720.0331048204814,28.934248822804193,1,0.504205379310863,1462.295169506539,1768.0855685950535,1813.2460101881084
2023-05-15,91.27064575778245,100.0,191.387715865005,fresh_preparation,fresh_preparation,fresh_forming,marinated_short_run,fresh_prepared,0.85,0.027,2.5,short,service_critical,low,1584.0,0.98,0.8184238267045694,0.0361929736348218,2005.4764007133888,7.192338635607056,2060.5807713784407,3,510.8942895769079,800.7610105130228,463.0258180497769,463.0258180497769,510.8942895769079,538.9296137174407,fresh_preparation,fresh_preparation,rm_fresh_preparation,2060.5807713784407,2005.4764007133888,3,6.0,0.85,0.027,1000.0,7.0,1201.090885358417,1718.9797720400475,517.8888866816305,1,0.5747546344683001,1663.8754013749958,2011.8196014448895,2063.2054977049947
2023-05-22,91.27064575778245,100.0,191.387715865005,fresh_preparation,fresh_preparation,fresh_forming,marinated_short_run,fresh_prepared,0.85,0.027,2.5,short,service_critical,low,1584.0,0.98,0.8139145986323014,0.0358172991637467,2015.8559689584852,7.29559112492377,2100.9801308940187,4,484.0164012036128,657.1798694205111,374.9740895743028,374.9740895743028,484.0164012036128,510.5768012196611,fresh_preparation,fresh_preparation,rm_fresh_preparation,2100.9801308940187,2015.8559689584852,4,6.0,0.85,0.027,1000.0,7.0,949.0624343463128,1727.8765448215586,778.8141104752458,1,0.6108139279976441,1642.7523828860249,1986.2794061858713,2037.0129547786707
2023-05-29,91.27064575778245,100.0,191.387715865005,fresh_preparation,fresh_preparation,fresh_forming,marinated_short_run,fresh_prepared,0.85,0.027,2.5,short,service_critical,low,1584.0,0.98,0.8282105902182036,0.0377994595606883,1984.850668851057,6.783729150565213,1923.5270488291108,3,523.3610416658244,787.3932170951106,454.45278956087367,454.45278956087367,523.3610416658244,552.0804788272364,fresh_preparation,fresh_preparation,rm_fresh_preparation,1923.5270488291108,1984.850668851057,3,6.0,0.85,0.027,1000.0,7.0,1072.8767621786578,1701.300573300906,628.4238111222483,1,0.5913087875253649,1762.624193322852,2131.2184188656697,2185.6539997203367
2023-06-05,91.27064575778245,100.0,191.18772959796752,fresh_preparation,fresh_preparation,fresh_forming,marinated_short_run,fresh_prepared,0.85,0.027,2.5,short,service_critical,low,1584.0,0.98,0.8245028545657012,0.0363394546794701,1990.9715134666908,7.812376062217863,2222.031170337835,3,423.2444013166955,580.3768477790375,398.2300690786914,398.2300690786914,423.2444013166955,446.46993783894914,fresh_preparation,fresh_preparation,rm_fresh_preparation,2222.031170337835,1990.9715134666908,3,6.0,0.85,0.027,1000.0,7.0,1368.7576645663962,1706.5470115428777,337.7893469764815,1,0.5493233982576602,1475.487354671733,1784.0364605183884,1829.6043197929491
2023-06-12,91.27064575778245,100.0,191.18772959796752,fresh_preparation,fresh_preparation,fresh_forming,marinated_short_run,fresh_prepared,0.85,0.027,2.5,short,service_critical,low,1584.0,0.98,0.824279583925099,0.0355362019268754,1989.9672099621253,7.050418673106821,2004.3002822838928,3,484.4745925749067,691.5735996355448,424.025518183542,424.025518183542,484.4745925749067,511.0601358424547,fresh_preparation,fresh_preparation,rm_fresh_preparation,2004.3002822838928,1989.9672099621253,3,6.0,0.85,0.027,1000.0,7.0,1151.457192300125,1705.6861799675357,554.2289876674108,1,0.5805253126721779,1691.3531076457682,2045.0433560797633,2097.2778534807526
2023-06-19,91.27064575778245,100.0,191.18772959796752,fresh_preparation,fresh_preparation,fresh_forming,marinated_short_run,fresh_prepared,0.85,0.027,2.5,short,service_critical,low,1584.0,0.98,0.8250709015471178,0.0383609060678613,1993.481617309908,7.1223138438989535,2028.3145315034908,3,480.7742319001112,685.2381142300444,423.92084530304976,423.92084530304976,480.7742319001112,507.15671787562974,fresh_preparation,fresh_preparation,rm_fresh_preparation,2028.3145315034908,1993.481617309908,3,6.0,0.85,0.027,1000.0,7.0,1173.9652669421016,1708.6985291227782,534.7332621806765,1,0.5776045959326317,1673.8656149291955,2023.8989358916579,2075.5933625122025
2023-06-26,91.27064575778245,100.0,191.18772959796752,fresh_preparation,fresh_preparation,fresh_forming,marinated_short_run,fresh_prepared,0.85,0.027,2.5,short,service_critical,low,1584.0,0.98,0.8235068334461736,0.0356303617663055,1992.0156414161088,7.643633630489507,2175.1768213127566,3,425.7282648885066,569.8517329982768,390.902221432528,390.902221432528,425.7282648885066,449.0901034242634,fresh_preparation,fresh_preparation,rm_fresh_preparation,2175.1768213127566,1992.0156414161088,3,6.0,0.85,0.027,1000.0,7.0,1321.4558321344243,1707.4419783566648,385.98614622224045,1,0.5562758112092023,1524.2807984600172,1843.033430215848,1890.1081900904212
2023-07-03,91.27064575778245,100.0,189.647921172795,fresh_preparation,fresh_preparation,fresh_forming,marinated_short_run,fresh_prepared,0.85,0.027,2.5,short,service_critical,low,1584.0,0.98,0.8202226845792818,0.0347913187901641,1998.371271338796,7.201784983571553,2055.9771733612192,2,480.4893566203543,770.8135959488382,470.1811458255292,470.1811458255292,480.4893566203543,506.8562100648962,fresh_preparation,fresh_preparation,rm_fresh_preparation,2055.9771733612192,1998.371271338796,2,6.0,0.85,0.027,1000.0,7.0,1485.0139529787061,1712.8896611475395,227.8757081688334,1,0.5332099927785638,1655.2837591251164,2001.4313029745679,2052.5518613151444
2023-07-10,91.27064575778245,100.0,189.647921172795,fresh_preparation,fresh_preparation,fresh_forming,marinated_short_run,fresh_prepared,0.85,0.027,2.5,short,service_critical,low,1584.0,0.98,0.8205449435835112,0.0337243534824447,1995.526739541164,7.173602350322778,2045.0164727006347,3,504.45114425692566,772.4687552222894,454.99642635524646,454.99642635524646,504.45114425692566,532.1329007980245,fresh_preparation,fresh_preparation,rm_fresh_preparation,2045.0164727006347,1995.526739541164,3,6.0,0.85,0.027,1000.0,7.0,1189.7907271829931,1710.4514910352834,520.6607638522903,1,0.5755176837530488,1660.9617578758127,2008.2966663149903,2059.592579766008
2023-07-17,91.27064575778245,100.0,189.647921172795,fresh_preparation,fresh_preparation,fresh_forming,marinated_short_run,fresh_prepared,0.85,0.027,2.5,short,service_critical,low,1584.0,0.98,0.8194897425416314,0.0368060509180908,2004.0528873011783,7.32092706973893,2095.9321474045228,4,461.37025525847406,578.1387194119468,350.7814282179117,350.7814282179117,461.37025525847406,486.6879480157828,fresh_preparation,fresh_preparation,rm_fresh_preparation,2095.9321474045228,2004.0528873011783,4,6.0,0.85,0.027,1000.0,7.0,950.7590689467065,1717.7596176867244,767.0005487400178,1,0.6098096482701458,1625.88035758338,1965.8791579510064,2016.0916434033911
2023-07-24,91.27064575778245,100.0,189.647921172795,fresh_preparation,fresh_preparation,fresh_forming,marinated_short_run,fresh_prepared,0.85,0.027,2.5,short,service_critical,low,1584.0,0.98,0.8317389630176599,0.0378741010836849,1976.572758058529,7.791795194697332,2200.1500168871567,3,381.99336773761263,438.6128321200549,349.2123828072092,349.2123828072092,381.99336773761263,402.9552537922141,fresh_preparation,fresh_preparation,rm_fresh_preparation,2200.1500168871567,1976.572758058529,3,6.0,0.85,0.027,1000.0,7.0,1353.0474062906442,1694.2052211930247,341.15781490238055,1,0.5501724450771301,1470.6279623643973,1778.1608879322862,1823.5786733318525
2023-07-31,91.27064575778245,100.0,189.647921172795,fresh_preparation,fresh_preparation,fresh_forming,marinated_short_run,fresh_prepared,0.85,0.027,2.5,short,service_critical,low,1584.0,0.98,0.8234236481251977,0.0352988251971331,1991.5791134321632,8.302477791711786,2362.148765672512,2,325.26916839043014,373.912958972971,333.79984593721736,333.79984593721736,325.26916839043014,343.118314005855,fresh_preparation,fresh_preparation,rm_fresh_preparation,2362.148765672512,1991.5791134321632,2,6.0,0.85,0.027,1000.0,7.0,1793.1261618347512,1707.0678115132828,-86.05835032146842,0,0.48739942722737295,1336.4981592729337,1615.982297651815,1657.2577174984378
2023-08-07,91.27064575778245,100.0,186.21897208775368,fresh_preparation,fresh_preparation,fresh_forming,marinated_short_run,fresh_prepared,0.85,0.027,2.5,short,service_critical,low,1584.0,0.98,0.8193447982345942,0.0380158312475596,2006.7462199538652,7.746535672672076,2220.7615969817803,3,370.1623995804286,399.97471029772834,331.4403350977686,331.4403350977686,370.1623995804286,390.4750612574046,fresh_preparation,fresh_preparation,rm_fresh_preparation,2220.7615969817803,2006.7462199538652,3,6.0,0.85,0.027,1000.0,7.0,1360.727502715838,1720.0681885318845,359.3406858160465,1,0.5520385549536532,1506.0528115039692,1820.9936660467556,1867.5054862649217
2023-08-14,91.27064575778245,100.0,186.21897208775368,fresh_preparation,fresh_preparation,fresh_forming,marinated_short_run,fresh_prepared,0.85,0.027,2.5,short,service_critical,low,1584.0,0.98,0.823061987096665,0.0314599699360568,1985.0662744637575,7.877232467498986,2233.8326439061666,2,348.9233345143789,419.00297839042577,348.6248030819941,348.6248030819941,348.9233345143789,368.07050249585546,fresh_preparation,fresh_preparation,rm_fresh_preparation,2233.8326439061666,1985.0662744637575,2,6.0,0.85,0.027,1000.0,7.0,1666.670851202236,1701.4853781117922,34.81452690955621,1,0.505115135395638,1452.7190086693831,1756.506872219797,1801.371570750035
2023-08-21,91.27064575778245,100.0,186.21897208775368,fresh_preparation,fresh_preparation,fresh_forming,marinated_short_run,fresh_prepared,0.85,0.027,2.5,short,service_critical,low,1584.0,0.98,0.8171565243285747,0.0352890932503841,2006.8345229893969,7.275331496063751,2085.769487498977,3,400.72166701039447,455.2751940450893,337.75799254241616,337.75799254241616,400.72166701039447,422.71126848758985,fresh_preparation,fresh_preparation,rm_fresh_preparation,2085.769487498977,2006.8345229893969,3,6.0,0.85,0.027,1000.0,7.0,1225.6975490749496,1720.1438768480546,494.44632777310494,1,0.5713704508201629,1641.2089123384744,1984.4131701087895,2035.0990512997082
2023-08-28,91.27064575778245,100.0,186.21897208775368,fresh_preparation,fresh_preparation,fresh_forming,marinated_short_run,fresh_prepared,0.85,0.027,2.5,short,service_critical,low,1584.0,0.98,0.8272180268743569,0.0353198101757911,1982.48409251306,6.970565215423196,1974.1478079144797,2,434.7662351278216,600.5814578555019,416.1991865617521,416.1991865617521,434.7662351278216,458.6240322804608,fresh_preparation,fresh_preparation,rm_fresh_preparation,1974.1478079144797,1982.48409251306,2,6.0,0.85,0.027,1000.0,7.0,1407.723781482177,1699.2720792969085,291.54829781473154,1,0.54278820406094,1707.608363895489,2064.697858527887,2117.434371230406
2023-09-04,91.27064575778245,100.0,186.1751982696468,fresh_preparation,fresh_preparation,fresh_forming,marinated_short_run,fresh_prepared,0.85,0.027,2.5,short,service_critical,low,1584.0,0.98,0.8185557236167714,0.0339460112551853,2000.8051187911296,7.788665400157872,2226.228800169605,3,370.3315983780888,399.7148890665962,334.2723986247796,334.2723986247796,370.3315983780888,390.6535448390864,fresh_preparation,fresh_preparation,rm_fresh_preparation,2226.228800169605,2000.8051187911296,3,6.0,0.85,0.027,1000.0,7.0,1368.740892116264,1714.9758161066825,346.23492399041857,1,0.5503015367096181,1489.552134728207,1801.0424215322012,1847.0446470629765
2023-09-11,91.27064575778245,100.0,186.1751982696468,fresh_preparation,fresh_preparation,fresh_forming,marinated_short_run,fresh_prepared,0.85,0.027,2.5,short,service_critical,low,1584.0,0.98,0.8232043417304898,0.0401677220759637,2001.478355064052,7.499018155577145,2144.160360374287,2,441.8141434563278,699.0945546927599,436.1858096060776,436.1858096060776,441.8141434563278,466.0586945784938,fresh_preparation,fresh_preparation,rm_fresh_preparation,2144.160360374287,2001.478355064052,2,6.0,0.85,0.027,1000.0,7.0,1572.3094017845578,1715.5528757691875,143.24347398462965,1,0.5208621244752881,1572.8708704589526,1901.7844996783176,1950.3598793691012
2023-09-18,91.27064575778245,100.0,186.1751982696468,fresh_preparation,fresh_preparation,fresh_forming,marinated_short_run,fresh_prepared,0.85,0.027,2.5,short,service_critical,low,1584.0,0.98,0.8254639105189725,0.0352676147346224,1986.5967256020351,6.542696471566954,1856.8141981461283,2,666.2992451486606,1301.415522874178,653.4357814527067,653.4357814527067,666.2992451486606,702.8624162261933,fresh_preparation,fresh_preparation,rm_fresh_preparation,1856.8141981461283,1986.5967256020351,2,6.0,0.85,0.027,1000.0,7.0,1289.215133688404,1702.797193373173,413.5820596847691,1,0.5604242235024982,1832.5797208290799,2215.802818244459,2272.398853828059
2023-09-25,91.27064575778245,100.0,186.1751982696468,fresh_preparation,fresh_preparation,fresh_forming,marinated_short_run,fresh_prepared,0.85,0.027,2.5,short,service_critical,low,1584.0,0.98,0.8227390741768199,0.0345845384567911,1991.8610411875932,7.199431886761444,2048.609699131973,3,744.1196319647581,1634.3668982029812,723.9868642491705,723.9868642491705,744.1196319647581,784.9531967688242,fresh_preparation,fresh_preparation,rm_fresh_preparation,2048.609699131973,1991.8610411875932,3,6.0,0.85,0.027,1000.0,7.0,1194.9549671944328,1707.3094638750797,512.3544966806469,1,0.5744656633156816,1650.5608059307,1995.7207012039175,2046.695399354068
2023-10-02,91.27064575778245,100.0,186.74854945583127,fresh_preparation,fresh_preparation,fresh_forming,marinated_short_run,fresh_prepared,0.85,0.027,2.5,short,service_critical,low,1584.0,0.98,0.8215778799672785,0.035451924226867,1996.3485969713315,7.333048035651237,2091.331451070818,3,894.13793791357,2206.9408932623774,883.1040783978608,883.1040783978608,894.13793791357,943.2037572565772,fresh_preparation,fresh_preparation,rm_fresh_preparation,2091.331451070818,1996.3485969713315,3,6.0,0.85,0.027,1000.0,7.0,1235.753480940247,1711.1559402611415,475.4024593208944,1,0.5690129935408946,1616.1730861616552,1954.1419335731275,2004.0546268404523
2023-10-09,91.27064575778245,100.0,186.74854945583127,cured_embutido,cured_embutido,curing_maturation,fermented_dry_spiced,cured,0.79,0.031,11.0,long,planned_campaign,high,1323.53719240868,0.8272107452554249,0.7886154807788499,0.0274089903751352,1724.3054995998402,11.456511529523082,2822.0751195122325,9,625.875307273301,1411.7766824980572,507.365517500032,507.365517500032,625.875307273301,655.6200312514646,cured_embutido,cured_embutido,rm_cured_embutido,2822.0751195122325,1724.3054995998402,9,6.0,0.79,0.031,1000.0,28.0,605.1109057410094,1477.976142514149,872.8652367731395,1,0.6434985374243078,380.20652260175666,496.670876411486,471.45608802617824
2023-10-16,91.27064575778245,100.0,186.74854945583127,cured_embutido,cured_embutido,curing_maturation,fermented_dry_spiced,cured,0.79,0.031,11.0,long,planned_campaign,high,1412.937288104882,0.8830858050655511,0.78,0.0331076979405793,1871.43126801082,12.651827606465446,3382.432254317418,9,499.91855954453,1047.1337301515666,412.8466009269807,412.8466009269807,499.91855954453,523.6771890868838,cured_embutido,cured_embutido,rm_cured_embutido,3382.432254317418,1871.43126801082,9,6.0,0.79,0.031,1000.0,28.0,976.3063383035064,1604.0839440092745,627.7776057057681,1,0.5966105458126036,93.0829577026766,121.5960048891283,115.42286755131897
2023-10-23,91.27064575778245,100.0,186.74854945583127,cured_embutido,cured_embutido,curing_maturation,fermented_dry_spiced,cured,0.79,0.031,11.0,long,planned_campaign,high,1369.4668187827297,0.8559167617392061,0.7805816872199273,0.0350316937388951,1815.8785738519948,12.0506896718815,3126.084167901306,9,512.6773689844357,1032.81280182892,400.948249603769,400.948249603769,512.6773689844357,537.042360945421,cured_embutido,cured_embutido,rm_cured_embutido,3126.084167901306,1815.8785738519948,9,6.0,0.79,0.031,1000.0,28.0,791.3831443773129,1556.4673490159955,765.0842046386826,1,0.6204719100514555,246.2617549666843,321.69632658839765,305.3645761586885
2023-10-30,91.27064575778245,100.0,186.74854945583127,cured_embutido,cured_embutido,curing_maturation,fermented_dry_spiced,cured,0.79,0.031,11.0,long,planned_campaign,high,1428.639126824853,0.8928994542655332,0.78,0.0339338279104026,1893.741437308456,12.58669120047336,3405.134097848873,9,448.0024247235525,814.2479616718061,352.5432312996438,352.5432312996438,448.0024247235525,469.2937399585393,cured_embutido,cured_embutido,rm_cured_embutido,3405.134097848873,1893.741437308456,9,6.0,0.79,0.031,1000.0,28.0,970.3236784522869,1623.2069462643908,652.8832678121039,1,0.5992204736097163,111.81428572397408,146.06508827314352,138.64971429772785
2023-11-06,91.27064575778245,100.0,184.43282864695988,cured_embutido,cured_embutido,curing_maturation,fermented_dry_spiced,cured,0.79,0.031,11.0,long,planned_campaign,high,1395.4423296164491,0.8721514560102809,0.7855923732045682,0.0323409583949906,1833.7401444782847,11.975316010151776,3137.088244375548,9,487.977066154785,917.5230868000853,368.73029079383423,368.73029079383423,487.977066154785,511.1681762237912,cured_embutido,cured_embutido,rm_cured_embutido,3137.088244375548,1833.7401444782847,9,6.0,0.79,0.031,1000.0,28.0,779.4223443320388,1571.7772666956728,792.3549223636339,1,0.6234256478854158,268.42916679840937,350.65403038289423,332.8521668300276
2023-11-13,91.27064575778245,100.0,184.43282864695988,cured_embutido,cured_embutido,curing_maturation,fermented_dry_spiced,cured,0.79,0.031,11.0,long,planned_campaign,high,1429.7357770142842,0.8935848606339276,0.78,0.0378501807594796,1902.3737623238071,11.866093555015526,3224.8207200487377,9,498.2461289852545,945.1871075004316,365.8232950789471,365.8232950789471,498.2461289852545,521.9252762652787,cured_embutido,cured_embutido,rm_cured_embutido,3224.8207200487377,1902.3737623238071,9,6.0,0.79,0.031,1000.0,28.0,778.9115970609855,1630.6060819918348,851.6944849308493,1,0.6276895717272751,308.1591242669042,402.5540153190738,382.1173140909612
2023-11-20,91.27064575778245,100.0,184.43282864695988,cured_embutido,cured_embutido,curing_maturation,fermented_dry_spiced,cured,0.79,0.031,11.0,long,planned_campaign,high,1452.1767989737843,0.9076104993586152,0.78,0.038718112515024,1933.8491585489207,11.255302162594331,3109.4366594781286,9,538.2326622418173,1054.6519663057004,370.23760992576695,370.23760992576695,538.2326622418173,563.8121695148596,cured_embutido,cured_embutido,rm_cured_embutido,3109.4366594781286,1933.8491585489207,9,6.0,0.79,0.031,1000.0,28.0,623.0591699152305,1657.584993041932,1034.5258231267014,1,0.651154158310465,481.9974921127241,629.6423196466723,597.6768902197779
2023-11-27,91.27064575778245,100.0,184.43282864695988,cured_embutido,cured_embutido,curing_maturation,fermented_dry_spiced,cured,0.79,0.031,11.0,long,planned_campaign,high,1416.3177874645378,0.8851986171653361,0.78,0.0357829014313291,1880.7663426266915,11.82441857307842,3176.995496196546,9,503.77075064717263,979.2399249698924,370.500957759825,370.500957759825,503.77075064717263,527.7124555716796,cured_embutido,cured_embutido,rm_cured_embutido,3176.995496196546,1880.7663426266915,9,6.0,0.79,0.031,1000.0,28.0,758.8673413908,1612.085436537164,853.218095146364,1,0.6293113352587035,315.85628296730965,412.60895738437074,391.661790879464
2023-12-04,91.27064575778245,100.0,183.8869433858619,cured_embutido,cured_embutido,curing_maturation,fermented_dry_spiced,cured,0.79,0.031,11.0,long,planned_campaign,high,1458.596185552019,0.911622615970012,0.78,0.0353580657501983,1936.114519722764,11.837934516117754,3274.228128597551,9,500.2167935595024,977.8571572577792,360.29103251121626,360.29103251121626,500.2167935595024,523.9895966734179,cured_embutido,cured_embutido,rm_cured_embutido,3274.228128597551,1936.114519722764,9,6.0,0.79,0.031,1000.0,28.0,784.9380318111398,1659.5267311909406,874.5886993798008,1,0.6287856856989842,321.4131223161535,419.8679603351406,398.5522716720303
2023-12-11,91.27064575778245,100.0,183.8869433858619,cured_embutido,cured_embutido,curing_maturation,fermented_dry_spiced,cured,0.79,0.031,11.0,long,planned_campaign,high,1317.3610322724214,0.8233506451702634,0.7920389987889458,0.0307137199670574,1714.33741544205,11.00983383029195,2696.3671532955923,9,567.0541475869894,1158.954789555694,419.7683936923685,419.7683936923685,567.0541475869894,594.0033959510611,cured_embutido,cured_embutido,rm_cured_embutido,2696.3671532955923,1714.33741544205,9,6.0,0.79,0.031,1000.0,28.0,492.219047727242,1469.4320703789,977.2130226516581,1,0.6603888844032559,487.4023325253579,636.7027635502579,604.3788923314438
2023-12-18,91.27064575778245,100.0,183.8869433858619,cured_embutido,cured_embutido,curing_maturation,fermented_dry_spiced,cured,0.79,0.031,11.0,long,planned_campaign,high,1491.574418601725,0.932234011626078,0.78,0.0358451557453495,1980.8206871054915,11.506385678850252,3256.012398068706,9,524.8281003099967,1034.3552675034657,363.6608735746854,363.6608735746854,524.8281003099967,549.7705557772293,cured_embutido,cured_embutido,rm_cured_embutido,3256.012398068706,1980.8206871054915,9,6.0,0.79,0.031,1000.0,28.0,709.2429432187882,1697.8463032332784,988.6033600144901,1,0.6415893482290602,422.6545922700643,552.1215820434277,524.0916944148797
2023-12-25,91.27064575778245,100.0,183.8869433858619,cured_embutido,cured_embutido,curing_maturation,fermented_dry_spiced,cured,0.79,0.031,11.0,long,planned_campaign,high,1446.572009821697,0.9041075061385606,0.78,0.0338466353649099,1917.3507758554067,11.636132601602672,3187.2211245198964,9,502.0409782646939,1001.610322669694,351.75344805587315,351.75344805587315,502.0409782646939,525.9004757567235,cured_embutido,cured_embutido,rm_cured_embutido,3187.2211245198964,1917.3507758554067,9,6.0,0.79,0.031,1000.0,28.0,722.0558412772307,1643.443522161777,921.3876808845464,1,0.6366016673877336,373.57317349728737,488.00560867563763,463.2307351366363
2024-01-01,91.91152728889136,100.0,170.32478456415012,cured_embutido,cured_embutido,curing_maturation,fermented_dry_spiced,cured,0.79,0.031,11.0,long,planned_campaign,high,1395.328847512375,0.8720805296952343,0.7819815050010355,0.0319057974808591,1841.281306440104,12.422858954411154,3267.7111378999025,9,439.5872246993115,847.0602891583412,334.23177041578583,334.23177041578583,439.5872246993115,460.4786075531463,cured_embutido,cured_embutido,rm_cured_embutido,3267.7111378999025,1841.281306440104,9,6.0,0.79,0.031,1000.0,28.0,900.3494581911973,1578.2411198058035,677.8916616146062,1,0.6057598807077589,151.81128834600486,198.31391927735086,188.24599754904602
2024-01-08,91.91152728889136,100.0,170.32478456415012,cured_embutido,cured_embutido,curing_maturation,fermented_dry_spiced,cured,0.79,0.031,11.0,long,planned_campaign,high,1308.4376188626927,0.8177735117891829,0.7874257555001974,0.0297638911864295,1711.122355807188,12.451581295169143,3043.7398741877923,9,431.7457485461874,815.8402308715141,339.73579917744775,339.73579917744775,431.7457485461874,452.2644652458449,cured_embutido,cured_embutido,rm_cured_embutido,3043.7398741877923,1711.122355807188,9,6.0,0.79,0.031,1000.0,28.0,843.7254167214082,1466.6763049775896,622.9508882561813,1,0.6046160835734311,134.0587865969851,175.1234949210136,166.2328953802615
2024-01-15,91.91152728889136,100.0,170.32478456415012,cured_embutido,cured_embutido,curing_maturation,fermented_dry_spiced,cured,0.79,0.031,11.0,long,planned_campaign,high,1330.5531607063883,0.8315957254414927,0.7866655902372014,0.0295973122315163,1741.4438549821064,11.8259801387986,2942.040063121608,9,477.5066859076514,913.9586311475662,357.0531838984053,357.0531838984053,477.5066859076514,500.2001911554126,cured_embutido,cured_embutido,rm_cured_embutido,2942.040063121608,1741.4438549821064,9,6.0,0.79,0.031,1000.0,28.0,703.0408210017572,1492.666161413234,789.6253404114768,1,0.6292506199104312,292.0699532737326,381.53643097246623,362.16674205942843
2024-01-22,91.91152728889136,100.0,170.32478456415012,cured_embutido,cured_embutido,curing_maturation,fermented_dry_spiced,cured,0.79,0.031,11.0,long,planned_campaign,high,1376.7969299506155,0.8604980812191347,0.7858605978681784,0.0302012294330139,1804.8721284186895,12.456092989502851,3211.665009392162,9,439.725076664776,800.6294494191733,343.65978725930034,343.65978725930034,439.725076664776,460.6230109332695,cured_embutido,cured_embutido,rm_cured_embutido,3211.665009392162,1804.8721284186895,9,6.0,0.79,0.031,1000.0,28.0,891.1151299967041,1547.0332529303053,655.9181229336011,1,0.6044363119012798,140.2403719568324,183.1986152458262,173.89806122647218
2024-01-29,91.91152728889136,100.0,170.32478456415012,cured_embutido,cured_embutido,curing_maturation,fermented_dry_spiced,cured,0.79,0.031,11.0,long,planned_campaign,high,1376.0452161834824,0.8600282601146765,0.7855715152129703,0.0337404302961017,1810.749939804996,12.065523870368612,3121.0923745693867,9,469.6405407627285,880.2040506060279,355.8632903892495,355.8632903892495,469.6405407627285,491.9602074624771,cured_embutido,cured_embutido,rm_cured_embutido,3121.0923745693867,1810.749939804996,9,6.0,0.79,0.031,1000.0,28.0,792.9853091058203,1552.071376975711,759.0860678698907,1,0.6198895279248126,241.72894221132037,315.7750286884827,299.7438883420373
2024-02-05,91.91152728889136,100.0,169.62440347443953,cured_embutido,cured_embutido,curing_maturation,fermented_dry_spiced,cured,0.79,0.031,11.0,long,planned_campaign,high,1389.4121102868469,0.8683825689292793,0.78,0.0342511888752204,1842.30913705359,10.469474852942795,2755.4298831041865,9,586.3646024946202,1180.191948659444,394.7132855787557,394.7132855787557,586.3646024946202,614.231580228177,cured_embutido,cured_embutido,rm_cured_embutido,2755.4298831041865,1842.30913705359,9,6.0,0.79,0.031,1000.0,28.0,386.74670689242794,1579.1221174745058,1192.3754105820778,1,0.6802862333062527,666.001371423909,870.010021324227,825.8417005656471
2024-02-12,91.91152728889136,100.0,169.62440347443953,cured_embutido,cured_embutido,curing_maturation,fermented_dry_spiced,cured,0.79,0.031,11.0,long,planned_campaign,high,1427.8257605358124,0.8923911003348828,0.78,0.0385640737861123,1901.1391519472147,11.900425648684845,3232.052160793084,9,483.8403227906477,933.4187415219044,349.7478307373664,349.7478307373664,483.8403227906477,506.8348341312732,cured_embutido,cured_embutido,rm_cured_embutido,3232.052160793084,1901.1391519472147,9,6.0,0.79,0.031,1000.0,28.0,787.7303940038082,1629.547844526184,841.8174505223758,1,0.6263513890721532,298.6348356803146,390.1122593830448,370.3071962435901
2024-02-19,91.91152728889136,100.0,169.62440347443953,cured_embutido,cured_embutido,curing_maturation,fermented_dry_spiced,cured,0.79,0.031,11.0,long,planned_campaign,high,1313.9617802529735,0.8212261126581084,0.7901920383049482,0.0297338247411318,1712.2810961826017,12.838640051941198,3140.480094518818,9,429.8186303728317,794.3131964646306,360.2364726138025,360.2364726138025,429.8186303728317,450.2457607813005,cured_embutido,cured_embutido,rm_cured_embutido,3140.480094518818,1712.2810961826017,9,6.0,0.79,0.031,1000.0,28.0,938.9758279983303,1467.6695110136586,528.6936830153284,1,0.5890953004637981,39.47051267744246,51.56106736351251,48.943435720028646
2024-02-26,91.91152728889136,100.0,169.62440347443953,cured_embutido,cured_embutido,curing_maturation,fermented_dry_spiced,cured,0.79,0.031,11.0,long,planned_campaign,high,1432.0991621834455,0.8950619763646536,0.7820422581784766,0.0359082648202141,1896.9861828225755,11.182163413879165,3030.344212884699,9,539.0130120556333,1068.7019736868997,371.7431738995949,371.7431738995949,539.0130120556333,564.6296054535774,cured_embutido,cured_embutido,rm_cured_embutido,3030.344212884699,1896.9861828225755,9,6.0,0.79,0.031,1000.0,28.0,591.3619778271022,1625.9881567050647,1034.6261788779625,1,0.6539179722889525,492.6301266429409,643.5319285743373,610.8613570372468
2024-03-04,91.91152728889136,100.0,169.21928107941088,cured_embutido,cured_embutido,curing_maturation,fermented_dry_spiced,cured,0.79,0.031,11.0,long,planned_campaign,high,1392.4530982076471,0.8702831863797794,0.78,0.0345167083753869,1846.8153791344675,12.268391615093377,3236.779187428399,9,451.2131927952225,842.6672622531524,339.8272995059607,339.8272995059607,451.2131927952225,472.65709978281546,cured_embutido,cured_embutido,rm_cured_embutido,3236.779187428399,1846.8153791344675,9,6.0,0.79,0.031,1000.0,28.0,862.3022713983692,1582.9846106866864,720.6823392883173,1,0.6118910308919099,193.02080239275483,252.14667658522401,239.345794967016
2024-03-11,91.91152728889136,100.0,169.21928107941088,cured_embutido,cured_embutido,curing_maturation,fermented_dry_spiced,cured,0.79,0.031,11.0,long,planned_campaign,high,1386.2456630030956,0.8664035393769347,0.7819254309616489,0.0331605283919226,1831.6507494939567,13.151933623355225,3441.3927255019103,9,389.153936049494,664.708035236693,321.95101724101346,321.95101724101346,389.153936049494,407.64847686024615,cured_embutido,cured_embutido,rm_cured_embutido,3441.3927255019103,1831.6507494939567,9,6.0,0.79,0.031,1000.0,28.0,1086.4131904382516,1569.9863567091056,483.573166270854,1,0.5763997100260907,0.0,0.0,0.0
2024-03-18,91.91152728889136,100.0,169.21928107941088,cured_embutido,cured_embutido,curing_maturation,fermented_dry_spiced,cured,0.79,0.031,11.0,long,planned_campaign,high,1335.0632006652766,0.8344145004157979,0.7816417555913794,0.0333175009514077,1764.9315178663749,11.744409123037762,2961.1539742809628,9,481.7381894120014,925.7381552879052,354.05702475280174,354.05702475280174,481.7381894120014,504.6327968638068,cured_embutido,cured_embutido,rm_cured_embutido,2961.1539742809628,1764.9315178663749,9,6.0,0.79,0.031,1000.0,28.0,691.9563084527667,1512.7984438854642,820.8421354326974,1,0.6324166829845431,316.5759874708765,413.549120809495,392.55422446388684
2024-03-25,91.91152728889136,100.0,169.21928107941088,cured_embutido,cured_embutido,curing_maturation,fermented_dry_spiced,cured,0.79,0.031,11.0,long,planned_campaign,high,1418.9712030806634,0.8868570019254146,0.78,0.0363947359844127,1885.402929982396,12.202066343100665,3286.5445193030805,9,445.434756884738,817.8139755413597,325.76829295232415,325.76829295232415,445.434756884738,466.6040437056852,cured_embutido,cured_embutido,rm_cured_embutido,3286.5445193030805,1885.402929982396,9,6.0,0.79,0.031,1000.0,28.0,862.4550378971426,1616.059654270625,753.6046163734825,1,0.6145129199211454,214.9180649499408,280.751479340493,266.4984005379266
2024-04-01,91.91152728889136,100.0,170.16513887458373,cured_embutido,cured_embutido,curing_maturation,fermented_dry_spiced,cured,0.79,0.031,11.0,long,planned_campaign,high,1302.8900248680206,0.814306265542513,0.788542286327743,0.031654822190395,1704.5791966319398,11.39611695037788,2775.083410856965,9,508.129783942164,993.580589520036,374.3883244498677,374.3883244498677,508.129783942164,532.2786519240153,cured_embutido,cured_embutido,rm_cured_embutido,2775.083410856965,1704.5791966319398,9,6.0,0.79,0.031,1000.0,28.0,583.4815866158997,1461.0678828273772,877.5862962114775,1,0.6458043556911376,390.56366860235175,510.2006095313605,484.2989490669162
2024-04-08,91.91152728889136,100.0,170.16513887458373,cured_embutido,cured_embutido,curing_maturation,fermented_dry_spiced,cured,0.79,0.031,11.0,long,planned_campaign,high,1431.5377277954606,0.8947110798721628,0.78,0.0347846076825537,1899.1451359482053,13.154865389712777,3568.9998027037727,9,367.1659305243957,525.499814353466,295.8013299639909,295.8013299639909,367.1659305243957,384.6154913725677,cured_embutido,cured_embutido,rm_cured_embutido,3568.9998027037727,1899.1451359482053,9,6.0,0.79,0.031,1000.0,28.0,1127.2417707703657,1627.8386879556044,500.5969171852387,1,0.5762804007218054,0.0,0.0,0.0
2024-04-15,91.91152728889136,100.0,170.16513887458373,cured_embutido,cured_embutido,curing_maturation,fermented_dry_spiced,cured,0.79,0.031,11.0,long,planned_campaign,high,1340.242253298128,0.83765140831133,0.7843698373957199,0.0312998957607924,1762.168342308711,12.128527128516662,3053.2152206720625,9,367.8826699687201,391.8644275460724,256.1730521773773,256.1730521773773,367.8826699687201,385.3662938589836,cured_embutido,cured_embutido,rm_cured_embutido,3053.2152206720625,1762.168342308711,9,6.0,0.79,0.031,1000.0,28.0,787.570209132291,1510.430007693181,722.8597985608901,1,0.6174122257864368,219.38312932982944,286.5842762731113,272.03508036898853
2024-04-22,91.91152728889136,100.0,170.16513887458373,cured_embutido,cured_embutido,curing_maturation,fermented_dry_spiced,cured,0.79,0.031,11.0,long,planned_campaign,high,1403.3532690907884,0.8770957931817428,0.78,0.031547500310356,1855.9302010038064,12.206502810391042,3236.3453163489394,9,281.4924712256952,0.0,157.4014486600313,157.4014486600313,281.4924712256952,294.8704009206964,cured_embutido,cured_embutido,rm_cured_embutido,3236.3453163489394,1855.9302010038064,9,6.0,0.79,0.031,1000.0,28.0,850.1493436297596,1590.7973151461197,740.64797151636,1,0.6143377483468823,210.38219980098665,274.8261940418632,260.8739277532234
2024-04-29,91.91152728889136,100.0,170.16513887458373,cured_embutido,cured_embutido,curing_maturation,fermented_dry_spiced,cured,0.79,0.031,11.0,long,planned_campaign,high,1393.4293607723648,0.870893350482728,0.78,0.0323145320955214,1844.176126376776,12.991106984018003,3422.5556221618003,9,149.75037149444876,0.0,12.749079779974238,12.749079779974238,149.75037149444876,156.86725789972243,cured_embutido,cured_embutido,rm_cured_embutido,3422.5556221618003,1844.176126376776,9,6.0,0.79,0.031,1000.0,28.0,1051.4720311059455,1580.7223940372367,529.2503629312912,1,0.5829305994310807,2.342898252212308,3.060571713253005,2.9051938327432616
2024-05-06,91.91152728889136,100.0,169.29052082260446,fresh_preparation,fresh_preparation,fresh_forming,marinated_short_run,fresh_prepared,0.85,0.027,2.5,short,service_critical,low,1584.0,0.98,0.8153501704605833,0.0341559849521966,2009.0792146875144,8.215988100614334,2358.0815601520294,2,255.3435678497744,132.00287375854282,267.9178488390839,267.9178488390839,255.3435678497744,269.35554613553074,fresh_preparation,fresh_preparation,rm_fresh_preparation,2358.0815601520294,2009.0792146875144,2,6.0,0.85,0.027,1000.0,7.0,1784.058927384168,1722.0678983035837,-61.99102908058444,0,0.4910014675211833,1373.0655528390685,1660.1965453588882,1702.601285520445
2024-05-13,91.91152728889136,100.0,169.29052082260446,fresh_preparation,fresh_preparation,fresh_forming,marinated_short_run,fresh_prepared,0.85,0.027,2.5,short,service_critical,low,1584.0,0.98,0.824319478450091,0.0331520564751411,1985.28956337856,7.2937238243290015,2068.5933980865607,3,369.11447537576186,375.7431157155711,307.3593156840674,307.3593156840674,369.11447537576186,389.3696322120068,fresh_preparation,fresh_preparation,rm_fresh_preparation,2068.5933980865607,1985.28956337856,3,6.0,0.85,0.027,1000.0,7.0,1217.7550137814637,1701.6767686101941,483.9217548287304,1,0.5706195544109196,1618.3729339021934,1956.8018063021502,2006.7824380387199
2024-05-20,91.91152728889136,100.0,169.29052082260446,fresh_preparation,fresh_preparation,fresh_forming,marinated_short_run,fresh_prepared,0.85,0.027,2.5,short,service_critical,low,1584.0,0.98,0.8242114886685955,0.0362798479333753,1991.560784693792,7.430734309374655,2114.108436004181,4,372.4444515502178,308.48824541763577,256.56767676012703,256.56767676012703,372.4444515502178,392.882340829036,fresh_preparation,fresh_preparation,rm_fresh_preparation,2114.108436004181,1991.560784693792,4,6.0,0.85,0.027,1000.0,7.0,976.0737018934426,1707.0521011661074,730.9783992726648,1,0.6054463786176866,1584.5044498557186,1915.8508552756407,1964.785517821091
2024-05-27,91.91152728889136,100.0,169.29052082260446,fresh_preparation,fresh_preparation,fresh_forming,marinated_short_run,fresh_prepared,0.85,0.027,2.5,short,service_critical,low,1584.0,0.98,0.8245726972400906,0.037793255737974,1993.5956193930435,8.116059846541024,2311.448765256566,2,333.4853295045527,388.5598792594338,338.3281790323039,338.3281790323039,333.4853295045527,351.78533696111504,fresh_preparation,fresh_preparation,rm_fresh_preparation,2311.448765256566,1993.5956193930435,2,6.0,0.85,0.027,1000.0,7.0,1741.8500168585533,1708.7962451940373,-33.053771664516034,0,0.4951643238376658,1390.943099330515,1681.8125860957803,1724.7694431698385
2024-06-03,91.91152728889136,100.0,168.30947231091426,fresh_preparation,fresh_preparation,fresh_forming,marinated_short_run,fresh_prepared,0.85,0.027,2.5,short,service_critical,low,1584.0,0.98,0.8150370620149436,0.0335838751353417,2008.7391537347823,7.467706441059636,2142.953473821988,2,421.77837935909946,627.7884893975332,414.4590958340746,414.4590958340746,421.77837935909946,444.92346792643,fresh_preparation,fresh_preparation,rm_fresh_preparation,2142.953473821988,2008.7391537347823,2,6.0,0.85,0.027,1000.0,7.0,1569.028001326336,1721.7764174869565,152.74841616062054,1,0.5221643632243743,1587.5620973997507,1919.5479081068263,1968.5770007756907
2024-06-10,91.91152728889136,100.0,168.30947231091426,fresh_preparation,fresh_preparation,fresh_forming,marinated_short_run,fresh_prepared,0.85,0.027,2.5,short,service_critical,low,1584.0,0.98,0.8223956726103365,0.0359668828714892,1995.3552737697291,6.571833086825084,1873.3059725901187,3,522.026488716233,774.5941292161403,439.21070626789617,439.21070626789617,522.026488716233,550.6726922845362,fresh_preparation,fresh_preparation,rm_fresh_preparation,1873.3059725901187,1995.3552737697291,3,6.0,0.85,0.027,1000.0,7.0,1018.153712403092,1710.3045203740535,692.1508079709615,1,0.5998150363364732,1832.353821553664,2215.5296796489497,2272.118738726543
2024-06-17,91.91152728889136,100.0,168.30947231091426,fresh_preparation,fresh_preparation,fresh_forming,marinated_short_run,fresh_prepared,0.85,0.027,2.5,short,service_critical,low,1568.2156682240286,0.98,0.8239039154232276,0.0333317777209405,1966.8398874683676,7.810234594913953,2194.497275966016,3,388.1046847747605,490.8245779162136,358.06327333968324,358.06327333968324,388.1046847747605,409.4019293517755,fresh_preparation,fresh_preparation,rm_fresh_preparation,2194.497275966016,1966.8398874683676,3,6.0,0.85,0.027,1000.0,7.0,1351.5658956224297,1685.862760687172,334.2968650647424,1,0.5494117562128333,1458.2053721895236,1763.140526194938,1808.1746615150093
2024-06-24,91.91152728889136,100.0,168.30947231091426,fresh_preparation,fresh_preparation,fresh_forming,marinated_short_run,fresh_prepared,0.85,0.027,2.5,short,service_critical,low,1567.9027641423295,0.979939227588956,0.8170861307602295,0.0347869651065418,1985.647879470737,6.954051477422515,1972.61393855348,3,443.20633117785496,585.7936000020953,369.3089194217719,369.3089194217719,443.20633117785496,467.5272786012397,fresh_preparation,fresh_preparation,rm_fresh_preparation,1972.61393855348,1985.647879470737,3,6.0,0.85,0.027,1000.0,7.0,1121.6219902088783,1701.9838966892032,580.3619064803249,1,0.584431330691509,1715.0178376064603,2073.656777228052,2126.622118632011
2024-07-01,91.91152728889136,100.0,168.73261921928108,fresh_preparation,fresh_preparation,fresh_forming,marinated_short_run,fresh_prepared,0.85,0.027,2.5,short,service_critical,low,1500.6969073984462,0.9379355671240288,0.8288082909104033,0.0318109581156559,1868.267403747996,8.801994093809315,2349.2112362066173,3,258.318739642538,126.64708414368,254.8247607037978,254.8247607037978,258.318739642538,272.49398048042224,fresh_preparation,fresh_preparation,rm_fresh_preparation,2349.2112362066173,1868.267403747996,3,6.0,0.85,0.027,1000.0,7.0,1548.5252060289047,1601.3720603554252,52.84685432652054,1,0.5082494974183135,1120.428227896804,1354.728526566476,1389.3310025920368
2024-07-08,91.91152728889136,100.0,168.73261921928108,fresh_preparation,fresh_preparation,fresh_forming,marinated_short_run,fresh_prepared,0.85,0.027,2.5,short,service_critical,low,1584.0,0.98,0.8207349334187585,0.0366037912972128,2000.6220505019096,7.93829762432897,2268.790467239923,2,292.87036439402254,263.85300154674525,291.7129983824153,291.7129983824153,292.87036439402254,308.94162564014454,fresh_preparation,fresh_preparation,rm_fresh_preparation,2268.790467239923,2000.6220505019096,2,6.0,0.85,0.027,1000.0,7.0,1697.1841670965205,1714.818900430208,17.634733333687564,1,0.5025709096624347,1446.6504836921945,1749.1693170814274,1793.8465997783212
2024-07-15,91.91152728889136,100.0,168.73261921928108,fresh_preparation,fresh_preparation,fresh_forming,marinated_short_run,fresh_prepared,0.85,0.027,2.5,short,service_critical,low,1477.317778797904,0.92332361174869,0.8387703525195088,0.0310669132691218,1816.007775581603,7.289120007624933,1891.0140872849015,2,366.8458215562302,433.0876353093253,355.73030498459786,355.73030498459786,366.8458215562302,386.97648601412834,fresh_preparation,fresh_preparation,rm_fresh_preparation,1891.0140872849015,1816.007775581603,2,6.0,0.85,0.027,1000.0,7.0,1372.154722833015,1556.5780933556598,184.42337052264475,1,0.5295853989985054,1481.571781652361,1791.3932430353195,1837.1490092489278
2024-07-22,91.91152728889136,100.0,168.73261921928108,fresh_preparation,fresh_preparation,fresh_forming,marinated_short_run,fresh_prepared,0.85,0.027,2.5,short,service_critical,low,1584.0,0.98,0.8288979841480503,0.0374233208274132,1982.4858687279848,7.4130455928736065,2099.465447444027,2,362.56030668734985,439.2231455959149,351.925421200476,351.925421200476,362.56030668734985,382.45580351681815,fresh_preparation,fresh_preparation,rm_fresh_preparation,2099.465447444027,1982.4858687279848,2,6.0,0.85,0.027,1000.0,7.0,1533.0409135217458,1699.2736017668442,166.23268824509842,1,0.5244369485273432,1582.2940230508016,1913.1781912227816,1962.044588582994
2024-07-29,91.91152728889136,100.0,168.73261921928108,fresh_preparation,fresh_preparation,fresh_forming,marinated_short_run,fresh_prepared,0.85,0.027,2.5,short,service_critical,low,1551.424278540772,0.9696401740879824,0.8164073430908423,0.0343646675922946,1965.6100251279595,6.698586488946726,1880.972679551484,2,463.447976540935,688.6533013091055,440.4198576087055,440.4198576087055,463.447976540935,488.8796842536188,fresh_preparation,fresh_preparation,rm_fresh_preparation,1880.972679551484,1965.6100251279595,2,6.0,0.85,0.027,1000.0,7.0,1319.3698152292097,1684.8085929668225,365.4387777376128,1,0.5540139644322186,1769.4459385432979,2139.466705209235,2194.1129637936892
2024-08-05,91.91152728889136,100.0,167.9944724825763,fresh_preparation,fresh_preparation,fresh_forming,marinated_short_run,fresh_prepared,0.85,0.027,2.5,short,service_critical,low,1584.0,0.98,0.8311757080229119,0.0341007925808103,1970.721280274532,7.18991194182719,2024.187495294118,3,430.3955082603827,568.4516475209027,370.0924352944576,370.0924352944576,430.3955082603827,454.0134617761712,fresh_preparation,fresh_preparation,rm_fresh_preparation,2024.187495294118,1970.721280274532,3,6.0,0.85,0.027,1000.0,7.0,1179.592660890747,1689.1896688067416,509.5970079159945,1,0.5748534835550413,1635.7234537871554,1977.7806103465998,2028.2970826960727
2024-08-12,91.91152728889136,100.0,167.9944724825763,fresh_preparation,fresh_preparation,fresh_forming,marinated_short_run,fresh_prepared,0.85,0.027,2.5,short,service_critical,low,1477.1042340996987,0.9231901463123116,0.8277648707791706,0.029910872156706,1837.823473441203,8.459382995419912,2220.9789485445817,2,320.6247922465262,380.0045497379351,329.2181000578819,329.2181000578819,320.6247922465262,338.2190777210544,fresh_preparation,fresh_preparation,rm_fresh_preparation,2220.9789485445817,1837.823473441203,2,6.0,0.85,0.027,1000.0,7.0,1695.8865275613807,1575.2772629496026,-120.60926461177814,0,0.48086838677021937,1192.121787846224,1441.4144100673768,1478.2310169293175
2024-08-19,91.91152728889136,100.0,167.9944724825763,fresh_preparation,fresh_preparation,fresh_forming,marinated_short_run,fresh_prepared,0.85,0.027,2.5,short,service_critical,low,1517.471083022015,0.9484194268887592,0.8308071963373331,0.0342484289322505,1889.0569201670687,9.188660761190928,2479.7004568564757,3,264.9966316806665,173.09487910167027,272.48248714221137,272.48248714221137,264.9966316806665,279.53832184414307,fresh_preparation,fresh_preparation,rm_fresh_preparation,2479.7004568564757,1889.0569201670687,3,6.0,0.85,0.027,1000.0,7.0,1670.104633927732,1619.1916458574874,-50.91298807024464,0,0.4921397825503516,1028.5481091680804,1243.6347369180587,1275.3996553684196
2024-08-26,91.91152728889136,100.0,167.9944724825763,fresh_preparation,fresh_preparation,fresh_forming,marinated_short_run,fresh_prepared,0.85,0.027,2.5,short,service_critical,low,1584.0,0.98,0.8250819919234549,0.0371904368044523,1991.2077441761328,8.285426981814867,2356.8580528565208,3,289.6205221176534,193.87386874356685,273.2419570845473,273.2419570845473,289.6205221176534,305.51344826885963,fresh_preparation,fresh_preparation,rm_fresh_preparation,2356.8580528565208,1991.2077441761328,3,6.0,0.85,0.027,1000.0,7.0,1503.483305352464,1706.7494950081139,203.2661896556499,1,0.5297387335285203,1341.0991863277259,1621.5454764859753,1662.96299104638
2024-09-02,91.91152728889136,100.0,170.06128334534966,fresh_preparation,fresh_preparation,fresh_forming,marinated_short_run,fresh_prepared,0.85,0.027,2.5,short,service_critical,low,1583.3084520433542,0.98,0.8172172390926327,0.0359466425130737,2007.0833023273549,7.745744260494518,2220.9077099052133,2,302.27026320858363,289.2625234490183,297.19176272232056,297.19176272232056,302.27026320858363,318.85734390215464,fresh_preparation,fresh_preparation,rm_fresh_preparation,2220.9077099052133,2007.0833023273549,2,6.0,0.85,0.027,1000.0,7.0,1647.4553378116834,1720.3571162805897,72.90177846890629,1,0.5105924041093428,1506.5327087027313,1821.573917783364,1868.1005587913867
2024-09-09,91.91152728889136,100.0,170.06128334534966,fresh_preparation,fresh_preparation,fresh_forming,marinated_short_run,fresh_prepared,0.85,0.027,2.5,short,service_critical,low,1493.666677708833,0.9335416735680206,0.8315355699331126,0.0374386011951499,1863.525175355644,7.541794158274785,2007.760468756455,2,341.53861558615966,401.77152889387327,333.9803163313424,333.9803163313424,341.53861558615966,360.2805471164502,fresh_preparation,fresh_preparation,rm_fresh_preparation,2007.760468756455,1863.525175355644,2,6.0,0.85,0.027,1000.0,7.0,1475.324704369128,1597.3072931619806,121.98258879285254,1,0.519082636785523,1453.0719997611698,1756.9336796580253,1801.8092797038505
2024-09-16,91.91152728889136,100.0,170.06128334534966,fresh_preparation,fresh_preparation,fresh_forming,marinated_short_run,fresh_prepared,0.85,0.027,2.5,short,service_critical,low,1533.4868053485293,0.9584292533428308,0.8246525994212262,0.0371271107054394,1928.5948299347567,7.227072295521317,1991.1563235295896,3,388.93650667888335,453.6152568058915,326.1124100889036,326.1124100889036,388.93650667888335,410.2793974828871,fresh_preparation,fresh_preparation,rm_fresh_preparation,1991.1563235295896,1928.5948299347567,3,6.0,0.85,0.027,1000.0,7.0,1164.6156821289796,1653.0812828012201,488.4656006722405,1,0.5733391401294813,1590.5197892063873,1923.1241027826459,1972.2445386159202
2024-09-23,91.91152728889136,100.0,170.06128334534966,fresh_preparation,fresh_preparation,fresh_forming,marinated_short_run,fresh_prepared,0.85,0.027,2.5,short,service_critical,low,1521.9634639767312,0.951227164985457,0.8285964303211473,0.0332743706323024,1897.915297265287,9.03682932327098,2450.162373058786,2,300.21485072183,355.8639201364488,308.90091702781865,308.90091702781865,300.21485072183,316.6891406551904,fresh_preparation,fresh_preparation,rm_fresh_preparation,2450.162373058786,1897.915297265287,2,6.0,0.85,0.027,1000.0,7.0,1907.9008595544185,1626.7845405131031,-281.11631904131536,0,0.45690596268411776,1074.537464719604,1299.2412365873938,1332.426456252309
2024-09-30,91.91152728889136,100.0,170.06128334534966,fresh_preparation,fresh_preparation,fresh_forming,marinated_short_run,fresh_prepared,0.85,0.027,2.5,short,service_critical,low,1534.2790955031933,0.9589244346894958,0.8259162909654133,0.0336574779535844,1920.1934598976816,7.68772056254851,2108.844392246653,2,489.3390656919375,972.34943350571,490.73723139411953,490.73723139411953,489.3390656919375,516.1915469217826,fresh_preparation,fresh_preparation,rm_fresh_preparation,2108.844392246653,1920.1934598976816,2,6.0,0.85,0.027,1000.0,7.0,1560.2176894187442,1645.880108483727,85.66241906498294,1,0.5130087068113662,1457.2291761347556,1761.9601912033802,1806.9641784070968
2024-10-07,91.91152728889136,100.0,170.80972980396197,fresh_preparation,fresh_preparation,fresh_forming,marinated_short_run,fresh_prepared,0.85,0.027,2.5,short,service_critical,low,1495.305437231162,0.9345658982694762,0.8341634962529751,0.0339541030981182,1853.446235845844,9.052741360658487,2396.96705699978,3,496.1412391017861,1148.3505196822855,502.0345194410068,502.0345194410068,496.1412391017861,523.3669895974966,fresh_preparation,fresh_preparation,rm_fresh_preparation,2396.96705699978,1853.446235845844,3,6.0,0.85,0.027,1000.0,7.0,1602.6329559229898,1588.6682021535805,-13.964753769409299,0,0.4978024574558704,1045.1473809996446,1263.7051943650863,1295.9827524395594
2024-10-14,91.91152728889136,100.0,170.80972980396197,fresh_preparation,fresh_preparation,fresh_forming,marinated_short_run,fresh_prepared,0.85,0.027,2.5,short,service_critical,low,1524.607132434144,0.95287945777134,0.826383295773743,0.0323001331721439,1904.5062429212933,8.619475168387021,2345.120609842593,3,647.7379484977687,1736.01828246429,644.8287167300357,644.8287167300357,647.7379484977687,683.2825684215837,fresh_preparation,fresh_preparation,rm_fresh_preparation,2345.120609842593,1904.5062429212933,3,6.0,0.85,0.027,1000.0,7.0,1528.90364859061,1632.4339225039657,103.53027391335581,1,0.5158498890565935,1191.819555582666,1441.048975978074,1477.8562489225058
2024-10-21,91.91152728889136,100.0,170.80972980396197,cured_embutido,cured_embutido,curing_maturation,fermented_dry_spiced,cured,0.79,0.031,11.0,long,planned_campaign,high,1241.5653659276172,0.7759783537047608,0.7893285037222948,0.0333325766130649,1625.3688198987188,11.118885603813222,2581.75571035125,9,578.4641440726191,1283.8039307392269,447.746849815234,447.746849815234,578.4641440726191,605.9556525196704,cured_embutido,cured_embutido,rm_cured_embutido,2581.75571035125,1625.3688198987188,9,6.0,0.79,0.031,1000.0,28.0,491.9957990528974,1393.173274198902,901.1774751460046,1,0.6563008079338793,436.78638374637103,570.5822049958473,541.6151158455001
2024-10-28,91.91152728889136,100.0,170.80972980396197,cured_embutido,cured_embutido,curing_maturation,fermented_dry_spiced,cured,0.79,0.031,11.0,long,planned_campaign,high,1312.0682004367522,0.8200426252729701,0.7943758171281807,0.0317256519968829,1704.098224507699,11.76379202516541,2863.808157651743,9,515.0315467726537,1077.6622456405478,399.03153574949033,399.03153574949033,515.0315467726537,539.5084210330241,cured_embutido,cured_embutido,rm_cured_embutido,2863.808157651743,1704.098224507699,9,6.0,0.79,0.031,1000.0,28.0,672.8247261418442,1460.655621006599,787.8308948647548,1,0.6316653852091306,300.9456878625547,393.13096871700526,373.1726529495678
2024-11-04,91.91152728889136,100.0,175.60682528238405,cured_embutido,cured_embutido,curing_maturation,fermented_dry_spiced,cured,0.79,0.031,11.0,long,planned_campaign,high,1358.193735953965,0.8488710849712281,0.7866051090351313,0.0331730052075626,1783.93082845712,11.64909036939315,2968.738776206197,9,506.599156207597,1026.960091096218,374.6073390720432,374.6073390720432,506.599156207597,530.6752811063631,cured_embutido,cured_embutido,rm_cured_embutido,2968.738776206197,1783.93082845712,9,6.0,0.79,0.031,1000.0,28.0,675.1134253327573,1529.08356724896,853.9701419162027,1,0.6361019118498037,344.27561949988285,449.7336670975988,426.90176817985474
2024-11-11,91.91152728889136,100.0,175.60682528238405,cured_embutido,cured_embutido,curing_maturation,fermented_dry_spiced,cured,0.79,0.031,11.0,long,planned_campaign,high,1335.058368766877,0.8344114804792981,0.7900737804423825,0.0332025674631012,1745.8948372526474,12.002609625434,2993.613454086308,9,466.5537964099551,902.8807297565078,354.1364825468507,354.1364825468507,466.5537964099551,488.7267655843382,cured_embutido,cured_embutido,rm_cured_embutido,2993.613454086308,1745.8948372526474,9,6.0,0.79,0.031,1000.0,28.0,748.8915204757614,1496.4812890736978,747.5897685979364,1,0.6223571138150723,248.76267224003686,324.9633214981344,308.4657135776457
2024-11-18,91.91152728889136,100.0,175.60682528238405,cured_embutido,cured_embutido,curing_maturation,fermented_dry_spiced,cured,0.79,0.031,11.0,long,planned_campaign,high,1283.603149704249,0.8022519685651557,0.7873416533109656,0.0344456597667381,1686.4568278468116,12.014328892029193,2894.5209988514075,9,468.6902063225359,904.0261172148604,364.536916616092,364.536916616092,468.6902063225359,490.9647083780144,cured_embutido,cured_embutido,rm_cured_embutido,2894.5209988514075,1686.4568278468116,9,6.0,0.79,0.031,1000.0,28.0,726.2193630483639,1445.5344238686957,719.3150608203318,1,0.621897943487118,237.47025286409962,310.211823312693,294.4631135514835
2024-11-25,91.91152728889136,100.0,175.60682528238405,cured_embutido,cured_embutido,curing_maturation,fermented_dry_spiced,cured,0.79,0.031,11.0,long,planned_campaign,high,1394.392405663062,0.8714952535394137,0.78,0.0343028877828913,1849.005245999792,13.84826090113633,3657.92957916784,9,342.2886759759218,536.9203909442581,308.29449374799697,308.29449374799697,342.2886759759218,358.5559453016775,cured_embutido,cured_embutido,rm_cured_embutido,3657.92957916784,1849.005245999792,9,6.0,0.79,0.031,1000.0,28.0,1280.6371200252502,1584.8616394283931,304.22451940314295,1,0.5478423142322282,0.0,0.0,0.0
2024-12-02,91.91152728889136,100.0,173.33230336114258,cured_embutido,cured_embutido,curing_maturation,fermented_dry_spiced,cured,0.79,0.031,11.0,long,planned_campaign,high,1360.2652897547216,0.850165806096701,0.7817562818198424,0.0325084531088175,1796.5770698673225,11.457686167345951,2940.6594631413923,9,476.0182785123034,908.6859137758692,327.94167853713554,327.94167853713554,476.0182785123034,498.6410471986007,cured_embutido,cured_embutido,rm_cured_embutido,2940.6594631413923,1796.5770698673225,9,6.0,0.79,0.031,1000.0,28.0,630.7746590262632,1539.9232027434193,909.1485437171561,1,0.6434536242438539,395.84080946934955,517.0942371351773,490.84260374199346
2024-12-09,91.91152728889136,100.0,173.33230336114258,cured_embutido,cured_embutido,curing_maturation,fermented_dry_spiced,cured,0.79,0.031,11.0,long,planned_campaign,high,1322.1514946028526,0.8263446841267829,0.7862604670001746,0.0343822585839351,1739.3854919290002,12.241404853429442,3041.7888575549173,9,425.9140837589015,780.578246182553,320.2533669554888,320.2533669554888,425.9140837589015,446.1556505895433,cured_embutido,cured_embutido,rm_cured_embutido,3041.7888575549173,1739.3854919290002,9,6.0,0.79,0.031,1000.0,28.0,805.4360822176313,1490.901850224857,685.4657680072257,1,0.6129586296226248,188.49848459893974,246.23908844945166,233.73812090268527
2024-12-16,91.91152728889136,100.0,173.33230336114258,cured_embutido,cured_embutido,curing_maturation,fermented_dry_spiced,cured,0.79,0.031,11.0,long,planned_campaign,high,1346.4814372715084,0.8415508982946928,0.7888777192122626,0.0341742774839271,1765.161359768489,12.473927537511493,3145.499270538198,9,412.1439749158045,736.738094034643,315.04637815888725,315.04637815888725,412.1439749158045,431.7311173236781,cured_embutido,cured_embutido,rm_cured_embutido,3145.499270538198,1765.161359768489,9,6.0,0.79,0.031,1000.0,28.0,876.0060936929976,1512.9954512301335,636.9893575371359,1,0.6037254056388571,132.65754046042503,173.2930209408434,164.49535017092703
2024-12-23,91.91152728889136,100.0,173.33230336114258,cured_embutido,cured_embutido,curing_maturation,fermented_dry_spiced,cured,0.79,0.031,11.0,long,planned_campaign,high,1302.9997885468858,0.8143748678418037,0.7939039362011763,0.0303580403192325,1691.0815621946206,12.103079689349292,2923.899272632969,9,454.3770340228244,856.5388837326781,352.0213739100992,352.0213739100992,454.3770340228244,475.9713025647592,cured_embutido,cured_embutido,rm_cured_embutido,2923.899272632969,1691.0815621946206,9,6.0,0.79,0.031,1000.0,28.0,749.651549811314,1449.4984818811033,699.8469320697893,1,0.6184135674424934,216.68077144275503,283.0541357301081,268.68415658901625
2024-12-30,91.91152728889136,100.0,173.33230336114258,cured_embutido,cured_embutido,curing_maturation,fermented_dry_spiced,cured,0.79,0.031,11.0,long,planned_campaign,high,1328.8605347496164,0.8305378342185102,0.7872929876666054,0.0316162983648823,1741.25034437891,12.170131238699623,3027.320744360321,9,461.0082238228207,855.5554810266516,360.9669048266898,360.9669048266898,461.0082238228207,482.91763966000025,cured_embutido,cured_embutido,rm_cured_embutido,3027.320744360321,1741.25034437891,9,6.0,0.79,0.031,1000.0,28.0,788.5703015874365,1492.5002951819229,703.9299935944864,1,0.615772983009629,206.42989520051196,269.6632247789212,255.97307004863484
2025-01-06,94.5861450750214,100.0,173.88162186287636,cured_embutido,cured_embutido,curing_maturation,fermented_dry_spiced,cured,0.79,0.031,11.0,long,planned_campaign,high,1366.1806081136522,0.8538628800710326,0.7890188258212331,0.0333378774359619,1789.2173463832994,11.571200196399472,2957.6274442673966,9,512.9371519397147,986.0500982391252,383.1782423361951,383.1782423361951,512.9371519397147,537.3144900856496,cured_embutido,cured_embutido,rm_cured_embutido,2957.6274442673966,1789.2173463832994,9,6.0,0.79,0.031,1000.0,28.0,657.2051417745834,1533.6148683285423,876.409726553959,1,0.6391015243552285,365.2047704444449,477.0738075850673,452.85391535111165
2025-01-13,94.5861450750214,100.0,173.88162186287636,cured_embutido,cured_embutido,curing_maturation,fermented_dry_spiced,cured,0.79,0.031,11.0,long,planned_campaign,high,1446.565180431534,0.9041032377697088,0.78,0.0365595620609682,1922.373038359944,12.261977249745032,3367.442065984695,9,465.5298946413016,856.9634382700078,351.5776578170318,351.5776578170318,465.5298946413016,487.6542028841295,cured_embutido,cured_embutido,rm_cured_embutido,3367.442065984695,1922.373038359944,9,6.0,0.79,0.031,1000.0,28.0,895.8195880933386,1647.7483185942378,751.9287305008993,1,0.6121448815076722,202.67929096948683,264.7637404730008,251.32232080216366
2025-01-20,94.5861450750214,100.0,173.88162186287636,cured_embutido,cured_embutido,curing_maturation,fermented_dry_spiced,cured,0.79,0.031,11.0,long,planned_campaign,high,1374.634697234812,0.8591466857717575,0.7832225518827942,0.0305377347299978,1808.6978261341087,12.504924930688048,3231.090076872242,9,449.88936595229694,820.2092388540166,358.5141970295412,358.5141970295412,449.88936595229694,471.2703580691799,cured_embutido,cured_embutido,rm_cured_embutido,3231.090076872242,1808.6978261341087,9,6.0,0.79,0.031,1000.0,28.0,905.6214432712454,1550.3124224006647,644.6909791294192,1,0.6024887709498457,127.92017166253117,167.10450766486548,158.62101286153865
2025-01-27,94.5861450750214,100.0,173.88162186287636,cured_embutido,cured_embutido,curing_maturation,fermented_dry_spiced,cured,0.79,0.031,11.0,long,planned_campaign,high,1434.6451887230703,0.896653242951919,0.78,0.0323225922541322,1898.7392822916904,12.3946458835461,3362.0287184548542,9,455.3265454896906,824.7293032243958,348.88138917685615,348.88138917685615,455.3265454896906,476.96593956408816,cured_embutido,cured_embutido,rm_cured_embutido,3362.0287184548542,1898.7392822916904,9,6.0,0.79,0.031,1000.0,28.0,920.792498365538,1627.4908133928777,706.6983150273397,1,0.6068822705098513,164.20137722971413,214.49932362701222,203.60970776484552
2025-02-03,94.5861450750214,100.0,174.9184605348989,cured_embutido,cured_embutido,curing_maturation,fermented_dry_spiced,cured,0.79,0.031,11.0,long,planned_campaign,high,1397.232198309295,0.8732701239433094,0.785754022056967,0.0322882520827353,1835.6207454982016,12.515815667275922,3282.0415550975863,9,446.9867743722839,796.4206696083432,353.06850247347097,353.06850247347097,446.9867743722839,468.2298208243267,cured_embutido,cured_embutido,rm_cured_embutido,3282.0415550975863,1835.6207454982016,9,6.0,0.79,0.031,1000.0,28.0,921.9577394570415,1573.38921042703,651.4314709699886,1,0.6020539754486262,126.96840082764538,165.8611916599984,157.44081702628029
2025-02-10,94.5861450750214,100.0,174.9184605348989,cured_embutido,cured_embutido,curing_maturation,fermented_dry_spiced,cured,0.79,0.031,11.0,long,planned_campaign,high,1436.0502031639176,0.8975313769774484,0.78,0.0335285772901806,1902.819132555485,13.021259865310403,3539.5860573842137,9,412.6738195816615,690.8830013410145,338.5412060626796,338.5412060626796,412.6738195816615,432.28614285728,cured_embutido,cured_embutido,rm_cured_embutido,3539.5860573842137,1902.819132555485,9,6.0,0.79,0.031,1000.0,28.0,1093.1043155271614,1630.9878279047014,537.88351237754,1,0.5817082851920075,0.0,0.0,0.0
2025-02-17,94.5861450750214,100.0,174.9184605348989,cured_embutido,cured_embutido,curing_maturation,fermented_dry_spiced,cured,0.79,0.031,11.0,long,planned_campaign,high,1424.1232909908745,0.8900770568692965,0.78,0.0337417827420395,1887.4048072735477,12.735875050077272,3433.9645420501533,9,425.8937969891048,726.4443529690843,337.1653839728081,337.1653839728081,425.8937969891048,446.1343996910121,cured_embutido,cured_embutido,rm_cured_embutido,3433.9645420501533,1887.4048072735477,9,6.0,0.79,0.031,1000.0,28.0,1007.3012184127351,1617.7755490916122,610.4743306788771,1,0.593234799927929,71.21581431500681,93.03054736712363,88.30760975060845
2025-02-24,94.5861450750214,100.0,174.9184605348989,cured_embutido,cured_embutido,curing_maturation,fermented_dry_spiced,cured,0.79,0.031,11.0,long,planned_campaign,high,1471.893988755377,0.9199337429721106,0.78,0.0380156115050763,1958.7806907802037,12.21647189302713,3418.484179074374,9,453.0454246124587,804.8423056842483,329.29452633068684,329.29452633068684,453.0454246124587,474.5764084171658,cured_embutido,cured_embutido,rm_cured_embutido,3418.484179074374,1958.7806907802037,9,6.0,0.79,0.031,1000.0,28.0,900.0518623569692,1678.954877811603,778.9030154546338,1,0.6139440163656428,219.25138951743247,286.4121820974677,271.87172300161626
2025-03-03,94.5861450750214,100.0,176.35269681051943,cured_embutido,cured_embutido,curing_maturation,fermented_dry_spiced,cured,0.79,0.031,11.0,long,planned_campaign,high,1424.159918655407,0.8900999491596293,0.78,0.0346928887640292,1889.1899234557795,11.43690139537196,3086.639838813436,9,503.5933637537927,960.4163405406184,347.1548463335323,347.1548463335323,503.5933637537927,527.5266383661917,cured_embutido,cured_embutido,rm_cured_embutido,3086.639838813436,1889.1899234557795,9,6.0,0.79,0.031,1000.0,28.0,657.6813657988628,1619.3056486763824,961.6242828775196,1,0.6442479727661905,421.8557333187259,551.0780176858904,523.1011093152201
2025-03-10,94.5861450750214,100.0,176.35269681051943,cured_embutido,cured_embutido,curing_maturation,fermented_dry_spiced,cured,0.79,0.031,11.0,long,planned_campaign,high,1381.7411508537846,0.8635882192836154,0.78,0.0338991118188282,1831.5140367067352,11.779953241675257,3082.164244839605,9,464.7275485479676,810.2268223558696,331.5664828369453,331.5664828369453,464.7275485479676,486.8137252927098,cured_embutido,cured_embutido,rm_cured_embutido,3082.164244839605,1831.5140367067352,9,6.0,0.79,0.031,1000.0,28.0,727.3604833595168,1569.8691743200586,842.5086909605418,1,0.6310384737675343,319.2189661871889,417.0016932335161,395.83151807211425
2025-03-17,94.5861450750214,100.0,176.35269681051943,cured_embutido,cured_embutido,curing_maturation,fermented_dry_spiced,cured,0.79,0.031,11.0,long,planned_campaign,high,1391.9577172610857,0.8699735732881784,0.7826367057831699,0.0314248736439857,1834.43966023432,12.008177715351476,3146.896778311814,9,398.9671589520124,500.8773677639133,274.78402902403275,274.78402902403275,398.9671589520124,417.9280731812068,cured_embutido,cured_embutido,rm_cured_embutido,3146.896778311814,1834.43966023432,9,6.0,0.79,0.031,1000.0,28.0,788.3315008676886,1572.376851629417,784.0453507617283,1,0.6221389788718164,259.91973355192295,339.5379989182675,322.30046960438443
2025-03-24,94.5861450750214,100.0,176.35269681051943,cured_embutido,cured_embutido,curing_maturation,fermented_dry_spiced,cured,0.79,0.031,11.0,long,planned_campaign,high,1430.1886502436828,0.8938679064023017,0.78,0.0343241202122904,1896.511047949872,12.291363905306795,3330.101062969517,9,291.1803849924067,3.816178029191272,170.60240490111272,170.60240490111272,291.1803849924067,305.0187327891708,cured_embutido,cured_embutido,rm_cured_embutido,3330.101062969517,1896.511047949872,9,6.0,0.79,0.031,1000.0,28.0,891.729715605396,1625.5808982427475,733.8511826373515,1,0.6109813975497735,191.99088322310263,250.80127395213992,238.06869519664727
2025-03-31,94.5861450750214,100.0,176.35269681051943,cured_embutido,cured_embutido,curing_maturation,fermented_dry_spiced,cured,0.79,0.031,11.0,long,planned_campaign,high,1399.3109123695476,0.8745693202309672,0.7914333995102558,0.0353122512367703,1830.5061825315624,11.85295674960229,3099.5586587751723,9,215.7613314264157,0.0,38.54418990143202,38.54418990143202,215.7613314264157,226.0153887024561,cured_embutido,cured_embutido,rm_cured_embutido,3099.5586587751723,1830.5061825315624,9,6.0,0.79,0.031,1000.0,28.0,746.0507098060202,1569.0052993127679,822.9545895067477,1,0.6282010969554843,299.95282306915806,391.8339709071835,371.941500605756
2025-04-07,94.5861450750214,100.0,178.9585264531191,fresh_preparation,fresh_preparation,fresh_forming,marinated_short_run,fresh_prepared,0.85,0.027,2.5,short,service_critical,low,1584.0,0.98,0.81685570566955,0.0365899049163536,2010.096027965728,7.137217415092109,2049.4989109720664,4,348.119056614677,199.31830734041517,213.13801836649577,213.13801836649577,348.119056614677,367.2220898464074,fresh_preparation,fresh_preparation,rm_fresh_preparation,2049.4989109720664,2010.096027965728,4,6.0,0.85,0.027,1000.0,7.0,900.8726092773647,1722.9394525420523,822.0668432646876,1,0.6170700392278325,1683.536569535714,2035.5922490003193,2087.5853462242853
2025-04-14,94.5861450750214,100.0,178.9585264531191,fresh_preparation,fresh_preparation,fresh_forming,marinated_short_run,fresh_prepared,0.85,0.027,2.5,short,service_critical,low,1584.0,0.98,0.8161704701000745,0.0339508523436241,2006.66185571684,6.985738121130518,2002.573460242805,2,363.5197293114452,395.5115625700088,340.9534689734077,340.9534689734077,363.5197293114452,383.46787445741074,fresh_preparation,fresh_preparation,rm_fresh_preparation,2002.573460242805,2006.66185571684,2,6.0,0.85,0.027,1000.0,7.0,1429.2415014665648,1719.9958763287198,290.7543748621549,1,0.5421605619140155,1724.084271802755,2084.6191545889064,2137.864497035416
2025-04-21,94.5861450750214,100.0,178.9585264531191,fresh_preparation,fresh_preparation,fresh_forming,marinated_short_run,fresh_prepared,0.85,0.027,2.5,short,service_critical,low,1584.0,0.98,0.8232405548624537,0.0357233247727591,1992.8388327688228,6.707950679169401,1909.694943106683,3,443.1139915728946,534.2744870941972,355.34573984574297,355.34573984574297,443.1139915728946,467.4298718604573,fresh_preparation,fresh_preparation,rm_fresh_preparation,1909.694943106683,1992.8388327688228,3,6.0,0.85,0.027,1000.0,7.0,1055.6211576343303,1708.1475709447054,652.5264133103751,1,0.5943573697569764,1791.2914606068455,2165.8804916351437,2221.201411152488
2025-04-28,94.5861450750214,100.0,178.9585264531191,fresh_preparation,fresh_preparation,fresh_forming,marinated_short_run,fresh_prepared,0.85,0.027,2.5,short,service_critical,low,1584.0,0.98,0.8273172539158691,0.0397976957069646,1990.819775852664,7.557686912337978,2149.427509255044,2,410.2738316445962,574.155041516521,405.1407813259302,405.1407813259302,410.2738316445962,432.7876081560935,fresh_preparation,fresh_preparation,rm_fresh_preparation,2149.427509255044,1990.819775852664,2,6.0,0.85,0.027,1000.0,7.0,1580.6218590114254,1706.4169507308548,125.79509171942937,1,0.5184213702116969,1547.809217328475,1871.4820353406383,1919.283429487309
2025-05-05,94.5861450750214,100.0,182.90675318433068,fresh_preparation,fresh_preparation,fresh_forming,marinated_short_run,fresh_prepared,0.85,0.027,2.5,short,service_critical,low,1584.0,0.98,0.8214583586277728,0.0353648041414887,1996.4710718869912,6.723980687695072,1917.747561558573,3,497.9275244965686,680.5344932645829,420.31649972738353,420.31649972738353,497.9275244965686,525.2512974033178,fresh_preparation,fresh_preparation,rm_fresh_preparation,1917.747561558573,1996.4710718869912,3,6.0,0.85,0.027,1000.0,7.0,1062.117102178434,1711.2609187602782,649.1438165818442,1,0.5937130773954583,1789.9844290886965,2164.3001379465527,2219.580692069984
2025-05-12,94.5861450750214,100.0,182.90675318433068,fresh_preparation,fresh_preparation,fresh_forming,marinated_short_run,fresh_prepared,0.85,0.027,2.5,short,service_critical,low,1584.0,0.98,0.823488969680749,0.0340136261077151,1988.949025497688,7.00546454244282,1990.5016964071783,2,468.7778566621592,690.2053294637723,454.0861912998736,454.0861912998736,468.7778566621592,494.5020415464952,fresh_preparation,fresh_preparation,rm_fresh_preparation,1990.5016964071783,1988.949025497688,2,6.0,0.85,0.027,1000.0,7.0,1422.2305462649817,1704.8134504265895,282.58290416160776,1,0.5413443592867104,1703.2607795170989,2059.441121476451,2112.0433666012027
2025-05-19,94.5861450750214,100.0,182.90675318433068,fresh_preparation,fresh_preparation,fresh_forming,marinated_short_run,fresh_prepared,0.85,0.027,2.5,short,service_critical,low,1584.0,0.98,0.8138258103301651,0.0350524752212756,2014.587274008125,7.369438829230673,2120.91109742135,3,424.8834057046164,522.6595196947209,372.230669320644,372.230669320644,424.8834057046164,448.1988825926573,fresh_preparation,fresh_preparation,rm_fresh_preparation,2120.91109742135,2014.587274008125,3,6.0,0.85,0.027,1000.0,7.0,1257.516551417868,1726.7890920069642,469.27254058909625,1,0.5675249791651966,1620.465268593739,1959.3316832038438,2009.3769330562363
2025-05-26,94.5861450750214,100.0,182.90675318433068,fresh_preparation,fresh_preparation,fresh_forming,marinated_short_run,fresh_prepared,0.85,0.027,2.5,short,service_critical,low,1584.0,0.98,0.8184899538172329,0.0355843542150536,2004.136531458192,6.804229567302395,1948.0864348940995,3,457.7489525386837,561.6633441364681,376.40147486722856,376.40147486722856,457.7489525386837,482.867926309244,fresh_preparation,fresh_preparation,rm_fresh_preparation,1948.0864348940995,2004.136531458192,3,6.0,0.85,0.027,1000.0,7.0,1089.1707785548742,1717.8313126784503,628.6605341235761,1,0.5904828329543866,1773.8814092425428,2144.829707082453,2199.612947460753
2025-06-02,94.5861450750214,100.0,185.07226971538435,fresh_preparation,fresh_preparation,fresh_forming,marinated_short_run,fresh_prepared,0.85,0.027,2.5,short,service_critical,low,1584.0,0.98,0.8169055370834497,0.0350976632386189,2007.0799182286385,7.782690041266478,2231.4972702319947,2,347.08521835655847,385.7317236265618,344.16120812790825,344.16120812790825,347.08521835655847,366.1315197138746,fresh_preparation,fresh_preparation,rm_fresh_preparation,2231.4972702319947,2007.0799182286385,2,6.0,0.85,0.027,1000.0,7.0,1658.0458650238122,1720.3542156245474,62.30835060073514,1,0.509053591951808,1495.9368636211912,1808.7623041184827,1854.9617108902771
2025-06-09,94.5861450750214,100.0,185.07226971538435,fresh_preparation,fresh_preparation,fresh_forming,marinated_short_run,fresh_prepared,0.85,0.027,2.5,short,service_critical,low,1584.0,0.98,0.8136198166002084,0.035337290598647,2015.6518251498017,7.998972566330672,2303.3062360925164,2,335.33870801338185,373.4030869965324,337.4820925525865,337.4820925525865,335.33870801338185,353.7404196156162,fresh_preparation,fresh_preparation,rm_fresh_preparation,2303.3062360925164,2015.6518251498017,2,6.0,0.85,0.027,1000.0,7.0,1727.4057146211444,1727.7015644141156,0.29584979297123937,1,0.5000428097361173,1440.047153471401,1741.1851199702571,1785.6584703045373
2025-06-16,94.5861450750214,100.0,185.07226971538435,fresh_preparation,fresh_preparation,fresh_forming,marinated_short_run,fresh_prepared,0.85,0.027,2.5,short,service_critical,low,1584.0,0.98,0.8216679209360955,0.0325131064061263,1990.4644186230848,7.225182516302021,2054.4955309652537,2,436.4344369614946,626.0628811747973,424.82229378074334,424.82229378074334,436.4344369614946,460.38377668975664,fresh_preparation,fresh_preparation,rm_fresh_preparation,2054.4955309652537,1990.4644186230848,2,6.0,0.85,0.027,1000.0,7.0,1485.791411358658,1706.1123588197868,220.32094746112875,1,0.5322392719686778,1642.0812464776177,1985.4679239194943,2036.1807456322458
2025-06-23,94.5861450750214,100.0,185.07226971538435,fresh_preparation,fresh_preparation,fresh_forming,marinated_short_run,fresh_prepared,0.85,0.027,2.5,short,service_critical,low,1584.0,0.98,0.8122286895135582,0.033474739049828,2015.4717603429365,7.292622343601259,2099.724913196323,3,447.1531940650757,598.2479531793888,393.80043976273294,393.80043976273294,447.1531940650757,471.6907255893967,fresh_preparation,fresh_preparation,rm_fresh_preparation,2099.724913196323,2015.4717603429365,3,6.0,0.85,0.027,1000.0,7.0,1235.9513016207788,1727.5472231510885,491.5959215303096,1,0.5706645333216303,1643.2940702977016,1986.934369503297,2037.68464716915
2025-06-30,94.5861450750214,100.0,185.07226971538435,fresh_preparation,fresh_preparation,fresh_forming,marinated_short_run,fresh_prepared,0.85,0.027,2.5,short,service_critical,low,1584.0,0.98,0.8159112161356501,0.035101329525857,2009.5329902859971,7.877296590250706,2261.383910339456,2,403.1681557034424,599.452772080733,405.4591133629966,405.4591133629966,403.1681557034424,425.2920082476688,fresh_preparation,fresh_preparation,rm_fresh_preparation,2261.383910339456,2009.5329902859971,2,6.0,0.85,0.027,1000.0,7.0,1687.2316274005998,1722.456848816569,35.225221415969145,1,0.5051124638937948,1470.6059287631101,1778.1342467361226,1823.5513516662566
2025-07-07,94.5861450750214,100.0,184.8388093521475,fresh_preparation,fresh_preparation,fresh_forming,marinated_short_run,fresh_prepared,0.85,0.027,2.5,short,service_critical,low,1584.0,0.98,0.8190512248239462,0.0350694640599551,2001.767388142772,7.131933549785802,2039.4959991946475,3,491.2510766630691,726.2279410686498,436.9985465517416,436.9985465517416,491.2510766630691,518.208479494955,fresh_preparation,fresh_preparation,rm_fresh_preparation,2039.4959991946475,2001.767388142772,3,6.0,0.85,0.027,1000.0,7.0,1181.5956899906023,1715.8006184080903,534.204928417488,1,0.5772133819990964,1678.0720073562147,2028.9849553911067,2080.809289121706
2025-07-14,94.5861450750214,100.0,184.8388093521475,fresh_preparation,fresh_preparation,fresh_forming,marinated_short_run,fresh_prepared,0.85,0.027,2.5,short,service_critical,low,1584.0,0.98,0.8178748566561956,0.03426762145028,2003.093626175521,7.090690261168232,2029.045209618704,4,467.8263837938362,573.7627530840349,344.8889302842435,344.8889302842435,467.8263837938362,493.498356604523,fresh_preparation,fresh_preparation,rm_fresh_preparation,2029.045209618704,2003.093626175521,4,6.0,0.85,0.027,1000.0,7.0,884.420280375549,1716.937393864732,832.517113489183,1,0.6189007207036029,1690.9858104215489,2044.5992508573229,2096.8224049227206
2025-07-21,94.5861450750214,100.0,184.8388093521475,fresh_preparation,fresh_preparation,fresh_forming,marinated_short_run,fresh_prepared,0.85,0.027,2.5,short,service_critical,low,1584.0,0.98,0.8227856340088282,0.0350459728278471,1992.636664025321,8.278229695038384,2356.500571936662,3,313.30307523660514,255.58934926360425,298.0793859033284,298.0793859033284,313.30307523660514,330.49558149021385,fresh_preparation,fresh_preparation,rm_fresh_preparation,2356.500571936662,1992.636664025321,3,6.0,0.85,0.027,1000.0,7.0,1502.5134302115243,1707.9742834502752,205.46085323875081,1,0.5300375489112582,1344.110375538934,1625.1863557692207,1666.6968656682782
2025-07-28,94.5861450750214,100.0,184.8388093521475,fresh_preparation,fresh_preparation,fresh_forming,marinated_short_run,fresh_prepared,0.85,0.027,2.5,short,service_critical,low,1559.4330462933203,0.9746456539333253,0.8233861030596114,0.0352409265423279,1960.6705842210984,8.090843251354281,2266.211194924876,2,312.7082929930572,310.429500895897,316.5891832648195,316.5891832648195,312.7082929930572,329.8681605710512,fresh_preparation,fresh_preparation,rm_fresh_preparation,2266.211194924876,1960.6705842210984,2,6.0,0.85,0.027,1000.0,7.0,1706.0195994331336,1680.574786475227,-25.444812957906606,0,0.49621493683269313,1375.034175771449,1662.5768403016132,1705.042377956597
2025-08-04,94.5861450750214,100.0,188.9123493665671,fresh_preparation,fresh_preparation,fresh_forming,marinated_short_run,fresh_prepared,0.85,0.027,2.5,short,service_critical,low,1584.0,0.98,0.8247751949837417,0.037178826913049,1991.9261294741716,7.8254353805363746,2226.812744143152,2,343.6398441716688,393.24429688165617,342.3069800432712,342.3069800432712,343.6398441716688,362.49708062058914,fresh_preparation,fresh_preparation,rm_fresh_preparation,2226.812744143152,1991.9261294741716,2,6.0,0.85,0.027,1000.0,7.0,1657.6909928648174,1707.365253835004,49.67426097018665,1,0.5072730127878737,1472.4786391660236,1780.3985722338718,1825.8735125658693
2025-08-11,94.5861450750214,100.0,188.9123493665671,fresh_preparation,fresh_preparation,fresh_forming,marinated_short_run,fresh_prepared,0.85,0.027,2.5,short,service_critical,low,1584.0,0.98,0.8242095349308507,0.0352015765295479,1989.4932389497,8.019892151966477,2279.360173349009,3,320.7302448905421,254.6473870192082,292.78701427880105,292.78701427880105,320.7302448905421,338.33031707891064,fresh_preparation,fresh_preparation,rm_fresh_preparation,2279.360173349009,1989.4932389497,3,6.0,0.85,0.027,1000.0,7.0,1426.7202137991376,1705.279919099743,278.5597053006054,1,0.5407472601362234,1415.4129847004338,1711.3995341278444,1755.1121010285378
2025-08-18,94.5861450750214,100.0,188.9123493665671,fresh_preparation,fresh_preparation,fresh_forming,marinated_short_run,fresh_prepared,0.85,0.027,2.5,short,service_critical,low,1584.0,0.98,0.8257632511574454,0.0361982064105965,1987.6616653184492,6.2781381439096045,1782.6877883175205,2,483.4890629597838,671.4940041644637,437.8775198454557,437.8775198454557,483.4890629597838,510.02052528970194,fresh_preparation,fresh_preparation,rm_fresh_preparation,1782.6877883175205,1987.6616653184492,2,6.0,0.85,0.027,1000.0,7.0,1214.7844553693922,1703.709998844385,488.92554347499276,1,0.5712558860602153,1908.6838758453139,2307.821626074982,2366.7680060481894
2025-08-25,94.5861450750214,100.0,188.9123493665671,fresh_preparation,fresh_preparation,fresh_forming,marinated_short_run,fresh_prepared,0.85,0.027,2.5,short,service_critical,low,1584.0,0.98,0.8211923263999638,0.0343167993971321,1995.0963465860384,8.276806707205887,2359.003831849326,2,324.38363767744346,366.346123743511,333.3925762260305,333.3925762260305,324.38363767744346,342.1841897949932,fresh_preparation,fresh_preparation,rm_fresh_preparation,2359.003831849326,1995.0963465860384,2,6.0,0.85,0.027,1000.0,7.0,1788.9763042533152,1710.0825827880328,-78.8937214652824,0,0.4884684324309783,1346.175097524745,1627.6828456861679,1669.2571209306839
2025-09-01,94.5861450750214,100.0,189.8908229477804,fresh_preparation,fresh_preparation,fresh_forming,marinated_short_run,fresh_prepared,0.85,0.027,2.5,short,service_critical,low,1584.0,0.98,0.8224138676032666,0.0365441914471969,1996.4230467529123,7.676725211015347,2189.427304980022,3,381.5255091154809,422.5859156993356,341.5541119211242,341.5541119211242,381.5255091154809,402.4617214281929,fresh_preparation,fresh_preparation,rm_fresh_preparation,2189.427304980022,1996.4230467529123,3,6.0,0.85,0.027,1000.0,7.0,1333.8174278002025,1711.2197543596392,377.4023265594367,1,0.5549140428025512,1518.2154961325296,1835.6997716371798,1882.5872152043366
2025-09-08,94.5861450750214,100.0,189.8908229477804,fresh_preparation,fresh_preparation,fresh_forming,marinated_short_run,fresh_prepared,0.85,0.027,2.5,short,service_critical,low,1584.0,0.98,0.8232460548076767,0.0361514605952247,1993.6492911177827,8.047956771468543,2292.1147589121174,2,344.8033284427257,411.821307815972,348.9555994681077,348.9555994681077,344.8033284427257,363.7244110910203,fresh_preparation,fresh_preparation,rm_fresh_preparation,2292.1147589121174,1993.6492911177827,2,6.0,0.85,0.027,1000.0,7.0,1722.5006757356082,1708.8422495295279,-13.658426206080321,0,0.49800181182661635,1410.3767817351932,1705.3101768154202,1748.8672093516395
2025-09-15,94.5861450750214,100.0,189.8908229477804,fresh_preparation,fresh_preparation,fresh_forming,marinated_short_run,fresh_prepared,0.85,0.027,2.5,short,service_critical,low,1584.0,0.98,0.821766626789564,0.0371316340063596,1999.1277994388083,7.673785008534919,2191.553848211276,3,361.8633179568969,358.4201498346446,318.47630692959297,318.47630692959297,361.8633179568969,381.7205675297816,fresh_preparation,fresh_preparation,rm_fresh_preparation,2191.553848211276,1999.1277994388083,3,6.0,0.85,0.027,1000.0,7.0,1334.7847913089297,1713.5381138046928,378.7533224957631,1,0.5550350702577046,1521.112065032225,1839.2020615830058,1886.178960639959
2025-09-22,94.5861450750214,100.0,189.8908229477804,fresh_preparation,fresh_preparation,fresh_forming,marinated_short_run,fresh_prepared,0.85,0.027,2.5,short,service_critical,low,1584.0,0.98,0.8196112227603316,0.0368269209248889,2003.796186701644,7.470842835873196,2138.5780551385724,2,378.5129836096175,469.3565807278269,369.7366164192844,369.7366164192844,378.5129836096175,399.28388358519527,fresh_preparation,fresh_preparation,rm_fresh_preparation,2138.5780551385724,2003.796186701644,2,6.0,0.85,0.027,1000.0,7.0,1566.0648589381026,1717.5395886014092,151.47472966330656,1,0.522033935396,1582.7577201644808,1913.7388551653235,1962.6195730039562
2025-09-29,94.5861450750214,100.0,189.8908229477804,fresh_preparation,fresh_preparation,fresh_forming,marinated_short_run,fresh_prepared,0.85,0.027,2.5,short,service_critical,low,1584.0,0.98,0.8198702298626408,0.0365774712457622,2002.681222769089,7.276302413647869,2081.730602143141,3,404.98745406149743,459.5504537829106,343.7385514902934,343.7385514902934,404.98745406149743,427.2111406031221,fresh_preparation,fresh_preparation,rm_fresh_preparation,2081.730602143141,2002.681222769089,3,6.0,0.85,0.027,1000.0,7.0,1223.4386495278172,1716.5839052306476,493.14525570283035,1,0.5713308197303645,1637.5345258565953,1979.9704079035068,2030.5428120621782
2025-10-06,94.5861450750214,100.0,192.5155354138772,fresh_preparation,fresh_preparation,fresh_forming,marinated_short_run,fresh_prepared,0.85,0.027,2.5,short,service_critical,low,1584.0,0.98,0.81792976640668,0.0352031651826844,2004.7709241016569,7.600031299124434,2176.6173958210293,2,430.1687462687652,657.5355063312129,427.1018948162992,427.1018948162992,430.1687462687652,453.7742562202637,fresh_preparation,fresh_preparation,rm_fresh_preparation,2176.6173958210293,2004.7709241016569,2,6.0,0.85,0.027,1000.0,7.0,1603.8257032205559,1718.3750778014203,114.54937458086442,1,0.5166591938870744,1546.528606082048,1869.933626844868,1917.6954715417396
2025-10-13,94.5861450750214,100.0,192.5155354138772,fresh_preparation,fresh_preparation,fresh_forming,marinated_short_run,fresh_prepared,0.85,0.027,2.5,short,service_critical,low,1584.0,0.98,0.8228864673196392,0.0358898784540889,1994.0169545088784,7.19269592764998,2048.908232623004,2,600.9921242473483,1172.2175023254078,598.2930953799344,598.2930953799344,600.9921242473483,633.9715670654216,fresh_preparation,fresh_preparation,rm_fresh_preparation,2048.908232623004,1994.0169545088784,2,6.0,0.85,0.027,1000.0,7.0,1479.1891027633246,1709.1573895790386,229.968286815714,1,0.5335870136772836,1654.2661114649131,2000.2008481529692,2051.2899782164923
2025-10-20,94.5861450750214,100.0,192.5155354138772,fresh_preparation,fresh_preparation,fresh_forming,marinated_short_run,fresh_prepared,0.85,0.027,2.5,short,service_critical,low,1584.0,0.98,0.8208239393036593,0.037527017856903,2002.1867267657165,7.900470333031778,2259.7452622860783,3,684.8642334156714,1512.5699996913038,676.4648520758625,676.4648520758625,684.8642334156714,722.4461582243564,fresh_preparation,fresh_preparation,rm_fresh_preparation,2259.7452622860783,2002.1867267657165,3,6.0,0.85,0.027,1000.0,7.0,1401.6652365293426,1716.1600515134712,314.49481498412865,1,0.5456859540580407,1458.6015159931094,1763.6195102993886,1808.6658798314556
2025-10-27,94.5861450750214,100.0,192.5155354138772,fresh_preparation,fresh_preparation,fresh_forming,marinated_short_run,fresh_prepared,0.85,0.027,2.5,short,service_critical,low,1584.0,0.98,0.8185473049974529,0.0340958508611944,2001.1156566806228,6.427870686261391,1837.5589527708696,3,1055.525356688279,2420.687190071716,1044.1894372345062,1044.1894372345062,1055.525356688279,1113.4473106365488,fresh_preparation,fresh_preparation,rm_fresh_preparation,1837.5589527708696,2001.1156566806228,3,6.0,0.85,0.027,1000.0,7.0,979.9379570506027,1715.2419914405339,735.3040343899312,1,0.6055603837660946,1878.798695350287,2271.686954053911,2329.710382234356
2025-11-03,94.5861450750214,100.0,194.8286812922718,cured_embutido,cured_embutido,curing_maturation,fermented_dry_spiced,cured,0.79,0.031,11.0,long,planned_campaign,high,1471.484934763478,0.9196780842271738,0.78,0.0354746742856687,1953.4427994108728,11.380385124701268,3175.8473394814723,9,658.0941512653599,1451.0451493237383,513.1144408089882,513.1144408089882,658.0941512653599,689.3700758042461,cured_embutido,cured_embutido,rm_cured_embutido,3175.8473394814723,1953.4427994108728,9,6.0,0.79,0.031,1000.0,28.0,664.2780259532074,1674.3795423521767,1010.1015163989694,1,0.6464038786449723,451.9750022815774,590.4233808592669,560.449002829156
2025-11-10,94.5861450750214,100.0,194.8286812922718,cured_embutido,cured_embutido,curing_maturation,fermented_dry_spiced,cured,0.79,0.031,11.0,long,planned_campaign,high,1430.182669262315,0.8938641682889467,0.78,0.0356100524725151,1898.8609604615733,12.932224590863822,3508.0709153589223,9,503.4601413154581,1031.8252367474952,432.3516238118451,432.3516238118451,503.4601413154581,527.3870845314752,cured_embutido,cured_embutido,rm_cured_embutido,3508.0709153589223,1898.8609604615733,9,6.0,0.79,0.031,1000.0,28.0,1066.678251908328,1627.595108967063,560.9168570587349,1,0.5853145793338461,18.38515406971419,24.01686989028777,22.797591046445596
2025-11-17,94.5861450750214,100.0,194.8286812922718,cured_embutido,cured_embutido,curing_maturation,fermented_dry_spiced,cured,0.79,0.031,11.0,long,planned_campaign,high,1453.4397410785275,0.90839983817408,0.78,0.0369135500755405,1932.1684124905264,11.3296823636344,3127.264912366484,9,598.9792932219278,1232.338924890788,446.02222434126514,446.02222434126514,598.9792932219278,627.4457841323,cured_embutido,cured_embutido,rm_cured_embutido,3127.264912366484,1932.1684124905264,9,6.0,0.79,0.031,1000.0,28.0,643.0483820215218,1656.1443535633084,1013.0959715417866,1,0.6483329676071323,461.04785368735065,602.2754159806543,571.6993385723148
2025-11-24,94.5861450750214,100.0,194.8286812922718,cured_embutido,cured_embutido,curing_maturation,fermented_dry_spiced,cured,0.79,0.031,11.0,long,planned_campaign,high,1485.9179349424371,0.9286987093390232,0.78,0.0356019627884658,1972.845551242272,11.562120407939748,3258.611115675916,9,547.6482754468387,1059.2937971971503,396.9714854746217,396.9714854746217,547.6482754468387,573.6752597374498,cured_embutido,cured_embutido,rm_cured_embutido,3258.611115675916,1972.845551242272,9,6.0,0.79,0.031,1000.0,28.0,722.0954069358518,1691.010472493376,968.9150655575243,1,0.6394504941902001,405.24490805973164,529.3789866360095,502.5036859940672
2025-12-01,94.5861450750214,100.0,194.54028907886155,cured_embutido,cured_embutido,curing_maturation,fermented_dry_spiced,cured,0.79,0.031,11.0,long,planned_campaign,high,1488.7770797421774,0.9304856748388608,0.78,0.0372034011764078,1979.6982701308548,11.182566168776397,3162.5866999929217,9,574.6179764024808,1127.3729689502438,403.6158198081445,403.6158198081445,574.6179764024808,601.9266957310087,cured_embutido,cured_embutido,rm_cured_embutido,3162.5866999929217,1979.6982701308548,9,6.0,0.79,0.031,1000.0,28.0,617.2603526818225,1696.8842315407326,1079.62387885891,1,0.6539027809383583,513.9958016786654,671.4423086291041,637.3547940815452
2025-12-08,94.5861450750214,100.0,194.54028907886155,cured_embutido,cured_embutido,curing_maturation,fermented_dry_spiced,cured,0.79,0.031,11.0,long,planned_campaign,high,1489.7051827571518,0.93106573922322,0.78,0.0371982824568775,1980.922637080547,11.913622132517936,3371.4233959898,9,526.3802804865977,1017.6709089335724,391.634947573319,391.634947573319,526.3802804865977,551.3965033167233,cured_embutido,cured_embutido,rm_cured_embutido,3371.4233959898,1980.922637080547,9,6.0,0.79,0.031,1000.0,28.0,824.5228626005255,1697.933688926183,873.4108263256576,1,0.625836505627069,307.4329300169302,401.60537421709734,381.2168332209934
2025-12-15,94.5861450750214,100.0,194.54028907886155,cured_embutido,cured_embutido,curing_maturation,fermented_dry_spiced,cured,0.79,0.031,11.0,long,planned_campaign,high,1499.377013517828,0.9371106334486424,0.78,0.03330330119209,1986.2964330762932,11.270355794701125,3198.038216359368,9,570.0732314892348,1131.125310758489,401.3766378034277,401.3766378034277,570.0732314892348,597.1659618157607,cured_embutido,cured_embutido,rm_cured_embutido,3198.038216359368,1986.2964330762932,9,6.0,0.79,0.031,1000.0,28.0,644.2285166898482,1702.5397997796797,1058.3112830898315,1,0.6505840309015265,490.79801649660476,641.1386088968201,608.5895404557899
2025-12-22,94.5861450750214,100.0,194.54028907886155,cured_embutido,cured_embutido,curing_maturation,fermented_dry_spiced,cured,0.79,0.031,11.0,long,planned_campaign,high,1498.266373611265,0.9364164835070404,0.78,0.0372547598231373,1992.4152916810715,11.600748167902212,3301.929720667077,9,541.9101261465776,1066.9332138354594,388.10740590535903,388.10740590535903,541.9101261465776,567.6644048916937,cured_embutido,cured_embutido,rm_cured_embutido,3301.929720667077,1992.4152916810715,9,6.0,0.79,0.031,1000.0,28.0,740.2529170771281,1707.7845357266326,967.5316186495045,1,0.6379648709699685,398.27010674062694,520.2676734995323,493.8549323583774
2025-12-29,94.5861450750214,100.0,194.54028907886155,cured_embutido,cured_embutido,curing_maturation,fermented_dry_spiced,cured,0.79,0.031,11.0,long,planned_campaign,high,1449.720674585158,0.9060754216157236,0.78,0.0356347010772071,1924.8474839351888,12.221434650407485,3360.62824813074,9,491.566502119258,930.8822686120697,376.0206635437649,376.0206635437649,491.566502119258,514.9282001324758,cured_embutido,cured_embutido,rm_cured_embutido,3360.62824813074,1924.8474839351888,9,6.0,0.79,0.031,1000.0,28.0,885.8243402140688,1649.8692719444475,764.0449317303787,1,0.6137479551187175,214.08850774889652,279.66781328643197,265.4697496086317
2026-01-05,94.5861450750214,100.0,186.04301850516703,cured_embutido,cured_embutido,curing_maturation,fermented_dry_spiced,cured,0.79,0.031,11.0,long,planned_campaign,high,1444.7242198550878,0.90295263740943,0.78,0.0354491907653961,1917.869902984768,11.492744955429751,3148.7985218141057,9,545.8724486462488,1069.1089685725733,395.9106246723483,395.9106246723483,545.8724486462488,571.8150367681618,cured_embutido,cured_embutido,rm_cured_embutido,3148.7985218141057,1917.869902984768,9,6.0,0.79,0.031,1000.0,28.0,682.9657894051184,1643.8884882726582,960.9226988675398,1,0.642111966084673,412.9598694433207,539.4571846786074,512.0702381097177
2026-01-12,94.5861450750214,100.0,186.04301850516703,cured_embutido,cured_embutido,curing_maturation,fermented_dry_spiced,cured,0.79,0.031,11.0,long,planned_campaign,high,1514.8574270666188,0.9467858919166368,0.78,0.0411220173343611,2021.9890005660743,12.385169678277776,3577.525265660304,9,475.60350726066287,877.7118607921519,358.63011150543764,358.63011150543764,475.60350726066287,498.2065639432259,cured_embutido,cured_embutido,rm_cured_embutido,3577.525265660304,2021.9890005660743,9,6.0,0.79,0.031,1000.0,28.0,977.8251220753514,1733.1334290566351,755.3083069812837,1,0.6072590063121613,177.59716396240538,231.9984898465146,220.22048331338266
2026-01-19,94.5861450750214,100.0,186.04301850516703,cured_embutido,cured_embutido,curing_maturation,fermented_dry_spiced,cured,0.79,0.031,11.0,long,planned_campaign,high,1420.335864814303,0.8877099155089394,0.78,0.0324617235447462,1880.054378203324,12.405340596054856,3331.816414388052,9,472.4410331921158,864.8695657645495,370.82442027673727,370.82442027673727,472.4410331921158,494.8937932945712,cured_embutido,cured_embutido,rm_cured_embutido,3331.816414388052,1880.054378203324,9,6.0,0.79,0.031,1000.0,28.0,914.6036424123499,1611.475181317135,696.871538904785,1,0.6064569389816091,159.71314513240668,208.63626227274193,198.0442999641843
2026-01-26,94.5861450750214,100.0,186.04301850516703,cured_embutido,cured_embutido,curing_maturation,fermented_dry_spiced,cured,0.79,0.031,11.0,long,planned_campaign,high,1479.1100197735957,0.9244437623584972,0.78,0.0353562711932043,1963.3408137914057,12.544976663550218,3518.58067022984,9,467.4790749295199,839.305649360546,366.3488508486113,366.3488508486113,467.4790749295199,489.69601796554537,cured_embutido,cured_embutido,rm_cured_embutido,3518.58067022984,1963.3408137914057,9,6.0,0.79,0.031,1000.0,28.0,994.2853382123185,1682.8635546783478,688.5782164660293,1,0.6008889770890339,127.62369823991367,166.71721889970564,158.25338581749295
2026-02-02,94.5861450750214,100.0,186.04301850516703,cured_embutido,cured_embutido,curing_maturation,fermented_dry_spiced,cured,0.79,0.031,11.0,long,planned_campaign,high,1456.874532677813,0.9105465829236332,0.78,0.0309820369214702,1925.655734922034,11.996327603669464,3300.113864001373,9,510.54111165706223,947.688831709862,387.4277521313966,387.4277521313966,510.54111165706223,534.8045779885641,cured_embutido,cured_embutido,rm_cured_embutido,3300.113864001373,1925.655734922034,9,6.0,0.79,0.031,1000.0,28.0,824.270776244472,1650.5620585046006,826.2912822601286,1,0.6226031582121283,276.10392942526187,360.6797160393226,342.3688724873247
2026-02-09,94.5861450750214,100.0,186.04301850516703,cured_embutido,cured_embutido,curing_maturation,fermented_dry_spiced,cured,0.79,0.031,11.0,long,planned_campaign,high,1504.1671656193637,0.9401044785121024,0.78,0.0369441741820976,1999.6633069038428,13.856758452904714,3958.407347271888,9,385.80259454344696,585.5664905519445,355.675804949061,355.675804949061,385.80259454344696,404.1378628491243,cured_embutido,cured_embutido,rm_cured_embutido,3958.407347271888,1999.6633069038428,9,6.0,0.79,0.031,1000.0,28.0,1387.4116669669475,1713.997120203294,326.58545323634644,1,0.5474914675175098,0.0,0.0,0.0
2026-02-16,94.5861450750214,100.0,186.04301850516703,cured_embutido,cured_embutido,curing_maturation,fermented_dry_spiced,cured,0.79,0.031,11.0,long,planned_campaign,high,1486.6104630036243,0.9291315393772652,0.78,0.0364837764059407,1975.4456753058728,12.54472322464389,3540.202748861702,9,472.2920705371624,822.5094368322161,373.47676441186456,373.47676441186456,472.2920705371624,494.7377511894411,cured_embutido,cured_embutido,rm_cured_embutido,3540.202748861702,1975.4456753058728,9,6.0,0.79,0.031,1000.0,28.0,1000.3440234684372,1693.2391502621765,692.8951267937393,1,0.6008991070586889,128.48207670634747,167.8385347106471,159.31777511587086
2026-02-23,94.5861450750214,100.0,186.04301850516703,cured_embutido,cured_embutido,curing_maturation,fermented_dry_spiced,cured,0.79,0.031,11.0,long,planned_campaign,high,1575.3571483891294,0.98,0.78,0.0391800456473314,2098.8201453511097,12.106929581362738,3630.038243387342,9,496.20534824482775,882.8370879128646,358.60224912584914,358.60224912584914,496.20534824482775,519.7875074201633,cured_embutido,cured_embutido,rm_cured_embutido,3630.038243387342,2098.8201453511097,9,6.0,0.79,0.031,1000.0,28.0,931.5551993644867,1798.9886960152367,867.4334966507499,1,0.6182621408270333,267.7705979790044,349.79372964298886,332.0355414939654
2026-03-02,94.5861450750214,100.0,186.04301850516703,cured_embutido,cured_embutido,curing_maturation,fermented_dry_spiced,cured,0.79,0.031,11.0,long,planned_campaign,high,1535.12807288323,0.9594550455520188,0.78,0.0412340197982086,2049.266120811901,11.3864483582696,3333.408979568026,9,542.5879830281314,1023.96472389318,369.5540754023372,369.5540754023372,542.5879830281314,568.3744769215433,cured_embutido,cured_embutido,rm_cured_embutido,3333.408979568026,2049.266120811901,9,6.0,0.79,0.031,1000.0,28.0,698.6382528098675,1756.5138178387726,1057.8755650289052,1,0.6461728697436598,472.3709590826479,617.0669998858904,585.7399892624834
2026-03-09,94.5861450750214,100.0,186.04301850516703,cured_embutido,cured_embutido,curing_maturation,fermented_dry_spiced,cured,0.79,0.031,11.0,long,planned_campaign,high,1455.419254591753,0.9096370341198456,0.78,0.037875364506565,1936.5946017554984,11.853767531194157,3279.420315910744,9,526.2846943699552,1001.8307148521676,393.1343752381064,393.1343752381064,526.2846943699552,551.2963744698874,cured_embutido,cured_embutido,rm_cured_embutido,3279.420315910744,1936.5946017554984,9,6.0,0.79,0.031,1000.0,28.0,789.5129707965316,1659.9382300761415,870.4252592796099,1,0.6281695347787746,317.1125159208955,414.2499979371863,393.2195197419104
2026-03-16,94.5861450750214,100.0,186.04301850516703,cured_embutido,cured_embutido,curing_maturation,fermented_dry_spiced,cured,0.79,0.031,11.0,long,planned_campaign,high,1547.6914624683886,0.9673071640427428,0.78,0.0396258753809923,2062.846271138957,12.767799192858662,3762.572422234212,9,462.5553735850612,829.2728578450672,364.8262606333322,364.8262606333322,462.5553735850612,484.5383177146912,cured_embutido,cured_embutido,rm_cured_embutido,3762.572422234212,2062.846271138957,9,6.0,0.79,0.031,1000.0,28.0,1110.3415021984097,1768.1539466905347,657.812444492125,1,0.5919502444230641,68.4277955952798,89.38850647970608,84.85046653814696
2026-03-23,94.5861450750214,100.0,186.04301850516703,cured_embutido,cured_embutido,curing_maturation,fermented_dry_spiced,cured,0.79,0.031,11.0,long,planned_campaign,high,1483.1253647377491,0.9269533529610932,0.78,0.0364085916881831,1970.671628929325,12.937723776094405,3642.286455496231,9,411.9485694517741,610.4395145995089,328.99415121102777,328.99415121102777,411.9485694517741,431.5264252149697,cured_embutido,cured_embutido,rm_cured_embutido,3642.286455496231,1970.671628929325,9,6.0,0.79,0.031,1000.0,28.0,1108.5657897299561,1689.1471105108499,580.5813207808937,1,0.5850921002760077,17.53228394394364,22.902749727558934,21.740032090490114
2026-03-30,94.5861450750214,100.0,186.04301850516703,cured_embutido,cured_embutido,curing_maturation,fermented_dry_spiced,cured,0.79,0.031,11.0,long,planned_campaign,high,1492.5475941086618,0.9328422463179136,0.78,0.0395408084994937,1989.1847855175545,12.79900046698278,3637.08242839346,9,347.88920744380647,277.35839632828475,252.7341598523992,252.7341598523992,347.88920744380647,364.4226420275734,cured_embutido,cured_embutido,rm_cured_embutido,3637.08242839346,1989.1847855175545,9,6.0,0.79,0.031,1000.0,28.0,1079.559132728033,1705.015530443618,625.4563977155849,1,0.59069356027158,57.11788756771239,74.61416254224294,70.82618058396336
2026-04-06,94.5861450750214,100.0,186.04301850516703,cured_embutido,cured_embutido,curing_maturation,fermented_dry_spiced,cured,0.79,0.031,11.0,long,planned_campaign,high,1532.7078015037564,0.9579423759398478,0.78,0.0388921708968695,2041.4335067369304,12.383118390756414,3611.330400111491,9,272.40880471010223,0.0,131.20559691020776,131.20559691020776,272.40880471010223,285.3550331539499,cured_embutido,cured_embutido,rm_cured_embutido,3611.330400111491,2041.4335067369304,9,6.0,0.79,0.031,1000.0,28.0,986.6301771640092,1749.8001486316548,763.1699714676456,1,0.6073405404639337,179.90325525709432,235.01097994421278,223.08003651879696
2026-04-13,94.5861450750214,100.0,186.04301850516703,cured_embutido,cured_embutido,curing_maturation,fermented_dry_spiced,cured,0.79,0.031,11.0,long,planned_campaign,high,1494.75952995814,0.9342247062238376,0.78,0.0359313805300337,1985.2157736281545,11.1586068829413,3164.6060565329653,9,230.0313137614628,0.0,0.0,0.0,230.0313137614628,240.96355194797636,cured_embutido,cured_embutido,rm_cured_embutido,3164.6060565329653,1985.2157736281545,9,6.0,0.79,0.031,1000.0,28.0,612.18577615391,1701.613520252704,1089.427744098794,1,0.6548059447226973,522.2232373478928,682.1899613955309,647.556814311387
2026-04-20,94.5861450750214,100.0,186.04301850516703,fresh_preparation,fresh_preparation,fresh_forming,marinated_short_run,fresh_prepared,0.85,0.027,2.5,short,service_critical,low,1584.0,0.98,0.8171209592584741,0.0319675026450309,2000.4829219815128,7.824300097414045,2236.0541030478694,3,272.93488187601287,71.81006677828427,229.1803738111365,229.1803738111365,272.93488187601287,287.91218351895907,fresh_preparation,fresh_preparation,rm_fresh_preparation,2236.0541030478694,2000.4829219815128,3,6.0,0.85,0.027,1000.0,7.0,1378.7042793415067,1714.6996474127252,335.99536807121854,1,0.5488313501821358,1479.128466346369,1788.4389895972056,1834.1192982694974
2026-04-27,94.5861450750214,100.0,186.04301850516703,fresh_preparation,fresh_preparation,fresh_forming,marinated_short_run,fresh_prepared,0.85,0.027,2.5,short,service_critical,low,1584.0,0.98,0.824848609583907,0.0345173710122086,1986.6379074215383,6.7871615798868445,1926.233211199752,3,378.5729991745551,348.3712978274779,284.993229545688,284.993229545688,378.5729991745551,399.3471925042588,fresh_preparation,fresh_preparation,rm_fresh_preparation,1926.233211199752,1986.6379074215383,3,6.0,0.85,0.027,1000.0,7.0,1074.81696516195,1702.8324920756043,628.0155269136542,1,0.5911705319480519,1763.2371882973903,2131.9596013510554,2186.414113488764
2026-05-04,94.5861450750214,100.0,186.04301850516703,fresh_preparation,fresh_preparation,fresh_forming,marinated_short_run,fresh_prepared,0.85,0.027,2.5,short,service_critical,low,1584.0,0.98,0.8183120218410531,0.0369092872343452,2007.1369687126887,6.639520290690188,1903.775232851756,2,443.5213341633453,597.6130633534918,411.4244875964547,411.4244875964547,443.5213341633453,467.85956737555887,fresh_preparation,fresh_preparation,rm_fresh_preparation,1903.775232851756,2007.1369687126887,2,6.0,0.85,0.027,1000.0,7.0,1330.3075275052736,1720.4031160394475,390.0955885341739,1,0.5564450226974734,1823.7648519003799,2205.1446126599117,2261.468416356471
2026-05-11,94.5861450750214,100.0,186.04301850516703,fresh_preparation,fresh_preparation,fresh_forming,marinated_short_run,fresh_prepared,0.85,0.027,2.5,short,service_critical,low,1584.0,0.98,0.8220971575976677,0.0399530773790861,2003.7603333676163,7.675498217464986,2197.122695284312,3,364.0485944486121,353.6604292429162,320.17435345689114,320.17435345689114,364.0485944486121,384.0257610689797,fresh_preparation,fresh_preparation,rm_fresh_preparation,2197.122695284312,2003.7603333676163,3,6.0,0.85,0.027,1000.0,7.0,1338.3682666981908,1717.5088571722426,379.1405904740518,1,0.5549645502892858,1524.1464952555466,1842.8710419630575,1889.9416541168778
2026-05-18,94.5861450750214,100.0,186.04301850516703,fresh_preparation,fresh_preparation,fresh_forming,marinated_short_run,fresh_prepared,0.85,0.027,2.5,short,service_critical,low,1584.0,0.98,0.816108190285041,0.0355232206923789,2009.8668302836588,7.845922675080494,2252.751391087817,2,326.7737385146197,322.09611881906136,324.47902076430586,324.47902076430586,326.7737385146197,344.70544741560946,fresh_preparation,fresh_preparation,rm_fresh_preparation,2252.751391087817,2009.8668302836588,2,6.0,0.85,0.027,1000.0,7.0,1678.5037252924858,1722.7429973859932,44.23927209350745,1,0.5064195357675677,1479.8584365818351,1789.321608828771,1835.0244613614755
