{
  "Year": 2015.0,
  "Month": 7.0,
  "Quarter": 3.0,
  "Week_of_Year": 27.0,
  "prec": 2.2,
  "tmed": 14.4,
  "tmin": 8.71,
  "tmax": 20.13,
  "Fertilizers index": 107.49712286152666,
  "Seeds index": 97.5453968566019,
  "prec_lag_1w": 2.2,
  "prec_lag_2w": 2.2,
  "prec_lag_4w": 2.1,
  "prec_lag_8w": 2.1,
  "tmin_lag_1w": 8.74,
  "tmin_lag_2w": 8.75,
  "tmin_lag_4w": 8.77,
  "tmin_lag_8w": 8.795,
  "tmed_lag_1w": 14.43,
  "tmed_lag_2w": 14.44,
  "tmed_lag_4w": 14.48,
  "tmed_lag_8w": 14.53,
  "tmax_lag_1w": 20.16,
  "tmax_lag_2w": 20.19,
  "tmax_lag_4w": 20.21,
  "tmax_lag_8w": 20.27,
  "prec_rolling_mean_4w": 6.6,
  "prec_rolling_mean_12w": 7.8,
  "tmin_rolling_mean_4w": 8.725,
  "tmin_rolling_mean_12w": 8.885833333333334,
  "tmed_rolling_mean_4w": 14.427500000000002,
  "tmed_rolling_mean_12w": 14.73,
  "tmax_rolling_mean_4w": 20.2125,
  "tmax_rolling_mean_12w": 20.55666666666667,
  "prec_rolling_sum_4w": 26.4,
  "prec_rolling_sum_12w": 93.5,
  "prec_anomaly": -0.4133013378097731,
  "tmed_anomaly": -0.1607227017488747,
  "fertilizers_lag_0w": 107.49712286152666,
  "fertilizers_lag_4w": 107.30022880895284,
  "fertilizers_lag_8w": 107.30022880895284,
  "fertilizers_lag_12w": 107.30022880895284,
  "seeds_lag_0w": 97.5453968566019,
  "seeds_lag_4w": 97.5453968566019,
  "seeds_lag_8w": 96.16869028526496,
  "seeds_lag_12w": 96.16869028526496,
  "fertilizers_rolling_mean_12w": 107.4632751915259,
  "fertilizers_rolling_mean_26w": 107.30319843509808,
  "seeds_rolling_mean_12w": 96.54871866172776,
  "seeds_rolling_mean_26w": 95.46967340703009,
  "fertilizers_x_product_Durum wheat": 0.0,
  "fertilizers_x_product_Feed barley": 0.0,
  "fertilizers_x_product_Feed maize": 0.0,
  "fertilizers_x_product_Feed wheat": 0.0,
  "fertilizers_x_product_Malting barley": 0.0,
  "fertilizers_x_product_Milling wheat": 0.0,
  "seeds_x_product_Durum wheat": 0.0,
  "seeds_x_product_Feed barley": 0.0,
  "seeds_x_product_Feed maize": 0.0,
  "seeds_x_product_Feed wheat": 0.0,
  "seeds_x_product_Malting barley": 0.0,
  "seeds_x_product_Milling wheat": 0.0,
  "week_index": 335.0,
  "month_sin": -2.4492935982947064e-16,
  "month_cos": 6.123233995736766e-17,
  "week_sin": -3.216245299353273e-16,
  "week_cos": -1.6081226496766364e-16,
  "price_lag_1w": 190.0,
  "price_lag_2w": 190.0,
  "price_lag_4w": 190.0,
  "price_lag_8w": 190.0,
  "price_rolling_mean_4w": 189.75,
  "price_rolling_mean_12w": 189.08333333333331,
  "price_rolling_std_4w": 1.907004632051698
}