timestamp,cycle_id,temp_zona1,temp_zona2,temp_zona3,temp_salida_gases,presion_camara,presion_ventilacion,potencia_kw,flujo_gas,humedad_relativa,temp_ambiente,setpoint_temp,posicion_valvula,velocidad_ventilador
2026-01-01 12:00:00,CYCLE_NORMAL,20.0,20.0,20.0,20.0,0.33599597462382036,7.7931972332891775,36.22988725747155,17.802892079855813,100.0,12.472941495740384,60.0,79.52896990821287,1303.6504812901617
2026-01-01 12:01:00,CYCLE_NORMAL,20.0,20.0,20.0,20.0,0.4395118702635286,8.943843828670095,35.08444330481987,17.890084869518443,100.0,12.47303258934664,61.008403361344534,79.55793486373868,1299.165859328651
2026-01-01 12:02:00,CYCLE_NORMAL,20.0,20.0,20.0,20.0,1.04405243381225,8.278276562266878,35.63734522780963,18.190174290385542,100.0,12.472181049366862,62.016806722689076,79.5567903908629,1294.7193659453087
2026-01-01 12:03:00,CYCLE_NORMAL,20.0,20.0,20.0,20.0,0.9651635256211379,7.332259215450055,34.7775612113356,18.126837785099532,100.0,12.472187322523046,63.02521008403362,79.91437556249342,1285.6303113567662
2026-01-01 12:04:00,CYCLE_NORMAL,20.0,20.0,20.0,20.0,0.19415924236709892,8.243018144708818,34.868222686048526,18.434947237576615,100.0,12.470655787207802,64.03361344537815,79.16715157308413,1286.6770670434855
2026-01-01 12:05:00,CYCLE_NORMAL,20.165311842040165,20.0,20.0,20.0,0.853961742170475,7.226348005530817,36.06935895277685,17.849242734646012,100.0,12.4718060546037,65.04201680672269,78.36685101216142,1288.1461593353633
2026-01-01 12:06:00,CYCLE_NORMAL,20.03541751117772,20.0,20.0,20.0,0.8694693865155448,8.541345526943537,34.69445595374135,18.332831307646707,100.0,12.471600770584205,66.05042016806723,79.56163056190304,1281.7252532998841
2026-01-01 12:07:00,CYCLE_NORMAL,22.6042554338458,24.040103221996336,24.636008806700307,20.0,0.30257983690362633,7.76443767409106,35.33910703337448,18.36302450193544,100.0,12.47271932052846,67.05882352941177,78.40498434495719,1283.1663790164655
2026-01-01 12:08:00,CYCLE_NORMAL,22.75147875741068,24.426152109743832,22.481610772982755,20.0,0.9137005200172146,7.953181905630415,35.69268535420636,18.62100077188853,100.0,12.472192788841364,68.0672268907563,78.62610197132165,1282.5589064083697
2026-01-01 12:09:00,CYCLE_NORMAL,24.103100891744308,24.97027499093607,24.580490358673526,20.0,1.1504552057758666,8.662898323771095,35.82312608211243,18.64869296931038,100.0,12.471669212852957,69.07563025210084,78.71066321145355,1281.1609359129484
2026-01-01 12:10:00,CYCLE_NORMAL,26.306727929150842,26.769002221522054,25.987617817921898,20.657529931612807,0.3733205917401213,7.356418215707875,35.73288016344409,18.999904890432937,100.0,12.470905026066319,70.08403361344537,78.41913294029384,1269.885198535136
2026-01-01 12:11:00,CYCLE_NORMAL,25.07483351692523,26.478516287089867,29.361345729514582,21.255224152570104,0.4558415906705109,7.301440907443505,36.16186161655671,18.55250239356715,100.0,12.471781199998013,71.09243697478992,78.69835027796242,1281.0554917829409
2026-01-01 12:12:00,CYCLE_NORMAL,26.655265018741936,32.16006879329777,29.37122680380714,20.0,1.0573992803891852,7.708200336826998,36.42411681483522,19.017501656610687,100.0,12.471071768840684,72.10084033613445,78.22269484900731,1272.8178165378804
2026-01-01 12:13:00,CYCLE_NORMAL,29.404817989911393,30.7762951100375,32.66018684554237,21.03703712541208,0.8545578369451734,8.519189425509659,36.53321950206552,19.204104259432256,100.0,12.4717163642731,73.10924369747899,77.3844712605716,1267.2200341416262
2026-01-01 12:14:00,CYCLE_NORMAL,30.218562287842236,32.14856671910275,31.79243754981757,20.0,0.9595605296306806,7.2403269622615785,35.5849883030346,19.547800075547684,100.0,12.47133391187543,74.11764705882354,78.73633991052523,1269.0640286852479
2026-01-01 12:15:00,CYCLE_NORMAL,33.16545303860086,34.28427618816496,34.37314923415509,22.801320055711802,0.9173028153403171,6.583922200944715,36.090011142923395,19.164151007461975,100.0,12.469357948575539,75.12605042016807,77.57615832830777,1271.6465050375798
2026-01-01 12:16:00,CYCLE_NORMAL,33.05312395610406,35.386630591480234,34.47366971615114,23.601791579057195,0.9533432300599559,7.774420570795501,37.06139553225221,19.40942953599655,100.0,12.468787634507752,76.1344537815126,77.23725425643714,1253.908985141991
2026-01-01 12:17:00,CYCLE_NORMAL,33.802385012370145,36.47414361644079,39.487995073967234,25.307985751810726,0.45920121864953234,8.27587039995546,36.965359741115755,19.067798870058954,100.0,12.46760852629339,77.14285714285714,77.62481985438492,1256.2418065728916
2026-01-01 12:18:00,CYCLE_NORMAL,38.610324583921354,36.65297671468111,36.926427958380074,25.90419861405879,1.1923465724906361,8.600130874869414,35.68888937112817,19.034213801154202,100.0,12.46764242901707,78.15126050420167,77.09951538893142,1245.1081221000024
2026-01-01 12:19:00,CYCLE_NORMAL,37.93501110787463,39.563371363688326,40.16106085406424,27.89411296035468,1.2500366615938783,7.7684193189573,36.80752659567351,19.765593530618528,100.0,12.466452021281397,79.15966386554622,77.00633678554529,1252.8714464667266
2026-01-01 12:20:00,CYCLE_NORMAL,39.64137312132696,42.65210200480483,41.98753819948664,28.702068005204584,0.8513508440064825,7.794286696441999,35.49373711928268,19.67956021017795,100.0,12.467377996382112,80.16806722689076,77.88474746148522,1251.0414089004735
2026-01-01 12:21:00,CYCLE_NORMAL,39.205038059488295,43.40423993833041,43.16129479988624,28.64446397762549,0.9281333856440765,8.576950367127873,36.792866823589165,20.000408420312628,100.0,12.467286920521758,81.17647058823529,76.3330275211666,1246.9021750676407
2026-01-01 12:22:00,CYCLE_NORMAL,41.6158732207572,45.09762310882137,43.88012063286751,30.629429339140803,0.5028526231828632,7.0651291501522895,37.9873997058459,19.57405891800437,100.0,12.467109324527,82.18487394957984,76.14364056139466,1241.9196808420572
2026-01-01 12:23:00,CYCLE_NORMAL,43.75663620508225,43.96840361904633,45.38441092441697,32.187832413545785,1.137469704116275,7.8057396124084955,36.36403747888231,20.036753537149448,100.0,12.467765216664787,83.19327731092437,76.19274303751884,1233.8187486579359
2026-01-01 12:24:00,CYCLE_NORMAL,43.596733411766635,44.7903999203631,47.03049947104833,30.770686104677306,1.1758189131865122,8.095211944962529,36.516212895394126,20.390570290797847,100.0,12.468729123598862,84.2016806722689,76.50214452241237,1240.989933052975
2026-01-01 12:25:00,CYCLE_NORMAL,46.783159933931195,47.22304467446348,48.23925324329553,35.665461843521626,1.00655277893382,8.224609360642518,37.559258205078166,20.184781457805908,100.0,12.468709024847094,85.21008403361344,75.04505231263589,1242.7965278516276
2026-01-01 12:26:00,CYCLE_NORMAL,46.96595249125681,48.836922147239136,51.010040525979925,34.95253296455109,1.3835244953561088,7.745096653404559,36.25919304045404,20.240190250698042,100.0,12.467937824547544,86.21848739495798,74.64747415510209,1232.0897076896713
2026-01-01 12:27:00,CYCLE_NORMAL,48.69108302665042,51.47914534856749,53.94374312831197,37.00099560898642,0.9670037214623206,8.01722050585292,36.88925454509418,20.27061877919008,100.0,12.466163854931432,87.22689075630252,75.1686272386395,1233.6930128253364
2026-01-01 12:28:00,CYCLE_NORMAL,49.673464198970066,49.531221244654226,52.05985532496927,37.14626169346345,1.2576170718857274,6.755836323293505,37.710805859019636,20.038764885045403,100.0,12.465477805174396,88.23529411764706,74.47715616752919,1223.1391874522021
2026-01-01 12:29:00,CYCLE_NORMAL,53.97264256229906,54.7937024575744,52.52281183206009,37.33326708887317,0.803344395871357,7.670875793833076,37.05640328130232,20.708089377058034,100.0,12.46486059292775,89.24369747899159,74.91363474640525,1228.719608557291
2026-01-01 12:30:00,CYCLE_NORMAL,53.088108678445785,54.16469586983652,55.4983668901098,39.91702304219713,1.1231864555780646,8.226754356277233,37.37942641103476,20.398836875400335,100.0,12.464967650380741,90.25210084033614,75.20923304134196,1222.796218708181
2026-01-01 12:31:00,CYCLE_NORMAL,53.189448840627215,55.23811133810406,60.13768649389282,41.484831145537875,1.0989542268308299,7.508852982872661,38.05155344299574,20.705938668083327,100.0,12.464622503499603,91.26050420168067,74.34454153461043,1218.7990676933866
2026-01-01 12:32:00,CYCLE_NORMAL,56.80015245714111,55.93190664563841,57.515355747720264,39.23481246785666,1.2398612841753078,8.029492110794799,37.94200328037404,20.37646876893785,100.0,12.465310436471654,92.26890756302521,73.90843545110513,1216.2862765275725
2026-01-01 12:33:00,CYCLE_NORMAL,55.70248278989505,56.55666716362135,61.88443533639315,42.93406714130965,1.0824192322743624,8.223436250401349,37.93320028147472,20.537217310795924,100.0,12.464697453200383,93.27731092436974,74.48845009346272,1215.2322763609436
2026-01-01 12:34:00,CYCLE_NORMAL,58.77252809110895,60.92636314452422,63.36846608732831,41.95294625071592,1.1748439355842142,7.828725399571118,37.65366948958083,21.144160336987305,100.0,12.46464041203353,94.28571428571428,74.71698602802188,1215.8154475484844
2026-01-01 12:35:00,CYCLE_NORMAL,57.52468423569051,61.42260327830565,62.12864916096332,42.96229923254819,1.4831082690795108,8.085231885498285,38.16321313974961,20.871716012796668,100.0,12.465824399476727,95.29411764705883,73.27016033956522,1206.5160530775709
2026-01-01 12:36:00,CYCLE_NORMAL,59.6368617329111,61.18273191189995,64.91346468661155,44.598089851606325,1.1252732498369382,7.518633717357694,37.95097047597376,21.315865179242124,100.0,12.466166224690683,96.30252100840336,74.35969603108576,1207.6552361527201
2026-01-01 12:37:00,CYCLE_NORMAL,62.821315081875156,62.572653739022535,67.6224908799198,46.303391960328355,0.7953377941481441,7.896694360151977,38.38392706343446,21.093597565667288,100.0,12.466106187148995,97.3109243697479,74.19016570691117,1206.5568019636337
2026-01-01 12:38:00,CYCLE_NORMAL,64.82563810206969,65.11986990026037,66.65119158355687,46.18919481910834,1.8231944989927187,8.305108084794611,37.89511809585358,20.8248977563328,100.0,12.465504242707059,98.31932773109244,74.09048792922957,1199.8055237741414
2026-01-01 12:39:00,CYCLE_NORMAL,65.49951675074615,68.92170064366546,68.29957838119535,44.5669220540229,1.733763954699583,8.078486480484218,38.167769539742025,21.45572444431609,100.0,12.464871011310343,99.32773109243698,74.05461825869634,1208.8673330756076
2026-01-01 12:40:00,CYCLE_NORMAL,66.50949348169527,68.0034284655915,69.28358765715612,47.25930987207872,0.9526573259220961,7.706734365218033,37.76736986228392,21.243366074264006,100.0,12.464020398057391,100.33613445378151,74.37831788669955,1195.745681945301
2026-01-01 12:41:00,CYCLE_NORMAL,67.641343593097,67.90722981739574,70.20162661763938,48.89636353037789,1.5682568793886844,8.112108202145397,38.42437358525677,21.585115913963914,100.0,12.463479391191608,101.34453781512605,72.93119767316946,1193.960907807651
2026-01-01 12:42:00,CYCLE_NORMAL,67.58283824660622,70.81217295814399,72.07793158096791,50.020072694519385,1.2314605100110676,8.35730489531831,38.04281124652858,21.5344539382139,100.0,12.464235057030354,102.35294117647058,72.99596226062717,1190.2044152595333
2026-01-01 12:43:00,CYCLE_NORMAL,69.84764819221647,72.17585962525958,72.82606625550875,48.98997095797335,1.4824075091371332,6.975029360711261,37.945017508054065,21.304821732562687,100.0,12.464013168759061,103.36134453781513,72.56489002707346,1198.7905590040145
2026-01-01 12:44:00,CYCLE_NORMAL,71.51309132438136,70.66292721133655,75.77342467811083,54.30090903291522,1.512636986603208,8.57953703247795,38.85267568030987,21.730337944670755,100.0,12.46266339568968,104.36974789915966,72.60603043918462,1191.2872511664987
2026-01-01 12:45:00,CYCLE_NORMAL,74.6888011282388,75.23010061695472,76.2462865795057,51.83951551564221,1.3750558111656077,7.831872630659464,38.90915647055662,22.22075723347258,100.0,12.464431564982739,105.3781512605042,73.20341146773413,1182.808253823765
2026-01-01 12:46:00,CYCLE_NORMAL,75.18699301150123,76.41419629443533,78.8885274915013,56.12092487284101,1.23125685494593,8.212744966620114,39.33527045945654,21.964143510190286,99.5321155582689,12.464751530173885,106.38655462184875,71.59640032105987,1188.4585396808181
2026-01-01 12:47:00,CYCLE_NORMAL,74.01339948482678,78.92282864237148,78.17863956248438,54.741053224897954,1.2802326422883155,8.598623461822614,38.69090449018771,21.938076281331682,98.93650635168818,12.463344586773372,107.39495798319328,71.67031550005167,1182.3153998191722
2026-01-01 12:48:00,CYCLE_NORMAL,77.8723450417788,81.70219159243946,81.88050055716239,55.74578609794043,1.2335457867001651,7.314163151384767,39.278445153480206,22.24868212576953,94.08976282302386,12.46290273784613,108.40336134453781,72.62136357749598,1180.0206103231014
2026-01-01 12:49:00,CYCLE_NORMAL,78.37574214924844,82.231385587872,83.92140897301208,60.57610259645818,1.279865102236749,7.645279498786227,39.44812560218773,22.15978075186415,98.62525010585517,12.463013624228958,109.41176470588235,72.274724135804,1175.0926794002844
2026-01-01 12:50:00,CYCLE_NORMAL,79.37993109262386,81.95290439765856,81.96642138857193,55.19806617997343,1.5302666810524204,7.855725652062148,39.46854495696786,22.243587518321466,96.35782958622943,12.464718216322257,110.42016806722688,71.41507283205365,1170.951915884105
2026-01-01 12:51:00,CYCLE_NORMAL,82.28064564684304,82.343803009744,86.24550198405109,61.15585419866956,1.356700574695346,7.608123239437786,38.790322076033,22.067389251282464,95.4060116105769,12.463610103863997,111.42857142857143,71.85577242913179,1172.77963582479
2026-01-01 12:52:00,CYCLE_NORMAL,84.13823013447214,88.15572913804348,88.70756683177827,62.910769754713336,1.7970525945037021,8.867468287918404,39.45936598852238,22.416517504317582,93.33879737494497,12.464586144583354,112.43697478991596,71.43111212292669,1166.7272141052276
2026-01-01 12:53:00,CYCLE_NORMAL,85.37296345765941,86.53482276887068,87.2205247589572,59.7713028224604,2.059619224752039,7.571613953086604,39.672265690237836,22.660870195888428,94.87618408104649,12.465985631010327,113.4453781512605,71.84257427929042,1173.653577140149
2026-01-01 12:54:00,CYCLE_NORMAL,84.60276289409579,87.8765390722585,92.1169107861682,65.44341331660337,1.4604378091015924,7.722226610256567,39.54212220619518,22.370602695630417,92.41247138773858,12.465356976705252,114.45378151260505,70.96162454481255,1158.788381797515
2026-01-01 12:55:00,CYCLE_NORMAL,86.59316567818448,89.2269370913406,92.05037667377853,63.241612250407435,1.7272835350345628,8.102194515801488,38.36996214447314,22.906747903745188,91.50491425773356,12.465079463086392,115.46218487394958,71.2691185779447,1167.4891649065457
2026-01-01 12:56:00,CYCLE_NORMAL,88.7161332541332,90.88965218270368,92.1392695762055,64.4170586989528,1.8263761213261742,7.398925236961956,39.80217612732526,22.687541148112153,89.57051032761525,12.464043153839018,116.47058823529412,71.90924124936396,1158.3782540165735
2026-01-01 12:57:00,CYCLE_NORMAL,90.84366789623874,91.87478124938318,94.35609085050267,65.91288291036912,1.8390796728724212,7.802159644121868,41.11743459002491,22.612362064078848,88.49407337871705,12.463839692697936,117.47899159663865,70.71921764475061,1157.4988639444878
2026-01-01 12:58:00,CYCLE_NORMAL,90.45240126552055,92.75568260934527,96.53073597929429,66.45830186623412,1.7412739753328095,8.158726630625088,39.65792601857774,23.073475995215983,87.40711356270519,12.463803102723594,118.48739495798318,70.27676492323356,1157.1141436715598
2026-01-01 12:59:00,CYCLE_NORMAL,92.15901618618129,94.18390956202273,97.38968009453944,68.60438888966355,1.9623005238272444,7.833569797808744,39.52113693456412,22.900624346129657,86.07088039062127,12.464462752721676,119.49579831932773,70.44525710605586,1148.739507021663
2026-01-01 13:00:00,CYCLE_NORMAL,92.40860159661364,96.19689964116166,99.3827107563565,69.71201423631645,1.9051788874848696,7.953306570550025,40.26602594254953,23.19391978421991,84.98279357585456,12.465552936192697,120.50420168067227,69.73332595745268,1152.1964893371137
2026-01-01 13:01:00,CYCLE_NORMAL,93.65515222376703,96.98015711397,99.06912519430195,65.91349373057386,1.4102138783438276,7.735333943775815,40.31347734644801,23.06769869371636,83.62883792367528,12.464804840128075,121.5126050420168,70.94188301242623,1135.3883119734332
2026-01-01 13:02:00,CYCLE_NORMAL,97.42002776677988,98.17291517402758,101.81489643541681,72.56770756881346,2.0632678277201433,7.242764845409616,40.9257251328633,23.198118804907462,84.04478324596145,12.46283751506385,122.52100840336135,69.6698674516211,1140.8175208587088
2026-01-01 13:03:00,CYCLE_NORMAL,99.42688142143481,100.5521096603801,101.35293599086384,68.16440902613682,2.0897166629447286,8.160796605669619,39.53939675351349,23.392829687925683,81.09195030013636,12.462816270284574,123.52941176470588,69.27529804576959,1137.4802193588712
2026-01-01 13:04:00,CYCLE_NORMAL,99.0673778484964,101.51448400015444,104.3536520541077,73.80343461354619,1.6155519838724761,8.87746653582362,40.8169794120492,23.436330672022205,82.2225888787895,12.463109807814542,124.53781512605042,68.82585297648157,1133.641438135387
2026-01-01 13:05:00,CYCLE_NORMAL,101.71242607910621,105.02131152126834,104.8401640985447,74.60901187130689,1.8769275691216756,8.009200815391718,40.81643811070046,23.063078517859235,80.22797365784045,12.463359225502227,125.54621848739495,69.62424034790405,1135.2746344291968
2026-01-01 13:06:00,CYCLE_NORMAL,102.29654643893595,101.43141943880717,106.47994727777107,72.27200332329168,2.0915533196920606,8.112632058623774,40.46093056523063,23.32196973937608,81.51721190374326,12.463032552254719,126.55462184873949,69.34115673162395,1135.156445250878
2026-01-01 13:07:00,CYCLE_NORMAL,102.44283611059562,107.31845470509539,110.28362495970762,75.40619771249666,1.8447688793362758,8.346361377558429,40.833464491593354,23.8161340977985,78.1502543377614,12.463157304354382,127.56302521008404,68.49081861261227,1133.9030769687872
2026-01-01 13:08:00,CYCLE_NORMAL,105.00505114997483,108.90001198769524,111.54761523474454,75.44338904887682,2.250464842901232,7.3653347517266505,41.331960203244726,23.687858396505405,80.79458500365621,12.464672749162734,128.57142857142856,68.85965424398978,1129.5349356002303
2026-01-01 13:09:00,CYCLE_NORMAL,107.7714169103669,106.31270475171794,112.40673877569634,77.66703731775493,2.6587415803185817,8.851257329064802,41.32170855574817,23.69357306717681,79.75041805146905,12.465054483331697,129.57983193277312,67.64908336043139,1123.387646308493
2026-01-01 13:10:00,CYCLE_NORMAL,107.23717839091877,109.78561119162097,111.80272765357697,77.11502554182654,1.7347924255036231,8.1011643982114,40.19654135393223,23.610638138124976,75.46278887340358,12.464681114906693,130.58823529411765,68.32777940518363,1125.0054775160065
2026-01-01 13:11:00,CYCLE_NORMAL,110.51213863207052,111.14717053923209,114.1715427721266,80.54066011788423,1.5772832577093299,8.815928449544554,41.45848146667514,23.75043929036668,76.08851767830734,12.464180917089598,131.5966386554622,68.29360506679465,1121.505546140748
2026-01-01 13:12:00,CYCLE_NORMAL,106.84526872742899,111.2999488186753,117.4446800923117,82.5868274790652,2.1037506206982695,7.633483502238005,41.011607005047715,23.646060440074837,74.8587256584567,12.46401106473192,132.60504201680672,68.75282456864515,1122.2316196297274
2026-01-01 13:13:00,CYCLE_NORMAL,112.32964246482994,113.45164610113729,117.59675308928088,83.6211862850139,2.250082196915994,8.909030961278912,41.17817824032191,24.1141976377723,73.31724356970199,12.46564780469375,133.61344537815125,67.34568303561045,1119.0741333663477
2026-01-01 13:14:00,CYCLE_NORMAL,112.80221254870847,114.448398385597,121.64761818146737,82.98326984224587,1.9853619365860649,8.387577747017392,41.262405589559,24.098799878841774,72.29629659963622,12.465464503984224,134.6218487394958,66.92384889568287,1113.567283806943
2026-01-01 13:15:00,CYCLE_NORMAL,113.6933438535066,119.279877206174,120.7741340813389,83.1659425121456,2.5116084510971506,8.27652004292618,41.2123752151244,24.109203430206296,71.9929890724342,12.465444709639703,135.63025210084032,66.94724400273076,1107.3353577232542
2026-01-01 13:16:00,CYCLE_NORMAL,115.51666221315124,119.69603001975226,121.97034155443,81.88602989857776,1.6950569155452104,8.117012227176573,42.10157912011298,24.372929936815147,70.41325908669839,12.464962396068767,136.6386554621849,66.55860650614507,1105.7915607212096
2026-01-01 13:17:00,CYCLE_NORMAL,114.37586319103055,121.49514533587795,122.80667279817528,83.49124441790671,2.3255226457330127,7.875735690962776,41.42035745938459,24.543382361464662,71.1112514619612,12.46606137942621,137.6470588235294,67.72715220829126,1103.6831955026244
2026-01-01 13:18:00,CYCLE_NORMAL,117.85173623038959,122.23134897264649,124.77559158153335,87.75161325404797,1.9568972159572064,8.600265829236935,40.882894171709594,24.973261435181485,70.56609427036913,12.468021216680954,138.65546218487395,67.66507595003303,1102.10027920215
2026-01-01 13:19:00,CYCLE_NORMAL,119.89827418885167,121.40654364424358,125.87010863271428,89.63667511164296,2.675477237408408,8.070179934924024,41.402537548603036,24.33627877827223,70.91905306709276,12.468471829730385,139.6638655462185,66.88279736460467,1101.9125378448127
2026-01-01 13:20:00,CYCLE_NORMAL,122.5976085639704,123.52804472407817,128.34053278897355,87.12541101071112,2.778426874857999,7.016465148206424,41.829905905716544,24.954565284290357,67.64758674881358,12.468554602634171,140.67226890756302,67.16526932158206,1101.1800252916048
2026-01-01 13:21:00,CYCLE_NORMAL,121.55660805559519,126.14078179099707,130.07657509767708,88.88691112333233,1.9716836959339035,7.441406769146499,42.54425155965386,25.001343001278645,67.77897434037273,12.468591385467345,141.68067226890756,66.45353381213886,1095.5938445556696
2026-01-01 13:22:00,CYCLE_NORMAL,122.56273660129473,125.48304222076287,129.42307490549035,89.52749305277553,2.057821934857678,7.907077123903626,42.25261311349031,24.734937754645667,67.84943377265765,12.46620707867856,142.6890756302521,66.17093157110759,1093.3418100759716
2026-01-01 13:23:00,CYCLE_NORMAL,124.28521707970808,129.20125698154973,130.20651265440688,90.67660626010941,2.501573845085537,8.154999491582778,41.46446874871816,25.015437106883592,65.20205448746964,12.466952229542844,143.69747899159665,65.88390135854034,1091.3295277410084
2026-01-01 13:24:00,CYCLE_NORMAL,127.34020468049499,129.45333166146276,131.03827569152855,89.95767705253249,2.148566687416087,7.971705755550052,43.5499374794191,24.967296879544243,64.51946203986924,12.46708639595884,144.70588235294116,65.72715744548768,1086.1716728651177
2026-01-01 13:25:00,CYCLE_NORMAL,127.99062007808713,130.68800044410267,135.28904167212391,94.24365749807737,2.2720909203346142,8.609485394896831,42.30172232944393,25.17999485894089,66.19851705832384,12.4675147380095,145.71428571428572,64.9403849361312,1082.012716683714
2026-01-01 13:26:00,CYCLE_NORMAL,128.31480310921805,133.38700064891603,134.7931420929965,92.67268959692443,2.3143392152383537,7.0244490679806875,42.992125199101935,25.528716958983434,63.65433156032184,12.466803275815417,146.72268907563026,65.67834586919862,1076.1715257216815
2026-01-01 13:27:00,CYCLE_NORMAL,130.9208328807175,134.46302793476474,134.9714432494385,93.85074031298139,1.7518291455776782,8.07179396825258,42.219895709601566,25.432045616274163,63.427677972783506,12.46641881893644,147.7310924369748,65.35798430539718,1077.8916714752554
2026-01-01 13:28:00,CYCLE_NORMAL,131.7758016274421,134.89281583590824,139.45893622699495,97.2882115409691,2.3445881719700483,7.091010387306422,42.71497353001655,25.49667965783997,61.54067956253575,12.466007793999937,148.73949579831933,65.58276439565238,1080.0438423172727
2026-01-01 13:29:00,CYCLE_NORMAL,134.17607916410694,138.11323427283787,143.42197126305348,99.01812947401187,2.1628295669404123,8.379856147742084,42.9826726993497,25.39292973264773,59.857876457743906,12.46702941698401,149.74789915966386,65.088778554942,1072.8186063486821
2026-01-01 13:30:00,CYCLE_NORMAL,133.5256380700576,136.82082578959054,141.86081668886254,97.39771605359319,2.242819455801077,7.952770642778999,43.29394203713659,25.26621387709917,60.61233052449312,12.466650657147406,150.7563025210084,64.79259772904739,1072.1580155477752
2026-01-01 13:31:00,CYCLE_NORMAL,135.32930381403608,140.2532877849532,144.31202065262872,99.50659222516246,2.8448543069229975,8.20980498601206,43.28147980675635,25.60536518142133,59.73031292270088,12.468733317469516,151.76470588235293,64.27028583793737,1072.4539604437668
2026-01-01 13:32:00,CYCLE_NORMAL,136.6063652134378,141.62194984009182,144.84175689412018,100.02137663497379,2.0558210409599207,7.568058519705117,43.25441063701858,25.972414067947575,58.097479598638884,12.469164179888532,152.7731092436975,64.57389174446129,1070.149984876447
2026-01-01 13:33:00,CYCLE_NORMAL,136.67507366668085,141.9348358772626,146.06262402061003,100.28068771651446,2.6977430686294355,8.639732465828876,42.6260740117037,25.509692479102238,58.775386184610475,12.467888497228536,153.781512605042,64.73886651456775,1061.2280870787308
2026-01-01 13:34:00,CYCLE_NORMAL,140.14103254415988,144.09371450503957,148.72191332460105,102.43001311615392,2.391101036866844,8.520862332029425,42.55611203869191,25.68814179023021,56.184649771881396,12.467759950935283,154.78991596638656,63.630011176726974,1067.0134475098482
2026-01-01 13:35:00,CYCLE_NORMAL,141.45335114554123,143.59708186059632,148.70842203256564,105.40560554549937,2.411870268778981,8.291772151505944,43.182757783505444,26.008446824557737,56.61535847469956,12.467108275813127,155.7983193277311,64.07735032221852,1065.0136020380944
2026-01-01 13:36:00,CYCLE_NORMAL,142.5006175741393,147.60331384921665,150.81535220305466,105.16491551971282,2.753918291504589,7.935241376568279,43.62710373416095,25.87029593378685,56.985265374718075,12.464913893343308,156.80672268907563,63.98206769425214,1053.4637938484366
2026-01-01 13:37:00,CYCLE_NORMAL,143.5673734733612,147.66866213634643,152.3182487341799,104.86692234775938,2.6398305144210874,8.289928642647567,43.017628083735715,25.992755814778636,56.623786846500494,12.46651336428342,157.81512605042016,63.33844659978751,1052.166837395385
2026-01-01 13:38:00,CYCLE_NORMAL,143.5048297501938,148.6593403493648,152.56823276294935,106.48368408891731,2.730007428577624,7.646553716006325,43.87439729707569,26.150574401301423,55.07671972155153,12.467216506825642,158.8235294117647,63.23548361225188,1057.705539203173
2026-01-01 13:39:00,CYCLE_NORMAL,146.05289686057887,151.94148231890156,155.99812206734114,107.20617243149046,2.8702873309329675,8.427777829510356,44.19089777838414,26.046204250254405,53.277854151842895,12.46774971414354,159.83193277310926,63.47664996219824,1049.8327539822058
2026-01-01 13:40:00,CYCLE_NORMAL,147.50081043530818,151.23352209315567,156.03544948043915,109.70430573591773,2.501447821179457,8.824740447161961,42.853568793093764,26.20853697529454,53.18966582302724,12.46791511780384,160.84033613445376,62.62656680177806,1039.020047874058
2026-01-01 13:41:00,CYCLE_NORMAL,148.30373173931733,151.78464424008035,156.77623693765852,109.02695336490694,2.4381777191434733,8.535305279989593,42.985242535705424,26.628080541340655,53.42426627752261,12.466533100235148,161.84873949579833,63.20017194165831,1039.7794252415733
2026-01-01 13:42:00,CYCLE_NORMAL,150.42731821562705,153.0029060613976,159.76467288191077,110.27371460138863,2.3173119848898036,7.635198765096296,43.48720353608537,26.30995461498238,53.846653978892256,12.466049483095592,162.85714285714286,62.40946567031325,1041.8596643564529
2026-01-01 13:43:00,CYCLE_NORMAL,152.46011870504668,156.9941362851507,159.48042943205334,111.25482938210175,2.416242387224801,8.18070865863655,43.84002978578747,26.335887757974984,52.815806390686795,12.466891263870377,163.8655462184874,63.22050247676871,1035.6839638526433
2026-01-01 13:44:00,CYCLE_NORMAL,155.59307736556488,156.12647239445002,162.03013833962186,110.09922346352401,3.5696022771724496,7.353429228120676,43.42475559005909,26.61349080241255,51.35208899378649,12.465840043840593,164.87394957983193,63.68992227605549,1036.1614309678744
2026-01-01 13:45:00,CYCLE_NORMAL,154.89354426675342,161.16480390973646,163.42310809538216,111.4265898891085,3.079286227162213,8.286195155587837,44.634851019085,26.969920512266675,49.14733742027745,12.463308274524342,165.88235294117646,61.922562775619674,1035.423702501793
2026-01-01 13:46:00,CYCLE_NORMAL,156.34750796746553,157.9567988758044,166.17485551092943,113.05740921653245,2.3215684464401147,8.225301706431269,44.16200314212115,26.868178663610706,51.11988164917025,12.463081168516561,166.890756302521,62.45197788076717,1038.6221276598365
2026-01-01 13:47:00,CYCLE_NORMAL,157.3035090069218,163.88692508112257,166.87914865196382,115.59347275176393,2.3511617726407943,7.065091830233918,44.01526486759991,26.89868042303234,48.28837639536952,12.462939410962534,167.89915966386553,61.653435770248066,1029.0902851754252
2026-01-01 13:48:00,CYCLE_NORMAL,156.44471525472534,163.50046167372733,167.71720836259001,118.30994438686095,2.913467381540758,7.419108078043818,43.214084537779726,27.084502011603966,48.43369221140923,12.46307497437895,168.9075630252101,62.369216582697206,1032.021259635266
2026-01-01 13:49:00,CYCLE_NORMAL,160.0698206697881,164.52724825274936,170.16629021270083,120.94888293674262,2.954095405599945,7.858430551628117,43.370174375689714,26.81052237897429,49.77289649506423,12.463803493022464,169.9159663865546,61.04804306436495,1030.9251246817605
2026-01-01 13:50:00,CYCLE_NORMAL,161.52831017949936,165.38546435673274,172.2909496530576,119.94634548826772,2.975589520343109,7.849570126429587,44.41230302916068,27.342638609746604,48.8147222460795,12.464441098834694,170.92436974789916,61.75289842123066,1028.4263143076605
2026-01-01 13:51:00,CYCLE_NORMAL,165.76632106979548,167.91439387203565,172.72980290243538,120.61760646922548,2.7554460350431347,7.395261532290597,43.048173716744074,27.404418098717706,47.293222089508,12.464699868639938,171.9327731092437,60.90804333168137,1021.3070856004331
2026-01-01 13:52:00,CYCLE_NORMAL,163.93399398431876,168.78633216581298,173.5105836192015,117.31933348697953,2.8153048984697184,8.194489364676091,45.019347151668796,27.329903011063212,45.40997299978729,12.465895400028025,172.94117647058823,61.072978293686106,1009.7939022321735
2026-01-01 13:53:00,CYCLE_NORMAL,165.88108056009943,171.55151934105226,173.36168693714558,119.41707919984395,2.97231343707974,8.125736804470256,44.40090601270434,27.696983221687017,46.00741053433311,12.464376430247212,173.94957983193277,60.492890723770884,1016.9693498817836
2026-01-01 13:54:00,CYCLE_NORMAL,166.8319662328958,171.76069353493654,175.09548396085165,120.14563548554044,2.9207258850812767,7.9028654340107405,46.52568771452995,27.354332712982504,46.56615710218815,12.464881012061689,174.9579831932773,61.25151136990166,1016.7986415680608
2026-01-01 13:55:00,CYCLE_NORMAL,166.82560331864164,173.200045744206,177.44508065189282,121.68736345896063,2.2501762747303617,7.6221042499208185,46.04861529658815,27.889447344869204,44.55867573977752,12.465507550425027,175.96638655462186,60.25377873034323,1009.7597651917038
2026-01-01 13:56:00,CYCLE_NORMAL,170.9538009484461,173.97941224970475,178.51766559510358,123.5755704916967,2.8680349007434085,8.524353563208281,44.63902971811536,27.778797892782915,45.8687192386335,12.464267988138946,176.97478991596637,60.78018381033818,1014.5413606903851
2026-01-01 13:57:00,CYCLE_NORMAL,171.83912981749515,175.74347542980576,180.4624446146885,124.32207814415727,2.702561262999217,8.827703556544147,44.768130571590454,27.76462225513361,45.179598835354206,12.462765117530264,177.98319327731093,60.16408543965034,1008.4813510525926
2026-01-01 13:58:00,CYCLE_NORMAL,173.24044512196568,177.57723557485116,182.1925200287239,123.22300306852931,3.0315550223112093,7.758219258076731,45.51331529495584,27.91199165948096,44.91240558426109,12.462019175403789,178.99159663865547,60.11083104099132,1004.7941019119725
2026-01-01 13:59:00,CYCLE_NORMAL,172.55433844700332,176.5517346549024,184.19790136465178,128.3138619017853,3.895577700781023,7.69391654142259,46.02190356595082,27.97854704683781,43.5373915035789,12.461357633961272,180.0,60.07387795370006,1004.3455228448233
2026-01-01 14:00:00,CYCLE_NORMAL,176.6833531731233,178.3821774934731,184.91540146632906,126.59685924383979,3.1102444996422913,8.245603832705998,27.01718256553839,22.244056579283544,43.18899971144417,12.462111053424776,180.0,49.61908766417058,1001.3334794050435
2026-01-01 14:01:00,CYCLE_NORMAL,174.88570567366406,182.45984386184207,187.15172892160624,129.52517705409977,2.9059410941482806,7.820985310126507,26.97006185725217,21.81607927421418,42.987033737370425,12.461496514641084,180.0,50.144453061214,990.6570650493934
2026-01-01 14:02:00,CYCLE_NORMAL,178.8229038748267,183.3237138880199,188.19604466003852,133.4423841488702,3.276540450593176,7.930301399668383,27.7105487962008,21.910321390779025,41.678730821649474,12.460640166122802,180.0,50.843703868736306,999.25998938712
2026-01-01 14:03:00,CYCLE_NORMAL,182.26380166659618,184.414474912001,187.26469503599958,128.95607563240958,3.1448063661627637,8.369826575862335,28.47528558621683,22.30148603508933,40.35012462019931,12.460028532386108,180.0,49.72875143125169,1006.6733176536791
2026-01-01 14:04:00,CYCLE_NORMAL,179.91240605598014,186.12317036581544,189.97384717355447,127.67704556973248,3.1260283471355526,7.045321956246354,28.46562676922136,22.006503808412653,39.906406324181944,12.461147164720263,180.0,50.74295886702756,999.2821738633588
2026-01-01 14:05:00,CYCLE_NORMAL,181.82044272447666,187.917098046434,192.32709493313405,132.62396228907508,3.1820551779647013,8.659151162426335,28.851206697962084,22.337082914289603,40.090909685012164,12.46116020809464,180.0,50.945347895539236,1002.2462673536288
2026-01-01 14:06:00,CYCLE_NORMAL,183.93636042249224,188.16906716801586,192.36514509297774,135.04272331700946,3.6169630694488624,8.036340262164671,27.53134356109807,22.52820421042157,38.374706601521666,12.460980957069284,180.0,49.82745475903419,999.5880859161466
2026-01-01 14:07:00,CYCLE_NORMAL,184.43278831044344,189.10299342490012,195.75687357137832,138.26871989215547,2.660733469402225,7.7942534277189095,26.9032664707292,22.13926898598853,39.205931590271604,12.460870951570582,180.0,49.54722359701695,1011.529982208465
2026-01-01 14:08:00,CYCLE_NORMAL,184.28637626488154,191.38218668827813,197.98407338097334,134.68987240758898,3.1420896230434363,7.955382922889275,28.84951989051055,22.387176752443096,39.87485209924764,12.462163011904908,180.0,50.46493304773245,1011.746640429611
2026-01-01 14:09:00,CYCLE_NORMAL,187.21753048539145,190.96120758248617,198.597769137661,138.05645143337705,2.7220856610055386,7.981214677510259,27.879515489494917,22.051402505915732,36.548155273951686,12.461413840178304,180.0,50.07943116827239,1002.111023218548
2026-01-01 14:10:00,CYCLE_NORMAL,186.71561660029525,193.48028436362395,197.73424961165034,136.0632140912819,3.1666537939026744,7.134399348277538,27.207021134437433,22.464279743524322,39.67439613200645,12.462729348469246,180.0,51.32659708822073,1006.8608997976155
2026-01-01 14:11:00,CYCLE_NORMAL,189.27149278140124,191.6600815395536,200.49205322885896,138.50243066162642,2.724394046554172,8.747469113726618,28.546786849547093,22.38436052390895,39.49971360221346,12.462939844768167,180.0,50.44883559923953,1004.1742528385157
2026-01-01 14:12:00,CYCLE_NORMAL,188.16253866334674,195.50083450921807,199.44424869306985,141.885232601216,2.874789955918475,8.020662816135308,28.977238347188422,22.470171629233935,37.0826537475592,12.462779425386191,180.0,50.06944186257498,1009.9797725699838
2026-01-01 14:13:00,CYCLE_NORMAL,191.53213529702813,195.23933098990275,199.26771084566545,136.07260576707748,2.911473025728628,8.221501065223688,28.46962801046445,22.277478498580127,38.033909524372156,12.465280325884125,180.0,49.936042523469396,1010.1816666550276
2026-01-01 14:14:00,CYCLE_NORMAL,188.97792447972063,195.22506411170076,199.18174523427498,138.2772580430512,3.292745015803413,8.475774885287022,28.309623082540153,22.105340964324757,37.39928408391655,12.464224686394326,180.0,51.093624035000644,1012.0118040001977
2026-01-01 14:15:00,CYCLE_NORMAL,189.61352618055318,196.1792291807346,199.63703637621424,138.94393869164898,3.2755363331827243,7.4894187712198494,28.530120520873382,22.56910369941421,38.355389239710775,12.463871000634759,180.0,50.30209500024709,1010.7137416932454
2026-01-01 14:16:00,CYCLE_NORMAL,190.89404909136772,196.9163977638792,199.45201624827465,139.96139578766525,2.626284787066085,8.236735949517614,28.44472532942394,22.086594320790127,37.88280974351848,12.462638569395596,180.0,50.64858056755173,1021.7477496285201
2026-01-01 14:17:00,CYCLE_NORMAL,188.19517683128632,195.88945808902884,199.87671347785766,138.308443667721,3.0164802332999545,7.866179454550603,27.899510694114234,22.46654767635663,35.60451516248251,12.463591031366132,180.0,51.143508065189,1006.513389359132
2026-01-01 14:18:00,CYCLE_NORMAL,189.53879966595227,192.05679866682934,199.45853652168714,138.59509084607694,2.787126043575248,8.423385387608247,28.32071685214864,22.748913275657447,38.224277630952116,12.465280220299784,180.0,50.4623769837225,1004.4004654573974
2026-01-01 14:19:00,CYCLE_NORMAL,190.27175316977792,192.16768950455617,198.7068370888231,137.24205052318672,2.6224485267974,6.936386289824252,29.103397304524794,22.62962703973392,37.33054924800632,12.466950143081188,180.0,50.72039775511453,1010.2870796199417
2026-01-01 14:20:00,CYCLE_NORMAL,186.0614011752931,192.24059876353178,198.5147068604622,137.49598936141587,2.934894884872689,7.950452849879365,29.02465388809694,23.0113932468701,37.52880450227191,12.468174091834335,180.0,50.77388812028989,1006.2027483868245
2026-01-01 14:21:00,CYCLE_NORMAL,187.356815545863,192.16656417587723,198.56403044536782,136.79895066358563,2.907455163463254,7.698589672108019,28.973408849166262,22.857125596241097,36.65844643550961,12.467976471366539,180.0,51.16259648860236,1007.1187454037686
2026-01-01 14:22:00,CYCLE_NORMAL,186.459031735259,191.76836320672385,197.2866373446905,137.4088631346527,3.7280149459036567,8.216131475317077,28.316314391330593,22.5516001611282,39.13915786405879,12.467611230389048,180.0,51.15501766915221,1009.6957935898475
2026-01-01 14:23:00,CYCLE_NORMAL,185.9751465415156,189.1660665195987,193.25508153324296,133.63215132044553,3.129887947608209,8.235022093684101,28.845231933032924,22.71801083214523,38.852960507802386,12.465940060616555,180.0,50.78824687733855,1010.6232518329883
2026-01-01 14:24:00,CYCLE_NORMAL,182.3324379313334,189.04089890175962,190.75207342250476,132.8291566629309,2.586714749773729,7.646187052588987,27.68852052079371,22.7331298134337,37.032077308187404,12.467975934151736,180.0,50.96873110367688,1011.102920822091
2026-01-01 14:25:00,CYCLE_NORMAL,180.9154520642989,186.59354048117603,193.62118389348717,133.5850747305353,2.8305677987487172,7.643913067911978,29.142362178741315,22.456107133268144,36.83985727740611,12.468444912229884,180.0,50.7895621043189,1017.6020185079328
2026-01-01 14:26:00,CYCLE_NORMAL,181.7273795248773,185.36722828254668,189.46079520803852,133.15161966931103,3.3064149886288194,7.944667315721335,29.932993907149203,22.61427924122115,37.96380793764009,12.467952955325016,180.0,50.27513027332284,1014.1104329925746
2026-01-01 14:27:00,CYCLE_NORMAL,179.99163652350404,182.94726159940635,189.365536433353,131.07269993148702,3.6265328318609775,7.551678886342396,28.231485144931654,22.719896679911493,39.19331777412163,12.469281012214003,180.0,51.181159227805594,1016.0214080628638
2026-01-01 14:28:00,CYCLE_NORMAL,178.41926678268146,182.0107954669333,186.71453973099517,126.79633816713927,2.5242050063286126,8.420991847726064,28.804570583787235,22.454363207365105,39.12608993425106,12.468308247697243,180.0,52.03681208739925,1020.9188389146719
2026-01-01 14:29:00,CYCLE_NORMAL,176.9836648004112,179.94590542227525,184.4055504239188,129.86348470428803,2.4360226844582864,7.815396399776277,29.393627236250424,22.900528390433458,40.490062684383275,12.468714869731464,180.0,50.68714676399999,1014.8771574362395
2026-01-01 14:30:00,CYCLE_NORMAL,174.18397033410582,178.8289520964272,185.64975527384576,126.87636249943712,3.5612895526115347,6.546505890339179,29.98777355815628,22.870497012781087,40.19663429139468,12.468542240597174,180.0,50.78071196447817,1017.482836067678
2026-01-01 14:31:00,CYCLE_NORMAL,173.71077748757844,179.69644320691464,184.3430592433484,126.46464969900516,3.1168842532112713,7.812588971689097,29.006902467412193,22.614868958542186,40.158755845234424,12.469180917737054,180.0,50.77001141834332,1020.6005985022558
2026-01-01 14:32:00,CYCLE_NORMAL,172.23301160569204,175.7420459711353,181.18951215686155,124.59569148606244,2.73951218043709,7.4807280895780135,28.900116389394796,23.059276740148473,40.25344942686034,12.469117344197869,180.0,51.605745325185836,1011.9657276018341
2026-01-01 14:33:00,CYCLE_NORMAL,169.50752338274415,178.52360356218065,177.2554943338019,124.97830753075888,3.1603887258367305,7.184362092269527,28.173597795531517,23.15044063822235,37.94398054624509,12.467666416306757,180.0,51.505689592763204,1010.784653178915
2026-01-01 14:34:00,CYCLE_NORMAL,171.13787976723674,174.4909318349201,178.24345701596005,120.5010720028955,2.2092756782949365,7.381286680888714,29.456351066872124,23.081345848256188,39.89865592560769,12.467741992679427,180.0,51.24009640361864,1022.2987921544999
2026-01-01 14:35:00,CYCLE_NORMAL,168.06859950509417,172.72180334843387,177.9701648064831,127.80050336981984,3.0010126519791482,8.054704235916486,30.658717422267447,22.999634593870887,41.472877047673734,12.468790856821302,180.0,50.89819271850589,1023.4701340949856
2026-01-01 14:36:00,CYCLE_NORMAL,164.75365701896973,170.15319187939545,174.40852733308395,122.22182379964073,3.0983463518529257,8.664320414124116,29.638913287917518,23.211077846977705,40.847944583472575,12.46876164041545,180.0,51.44114392601611,1030.3443537004903
2026-01-01 14:37:00,CYCLE_NORMAL,165.75090523497772,170.8034127599079,175.1830728083521,121.54818420103406,3.277281041861349,8.15659223693249,29.49799575976364,23.257002112320418,41.236766808175936,12.469536755537037,180.0,50.650311699971084,1023.3028267125753
2026-01-01 14:38:00,CYCLE_NORMAL,162.68320961356628,168.16206222635373,173.83445579883147,119.92909113046782,2.6958312143122387,7.69674830589213,29.743311732268605,23.210430365497658,40.92549587749512,12.468491226051363,180.0,51.54191490959027,1026.5298940561586
2026-01-01 14:39:00,CYCLE_NORMAL,163.80924660886672,168.0111568619502,173.5598948838971,120.4576602897599,3.0257061484210075,8.227952097585352,29.581936360169962,23.01183738032638,40.21705041755703,12.468464965258093,180.0,51.94345199276645,1023.0469828637429
2026-01-01 14:40:00,CYCLE_NORMAL,163.3999336380423,170.08172038915598,172.1531153853304,119.97588715020709,2.7223726121821237,7.770454844890504,29.139137948947123,23.259704338356524,40.672876606208455,12.467840454803005,180.0,50.9194854035579,1025.5931074708885
2026-01-01 14:41:00,CYCLE_NORMAL,160.31199935333893,166.1815462556914,170.1291354063031,118.58564775539264,3.076615126702295,7.652699815418428,30.159091118448227,23.470914484035823,41.88470341798844,12.46858743564311,180.0,50.8161256974931,1031.6458749026222
2026-01-01 14:42:00,CYCLE_NORMAL,161.89020361066588,167.1132802471155,172.17003805757008,119.8104581722686,2.7313961032910927,7.422818665883508,29.838574080127344,23.139732192367056,40.705250417084855,12.468618927205371,180.0,52.40930603683818,1017.0507862214018
2026-01-01 14:43:00,CYCLE_NORMAL,160.82312310131672,164.48397427884186,170.13755050136058,117.8334922628287,2.877569748251934,7.12408559662414,29.751492348649503,23.705686702280254,41.653134299122655,12.469309000881708,180.0,51.35080962256056,1027.7683309926263
2026-01-01 14:44:00,CYCLE_NORMAL,161.0686437614693,165.04018538087956,170.049406122064,117.3914623008946,2.701255381562931,7.805038146720277,29.19332110037276,23.207810388106164,40.81594998543044,12.470396711307867,180.0,52.26166352419837,1035.220457671405
2026-01-01 14:45:00,CYCLE_NORMAL,162.27615157918473,167.1249607627626,168.88007844911218,116.99855595840914,3.195340872547097,8.079026744960066,30.598066758119042,23.346048390115516,42.42696370436095,12.471088329882988,180.0,51.653586452788545,1028.36756686121
2026-01-01 14:46:00,CYCLE_NORMAL,159.78770583027244,164.32981110013057,169.55023286804607,116.9284215314372,3.2575353349969998,7.9516881649925555,30.252005787679312,23.231488747634405,41.581926900960866,12.471361448317282,180.0,51.68639681042562,1034.400053960123
2026-01-01 14:47:00,CYCLE_NORMAL,159.42330259176393,167.50272425858924,169.26602273216065,118.71046303675355,2.929613829012776,7.7920165360263205,29.558450557055835,23.43684320840452,42.65967692663822,12.47036323605877,180.0,52.02326048218654,1025.8361972940254
2026-01-01 14:48:00,CYCLE_NORMAL,159.66673494002208,166.58345457811927,170.52661698366458,118.62998466544013,3.0114713984880086,7.52712696965161,30.528109608616024,23.069728034289835,42.91722469434297,12.470360449948103,180.0,51.39862333505017,1028.7770304694482
2026-01-01 14:49:00,CYCLE_NORMAL,160.31784579340246,165.62185800428784,173.3508683115318,114.98007148835646,2.565422575609937,8.304123095842485,29.665072511429436,23.334723398792327,41.50067923111656,12.469827359546088,180.0,51.94332642787423,1029.588324026463
2026-01-01 14:50:00,CYCLE_NORMAL,161.9170968919365,167.76850823010005,170.3633375717158,118.97125136302881,2.910097005597964,7.341434040026708,29.53079790449338,23.25103889066147,40.125238940836624,12.469483295589383,180.0,51.722672454413406,1021.1296356825649
2026-01-01 14:51:00,CYCLE_NORMAL,163.27412745415572,169.03181042392782,170.92847140692368,118.79388268400956,2.9849386148874766,8.388013956921737,29.58034379251331,23.521830127222255,38.78669607578504,12.469108761438633,180.0,51.28939171723843,1025.8697736336217
2026-01-01 14:52:00,CYCLE_NORMAL,164.18485657703508,169.5989995724997,175.6182320108314,121.18969295784369,3.7862379273089926,7.4988914905366375,29.009466905639666,23.718715219338296,39.2846893982734,12.468128835863851,180.0,52.154480490537104,1026.6941202448518
2026-01-01 14:53:00,CYCLE_NORMAL,165.95566080346035,168.07877124074858,174.71185249203486,120.4020903115049,2.666409892267751,7.623782381323482,30.390748610237633,23.673850270148748,39.695703379011015,12.466171497274717,180.0,51.890064074204766,1034.905612041931
2026-01-01 14:54:00,CYCLE_NORMAL,166.19882348586637,170.31065660462303,175.380333929221,123.07517626393053,3.4392531716257313,7.266607404692161,29.044620252912978,23.094896531054975,41.9959628138172,12.465503354226389,180.0,51.97905937880319,1035.638220121476
2026-01-01 14:55:00,CYCLE_NORMAL,169.24424089258872,172.20297763733814,178.74788562487524,125.11926292075398,3.2990576320397422,7.749298926557182,29.44148984130065,24.001973904957303,40.35637215953553,12.465696733678312,180.0,51.48821821598006,1033.9744878717277
2026-01-01 14:56:00,CYCLE_NORMAL,168.5813621539774,173.8096302389429,178.1722117061787,122.1226042597595,3.084190921347041,8.48765622923899,28.968213391526255,23.676695892047785,40.315514380006,12.464348556632885,180.0,52.92459664170676,1036.4999045420236
2026-01-01 14:57:00,CYCLE_NORMAL,173.62894808428337,176.10955160143664,182.55595674063213,127.06069685067698,3.5275861452585398,8.257814044221979,30.196691695733985,23.486164561283793,37.2580159075509,12.464364238869356,180.0,52.602720000795124,1033.0684050202408
2026-01-01 14:58:00,CYCLE_NORMAL,172.63212545505164,177.09456583885353,182.69483568334076,124.91949334228325,3.1116316417820586,8.489211056014017,30.192661994574603,23.696455252383817,38.097252910164336,12.466264507293667,180.0,52.681773791365565,1039.050540739224
2026-01-01 14:59:00,CYCLE_NORMAL,172.40348398328564,176.82965982053304,182.84657936121033,124.35671399897514,3.1167477587003787,8.261071272966968,30.121106961458896,23.7235699848031,40.246869666037014,12.46728756384892,180.0,52.082170752134765,1034.792024111089
2026-01-01 15:00:00,CYCLE_NORMAL,173.71492900232667,180.45623742120716,187.5887698559186,128.2909869342193,2.9840638040947365,7.448165085734815,29.725594392367547,23.577998021431412,38.95323863571819,12.46893110535804,180.0,51.405361053946024,1035.4985713272554
2026-01-01 15:01:00,CYCLE_NORMAL,177.14689384730661,182.30062984335538,185.8410690414108,130.07821225844606,3.3670706647255884,7.834605387836222,29.68155924780048,23.773716598000426,38.179791129654575,12.469322233234973,180.0,53.28133056392207,1034.7111219648873
2026-01-01 15:02:00,CYCLE_NORMAL,177.85052001987538,183.79042389978366,189.00918980867758,132.06231996581812,3.328940770143265,7.6099004354412685,30.697018377577443,23.635130466973063,38.624383959296836,12.47048974305796,180.0,52.30910031729993,1039.013748802288
2026-01-01 15:03:00,CYCLE_NORMAL,180.4920555085347,185.93219178628974,189.99440601211197,132.34035976308775,2.812296813751136,8.66528745201952,30.121297055586812,23.697966794485207,39.30832966827795,12.469765778327492,180.0,51.99988205134295,1035.089627952727
2026-01-01 15:04:00,CYCLE_NORMAL,181.66893479562523,187.10175623159566,192.66313919341553,134.30271045599434,2.60422584162037,7.401605676786844,30.674406114034927,23.66351673506875,37.25167607146508,12.469121438060471,180.0,52.61716915775013,1041.174592325491
2026-01-01 15:05:00,CYCLE_NORMAL,182.41260530481173,188.0510160950741,194.3738134360722,135.0417556162339,2.939105808781303,8.446848844694555,29.986132352524816,23.5358873106056,37.38594672077285,12.466382297854333,180.0,53.026666601486426,1033.2306269001263
2026-01-01 15:06:00,CYCLE_NORMAL,182.800626322705,188.73257993063672,193.855183763266,133.07822262536763,2.759988430680706,8.446476935054385,30.658333604657408,23.87295008743851,37.40496533735694,12.467568443328375,180.0,52.4657680641193,1033.8497743660087
2026-01-01 15:07:00,CYCLE_NORMAL,183.21914242575986,188.0438059751637,194.13285765096745,134.903826888907,2.9809426276153936,8.914810100858043,31.36379757328544,23.98191275086372,39.75718838715967,12.469108767308194,180.0,53.15061524968655,1041.4771682839432
2026-01-01 15:08:00,CYCLE_NORMAL,185.6113544396805,191.66271424512004,196.69913895368788,137.22684387832194,3.371231440405242,7.795156703685251,30.965381896196092,23.988605171055532,34.62106990862867,12.468555590062847,180.0,53.08670704801029,1038.8510593810743
2026-01-01 15:09:00,CYCLE_NORMAL,188.16293346881238,192.38448014021995,196.3219964719217,137.33297507459915,2.862809503473963,8.35616107979008,30.39779917036472,24.070091328055664,37.29810462908756,12.46830163835645,180.0,52.040738897724204,1037.8631462548067
2026-01-01 15:10:00,CYCLE_NORMAL,188.24729354972283,193.31627566140102,200.40644575379852,140.24400925425957,2.9871529856065275,9.140825918269421,30.83084180764899,23.991151148942446,36.357933651340865,12.467547776242759,180.0,52.275597770750004,1043.7080673114333
2026-01-01 15:11:00,CYCLE_NORMAL,187.2082953301846,192.1710835736546,198.86702426193827,138.52056341439533,3.0174068204425186,7.691179161533151,30.563104774012512,23.83961065427418,37.27858597434839,12.467930429794237,180.0,53.124663586510835,1038.1835125246153
2026-01-01 15:12:00,CYCLE_NORMAL,189.47366485544873,192.96857989593738,198.8274618828528,138.30332607519873,3.2545292646615853,7.23247987623382,30.74291653453159,24.133653853227788,35.93927920837794,12.46905536233954,180.0,51.32282769298976,1040.2720213385198
2026-01-01 15:13:00,CYCLE_NORMAL,190.13459486668168,195.93599743500656,199.89383037804495,140.06702129540162,2.325933199804618,7.059994983046118,30.573206064192526,23.713472488651202,36.04056704813236,12.467312590365658,180.0,52.63747983673309,1047.1255022325092
2026-01-01 15:14:00,CYCLE_NORMAL,188.85719950708273,194.8703622458961,198.30127688308843,137.35450032288747,2.817989911570411,8.356356014430666,30.700052238522225,23.823783185674696,37.027154842530464,12.4677220288963,180.0,52.02969848917832,1048.1363698140447
2026-01-01 15:15:00,CYCLE_NORMAL,190.18447012713463,195.81780083684714,198.8340631537872,136.56359327681162,3.0633851076838416,7.058424895970708,30.955683136590697,23.82970247165272,39.291636511211756,12.467445357124582,180.0,52.53957426438125,1048.715999712274
2026-01-01 15:16:00,CYCLE_NORMAL,189.98767889265932,194.95181048188067,201.35832512005743,139.00063020401484,3.3600236869280584,7.813840473531038,30.261875498782043,24.25685933862082,37.1798695323184,12.467558751516549,180.0,52.66100684474605,1041.7398576702326
2026-01-01 15:17:00,CYCLE_NORMAL,188.30064965361035,194.707921378402,198.8839408762414,136.51391096276467,2.8524292657481385,8.21865659351948,30.27751361619946,24.247389196899082,35.60565364657682,12.468017745518223,180.0,52.663687064717564,1048.2284253058397
2026-01-01 15:18:00,CYCLE_NORMAL,189.69519257684524,195.3917883115985,198.009554565209,136.34676648493016,2.4370341881874378,8.092587768414957,30.08274897738692,24.17395079539853,35.94423314998066,12.46782954307945,180.0,52.59889563416009,1039.9423063342101
2026-01-01 15:19:00,CYCLE_NORMAL,189.3761232962809,193.08392819077818,199.34716516767176,137.83058133058833,3.1859134337898407,8.212722432092086,29.984225685776714,24.308206073147712,36.37716362302543,12.467725956226044,180.0,52.358494096784746,1040.538213728296
2026-01-01 15:20:00,CYCLE_NORMAL,189.2900425485769,193.10572598909576,199.41322604236217,136.8821508240858,2.809391283352311,8.111144927900426,30.24220968657729,23.93496325727264,35.07273415745495,12.46751208105849,180.0,54.08488189487171,1035.1868661181463
2026-01-01 15:21:00,CYCLE_NORMAL,188.3998173780661,191.58052456917815,197.9979988884223,136.69692970088363,2.6431000022728917,8.639432906656697,31.096121782604314,24.197205228458927,36.8639783737773,12.468482397260278,180.0,53.90433631659087,1051.6981369854218
2026-01-01 15:22:00,CYCLE_NORMAL,184.49396914061242,190.62577690924215,197.3424296051279,133.3720096534815,2.812696383086033,7.523841809630602,30.492307713311895,24.118781754807497,38.149862737153974,12.468901157220406,180.0,52.421068216501276,1041.963783942801
2026-01-01 15:23:00,CYCLE_NORMAL,183.91156904748473,189.6659525472205,194.12880498909954,134.67751866218688,2.944642392703245,7.661502430770734,31.363352793077226,24.32918496375907,36.36931983587162,12.469121740758142,180.0,53.82447013066179,1045.3216313990904
2026-01-01 15:24:00,CYCLE_NORMAL,184.4348211050375,189.08333931034755,192.1106059842969,133.32786467016228,2.818576600638536,7.613670277364588,31.102881220354693,24.152414540163374,38.84981469531475,12.467850789037051,180.0,52.86480252302846,1042.5894971988341
2026-01-01 15:25:00,CYCLE_NORMAL,183.11654314109464,186.92550165400382,194.30160038234658,133.10772873485254,2.3383301828702794,8.415095905931306,29.92748131776505,24.113778122427643,38.74895465956914,12.467472209293838,180.0,53.160063483215026,1049.4094186807388
2026-01-01 15:26:00,CYCLE_NORMAL,181.71910686970432,187.6079569968253,190.7138338395265,133.13934314484385,3.26911985906614,8.450199294197532,31.527759179836373,24.31390976979958,37.44753178719456,12.468370878454177,180.0,53.094576301730065,1045.519072796681
2026-01-01 15:27:00,CYCLE_NORMAL,184.2585327044099,183.56172615296083,189.3342552958782,133.17897552483433,3.3824625123836167,8.225612659659253,31.647099236857787,24.395574955472107,38.873835855280554,12.4684085750273,180.0,52.826889656619905,1042.1900331808097
2026-01-01 15:28:00,CYCLE_NORMAL,178.80374397509817,182.89442938927274,189.71250833248524,128.75110138257818,3.1954565974018516,8.591746833444963,30.589802067195873,24.1009345214088,40.79883317545492,12.46906810649689,180.0,53.67904612054652,1049.558445338196
2026-01-01 15:29:00,CYCLE_NORMAL,177.9306057172315,181.04024967908578,187.23540296029557,128.52497531789797,2.658694298872555,7.410979566311809,31.46338482650145,24.23629799464545,40.35574152662266,12.470834618297218,180.0,53.28022258895723,1042.4341284122258
2026-01-01 15:30:00,CYCLE_NORMAL,176.14480211619184,181.73637346122447,185.54706532649794,127.3188927223217,2.9395525398157445,8.833612055775568,30.72216903505427,24.05037950443672,39.55096698228183,12.471873224366426,180.0,53.008964530041304,1045.191396761235
2026-01-01 15:31:00,CYCLE_NORMAL,174.21374255255216,178.6679387827991,186.0300758648665,127.03874845689609,2.9980436054311626,8.76161931085613,31.31911340896322,23.7756527232139,39.97568695877384,12.471966382704126,180.0,52.62470613265874,1040.480111285209
2026-01-01 15:32:00,CYCLE_NORMAL,171.5030015441652,178.11953808509597,181.10910276127743,126.57966901322499,3.179638316868573,8.367810998622874,30.52589779236184,24.32819485783504,40.4616925136079,12.47145539353393,180.0,52.859761819758695,1043.5731200992318
2026-01-01 15:33:00,CYCLE_NORMAL,171.2755081489677,173.58207263673143,181.47815323807328,125.21357129512626,3.2005021466154244,8.89089945438553,30.2324584255775,24.422360689665602,40.86402753293294,12.468901843937875,180.0,52.515223776721946,1050.3389511353557
2026-01-01 15:34:00,CYCLE_NORMAL,167.97156009641793,174.21941067290615,178.96736610373952,123.23101310955352,2.7797478603664514,7.171688396161113,31.10199464907262,24.36510637890349,39.204486410997596,12.468733459015402,180.0,53.37117434175645,1042.1171302901942
2026-01-01 15:35:00,CYCLE_NORMAL,167.21581767191202,173.56755695474814,177.82231073463595,119.87885000822644,3.024598666924068,7.737775931868674,31.280444904016797,23.934528871169757,43.5528459401031,12.468407446519585,180.0,52.795670931522515,1044.3956511782385
2026-01-01 15:36:00,CYCLE_NORMAL,165.600784958218,171.28196200274343,178.01738332730795,123.70280561906591,3.137184121384572,7.6323482696590235,31.1387038858393,24.265652470126234,42.211712377345584,12.46879781271398,180.0,53.28995527338417,1050.6501998655897
2026-01-01 15:37:00,CYCLE_NORMAL,165.06128987188077,171.2416173546956,175.57244381216472,119.46514998519251,3.43674669664403,8.360739661878672,30.68915243701392,23.903165092124468,42.532910115662474,12.468643907487005,180.0,54.13630712797737,1048.8191339948398
2026-01-01 15:38:00,CYCLE_NORMAL,166.63041789784734,168.23208147771868,174.4987829126987,121.0587922320609,3.211351961947417,7.474929630198927,31.181517603363343,24.631416561263,42.78789595627004,12.468323522427568,180.0,54.07921376942237,1059.2900021534676
2026-01-01 15:39:00,CYCLE_NORMAL,160.6240268532657,169.55596201259848,174.15175388914756,120.29313407395831,3.236717006212656,8.378747574668743,31.604544959564215,24.150534846063245,41.90099144963953,12.466544123497062,180.0,53.491518681802965,1058.9801078043342
2026-01-01 15:40:00,CYCLE_NORMAL,162.83313117168282,169.76829669157652,171.57167566778196,120.83037918679048,3.025147988378808,8.685268071998356,31.43716579706423,24.628722012629865,42.4790712385757,12.465604155667911,180.0,53.491991542861165,1048.4898343760617
2026-01-01 15:41:00,CYCLE_NORMAL,159.36155908993342,165.86141186283342,170.2897665345542,115.60037485881615,3.423137743561051,8.347601450042,31.59435586284029,24.576335290603435,41.984054839913476,12.466080806708712,180.0,54.503129869336526,1054.5013791408253
2026-01-01 15:42:00,CYCLE_NORMAL,160.16783401662536,165.19954922989177,169.48038122274747,112.71011654127368,3.1229288387878493,8.14187551183075,31.103157599902914,24.21618640203623,46.08330517264876,12.467796714339844,180.0,53.8510095489953,1055.5755310301497
2026-01-01 15:43:00,CYCLE_NORMAL,161.63452670535378,167.07184736153417,167.96815808174173,116.90344026789157,2.7416736269479287,7.506063329549625,32.22824455708967,24.178512188711665,42.24228969170618,12.467699188956098,180.0,53.45394566600398,1050.4882916918018
2026-01-01 15:44:00,CYCLE_NORMAL,160.15930759239043,166.97765814435274,172.5496201254043,121.6269539800972,3.4210109910375572,7.576574516937318,30.83911031499199,24.483528140360452,42.54528829589411,12.468027000029673,180.0,52.931834078546835,1047.19004860788
2026-01-01 15:45:00,CYCLE_NORMAL,158.70670626648484,164.37256796741607,168.67614996113397,118.43630794800558,3.209370981761708,8.624809452648334,31.856562275005505,24.252593095384967,43.790514974198594,12.468979478186625,180.0,53.8685491562608,1053.4111976540698
2026-01-01 15:46:00,CYCLE_NORMAL,159.22380711836394,164.57794738896087,169.81666722117296,117.59722716231167,2.8670867936614552,8.389674501952666,32.29198169673363,24.449576260718324,45.55671412730058,12.468168584250426,180.0,54.11281736118448,1053.0513229151084
2026-01-01 15:47:00,CYCLE_NORMAL,161.1433032877145,164.9896444583603,169.9956100291262,116.93162673072851,2.856152109780227,7.980490240311228,31.88981994125811,24.33975166380506,44.27633595547166,12.46853539829371,180.0,53.40864452070129,1052.2760682962492
2026-01-01 15:48:00,CYCLE_NORMAL,159.85771229751214,164.12081164233157,171.1030402929436,119.29601290070178,3.0889726635422283,7.7910452271170545,31.497793673625182,24.086938626027354,43.30409436050828,12.46779490818738,180.0,53.89615672572131,1056.0588906206192
2026-01-01 15:49:00,CYCLE_NORMAL,161.55656844285932,165.1944357995799,172.2757027904081,117.52480250159667,3.1389554385802754,6.987096063444311,31.319966208190486,24.003544027135725,45.64244791589597,12.46865973262587,180.0,53.5946224139684,1051.5512481148016
2026-01-01 15:50:00,CYCLE_NORMAL,162.064305151118,165.80465002313093,173.0421871292651,120.19738534779783,3.059187679689362,7.464573790657781,32.275834421198155,24.501054976520642,45.07102551159807,12.468811135673821,180.0,53.71001362840066,1050.2047372682396
2026-01-01 15:51:00,CYCLE_NORMAL,162.08282466724881,166.94338800625084,172.16505215809306,119.76140762578845,3.0933926020328655,8.955709543569862,30.817233547578923,24.349099287056887,44.71440476131354,12.469109587487804,180.0,52.58350503868428,1055.5016094224382
2026-01-01 15:52:00,CYCLE_NORMAL,166.42556052502948,168.81120575297496,173.6522815612954,122.06290379871521,3.509987212372914,7.359772214498767,31.105378050126212,24.356096897136844,44.56894198009596,12.468326988890384,180.0,53.741675512020876,1056.8556694655856
2026-01-01 15:53:00,CYCLE_NORMAL,165.72374373139874,170.24409858366093,175.30213684520308,125.41422688293814,3.321462945670466,8.09473991061054,31.464947679944945,24.61080212966354,46.022742577642845,12.469034021249994,180.0,54.3621633670652,1050.8456553129995
2026-01-01 15:54:00,CYCLE_NORMAL,163.75305011162376,173.04382180698977,175.88479186419264,121.88821699281768,3.0571906773795074,8.503721986597599,32.461698198060205,24.710842019568116,45.294948282365624,12.471118734171226,180.0,53.58645075890837,1059.4989515972595
2026-01-01 15:55:00,CYCLE_NORMAL,167.72374517772332,171.30197515111345,179.42881469122398,123.08096441827045,3.282393174230245,7.372538665998854,31.962182287613345,24.425777809013834,42.88988843534759,12.470110822475798,180.0,53.95284783851138,1048.9329010387278
2026-01-01 15:56:00,CYCLE_NORMAL,168.10480659614095,175.0801372320349,179.4881202958289,123.89582568383906,2.690242828941738,8.092355237390542,31.16830050286142,24.415908534918046,44.47389041826967,12.469771063468151,180.0,53.57279970853249,1053.924465534651
2026-01-01 15:57:00,CYCLE_NORMAL,171.38766508613122,175.10795847130515,181.24659842763555,122.74016504078557,3.1193781149840425,8.468957768755327,31.57733845258596,24.587406149076024,43.31694377925236,12.470002670942318,180.0,54.15494260508394,1055.420811992463
2026-01-01 15:58:00,CYCLE_NORMAL,170.93029975161434,176.82196818615066,182.67678216013448,125.06970545418253,3.542791904919933,8.006249660953625,31.408911594492146,24.218946908918014,43.156304001142644,12.470789077154315,180.0,53.890161693667366,1054.1176873636412
2026-01-01 15:59:00,CYCLE_NORMAL,173.29438932122488,179.2418564415851,184.84024167996756,127.04236766499625,2.934586231382288,9.434201527833384,31.36520024469822,24.537527861601074,40.541450884809514,12.470229530869025,180.0,53.55225740600942,1054.6058627063705
2026-01-01 16:00:00,CYCLE_NORMAL,175.60598473477648,178.6527335741252,185.2172258704444,127.424239342059,2.7457098214142746,7.165700370560902,32.39155980031468,24.60544401543511,42.27850568036044,12.467396500578882,180.0,54.7113607057073,1064.5476889069416
2026-01-01 16:01:00,CYCLE_NORMAL,177.60683318201896,182.02681864443568,185.0117286114678,128.6260080216607,2.804373333422082,8.52936426494194,30.993915436507002,24.63288843319857,41.01575975155232,12.468755690073046,180.0,54.53250825427004,1053.850883354821
2026-01-01 16:02:00,CYCLE_NORMAL,176.67831967379948,183.31841801212207,188.59830090436958,128.99718354989992,2.6731100887972836,7.913599131301768,32.794546503568895,24.11087314110098,42.47734173771673,12.46951619619263,180.0,53.788295205161035,1067.2040567418119
2026-01-01 16:03:00,CYCLE_NORMAL,179.2338534326151,185.226196432434,188.85362664307402,132.4361186695697,2.764571427561689,8.385960077418337,32.338112556818544,24.346939419246464,42.41475765331012,12.467773248662144,180.0,54.362096744813186,1059.3661282595408
2026-01-01 16:04:00,CYCLE_NORMAL,180.53111527274382,186.44805201882636,190.46670962803725,131.83666818370938,2.8888475704229912,8.220653575849623,32.50716726955285,24.324149959944847,39.10728797059118,12.467165679870364,180.0,54.404108872783,1058.1579745571075
2026-01-01 16:05:00,CYCLE_NORMAL,181.71600492091153,190.44636016789303,193.20363682250607,133.50545050880714,2.5783298942464072,7.6334219014450015,31.585939597941117,24.51997739088184,40.43337803693614,12.468733862299892,180.0,54.478498679018315,1059.8605109908947
2026-01-01 16:06:00,CYCLE_NORMAL,185.9353238727244,188.0514908032855,195.30271847010744,134.81495166469838,3.004685500184881,8.11449819622967,31.784368213067058,24.595951526463136,42.155039062739014,12.47018165871835,180.0,53.33190885884381,1068.2347006647258
2026-01-01 16:07:00,CYCLE_NORMAL,185.52293714853602,189.3997627493807,195.06248498746615,135.34559334117526,3.270683152135994,7.071049274300856,31.024646030923716,24.798552554697448,40.66120356216749,12.471120298741027,180.0,54.70377104001102,1054.2936847788524
2026-01-01 16:08:00,CYCLE_NORMAL,184.63411163695883,190.39940375045117,196.51777199727962,137.01753874104907,2.727673145955924,8.301623750285696,31.57951816725256,24.39923058552786,41.46378032038413,12.470944186307069,180.0,53.93679014604721,1053.9330624966442
2026-01-01 16:09:00,CYCLE_NORMAL,188.23668925208992,191.4686823726319,199.17791284918647,136.48266013129972,3.4557851770925305,8.149079232995263,32.19985995634088,24.3973278918532,40.95920636226876,12.471027173725881,180.0,54.06363710818688,1055.535540930037
2026-01-01 16:10:00,CYCLE_NORMAL,190.53696849318172,192.22551650399873,198.27928487215283,136.64697722004846,3.1532376265582784,8.319330084321551,32.69022824000406,24.72500122484643,40.88699896299051,12.470896247920756,180.0,55.58214169790056,1058.8174286318867
2026-01-01 16:11:00,CYCLE_NORMAL,189.9421401773004,195.13000170196807,201.8252016016555,139.0395928643406,3.3091741756872173,8.529059162543575,31.256790608405417,24.552212638357595,39.77928668619639,12.472024487704024,180.0,54.43452428468575,1051.913185978053
2026-01-01 16:12:00,CYCLE_NORMAL,187.4426037852825,195.97045284201513,199.94445931918517,136.06703680813442,2.802649633844359,8.183809920104855,31.709845440723594,24.743864325095526,38.75594740576399,12.471148645297529,180.0,54.110548897296134,1059.0265920009958
2026-01-01 16:13:00,CYCLE_NORMAL,189.09113312356757,193.9873184585077,197.5592987000201,135.79239746396394,3.256357568119985,8.074044709899137,31.846002899737453,24.545123143055218,39.34050120244862,12.470342845642644,180.0,53.22092001622283,1065.8259250118092
2026-01-01 16:14:00,CYCLE_NORMAL,191.43812180954805,193.91900174279903,200.82183837584955,138.45339806783247,2.672419829881406,7.559465831669354,31.10651062696653,24.252604952557366,41.276793238742734,12.47135312022948,180.0,55.03803963916413,1059.7653917867294
2026-01-01 16:15:00,CYCLE_NORMAL,189.15079664125747,195.5656986676637,200.45739006185934,139.93576780128035,3.2670742502509524,7.643889618175475,32.30556290743559,24.21366108233063,40.34544035002592,12.471308758773969,180.0,53.68987519995969,1058.0905585998073
2026-01-01 16:16:00,CYCLE_NORMAL,190.45041174429957,194.25516077738695,201.4655317354234,139.76744620963072,3.0515518019380594,8.593367310088665,31.522695132806387,24.16585111442984,40.544682527421536,12.472687226129423,180.0,53.87981394846957,1056.8836981830448
2026-01-01 16:17:00,CYCLE_NORMAL,190.60177487512232,195.43173219231372,200.48003163253105,139.14466849621178,3.1659753659954353,8.71816770285299,31.84575715117956,24.60403972879648,40.11252498707689,12.472015713922442,180.0,54.234640341911735,1063.0389172464927
2026-01-01 16:18:00,CYCLE_NORMAL,188.1535311785336,194.50935536944885,199.09970056364676,139.0042119300377,2.6473216183125445,7.880944781843973,31.697289182110783,24.70443422513707,40.51114493592126,12.471960935562104,180.0,55.127034046293616,1056.2235509859165
2026-01-01 16:19:00,CYCLE_NORMAL,188.63175143736487,191.88428892664234,197.23402398109178,136.5674182226061,2.7314790473170185,8.023001373626638,31.49988795896978,24.831283264600287,42.49650072732808,12.47103852257726,180.0,54.823687228629296,1066.9879496184208
2026-01-01 16:20:00,CYCLE_NORMAL,184.10086024868372,194.8473872983627,197.7395531480234,136.95758054360877,3.1791684654760153,7.547692812503117,31.97386059018476,24.62433919328637,40.59759146997718,12.471045885258683,180.0,54.376113866021704,1067.4047527129537
2026-01-01 16:21:00,CYCLE_NORMAL,185.9059897460231,194.29030812333886,196.11463037057308,135.5941125363199,2.7154955987327396,8.586378422633722,31.85288211127151,24.68220534646761,39.79919143665482,12.469567338321683,180.0,54.626869231009536,1060.760721070832
2026-01-01 16:22:00,CYCLE_NORMAL,185.84409060048912,190.41182595357964,195.45054424239524,135.7724564474902,3.138961887629737,8.33270841184589,31.762856707630817,24.327167042389746,42.78472091490146,12.469079704900729,180.0,54.189945032367525,1059.7435112026637
2026-01-01 16:23:00,CYCLE_NORMAL,183.53961927702503,189.57171722345967,195.7432531806876,134.31559415451457,2.5898586580619263,8.970608718231874,31.552180935889627,24.205034018617674,42.108892081819484,12.467643451035801,180.0,54.577102430343906,1063.9615078664337
2026-01-01 16:24:00,CYCLE_NORMAL,185.77567234910506,189.159817253257,195.8206641896088,131.90949041923596,3.2544522638,7.560838461410131,32.18382171618286,24.599095198770193,42.52841174267175,12.468337374268993,180.0,54.560803634719164,1064.2607977146056
2026-01-01 16:25:00,CYCLE_NORMAL,180.78383034644725,187.90134814798444,192.97360583578757,133.05163901837082,2.6302430055694472,7.810996050490892,32.986688500113665,24.50499405326946,44.469511188331836,12.469053963608753,180.0,55.02510081696608,1056.6938051610368
2026-01-01 16:26:00,CYCLE_NORMAL,180.57299626210062,186.8913027733444,189.66598997169478,133.53636612789714,3.165689981303857,8.115722961262787,32.08042366009891,24.434942971951365,43.155556801015265,12.467323700878268,180.0,55.040605444396704,1057.8411492733846
2026-01-01 16:27:00,CYCLE_NORMAL,179.79214360836755,187.04750036214386,190.16877811748842,132.95097260923615,3.1876892800938004,8.323244768862885,32.59569717040961,24.482543475091813,43.5286764362982,12.468657586623769,180.0,54.82002449009589,1054.6810038832107
2026-01-01 16:28:00,CYCLE_NORMAL,179.84820330914576,182.90633868927358,189.5546331462412,132.68037495369128,2.7909684544711277,7.892166181226184,31.164989578807305,24.460941569035082,43.06427361864296,12.471155001750187,180.0,54.40759934964685,1061.623100761827
2026-01-01 16:29:00,CYCLE_NORMAL,174.8448923675995,180.6099702555687,185.83618746383158,130.29083304295662,3.174607970125418,7.56351945477315,32.09443754103831,24.64392473383732,44.63456824112839,12.471201008136925,180.0,54.975138547900194,1062.6632216957582
2026-01-01 16:30:00,CYCLE_NORMAL,176.39579650258597,178.3448169263826,184.83917939999253,128.25390453182595,3.078132679000067,8.440703764461785,31.34157900861736,24.636638407701277,46.07579665727153,12.4705598938767,180.0,54.57341342945492,1054.600297448555
2026-01-01 16:31:00,CYCLE_NORMAL,173.44435272420876,177.55495700305494,183.44969888466028,127.20996085630287,2.8383474431421787,8.36056768127279,31.113625720942906,24.476589832954932,44.19218860318492,12.473384224467702,180.0,54.09332579384404,1058.175914542666
2026-01-01 16:32:00,CYCLE_NORMAL,170.70351425647607,176.84157227028504,180.93944666203492,124.19574495943908,2.6974335947771375,7.541862949718137,31.555499889423963,24.526636914244747,46.21341870536107,12.472065255969401,180.0,54.44723853348579,1054.5978253381654
2026-01-01 16:33:00,CYCLE_NORMAL,170.9192692534917,177.51821452059713,181.1426816049884,124.7922559867268,2.4112122924982264,8.677721400552748,32.713165842111074,24.44964715461964,46.05892316904808,12.47208536243627,180.0,54.70545860760763,1056.3751943809687
2026-01-01 16:34:00,CYCLE_NORMAL,169.13782198855114,173.27781679501956,178.75381257553363,124.60892693948288,3.104895014189908,8.585099354598302,32.56650081759722,24.243588409734606,47.087079729042685,12.472264984708902,180.0,55.13232804598171,1062.1514380468366
2026-01-01 16:35:00,CYCLE_NORMAL,166.77973974740948,172.76854554196672,178.00343893268845,124.7246790308433,2.5305591685913833,8.067148248623896,32.14032097225093,24.475754149703256,48.30570011071847,12.473610132329354,180.0,54.59919259353384,1056.9838438185614
2026-01-01 16:36:00,CYCLE_NORMAL,166.26698371760094,171.1635137403256,175.1182306022504,121.04590497535638,3.0286032598323924,8.039798931188018,31.072486577779127,24.033794003314295,48.0871169969603,12.47396987130448,180.0,54.099804489151325,1058.678299881567
2026-01-01 16:37:00,CYCLE_NORMAL,164.50066458838305,171.38911283275485,174.43809094422906,119.94076581030635,2.920965535175325,8.277028885557954,31.871489518065072,24.511357928873853,49.279678943263775,12.473471237408692,180.0,54.74593166178938,1053.3296217216782
2026-01-01 16:38:00,CYCLE_NORMAL,163.9890484321406,171.88514652888745,174.71968524723243,120.69497608908382,3.2037428326314585,7.569148464871871,32.16699144233906,24.049198343599087,46.7916848870253,12.472520053038304,180.0,54.787154814166,1060.537532393869
2026-01-01 16:39:00,CYCLE_NORMAL,163.65930189380106,167.22770255687144,172.41734530186568,120.28024532348996,2.909386350153041,8.015015739582042,32.08756959615948,24.332425584071434,49.15104257897691,12.472178231218058,180.0,54.835919787578895,1059.5566245968062
2026-01-01 16:40:00,CYCLE_NORMAL,163.91283912260786,166.42229161221158,174.08197556471353,118.16623020478332,2.9011656640958727,6.92380822769541,30.871811431384646,24.09303683947982,49.40126411117898,12.471171303857112,180.0,55.21521833945298,1056.7554767219638
2026-01-01 16:41:00,CYCLE_NORMAL,159.8114395367688,167.5498111878439,170.81725471262348,114.47693459275237,3.219561211286489,8.438227822751468,31.439300353589662,24.359190925530815,48.07304594910148,12.471219129176898,180.0,55.27673248163996,1058.8463087452938
2026-01-01 16:42:00,CYCLE_NORMAL,163.29379230516022,166.55242204312427,171.00377392647496,117.7203392310979,3.1005174087252354,7.21925338877907,31.93001214676868,24.22781851519258,50.44693544965819,12.470654932997038,180.0,54.48185963780082,1060.2480616008825
2026-01-01 16:43:00,CYCLE_NORMAL,157.98528062956592,167.54383477987616,171.44689498724063,116.162515698546,3.0948467871548333,8.7517099142145,32.28476590759609,23.901389930401194,51.672100446784654,12.469160895203748,180.0,54.482292768287124,1056.1853978326492
2026-01-01 16:44:00,CYCLE_NORMAL,159.90002945543318,165.78288539186704,168.38013268995624,115.83186710131994,3.1407802769425577,7.834939953016775,30.639412639191985,24.289867992291082,49.86854764715831,12.470416040992122,180.0,54.281369072906976,1053.4512898017722
2026-01-01 16:45:00,CYCLE_NORMAL,160.7059806477815,164.56884949105552,167.88702942562307,116.22209280303372,2.5393283630378685,7.894166509034411,31.85347897709264,24.075182544743118,50.79591132396045,12.469918368468694,180.0,55.161684017408476,1066.4835981664555
2026-01-01 16:46:00,CYCLE_NORMAL,160.41936181075792,165.79095736630666,168.2513839919918,115.92129285367467,3.2270366039960945,7.686133046957747,32.02981341020939,24.35168873083649,50.16925238683162,12.468650231663718,180.0,55.54719714645785,1056.626671405389
2026-01-01 16:47:00,CYCLE_NORMAL,159.58054656520818,166.65823028569238,171.84288691310553,120.6293710886954,3.1837406382040805,7.855980563038962,32.446549624986694,24.16007368072897,49.253402413392024,12.468481972529231,180.0,54.67545954613008,1058.6646960654068
2026-01-01 16:48:00,CYCLE_NORMAL,160.48440555514395,166.71873087300952,170.07192248050177,118.10233534445106,2.694995061427051,8.709265672574018,32.344863553457216,24.22290083756174,48.22920286371742,12.468550344095197,180.0,54.72220052328066,1062.9805939838027
2026-01-01 16:49:00,CYCLE_NORMAL,160.70521701377038,166.90554697268973,174.36665727816288,120.45815559447139,2.9267758578977396,6.75609567173246,32.27062748977217,23.935972413483686,49.39456810114491,12.46680387736962,180.0,55.5859236457922,1072.9324912275852
2026-01-01 16:50:00,CYCLE_NORMAL,161.30238123490034,168.28962857074038,171.33252182484452,119.36155490496465,2.9882078137117105,8.638482693044093,31.432626098914064,23.992953367469564,48.45837822052519,12.467135525036744,180.0,55.11462852859589,1053.7109102444729
2026-01-01 16:51:00,CYCLE_NORMAL,163.884267600801,169.26789979291055,173.0862066482122,118.0718041199657,2.95965096467948,8.169011740550854,30.758865765481005,24.002092372885137,51.405284289751734,12.466088367468055,180.0,55.08898478724977,1060.3543145712308
2026-01-01 16:52:00,CYCLE_NORMAL,164.28124620099712,170.5114184070841,175.70335956092052,122.83770236978626,3.1001579899705605,7.396489176071392,31.6584839572558,24.24783024403804,49.370517036477985,12.467799396277245,180.0,54.28412555670687,1055.5845250312132
2026-01-01 16:53:00,CYCLE_NORMAL,164.13154939030434,170.7414927697247,177.37035237040806,122.0597797824669,3.4294100345493552,7.462343803475381,32.48551621476368,24.394306911632167,49.17418002563186,12.468323356789321,180.0,55.22736372346366,1056.1128955762713
2026-01-01 16:54:00,CYCLE_NORMAL,167.26274106613278,170.98267951923268,178.65702550757658,124.35649611494887,3.3245300183018487,8.838196513604101,32.71040536102918,23.879813776444383,50.43975446176911,12.467923456799213,180.0,54.43154588285395,1055.2341415836909
2026-01-01 16:55:00,CYCLE_NORMAL,167.86875942505193,172.67605642371998,178.95003947671177,121.99504977638904,2.606334241970578,7.527246560028634,32.29003276653494,24.237912114868905,48.09940013556321,12.467178289028896,180.0,54.336916309048675,1053.4529297061417
2026-01-01 16:56:00,CYCLE_NORMAL,169.87438489646976,175.34676111367304,180.12782538483677,122.2208235471066,3.1866209970918145,7.42332474470202,32.110254760871676,23.56998197863205,47.88739883915642,12.467073321321331,180.0,54.73805046526009,1057.624588560721
2026-01-01 16:57:00,CYCLE_NORMAL,171.12029969468412,174.3844222791911,181.0757774234172,126.48655702411963,3.398679995860623,8.568657271182365,32.06895853173935,23.74613811640113,49.042268489710054,12.467686112062914,180.0,54.62574678302333,1051.7196103924236
2026-01-01 16:58:00,CYCLE_NORMAL,170.88653062462708,177.32373260838105,182.81535792913354,126.74604074386379,3.116042556206761,8.169276438142957,31.4956067420718,23.77396538910419,49.37129734306137,12.46766061793433,180.0,54.814746783581356,1061.2264001179717
2026-01-01 16:59:00,CYCLE_NORMAL,172.7598558027488,177.96006647619234,182.77065019139093,125.08475864414108,3.32729412755579,7.5310372117318005,31.738925137932934,23.675654016029416,48.771975873178036,12.467443459127193,180.0,54.211655468620016,1057.47443145511
2026-01-01 17:00:00,CYCLE_NORMAL,175.8967523261479,180.03449378752174,184.0181613398932,126.29000696395141,3.6036811337102295,8.10831248770231,32.805667780676416,23.609565428981956,48.099771300784894,12.46750182941801,180.0,55.41784985620952,1058.753130869315
2026-01-01 17:01:00,CYCLE_NORMAL,177.30037126753496,183.10206918414357,186.56387760012166,130.89334054681933,3.3071128638320944,7.487123658179861,31.225538836563217,23.98870605995618,47.277978949671464,12.466897970486773,180.0,55.508275640980735,1055.0013501527903
2026-01-01 17:02:00,CYCLE_NORMAL,178.09359344950937,183.34799424389024,187.91445381523644,128.28287077650546,3.0747925786925188,8.550410699211303,32.74637275537583,23.84281491229469,47.617446559023826,12.46655476455993,180.0,53.97644705151238,1055.1937664774018
2026-01-01 17:03:00,CYCLE_NORMAL,179.7760477755947,184.69097877341153,189.09138125643142,133.43067628726044,3.313526542225426,8.530685482436567,31.570306183121666,23.940733943081476,47.17637718227897,12.464468972121026,180.0,55.44472763966315,1057.6031017579228
2026-01-01 17:04:00,CYCLE_NORMAL,182.63424752108307,184.46922227696106,191.93671458308503,131.60939904688743,3.0434663499290675,8.266003099410971,32.544387223424614,23.981877330619735,46.0690842939746,12.465442698351879,180.0,54.55530919166157,1051.5807168398903
2026-01-01 17:05:00,CYCLE_NORMAL,181.79011433339704,188.39550427923268,193.64636625028464,134.7316064760787,3.0071709129854867,8.180830530623508,30.890232700290284,23.875544967188038,46.298963247979295,12.4657414961322,180.0,55.39383005326602,1054.5828638521787
2026-01-01 17:06:00,CYCLE_NORMAL,184.47329564179117,189.5913598017564,193.92286704793733,133.83564350901074,2.8945757292858803,8.880594062433687,32.070648464251796,23.932325197449842,44.97106946076786,12.464968040288166,180.0,54.93558153094269,1052.3481350977813
2026-01-01 17:07:00,CYCLE_NORMAL,184.79432791246225,192.63286476334946,196.80999519264924,136.86942768944994,3.4690240076496326,7.999843163694113,31.261420257671407,23.76493273577476,45.49607565269314,12.466866775269521,180.0,54.988348490849134,1051.9899598462357
2026-01-01 17:08:00,CYCLE_NORMAL,185.88595493828822,190.77783850021729,194.77714544520066,134.19415223243232,2.7544714002174,7.409062937289599,30.838292291199487,23.519226246835977,45.421835463333416,12.466953791749914,180.0,54.88526099830479,1046.8724361328075
2026-01-01 17:09:00,CYCLE_NORMAL,188.4537871380088,192.39823530882092,196.9028635644885,136.32045367206157,3.459710317403435,8.224736956416153,31.802138928182494,23.94569610069617,48.133755335315875,12.465917648177939,180.0,55.58741648458145,1060.4225838989587
2026-01-01 17:10:00,CYCLE_NORMAL,188.98088067555219,193.28964147721945,197.13019427204318,136.83011771405017,3.1499592371221112,9.043023524768557,32.25986490372799,23.593545338265493,45.412208184138514,12.46677438559941,180.0,54.364792662403126,1052.0665724459411
2026-01-01 17:11:00,CYCLE_NORMAL,189.67939342783976,195.59612580035517,196.46333792415132,135.00346368878698,2.5802081475594174,7.492620253407074,31.129979573032173,23.501212760550075,43.58496441206678,12.467172433815918,180.0,55.291434151448854,1059.2076707634783
2026-01-01 17:12:00,CYCLE_NORMAL,190.8324223130125,194.15149310556296,199.16663092141607,139.27774687186093,3.1102947878974265,7.819268616653007,30.719898633589036,23.62944609342475,45.23827105614095,12.467567013801403,180.0,55.54079872458613,1058.5647924335385
2026-01-01 17:13:00,CYCLE_NORMAL,189.69741862096637,195.0070398419315,199.52611700094712,137.4241567939585,2.3699920477045127,8.208223019050726,31.5461682270078,23.45890220552309,45.753391067253965,12.467141258196751,180.0,55.35061552752289,1048.8751274580654
2026-01-01 17:14:00,CYCLE_NORMAL,190.73617199607807,195.64730424218396,201.73396812241467,139.22120839372977,3.187652405049311,7.97304757549713,31.530385843691345,23.534153827525724,46.81626848378886,12.467591753920528,180.0,56.15679883197156,1049.3890606716734
2026-01-01 17:15:00,CYCLE_NORMAL,189.62767989208785,195.22393094778764,200.75697402146574,137.36896363370658,3.2655694448966974,7.508848209811343,31.893017873286173,23.662370758684418,44.70101050718076,12.467329995630308,180.0,54.731671799841266,1063.7024032887248
2026-01-01 17:16:00,CYCLE_NORMAL,190.30682805351023,194.38210809306347,198.68880424132905,133.98136605256454,2.822293213304384,8.560928928115235,32.114571059743554,23.63889675107598,43.94947840521786,12.467885937081954,180.0,55.47618521312542,1060.1759185215815
2026-01-01 17:17:00,CYCLE_NORMAL,189.51604234576584,194.90512200248503,201.89712509060809,139.18428350779908,3.037064308786675,9.16002036100863,31.489564699496473,23.36508301944071,46.278374933717366,12.465980992627943,180.0,54.94556683341929,1052.7521330705872
2026-01-01 17:18:00,CYCLE_NORMAL,189.38224290241857,195.55420584425903,200.73108817905774,142.42835806626394,3.586247230125086,8.098065729511953,32.618528709052015,23.422284669646764,43.98026714820608,12.465547119164965,180.0,55.61608620058463,1053.6078932283012
2026-01-01 17:19:00,CYCLE_NORMAL,189.41737029516335,192.47136350534578,199.40169910880138,139.26044648596232,2.848275988721419,7.5479658551319995,31.619396091201935,23.709629058597848,45.67486855228895,12.467269274262772,180.0,54.99600129036327,1049.7494430554225
2026-01-01 17:20:00,CYCLE_NORMAL,187.00851623688644,193.14994466574285,197.7186001381468,136.7676169419121,2.68232772388302,7.225519737473262,31.256245711533612,23.56874315427797,45.74076409660984,12.466502206807371,180.0,54.80606210906876,1053.6909350838678
2026-01-01 17:21:00,CYCLE_NORMAL,189.6461196464468,191.29510993769725,195.98392783155606,135.84374201051045,3.4444990207387796,8.128987990610591,30.47602769255408,23.858944766425378,46.39939727969479,12.46589836850988,180.0,55.65288189015976,1048.7757940173467
2026-01-01 17:22:00,CYCLE_NORMAL,184.93995152436128,192.58122833687074,195.70052425087567,135.4099799058539,3.5887761571592383,8.551938671658128,31.263861328452325,23.654198007565196,46.90022162172782,12.46545040717143,180.0,54.75360219289883,1043.192440552437
2026-01-01 17:23:00,CYCLE_NORMAL,183.5799327600376,188.20913480964236,196.3434574390279,136.3465701782338,3.001108701554354,8.23758387324769,31.197738604700774,23.621047654932458,46.58753748958206,12.46423560103554,180.0,54.292249271639726,1045.7073384331677
2026-01-01 17:24:00,CYCLE_NORMAL,185.20651183258718,188.1460725676612,196.07828235150865,133.8528128452546,3.303438910622507,7.998798079540573,31.953494579776944,23.08841215674451,47.04915304533528,12.462027320259311,180.0,54.73910936024174,1050.7440465215232
2026-01-01 17:25:00,CYCLE_NORMAL,183.44999523275553,187.95265425007742,194.35189223392663,136.08252255557628,3.4024427746592645,7.7053641741053465,31.632172446221812,23.492339057774174,47.38920158453188,12.461796733860789,180.0,55.30566165449788,1045.795965134715
2026-01-01 17:26:00,CYCLE_NORMAL,181.84999342659958,187.9796784812182,190.51443033999348,133.1335076741482,2.777254730238485,7.453918183640955,30.624063489860827,23.30231521456386,47.579397532398296,12.46193259328487,180.0,55.690468750603394,1049.7061645829517
2026-01-01 17:27:00,CYCLE_NORMAL,180.38926952674134,184.55635460233663,188.2917139956774,131.6961117151957,2.8544082493896394,8.41737566316244,31.41167492894487,23.175902473746117,48.3776210070141,12.461880088216331,180.0,55.048010174900945,1045.3261902987424
2026-01-01 17:28:00,CYCLE_NORMAL,178.1039792348502,182.45243593023466,188.28773885855992,130.93156686565007,3.3692623539464206,8.456885810692793,31.68751553957225,23.292661072195905,49.25568290818122,12.461735209654384,180.0,55.64923217575837,1046.1395368580143
2026-01-01 17:29:00,CYCLE_NORMAL,175.4912217032318,183.82531543234347,184.44579971033934,127.7982980827124,3.5055042836125527,7.227135106654633,32.17732999854692,23.420860660793025,49.35647264854564,12.461778250525233,180.0,54.308426521342554,1052.320328969366
2026-01-01 17:30:00,CYCLE_NORMAL,175.09096546983255,178.2623833195006,185.38780125702183,129.23622736578713,3.1688642580523063,8.794919489090342,31.768570357948224,23.30455050345513,50.298974914873135,12.462801091996784,180.0,54.76295493625669,1049.5309418530574
2026-01-01 17:31:00,CYCLE_NORMAL,172.61947899717072,175.79350590304117,183.25494994742684,127.57086552127244,2.7360556939493836,8.287035610447,31.667777893351342,23.001065070144918,51.003189855459695,12.462610645810855,180.0,54.83706432388766,1048.1303908262134
2026-01-01 17:32:00,CYCLE_NORMAL,173.05146831783486,177.40934197779757,181.32208083549168,125.15380364078412,3.5961183335098323,8.699797322572897,31.222171268865885,23.297441434272244,48.581475970189466,12.462036563233768,180.0,54.92053010927914,1051.3076509737343
2026-01-01 17:33:00,CYCLE_NORMAL,170.18827622657327,174.7622800151527,178.45110140365568,122.81594454665127,2.8407087306564107,7.328936125757442,31.39360725275683,22.99344053180989,50.900995824373894,12.46175543774888,180.0,55.01600790293373,1049.331735115931
2026-01-01 17:34:00,CYCLE_NORMAL,167.90835371771192,172.67347097330608,179.5152704817466,124.0724362655104,2.8994586656485644,7.317087922292281,31.884476769727055,23.13612604042019,51.88061261779829,12.462334784508636,180.0,55.31526025597199,1052.8078606045558
2026-01-01 17:35:00,CYCLE_NORMAL,167.11433699001643,173.35002773675924,176.86075899240572,124.66409822156841,3.1027013503468863,7.925515345116351,30.308917407340093,23.003778215417256,51.97040056010124,12.46374681138718,180.0,54.74293886568938,1044.7893206381577
2026-01-01 17:36:00,CYCLE_NORMAL,166.67873896074366,171.47578207213834,174.77932101276056,119.27177678764902,3.466248126214432,8.251392213447597,30.872389374772983,22.992165702136084,51.04311220578541,12.463118667648011,180.0,55.03008785004895,1044.5122546524372
2026-01-01 17:37:00,CYCLE_NORMAL,164.28657144125236,169.28614654773307,171.51632624867918,116.77567725433275,3.256192792965667,8.898180411463482,30.591642865284825,23.16051468429226,51.65505119821954,12.46321760143504,180.0,54.93293729166785,1040.6233246525132
2026-01-01 17:38:00,CYCLE_NORMAL,162.86616314315938,167.31646233943403,173.81980973177832,120.27796108580678,3.124459650108573,8.353039456907565,31.2554720938427,22.770395423129827,52.26432164432629,12.463555958876976,180.0,54.48717333663721,1043.7037804696156
2026-01-01 17:39:00,CYCLE_NORMAL,163.15716973816615,168.911693878312,174.99144700037954,120.79520286371769,3.138986559035432,7.878659361593983,31.73857758391231,23.338486753659886,52.95896419133181,12.462563380870247,180.0,54.8875991491818,1048.8657437550373
2026-01-01 17:40:00,CYCLE_NORMAL,162.3035788285639,167.7898603567838,174.00313000069087,120.30727082122019,3.01305440059304,7.486815396167054,30.61439472987693,22.556094167852795,53.752564355819366,12.46258379803746,180.0,54.86661193802713,1049.7886390176923
2026-01-01 17:41:00,CYCLE_NORMAL,160.68848632491566,166.17780709882575,170.7483026274575,118.38076919070171,3.167441854355552,8.615000286359574,29.510205727997274,22.771496160132155,52.73643206708373,12.461118124180118,180.0,54.84960600338095,1048.0070458995308
2026-01-01 17:42:00,CYCLE_NORMAL,160.16890628883073,167.95011665082993,170.0114977831386,117.19685634209863,2.241131976691709,7.5176472871246425,30.668542062670966,22.93564968592464,53.578873215772305,12.459349073876378,180.0,54.94142635906459,1036.561350179087
2026-01-01 17:43:00,CYCLE_NORMAL,160.60624591382205,164.04368426940152,170.89031509628293,120.31540534793206,2.9110177622790605,8.814234277386161,31.43512515160389,22.94891169459453,53.82629773795007,12.45971582028427,180.0,54.956479915054366,1047.6381945365447
2026-01-01 17:44:00,CYCLE_NORMAL,158.34447035967912,163.25154136436623,168.88410904244998,114.23657455958458,3.072396580475034,7.857807675196745,31.18046866030114,22.782263880403686,53.78183724518934,12.45933194554294,180.0,54.69528866408978,1035.51428628488
2026-01-01 17:45:00,CYCLE_NORMAL,158.31104347074813,164.1697103161425,170.36215027978335,116.20309363732271,2.6546957749141478,8.795291036308925,31.085338873432537,22.76106434533706,53.43524360799075,12.459534225950561,180.0,55.54028376900179,1046.018876167682
2026-01-01 17:46:00,CYCLE_NORMAL,159.22003850397297,165.0274683498493,171.00146790353753,117.77893098231802,3.115896995343468,8.33946564502964,30.630657380928778,22.824713971008112,54.14829787297749,12.459516330973553,180.0,54.31137373850732,1040.508662324518
2026-01-01 17:47:00,CYCLE_NORMAL,160.0716494069387,165.61979332818012,171.80010585765407,116.03602241601929,2.9386586337041636,7.931502255278771,30.001154253749753,22.666334260683403,53.55120264358744,12.45853993092489,180.0,54.527514634589004,1044.3387236879598
2026-01-01 17:48:00,CYCLE_NORMAL,161.1072413342903,165.4446689861451,170.61396736379675,117.73998664358365,3.526642709494647,7.740301814086937,31.047365016689437,22.961016090380294,55.527070520999,12.458494676622925,180.0,56.26956562180551,1035.7430329641431
2026-01-01 17:49:00,CYCLE_NORMAL,163.06724559570046,166.71928461117813,171.05240963514862,121.03111738727885,3.471905917564457,7.82954606132696,30.20693479270987,22.819973588571063,52.03700516327582,12.45726157531791,180.0,54.35187125735463,1045.2972287117843
2026-01-01 17:50:00,CYCLE_NORMAL,163.0388104910758,165.50777163420483,170.95603983912548,118.51297321762432,2.860258329264551,8.214158346187618,31.986980465463706,22.796289588113265,53.70193901137832,12.45865254767591,180.0,54.1849722646335,1034.287937397112
2026-01-01 17:51:00,CYCLE_NORMAL,162.67281884841967,169.5972626092637,171.87248865952796,119.27684294858136,2.9547486865299915,8.038578248108859,30.987551786307318,22.39801614788523,51.549164827317576,12.457296577331052,180.0,55.21977073984332,1037.0048922760063
2026-01-01 17:52:00,CYCLE_NORMAL,163.8300081683558,168.75424620376793,173.58105294755717,118.15383319865096,2.977815730317482,7.703094295965648,30.265293434428052,22.54479921749231,51.39703196266709,12.457100792060082,180.0,53.80435587875622,1035.2128577283302
2026-01-01 17:53:00,CYCLE_NORMAL,163.7600056670518,171.3037959025229,175.40387951279655,120.11159247003667,2.8645021571521134,7.917184294841184,30.214999602462623,22.469924585060998,51.55894517865541,12.456058520472036,180.0,54.71536355509832,1031.7103218521472
2026-01-01 17:54:00,CYCLE_NORMAL,166.16100545242205,171.59449163126615,177.27952276709283,121.86509376927846,3.058507495208438,8.039288514859575,30.493929435026608,22.298154676148126,51.595010069839525,12.456628941645397,180.0,55.89569955482723,1038.6235496552752
2026-01-01 17:55:00,CYCLE_NORMAL,167.1536096332958,173.04810386298448,176.53618525918353,121.69137069241097,2.772515379333723,6.935632952792594,30.3735804109863,22.540486123253462,53.96336946036161,12.456297510274114,180.0,54.039808221191535,1044.9835799343382
2026-01-01 17:56:00,CYCLE_NORMAL,169.28621262626874,174.58267109014167,180.69017663661447,126.69499473658394,2.660815399518742,8.22908405739435,31.154691386431214,22.330028495882228,50.428546995208166,12.455778843554492,180.0,53.81048618551536,1047.9364877059786
2026-01-01 17:57:00,CYCLE_NORMAL,169.37206795211296,175.90199535639653,180.03939676312467,125.26401500362321,3.1868133671700805,7.510139387641597,30.563477916458336,22.53767367895726,49.10486286030839,12.456632045099544,180.0,54.040773896332745,1037.1630463675235
2026-01-01 17:58:00,CYCLE_NORMAL,172.50454045482297,177.65259194957463,181.85568388451546,124.2291202693014,3.1888588752665434,7.4233337983971275,29.979417416104383,22.161525660223024,50.02297951451066,12.456661475691222,180.0,55.228144858165145,1040.7426719920127
2026-01-01 17:59:00,CYCLE_NORMAL,175.27135974658827,180.02705608714408,182.53541903600777,127.05494159944053,2.7587052721020022,7.156327826444645,31.519163910955932,22.688283849279962,47.03867321294667,12.457178120137158,180.0,55.32965922158792,1036.7018710496511
2026-01-01 18:00:00,CYCLE_NORMAL,174.86948782185175,180.23582540364174,182.09091168767245,127.12775722424279,3.26860662922878,7.103053751066055,30.38072600808203,22.13406655219235,48.91789085131253,12.456196794200642,180.0,54.498988182986515,1037.2626479166213
2026-01-01 18:01:00,CYCLE_NORMAL,177.04998101553343,182.4187314581209,187.62878142464794,131.46355049366827,2.8105266812504004,7.322276248443855,30.778428494952053,22.32600142962379,48.43945088845186,12.454791977256713,180.0,55.084607175128056,1033.3882757360518
2026-01-01 18:02:00,CYCLE_NORMAL,178.94684815231972,183.0109925291217,189.0028880387773,133.16442667402802,3.0759495714113942,7.6454895211847544,29.91791836627087,22.40927614920565,49.017842044072545,12.454899185218753,180.0,55.425554457893725,1035.0231217627563
2026-01-01 18:03:00,CYCLE_NORMAL,179.1537903493612,186.36339557416358,189.29766184708237,129.4641412805577,3.2461032037837367,8.976629568763284,30.466202888055236,22.105499905336835,48.336522443241186,12.45458033886326,180.0,55.61123402735588,1035.8749174895536
2026-01-01 18:04:00,CYCLE_NORMAL,181.36996062430953,185.2893788836659,191.18143850680687,131.1389990055747,2.9899162305888862,7.737060162052398,30.400232191659292,22.35881074250642,47.05255609657023,12.455206773535712,180.0,54.5812362041812,1030.8896540390954
2026-01-01 18:05:00,CYCLE_NORMAL,182.51511088093818,189.66112851949302,193.11912706124494,131.70641972745352,3.1364222736423404,8.088875053134016,29.04476656480242,21.9111395792632,46.31413932184227,12.45512686508305,180.0,53.54022082077743,1032.3683649013296
2026-01-01 18:06:00,CYCLE_NORMAL,183.93399010264562,188.7685892436138,191.94172375612317,132.80701679260412,2.8450711068337284,8.200240693253164,31.35247224619237,22.41603433528594,45.84035524653698,12.455331940422285,180.0,54.266780692944494,1031.91588722275
2026-01-01 18:07:00,CYCLE_NORMAL,184.10934735475635,188.32002897284124,194.40209588256735,135.237092400295,2.941060024971571,8.065532593107925,30.88220985854024,22.097055309667986,45.514123499202526,12.453708557892343,180.0,54.44979301824784,1034.9229609991228
2026-01-01 18:08:00,CYCLE_NORMAL,186.17658459127162,191.30089768005382,197.10028999770708,137.8126489623133,2.938242170735898,7.9612782696370035,29.833790847804927,21.943542957014568,46.19149847126191,12.455596994831957,180.0,54.51941303115206,1026.817491875877
2026-01-01 18:09:00,CYCLE_NORMAL,187.73285286511873,191.31799292665434,195.6301076078211,135.64256057860564,2.7760264960379284,7.402353118200377,29.374803818727973,21.971578745222896,44.53088789519377,12.455432752846926,180.0,54.54035327769624,1030.3363161105917
2026-01-01 18:10:00,CYCLE_NORMAL,189.7317533861206,193.99915331555303,198.34265057536652,137.0684495394874,2.9469677510652654,8.725463774139605,30.208536968282132,22.161783853878543,44.70505283377565,12.456130339817266,180.0,55.17884496152177,1037.6480218762108
2026-01-01 18:11:00,CYCLE_NORMAL,189.85430685594125,192.92003308947614,197.0752836990909,137.0971890512643,2.535414510340876,8.903598321818942,30.0156336341092,21.85169384192153,44.290737365444734,12.455294248147046,180.0,55.24144161404892,1034.1104658272523
2026-01-01 18:12:00,CYCLE_NORMAL,191.84966669344118,193.73042762456956,199.82556372334753,137.42879569941232,2.8526538758573685,7.158670652938657,30.140416065544798,21.787303223507102,45.57229922551202,12.455602258049263,180.0,54.50293630145751,1034.3019366416577
2026-01-01 18:13:00,CYCLE_NORMAL,188.7513969355414,192.40476513387244,199.62944423225008,141.2432119506109,2.914537351989099,7.48798570455681,30.005149497192672,21.861467223808415,47.040135355436426,12.454299413285739,180.0,55.122278237018975,1028.4507732528552
2026-01-01 18:14:00,CYCLE_NORMAL,190.96461319458894,194.37506084742523,197.9796702514375,135.1220190768019,2.923146074251386,7.860094828811497,30.156928734063,21.638996781996585,43.408534834758214,12.454751481123997,180.0,54.735847066492774,1029.0817523619357
2026-01-01 18:15:00,CYCLE_NORMAL,190.22001040688602,192.09134480804525,201.39768722534862,139.57884040331822,2.9275507662387663,7.5177311025449045,30.68434541859327,22.20713248276508,43.281859022878194,12.454395507039612,180.0,54.572968855556695,1031.2483746511846
2026-01-01 18:16:00,CYCLE_NORMAL,192.54559195038533,193.01714504234124,199.03631853836646,141.3872233175038,2.9814707400419613,8.252982776727933,30.1194026398169,21.698404067937226,44.710656983888654,12.454424697543548,180.0,54.97740734088508,1032.9191328692193
2026-01-01 18:17:00,CYCLE_NORMAL,188.7022560685809,195.58471159838027,198.69991108658985,137.60048927475157,3.143832455425819,7.635863898796694,29.111131098143343,21.946695365859224,44.18704224927833,12.455122671573678,180.0,54.54340160968019,1018.307454310808
2026-01-01 18:18:00,CYCLE_NORMAL,188.2581815338104,195.2088079348083,199.50653078110443,137.68226060717674,3.262355122239757,9.082528033903301,30.52065487788776,21.790989729601517,44.37808535862147,12.453890131262458,180.0,55.519043467351956,1020.284992265705
2026-01-01 18:19:00,CYCLE_NORMAL,187.98391069010623,194.213730938781,200.08154668395352,137.70626914547475,2.80507043194552,8.595274297171798,30.649491907134575,21.520952227719903,43.835310994051696,12.453205639531845,180.0,53.753517615792845,1030.2146239412348
2026-01-01 18:20:00,CYCLE_NORMAL,185.44170618759478,191.8300096850115,196.77139487399248,135.76993558619148,2.6390397433832566,8.106287015316108,31.51818061301045,21.685475974246696,44.51011511538568,12.453662963812931,180.0,54.19744717139583,1023.2966411614728
2026-01-01 18:21:00,CYCLE_NORMAL,186.50434888960734,192.07800128825386,197.2092707354418,138.5000239499489,2.687386676327069,8.513493131659866,28.914495142595367,21.812324829150555,44.918606682735174,12.455761185287479,180.0,54.37380778681944,1021.1419902810545
2026-01-01 18:22:00,CYCLE_NORMAL,185.2362131882965,191.14284933525224,196.66175218255762,132.6316028116569,2.8538391236415217,8.552950212178654,29.695791553698577,21.586783760180847,45.69301327373016,12.455623102952817,180.0,54.638554495672466,1018.2342912391438
2026-01-01 18:23:00,CYCLE_NORMAL,185.21743163915434,188.64692146835182,195.86868582409866,137.81054250107192,2.894423604655047,7.718026255970878,28.262103925360478,21.832029676182998,43.147023170617125,12.456214239070741,180.0,55.0342967350072,1020.4503804029316
2026-01-01 18:24:00,CYCLE_NORMAL,184.22688595531972,190.62085674650768,194.02850865071977,132.21377692251863,2.769001180140763,7.591891377729017,29.80438770456624,21.76674543111818,44.17746872101247,12.456107267600881,180.0,54.36933411660124,1016.4779960273853
2026-01-01 18:25:00,CYCLE_NORMAL,184.75140500705908,188.5528347486908,192.05956659310002,132.94549388341227,2.6111650007250318,8.039071531484824,29.10455161928114,21.715329684467356,45.106773427266816,12.458049513195638,180.0,53.651365210610884,1029.866454063648
2026-01-01 18:26:00,CYCLE_NORMAL,182.24155825196027,185.8358926375414,190.10794138135853,131.25173486709323,2.8631637517577437,8.430818062248973,30.548355666182236,21.408793694259383,44.46838023499273,12.456302291528672,180.0,54.764414520418455,1020.8245786313867
2026-01-01 18:27:00,CYCLE_NORMAL,178.94297052882933,184.66751792241766,189.73862757527988,132.08052065038441,3.0544279860341916,8.069530199326708,28.890182698970015,21.25401373563857,47.25952235859921,12.456396912573343,180.0,54.70104658567176,1020.0924730476665
2026-01-01 18:28:00,CYCLE_NORMAL,177.04057775664845,183.36873473180356,186.83210854788376,126.91655983700772,3.1785088397506693,7.211501758904501,28.301956764173976,21.31660557655399,45.062246357072816,12.454771368539781,180.0,53.33278080533002,1022.0843055049863
2026-01-01 18:29:00,CYCLE_NORMAL,177.1582299548226,179.11784510690563,183.06230636882125,127.951261995198,2.8327730840675036,7.598587778024579,28.99307899277077,21.44800069557403,46.50536073349015,12.452264796969244,180.0,54.28168552748985,1022.9869392349505
2026-01-01 18:30:00,CYCLE_NORMAL,173.41572015157533,179.70338714097537,185.52387176498928,131.08695192841068,2.87610065335697,7.963013568202811,28.050775314769506,21.487432624794334,46.83171043882615,12.452562259022361,180.0,53.46812990643031,1022.3245722887154
2026-01-01 18:31:00,CYCLE_NORMAL,175.6298235700104,177.61369195338781,184.5167948602886,125.78394970177106,2.7219905073458066,7.9621671978370845,29.646822841728735,20.913581953323167,46.03153399176226,12.45270175681851,180.0,53.91022552615649,1022.2369353109955
2026-01-01 18:32:00,CYCLE_NORMAL,173.2966527825992,175.67938062585975,179.04580571508345,124.75425031210136,2.990568248887567,8.986271088394904,27.917077360024095,21.315997520884338,45.08646952755204,12.452416919880767,180.0,53.77023516402867,1014.8185256135048
2026-01-01 18:33:00,CYCLE_NORMAL,169.8017343018502,175.0274247329127,179.1530682387239,123.01147440988078,2.7454714097427555,7.307006028800501,29.133038972866814,21.319069688889698,46.51168153077484,12.452310725790728,180.0,54.6051001186157,1015.5479991425262
2026-01-01 18:34:00,CYCLE_NORMAL,166.84318891895398,176.05617418608244,179.64193546706926,124.46837365402077,3.17193834397236,8.252794620917937,27.828992190547346,21.201887194794303,47.58118134718997,12.455409025224798,180.0,54.23745189392744,1019.211315858685
2026-01-01 18:35:00,CYCLE_NORMAL,169.12464684899854,173.26901143352043,179.96899456365406,124.38036570348315,2.4642400524197665,8.744556554164145,28.8430974976881,21.48571228186581,46.71570309339731,12.455150850086767,180.0,53.514552561134714,1013.4195864595928
2026-01-01 18:36:00,CYCLE_NORMAL,166.0457734013098,170.49780642787357,176.20817366482342,120.85913116228289,2.8921110982642615,9.135724872711398,29.98078644214214,21.281996990332154,46.705523454979,12.455660974448017,180.0,54.575435852851484,1014.9009667017823
2026-01-01 18:37:00,CYCLE_NORMAL,166.4484204789853,170.65014024224453,174.08943737514218,121.44826205548262,3.0903322017575228,7.797801288408019,29.1705225651758,21.429989520308713,48.281837526850225,12.455011609628404,180.0,53.396299678140096,1015.9070625124141
2026-01-01 18:38:00,CYCLE_NORMAL,161.93951442728584,170.5320541417423,173.6333518885133,122.49579286745531,3.0551503548967514,8.2457147263601,28.39530731746366,21.09520058799366,46.89113436073894,12.455306842203443,180.0,54.25580548236059,1016.8417925358808
2026-01-01 18:39:00,CYCLE_NORMAL,162.14549505683127,168.9743055038711,174.5145967873536,120.01849680397824,3.807910099194149,8.284880178599323,28.853850872222722,21.29646580171826,46.91495354392043,12.455068608528387,180.0,53.66103691285815,1005.9778706343118
2026-01-01 18:40:00,CYCLE_NORMAL,162.01591138289524,167.08117538713762,171.234461928284,119.56097768121276,3.1049400073703723,8.097740865776645,28.842456886497708,21.40670189719381,47.85546799455423,12.454658090045658,180.0,53.862246430609474,1015.3336840486214
2026-01-01 18:41:00,CYCLE_NORMAL,161.35319484787874,165.52049400211436,170.33778772738074,115.94885304043449,2.6987836209473968,7.950577399380347,29.074207569022548,21.31289095105003,48.67648581879189,12.456476988577858,180.0,54.27401355036962,1010.9245441913406
2026-01-01 18:42:00,CYCLE_NORMAL,160.1940736897976,166.572020231909,170.15486002895426,116.17962950416748,2.971360725873278,8.217987694750024,27.929410240374402,20.80313751422125,49.86066605637229,12.457654173541043,180.0,54.25914799196522,1014.072709718601
2026-01-01 18:43:00,CYCLE_NORMAL,161.07520590780993,165.79996845149904,169.1837916590825,117.92097571548743,2.4671260999600646,6.733876957390157,29.063879325586733,20.941998695207367,48.3111076093361,12.457790920188442,180.0,54.64320630371553,1013.7328111885943
2026-01-01 18:44:00,CYCLE_NORMAL,158.8010270542168,166.15640343350918,170.22937594866968,119.6724848727048,2.975820075210972,8.341034745031315,27.044440007902747,20.89502810642683,48.37833497319001,12.455486708252499,180.0,53.909648212042725,1016.4377850474427
2026-01-01 18:45:00,CYCLE_NORMAL,159.82914461797444,165.76220616201837,171.94961415016348,119.08007949846458,2.7500831828997723,8.063088951830984,28.24780712874264,21.033402678102583,46.62210054286464,12.455125699029246,180.0,54.0798100858854,1014.7998824928986
2026-01-01 18:46:00,CYCLE_NORMAL,160.22652632753017,166.34163482785908,170.4698666972151,117.3228185868131,3.2746170826680485,7.888762551610867,28.291367808778716,21.044481294375572,45.78043912112612,12.45782872659365,180.0,53.68328337548948,1014.1512683641859
2026-01-01 18:47:00,CYCLE_NORMAL,160.94511258986344,164.68550373512025,170.0249617864414,117.6544329791573,2.8351379176213394,9.02343109785978,28.92285838537996,20.711263424969772,47.068521094768855,12.45759806492701,180.0,53.968473657172574,1013.9176156227232
2026-01-01 18:48:00,CYCLE_NORMAL,161.58809010927936,167.3150251343339,170.38397873287406,116.07379021851807,2.964970225261426,7.662532990604724,28.514911445863337,20.864618051229666,46.310257060321874,12.458701282499064,180.0,54.0723092378832,1008.685509953122
2026-01-01 18:49:00,CYCLE_NORMAL,159.94724762515554,166.53393766099185,169.420989164925,118.08040417401514,2.809332647578679,7.798462005467485,27.616410769657694,20.419254703155442,45.113238616119034,12.460143224901017,180.0,53.778261143738256,1007.0249693777195
2026-01-01 18:50:00,CYCLE_NORMAL,160.1686819383507,169.49993199038374,173.06935067581,120.53694475593322,3.5216554055559994,8.995776651102368,27.827117977580407,21.08400481590609,45.144989355894666,12.460362188816873,180.0,52.90015458595391,1009.7629761287726
2026-01-01 18:51:00,CYCLE_NORMAL,164.397957270654,167.0377197026683,172.77134044796043,119.00579533772672,2.9036271701646266,7.583969347575072,28.495641259002504,20.665706797993934,46.08493096764542,12.459520367185005,180.0,53.942144509591365,1008.574822604843
2026-01-01 18:52:00,CYCLE_NORMAL,164.25160443221452,170.9359841816373,173.63625172153027,119.43261589003458,3.5497671130437602,7.724942358531731,28.287270968210528,20.7521147838795,44.969769367425684,12.457085054853222,180.0,53.93283608683002,1003.7844056529859
2026-01-01 18:53:00,CYCLE_NORMAL,164.0648570607493,170.2005338447723,178.79476998603099,123.34566939590752,3.24424552863548,7.926487288284575,27.94547832272908,20.651971222748625,45.080819826071654,12.45776921806183,180.0,53.384383544784136,1006.013585462891
2026-01-01 18:54:00,CYCLE_NORMAL,168.04460358623987,170.4015196112755,176.54172470565166,121.64955952198352,3.144620018200616,8.420367241064774,27.962661804410065,20.916268940099442,44.62369019405563,12.456954462059008,180.0,53.05596195685679,1003.6270453046203
2026-01-01 18:55:00,CYCLE_NORMAL,167.63880956115136,171.91933699913477,176.59785073988573,122.17544041917112,3.110619944195256,8.103901253676657,28.62704462326735,20.092931724273033,43.29102436034539,12.457130612510895,180.0,54.40955212243041,999.7244257407364
2026-01-01 18:56:00,CYCLE_NORMAL,170.31410697473962,173.51453358402983,178.38732123841638,126.80972541108973,3.1181391894648756,7.353687326423868,27.85688707119527,20.630692064699147,42.73631322721061,12.455880792171305,180.0,53.890565892554264,1007.6743821892574
2026-01-01 18:57:00,CYCLE_NORMAL,170.44576726206785,175.87374422005803,181.74287993541182,125.15491050266768,2.421698226196317,7.733915718436405,28.07278828989507,20.58664720727999,41.34466492934961,12.455615554630835,180.0,53.50330838048139,1002.105442514808
2026-01-01 18:58:00,CYCLE_NORMAL,174.35422214759205,177.5087272233763,182.017249130379,125.72511011581543,2.916334981754773,7.696322783393894,29.385731632381756,20.491100349664773,43.78240104799553,12.455649273685736,180.0,53.0221150472422,1009.4513782237968
2026-01-01 18:59:00,CYCLE_NORMAL,175.53848206191702,177.74363304625888,181.7061394770043,125.29783631318719,3.2535473913552964,7.961389477388477,27.187677554334627,20.90131355057146,41.760606280914395,12.45591786726678,180.0,53.152285180415355,994.1263379661755
2026-01-01 19:00:00,CYCLE_NORMAL,174.7012430218251,179.97077448928678,186.1030747214902,129.6781655073433,2.9853308449577685,8.212921829314915,26.888894361055204,20.353070977497666,40.859322923046435,12.454803045079428,180.0,54.18682910432585,997.7728849086266
2026-01-01 19:01:00,CYCLE_NORMAL,177.73381209016,184.138651379349,185.76615404636797,128.55962027919924,2.5784430459589274,8.209102877943986,28.42826666241418,20.659596777803333,39.109880673168334,12.45599995602819,180.0,53.5764880992883,999.5022482997887
2026-01-01 19:02:00,CYCLE_NORMAL,178.89312650176856,185.19172716638724,190.36663269372744,130.56155739933322,2.984278664826759,7.111994122975799,27.509044483690108,20.551424813504703,42.56530185167296,12.455403061243459,180.0,53.20427044946122,1003.2929791975142
2026-01-01 19:03:00,CYCLE_NORMAL,181.27761278466292,185.15884331923294,190.93131259448168,134.1858198930739,3.5112316548766476,8.531970493780427,27.68341444704192,20.70765481778127,38.36246225666178,12.453728591783005,180.0,53.70610081678451,999.7132319457211
2026-01-01 19:04:00,CYCLE_NORMAL,179.94314149344086,186.14665381993885,190.5642633713465,133.93122058502718,3.3740675146604158,8.126284422998312,27.363803558204538,20.297333779817748,38.611737127454575,12.453619568363042,180.0,53.01553643592028,998.7293517929711
2026-01-01 19:05:00,CYCLE_NORMAL,183.32326175199805,187.64403759206184,194.03721963408205,133.31832471293677,2.9813987971901903,8.692266023796954,27.63477609056772,20.259846245803523,38.96433105631631,12.453653943672068,180.0,54.1444252428049,992.3507874552067
2026-01-01 19:06:00,CYCLE_NORMAL,185.0868881686066,189.5530003516636,193.89820539702,131.6072362666111,3.285434783117426,8.222099163645336,28.70796078914055,20.60157407757187,38.58211454807514,12.45381453310524,180.0,54.04146283499723,991.6048032393234
2026-01-01 19:07:00,CYCLE_NORMAL,182.92647171167516,188.80960801714482,196.06028750552957,136.78339941954795,2.8900478938895846,8.55066147886788,28.188324286660347,20.44359987228363,38.87873182104951,12.455176665508924,180.0,53.10262679892161,996.8957268135017
2026-01-01 19:08:00,CYCLE_NORMAL,184.72726216696194,190.83832053725286,196.72885176291425,134.88301305600714,2.4888385239519843,8.233272655725063,28.182622733802923,20.02598286207902,39.1438653532727,12.454940216672188,180.0,52.99222420310283,989.5229054247876
2026-01-01 19:09:00,CYCLE_NORMAL,184.68817630231212,190.13295402697113,196.1196269296352,136.75495965539034,2.7226602035611336,8.673112878101374,26.773830513250356,20.203806976804785,37.77047478401522,12.45482059704782,180.0,51.96793425521283,992.2259901997318
2026-01-01 19:10:00,CYCLE_NORMAL,187.66709285543308,193.46944880389287,197.2181212579856,133.6648748936393,3.4688666305524594,8.26112531800889,26.891193904997664,20.36590876594789,35.390061898284216,12.453717412666586,180.0,52.50644985587524,995.7319615202842
2026-01-01 19:11:00,CYCLE_NORMAL,189.56423257159415,194.47981699228228,199.9391348457364,139.7400550583431,2.917802075451209,7.951042376778548,25.836804202337277,20.433419579777304,35.8035923124632,12.454537966169475,180.0,52.547544436190016,989.174473881321
2026-01-01 19:12:00,CYCLE_NORMAL,191.06867620694254,193.68602398966806,198.86411734589944,136.2188080773649,2.9269848061874946,9.13621736022344,27.01303857309313,20.107528944864285,36.30791374513699,12.454722275233554,180.0,53.25471511923715,998.901429835589
2026-01-01 19:13:00,CYCLE_NORMAL,189.7611277475108,196.5609981269551,199.18783585511667,139.11362506104058,2.910048541117536,8.444518561139946,28.031159622094176,19.638309609013398,37.35245404494755,12.45430224750626,180.0,52.99364712502621,996.7528110308933
2026-01-01 19:14:00,CYCLE_NORMAL,191.87216708520964,193.44690963492127,198.77168133530486,138.12665939895376,3.571240976871902,8.286872210502207,27.725835795199377,20.30387207492764,34.233802246571095,12.452397572812794,180.0,52.4535455379709,984.9493382929021
2026-01-01 19:15:00,CYCLE_NORMAL,188.34387825014213,193.24275014374822,200.50831887871215,137.10024799171802,3.4877876746086187,7.361847791730832,27.241354182067802,19.933514293457677,36.66301238671602,12.453841985007848,180.0,52.954887725316894,986.8844471248582
2026-01-01 19:16:00,CYCLE_NORMAL,187.87376950329792,195.18717061279608,202.3928583336159,138.88658303959326,3.6656340700344403,7.355846191268231,27.319544842904758,19.752749446980083,35.09072500159374,12.452614305043392,180.0,53.31720384208856,980.8507662190541
2026-01-01 19:17:00,CYCLE_NORMAL,189.60555677233114,195.92873197414167,198.39117451390194,138.5854571839308,2.9522864368799846,8.146357741070927,26.878329713176424,19.568681951442716,35.412710740598634,12.452023027034022,180.0,53.29733142996779,986.2445501306324
2026-01-01 19:18:00,CYCLE_NORMAL,189.72672628315448,196.28656097417675,199.2949110924346,138.23005172298508,3.0886873466241287,8.07276059888412,27.37333007109817,20.27716772019929,34.20381969892488,12.452381371545098,180.0,52.05226598619998,991.8226750311461
2026-01-01 19:19:00,CYCLE_NORMAL,188.66394816692613,193.15252074919633,200.39784653113756,139.39502728787332,2.5450072351737627,7.692938717495842,27.668897606171864,20.119617212552374,33.793783840955406,12.451184813616482,180.0,52.90647357426828,986.4849798081531
2026-01-01 19:20:00,CYCLE_NORMAL,185.5094505367187,194.2847980568841,197.8948113872717,139.63322472028045,3.4430803278354825,8.07049134980603,26.19882116428268,20.02858561691808,34.98050751349088,12.449691303838229,180.0,52.24725587297656,989.3684875253983
2026-01-01 19:21:00,CYCLE_NORMAL,187.0283108682089,192.0890447522234,197.67810107112393,134.43083980178292,2.6496661346196193,8.794313464021798,27.30721564711624,20.331649118674992,35.047762970830014,12.447567356255528,180.0,53.35793027016929,980.8220682430805
2026-01-01 19:22:00,CYCLE_NORMAL,184.5818089815551,190.94001962223194,194.87230014838468,137.29285529129777,3.065032669128789,8.34770123727515,27.64605744213018,20.16174385626307,35.34738762530826,12.448288353208433,180.0,53.26709946839314,989.4908488116882
2026-01-01 19:23:00,CYCLE_NORMAL,185.84056615397895,191.09735102036692,195.5509276120321,135.58562901599933,2.6708092417101468,7.4294957451236305,26.796805996307654,20.338284011924795,34.11828712263354,12.447743166963708,180.0,52.39379564050909,983.4675556335718
2026-01-01 19:24:00,CYCLE_NORMAL,184.25669667970334,189.59956623848322,193.59220566638166,132.76604154598073,2.823339951978391,7.944245586428528,27.425660818612933,19.71753544338941,33.569325404249504,12.45067043705618,180.0,52.42739428806045,985.1272854992404
2026-01-01 19:25:00,CYCLE_NORMAL,181.3721442564072,185.60832941161894,193.68287599481587,131.73593299700133,2.74882127068509,7.597516759573719,28.65351648627345,19.97054738927184,33.07502344411906,12.44967608199055,180.0,52.54721763984886,984.0993592882766
2026-01-01 19:26:00,CYCLE_NORMAL,180.48440934533298,187.87289806580807,192.5259129080147,132.67823291504249,2.817637421797255,7.8061500417957195,26.861715041746802,19.635809198217437,34.84109942258654,12.448754630967121,180.0,51.61871739262499,978.7786166795149
2026-01-01 19:27:00,CYCLE_NORMAL,178.36419868935755,186.29136454060125,192.74273128604665,134.145607178616,2.8382631890553065,7.793192167185179,27.120019805846276,19.895292039557837,34.4912545776871,12.448189237996836,180.0,52.880191770035886,978.6481963106871
2026-01-01 19:28:00,CYCLE_NORMAL,178.04346044553856,182.36800012045495,188.81423517012266,130.36302472983195,2.835519361522477,7.7611772086979975,26.40103856202528,19.873787081257134,33.547048104696785,12.448432372651974,180.0,52.542711701724926,986.5292700593454
2026-01-01 19:29:00,CYCLE_NORMAL,177.71409773361626,182.04289118913968,186.95888252891336,131.7512324463158,3.250000173534092,7.372432314013302,26.912587528536886,20.03150262734726,33.80013166948578,12.447962169313188,180.0,53.13098254615488,983.6535210946416
2026-01-01 19:30:00,CYCLE_NORMAL,173.81712874439742,180.59283622353936,185.2332611618929,125.77409941562338,2.668541162081244,7.9361726592409045,27.040094997489597,19.898292962473345,33.88943602680106,12.448574501527192,180.0,52.06328821459847,985.6591765037168
2026-01-01 19:31:00,CYCLE_NORMAL,174.03692886960658,178.74488156997384,183.00827349961233,126.7419563334587,3.06616242810416,7.719696181576345,26.841068166969805,19.997195223169253,32.95719864911705,12.447595913137203,180.0,52.269368017300266,982.1610743841259
2026-01-01 19:32:00,CYCLE_NORMAL,171.24501549568674,176.22095845311918,182.28750524988772,124.06629004517158,3.3653877456916677,6.535275654998866,26.072716221220354,19.996871386143646,33.82162008853189,12.446214321418738,180.0,51.7919444497323,980.8399637349219
2026-01-01 19:33:00,CYCLE_NORMAL,169.41329768566092,174.55879704285007,180.01026339220888,124.9630873425015,2.846041090645981,9.026486012250832,26.76886538181411,20.27117719249454,33.554005537280375,12.44441610667933,180.0,52.00918238396974,972.7716823106155
2026-01-01 19:34:00,CYCLE_NORMAL,168.77051392191757,173.8682854686733,179.10110352538658,125.15151511239623,2.7846243327757194,8.544384827108336,27.483029373943324,19.76148128226896,34.15369171661613,12.442192532511392,180.0,51.88630234412793,978.0042103736465
2026-01-01 19:35:00,CYCLE_NORMAL,166.25770921309677,173.90727482311127,179.08111704272957,122.80212806494421,2.930842612445925,7.811849637537502,26.835709660527517,19.621028759757063,33.57894106103797,12.441674463491918,180.0,52.941093046907994,978.388385745667
2026-01-01 19:36:00,CYCLE_NORMAL,165.5188420491963,171.83554140112625,174.97537013727734,117.15795909794127,3.353917562508213,8.0094095248703,27.104694102704393,19.8434886569759,32.80349280939626,12.441373483179524,180.0,52.05963744613288,985.7249556320096
2026-01-01 19:37:00,CYCLE_NORMAL,163.52558743351054,169.5183037061138,176.330895177972,121.80925268310591,3.0582322892860074,7.414172826341219,26.346429670718553,19.61920287253823,36.606889149720075,12.44074204615204,180.0,52.436369791725284,980.0773793192867
2026-01-01 19:38:00,CYCLE_NORMAL,166.21049777733882,169.77886607061717,175.43336569864698,122.07503362845694,2.8406357116177205,8.847861438905433,26.899877797845814,20.061788593309146,35.54463144059413,12.441985451949229,180.0,52.14926736937196,982.8933095397119
2026-01-01 19:39:00,CYCLE_NORMAL,162.90706134674187,164.4464939396197,172.7230628519865,120.0401859030464,3.145162995356412,8.948644347386555,26.578969140390793,19.694843263295027,34.18578208015355,12.443213482158836,180.0,51.6701392396709,978.5612773854921
2026-01-01 19:40:00,CYCLE_NORMAL,161.1699483336423,168.38813778367995,169.46339306442312,119.2340317232123,2.669312355049073,8.078346864123262,25.80250698988446,19.624817095260152,34.30598304573135,12.442878679171391,180.0,52.18580228711191,972.7505885076541
2026-01-01 19:41:00,CYCLE_NORMAL,161.55359402824212,164.20916160082731,170.5674317508477,116.43854604772899,3.2044078531328846,8.511765322092673,26.525989433837722,19.63047192905729,34.91556968226516,12.4410847580582,180.0,52.534444769287404,975.4916493289753
2026-01-01 19:42:00,CYCLE_NORMAL,160.5993585959437,165.29922312588894,172.29054571144601,119.87002808886254,3.12258219231053,8.087643389466962,25.701864835675522,19.855580553142033,35.24912203238894,12.440518052950145,180.0,51.5958161530079,975.3981370911525
2026-01-01 19:43:00,CYCLE_NORMAL,160.06262246955305,163.98418211544157,170.30034431423428,119.46334401197879,2.907657458658335,7.331637280562035,25.879347437579813,19.667870984939025,33.21006729199036,12.439918231556227,180.0,52.56891930296776,970.1295117585776
2026-01-01 19:44:00,CYCLE_NORMAL,160.819171609528,163.5285537986108,168.883008890722,114.34064925531654,2.7484242604658307,7.794088315518171,26.335056267635714,19.558973618887777,34.94400005177916,12.439261096593949,180.0,51.704035997086514,971.7843397425328
2026-01-01 19:45:00,CYCLE_NORMAL,160.90900925205676,166.39299214485422,169.39427009452615,117.78267767867638,2.7339957233149628,8.065963983385979,26.36238456506989,20.008629168804077,32.57211322154462,12.438563377690052,180.0,51.851806724650714,971.9375020409185
2026-01-01 19:46:00,CYCLE_NORMAL,159.44557019234327,164.5209301279016,171.09091560128135,117.26056936304474,3.160445200903773,7.7727261406282775,25.433276380474275,19.49294367572612,31.843099109556288,12.437909914794327,180.0,52.32291335453057,978.6247172230687
2026-01-01 19:47:00,CYCLE_NORMAL,159.63680410021928,165.74359064706977,170.98386627083457,117.86436305433944,3.3686941507467187,7.890673361282482,26.742188403233513,19.660278570671913,33.45026935614191,12.43752337317843,180.0,51.68999989903398,963.3239920062929
2026-01-01 19:48:00,CYCLE_NORMAL,160.40409021899072,165.67784756091768,170.44743373656905,118.32821681326911,2.8088076758913614,7.954300221245442,26.416189070573424,19.772984890589886,33.777374428141876,12.436887832079613,180.0,52.00452688284184,975.9180532367612
2026-01-01 19:49:00,CYCLE_NORMAL,158.53451273767823,166.86926712802867,170.8566288411833,117.02047992713221,3.137516011065445,7.9595607510672695,25.61354792417291,19.305987215429724,34.63325018447606,12.43709615458824,180.0,51.7922930245469,966.798593843254
2026-01-01 19:50:00,CYCLE_NORMAL,160.19138966859515,167.10180521250572,171.53950916438083,117.36187637195633,2.3738918944193794,8.026129245248741,25.077449122130496,19.7184108095433,30.560855248517587,12.437456523304144,180.0,51.97810116517736,964.5116832509216
2026-01-01 19:51:00,CYCLE_NORMAL,164.5049942053092,166.3251544153495,171.7578528629776,119.19379683166609,2.8246146808028403,7.4696974668016995,25.876891589549658,19.401817103037303,32.335148737832185,12.436545878216961,180.0,50.68670830336467,974.1772835751316
2026-01-01 19:52:00,CYCLE_NORMAL,165.82678887404063,170.04834780117565,175.79127844520244,119.92835256767323,2.9906823201387294,7.641491925436032,25.660325734190785,19.768252083623363,30.400180219406572,12.437816943542968,180.0,50.92578185581935,971.8459717145497
2026-01-01 19:53:00,CYCLE_NORMAL,164.6641976571495,169.37053300482356,174.57625634156355,119.0878329431046,2.72709497490545,7.357707867150015,25.960061092245105,19.40240061865099,31.454997960228916,12.436836881241128,180.0,52.11203763546163,973.4007270797241
2026-01-01 19:54:00,CYCLE_NORMAL,166.87508957127974,169.31532293722114,177.64381144060343,123.75441965245862,2.719048087563121,8.488907774843101,25.638822823390672,19.725099709286585,28.967303555307335,12.435219080627313,180.0,52.28596492172081,971.0532000914425
2026-01-01 19:55:00,CYCLE_NORMAL,167.87350018545226,171.98626180684093,179.32557926230697,122.0869025693487,2.799666133059334,6.9471765290798375,24.616969743492888,19.79970871043737,28.532863126109095,12.435599858698678,180.0,51.27534193362171,975.5610379060481
2026-01-01 19:56:00,CYCLE_NORMAL,172.59360732400924,175.6998621026241,180.0969234316405,125.94181773736749,3.0876578184979118,8.576795171658462,25.553425640045926,19.743207972839876,28.23838229219454,12.434782450564263,180.0,51.571675425140896,969.0314023931774
2026-01-01 19:57:00,CYCLE_NORMAL,171.7082349780972,176.3850111749119,179.84680070911406,125.36586257600825,2.943801294478088,8.693174698631422,25.56829502195049,19.613946147681176,28.76235295356898,12.43510374203502,180.0,51.80404906876401,965.6490878243795
2026-01-01 19:58:00,CYCLE_NORMAL,171.72782352795664,176.46294207644414,182.3658007461375,123.47165384638323,2.3285306300025086,7.84890970650869,26.09734234412671,19.510569502493578,27.800417294004767,12.43270007343392,180.0,51.9661958918201,967.1288914482194
2026-01-01 19:59:00,CYCLE_NORMAL,172.28542452226466,178.01296380580305,183.40303832331608,125.69813777766007,2.36378995420948,6.69843145608635,25.263955505862654,19.435078453772416,28.65291717555264,12.434092529375404,180.0,50.568546200072504,970.2170061728232
2026-01-01 20:00:00,CYCLE_NORMAL,173.0722644156909,179.61403793853913,183.91555776712386,128.90556053884282,2.8179404466428473,7.819344719016355,29.00720480402354,22.29420693816342,29.793914806877748,12.434764822783444,180.0,49.55697987651081,996.8824986989596
2026-01-01 20:01:00,CYCLE_NORMAL,171.89319192459433,179.03804404848285,181.832088512932,124.31987917409224,3.1162975724547213,8.026731448767356,26.668141720029116,21.70884045176479,29.84389631881245,12.43326434623428,178.8235294117647,49.49757585629355,1002.4344624765972
2026-01-01 20:02:00,CYCLE_NORMAL,167.45953980592353,173.62143052848825,176.54420752196432,121.52163871450483,2.1337317404597407,7.612347948859072,28.416952599521913,21.49006577688264,32.070475113957265,12.431785569110435,177.64705882352942,49.679301191055,1008.8481935550537
2026-01-01 20:03:00,CYCLE_NORMAL,163.44624648824214,170.366066230456,175.972296834048,121.99479157184055,2.7870557370704776,7.9188613913311725,27.31078676873364,21.679292274401526,31.77772695363129,12.433457835014531,176.47058823529412,50.24081188051621,1006.7077192251068
2026-01-01 20:04:00,CYCLE_NORMAL,161.2291237121684,167.84157339124425,170.6479145627946,119.21580733028618,2.7580920295993954,9.000391717078733,27.776255125086806,21.235730622555977,30.958414555775875,12.432720455111033,175.2941176470588,48.54145932146909,1020.720380860561
2026-01-01 20:05:00,CYCLE_NORMAL,157.62411745370812,163.7138975774837,168.17411770230572,115.76207402525762,3.3114593166558115,8.626581228209695,27.12351114253608,21.05368477949837,34.63262397654877,12.431886270262302,174.11764705882354,47.61583900004044,1017.6655692178093
2026-01-01 20:06:00,CYCLE_NORMAL,157.92707438449116,160.00413836034224,165.06741889410543,113.5798762573942,2.7584430363180736,7.890659119281539,27.57448962413629,20.80371612235596,33.7171377699689,12.429620218168152,172.94117647058823,48.184327315911574,1030.4643380920668
2026-01-01 20:07:00,CYCLE_NORMAL,154.0032563931434,157.03117757325893,161.27762013107284,113.93673432360933,2.9678378718928666,7.612965121084637,26.47346517420949,20.844594502696133,36.182595439151264,12.42926943996255,171.76470588235293,48.307556718299764,1038.7552766715999
2026-01-01 20:08:00,CYCLE_NORMAL,150.03947711546635,154.1955313982025,159.21789409572278,112.68411281566385,2.8743099151354827,8.307079576489231,25.861836148254657,20.773372961607258,37.79090328746615,12.429041720347715,170.58823529411765,47.364931430237654,1038.4286286112062
2026-01-01 20:09:00,CYCLE_NORMAL,148.98844709381117,151.31299303423333,154.93292092100012,109.02966064679444,2.1717544258057386,8.422683375030664,27.18843702614415,20.687273807717016,37.64657300373882,12.429757213444484,169.41176470588235,46.521465643389234,1052.0866147412517
2026-01-01 20:10:00,CYCLE_NORMAL,144.52730900286124,149.36730421680167,153.59938725213917,106.28673655295327,3.020378131376076,8.836334887799305,26.083172116672394,20.67765620684309,36.50780145409474,12.4283581350163,168.23529411764707,47.11765243292488,1044.578164469553
2026-01-01 20:11:00,CYCLE_NORMAL,140.68015616985736,145.75201222339564,148.05048149310642,101.31738966422576,2.8335265146620965,8.379400467245581,26.099321638796376,20.44151403851467,38.23686579902651,12.426837848224059,167.05882352941177,46.634293817652576,1060.227227600477
2026-01-01 20:12:00,CYCLE_NORMAL,140.87677262077625,143.82219573606838,146.9886870542224,100.72962716310391,2.9003797515662426,8.961632140622106,26.522363753468895,20.146699505669197,41.31894348784295,12.427288810858835,165.88235294117646,45.45334613252404,1063.2047499062999
2026-01-01 20:13:00,CYCLE_NORMAL,137.08598205176784,140.1561481519507,146.3934408956857,101.86306095829097,3.9047620682334188,9.732282902383057,24.977465510205526,19.993974310102207,41.036118135876684,12.428295540930062,164.7058823529412,45.82096490960751,1058.6820854941523
2026-01-01 20:14:00,CYCLE_NORMAL,132.6386679022403,137.71281301736352,140.15314070100968,97.60762490222439,2.0806484710916,9.231279922986838,25.769059244465907,19.98438443495951,42.26530265710878,12.426724388578945,163.52941176470588,45.79275043088826,1081.4314124902796
2026-01-01 20:15:00,CYCLE_NORMAL,131.15172779529436,132.64037153228938,137.8829965338313,97.61080515232102,3.2022829445081644,8.858308687511085,24.872953902424786,19.985606469560505,44.51341454660747,12.427805902665245,162.35294117647058,45.54892821455675,1075.3752709588246
2026-01-01 20:16:00,CYCLE_NORMAL,127.87777434972125,133.6107660162949,136.71051877911154,95.34812661977375,2.5776312903983807,8.849601235061588,24.962715193336066,19.60509477266975,44.72110111799165,12.427843444506731,161.1764705882353,44.58862425184107,1077.1623328189405
2026-01-01 20:17:00,CYCLE_NORMAL,124.86808563585966,130.4520214738039,133.76052343076327,90.04388027965902,2.7290558141780457,8.821663432910064,24.90051023637343,19.33474525772935,45.49309559744776,12.428935249845805,160.0,44.106674562624626,1080.0859369351497
2026-01-01 20:18:00,CYCLE_NORMAL,125.28729227455625,128.80993774330472,131.4695281245563,92.67925573627379,2.608195065905426,9.649143985637837,23.772135790694865,19.07873772415264,45.870118336170115,12.428865029484289,158.8235294117647,44.5632167429734,1089.8762304103698
2026-01-01 20:19:00,CYCLE_NORMAL,124.16409725392846,121.76288519687127,129.19101057222028,88.18257946183881,2.473569436115041,8.803990335847878,24.02009273229093,18.83700936728562,47.92700810868364,12.4263427515668,157.64705882352942,43.00836512666082,1095.2886918381714
2026-01-01 20:20:00,CYCLE_NORMAL,117.93891879028382,125.41945267560587,126.97127194314534,86.94908047934399,2.4088820543014813,9.199081942735285,25.113164743851243,19.10804385037509,48.72175887601625,12.426190784184485,156.47058823529412,43.49660056983025,1101.2509182486124
2026-01-01 20:21:00,CYCLE_NORMAL,118.08367105471483,120.4688430490394,125.19623304531254,86.94577914250665,2.657676150083667,9.2608930685876,24.649361771974405,18.93912511649262,50.126558733881026,12.427250928003156,155.2941176470588,42.25616315690602,1104.6911683162807
2026-01-01 20:22:00,CYCLE_NORMAL,114.46379163594482,119.73606540990727,122.05971172906771,87.2959114310549,2.082663017048916,9.043225550653059,23.895189362847358,18.78774161258436,50.00803355745289,12.426357181984072,154.11764705882354,43.13773015293652,1113.4572709883596
2026-01-01 20:23:00,CYCLE_NORMAL,112.5410745902614,114.97423423596682,119.02910846071363,87.01204867593975,2.741980472945605,8.666708402528538,23.8937732347716,18.495276514090936,53.08017067531608,12.425969217015165,152.94117647058823,42.13988480521963,1114.4158672239687
2026-01-01 20:24:00,CYCLE_NORMAL,110.33950254619197,114.81835723991685,117.92277029384822,82.3185336322496,2.370939997862155,9.573251957691188,23.38647970670216,18.651134848338014,52.43046344214616,12.425793083511614,151.76470588235293,42.56706472706743,1113.2685468923826
2026-01-01 20:25:00,CYCLE_NORMAL,107.9811236601384,110.72394051071396,117.23802411116478,80.4032868820808,2.135769114254279,9.440086249366425,24.192101292000988,18.12166369604102,53.32546926682488,12.422893569631745,150.58823529411765,41.84234503363995,1125.4529741854685
2026-01-01 20:26:00,CYCLE_NORMAL,107.08558081257604,109.18772117725632,112.68597250548123,78.84188047262191,2.318777655206298,9.779531999424167,23.073065764247872,18.258280738197744,54.36939097986935,12.424564917207183,149.41176470588235,40.64889408664971,1121.6225263612969
2026-01-01 20:27:00,CYCLE_NORMAL,104.08069795285492,110.22358984084292,109.60623117425263,77.22701497757794,2.809917874302469,9.321435140898064,23.147508616625448,17.908217807556714,54.39441702750214,12.423663541527285,148.23529411764707,41.63668361393778,1137.5495363050782
2026-01-01 20:28:00,CYCLE_NORMAL,103.49306430017313,105.72987295717157,110.07736437008217,75.58550861023538,2.251164179777486,10.257469472935934,23.511147498249947,17.643035729417075,56.89942930430327,12.424169276959757,147.05882352941177,41.36385792733151,1137.2592696671047
2026-01-01 20:29:00,CYCLE_NORMAL,101.23827444901974,104.2921280197932,106.61939956685204,76.51922796299007,2.4982923879838945,9.267495462335253,22.172232571277327,17.731951439614814,59.36118587278529,12.42408257582361,145.88235294117646,40.693244086635744,1146.8719288146212
2026-01-01 20:30:00,CYCLE_NORMAL,99.18042100750056,103.1875470831617,102.2125694937133,71.4390825114545,2.1504610164450217,10.620726024361888,23.389055023303175,17.54411209768638,58.189238684939944,12.425340194879968,144.70588235294116,39.53517245403651,1156.516804127779
2026-01-01 20:31:00,CYCLE_NORMAL,96.5844402570512,100.88946244429528,103.93267771853567,72.3972534173894,2.576116050775405,8.949711156850576,21.350630717179182,17.382318921601286,60.414613743490264,12.425746251002398,143.52941176470588,39.426824955594405,1152.5075262273313
2026-01-01 20:32:00,CYCLE_NORMAL,95.22473002834502,98.66444390636227,100.40863299220824,70.50734402804798,2.5333834140740357,10.099737973454916,23.061818892113056,17.175919549957456,60.79814520396082,12.425511326730875,142.35294117647058,39.31641108769447,1165.5895628491744
2026-01-01 20:33:00,CYCLE_NORMAL,95.10288258805015,97.14852420987341,99.11608895800364,69.41166123103122,2.8613053390645535,10.178891811851548,21.675554313494363,17.00082474500117,62.21999661414487,12.424617811638358,141.1764705882353,38.55570782554437,1164.652996355104
2026-01-01 20:34:00,CYCLE_NORMAL,93.11254300590004,97.85786252141375,97.8344616541877,69.03424611139266,2.233045102064521,9.602221466029558,21.568666465590546,17.334817255716946,61.30372356825877,12.42541566233974,140.0,39.41760185766017,1178.4413506368337
2026-01-01 20:35:00,CYCLE_NORMAL,89.6881457717874,93.20362325056176,95.91291916419333,65.27944762625405,2.465302323780313,10.27102049834227,20.39540566199612,16.94273368198041,64.63855107383017,12.423542221035785,138.8235294117647,38.307457353510074,1175.0099777825012
2026-01-01 20:36:00,CYCLE_NORMAL,89.36420466625621,91.84815751950418,94.82001360771814,64.71818555326436,2.27311774085328,10.757406393703608,21.071660984699434,16.6991872277366,65.67542743068,12.424188111456061,137.64705882352942,36.54748564031187,1178.15063309999
2026-01-01 20:37:00,CYCLE_NORMAL,88.56378692764066,91.23604457886073,91.76581258302485,62.10553361035223,2.6114506101891566,9.06806116855826,20.535779946930088,16.42572117617849,67.18073735543722,12.423089066704506,136.47058823529412,37.73270311646215,1189.3035756503207
2026-01-01 20:38:00,CYCLE_NORMAL,84.10858812749441,89.70395067079048,91.25849159545305,63.46771044255368,1.9860309559862885,10.486666521392465,20.610202108742303,16.453532280455466,67.9486520744691,12.424341350366463,135.2941176470588,37.05281205789387,1189.8534797369675
2026-01-01 20:39:00,CYCLE_NORMAL,85.24562151133955,88.23676219756148,88.71960636819372,62.751031484475654,2.404173862770747,9.047482236893783,20.707529386913226,16.204439291412744,67.60097659992462,12.424502649909124,134.11764705882354,36.853293024461784,1193.272857405669
2026-01-01 20:40:00,CYCLE_NORMAL,82.31145931401069,86.04607513371612,88.3391624868815,61.61991756411426,2.1012546767112137,9.870108774708985,21.179716985490465,15.95482078248758,71.22162154813863,12.425146773676975,132.94117647058823,36.37031216584664,1199.7693128660924
2026-01-01 20:41:00,CYCLE_NORMAL,82.33500308533777,82.40686749500097,86.64510307834477,62.516795805911606,2.1193990090523247,11.226347888332826,20.544730078067264,15.73760646267791,72.2252285102294,12.4252287624908,131.76470588235293,36.62201060326132,1206.5442629468982
2026-01-01 20:42:00,CYCLE_NORMAL,79.30807675991437,84.26841568491926,83.27008150209696,57.686362311896914,2.145172804158041,10.17969721859809,20.419900109687728,15.630875355996876,72.12889648725576,12.42347638539566,130.58823529411765,36.44219683045316,1217.1334264073323
2026-01-01 20:43:00,CYCLE_NORMAL,76.66123942328637,79.49281964319579,84.21294882496268,58.8194202506112,2.172310774390188,9.942471782501396,19.39310853475989,14.86171317215212,74.25498734871138,12.422615656232264,129.41176470588235,35.68774506852428,1209.0703717072374
2026-01-01 20:44:00,CYCLE_NORMAL,75.50595803561497,79.82141979108583,80.81434937038637,54.136234544845784,2.0407615391642526,10.489266429625307,19.337093764725758,15.386657982985579,74.21755679452495,12.423288045569874,128.23529411764707,35.04042844004436,1221.9410621316001
2026-01-01 20:45:00,CYCLE_NORMAL,76.17682892463378,77.17202410200088,81.00485261334548,55.39854372232348,2.1190358036906534,11.681011992611188,20.75990727991835,15.095582094902298,76.54926638104381,12.423454701387234,127.05882352941177,34.853280977427346,1229.390370681137
2026-01-01 20:46:00,CYCLE_NORMAL,75.11853746181644,76.64756230822063,79.08293096459539,55.8066992861486,2.5070488626468066,9.790041229338165,19.054677698469785,15.360550806379266,77.60717399835653,12.42463569129254,125.88235294117646,34.54761493433923,1232.706567409211
2026-01-01 20:47:00,CYCLE_NORMAL,72.43648984789549,75.79430463264997,79.48373009470495,55.85517819538677,2.308239947701372,10.23905092653327,20.304649320982275,14.89462511668336,76.31528448129502,12.425038965855578,124.70588235294117,33.80046565233649,1242.2142505937004
2026-01-01 20:48:00,CYCLE_NORMAL,73.02927812102023,74.48799303488491,75.67360240335557,52.133922618502325,2.2523430164045313,11.57224525335452,18.980213700839546,14.501703114412337,78.6382784822116,12.424072263964876,123.52941176470588,34.15501054277301,1241.7194254036551
2026-01-01 20:49:00,CYCLE_NORMAL,69.03639217076362,73.33799399837575,74.21398178575859,51.06574992999467,1.8339263774869563,11.811204112945337,18.942549232274338,14.578259263292026,79.9840256936978,12.423276199827153,122.35294117647058,33.759432926636116,1246.320617760668
2026-01-01 20:50:00,CYCLE_NORMAL,69.74358619714401,73.5236658856854,73.32823924304398,48.515258893224576,1.6828075834642757,10.889460858443094,19.398521617146358,14.227750572903465,81.02403543911646,12.423379117217678,121.17647058823529,33.96349793081271,1254.4701585241878
2026-01-01 20:51:00,CYCLE_NORMAL,67.18722082530333,70.91263518971991,71.73253205138688,48.99543195084838,2.215161596042754,10.380473648736679,19.334564024591764,14.38039576885678,83.63234114063057,12.421065073151677,120.0,33.48481774728709,1257.5401124026625
2026-01-01 20:52:00,CYCLE_NORMAL,66.70017461351432,68.88171710606184,71.8269624762748,50.84543029925797,2.170377062969022,12.106745280316344,18.320067085681284,14.192643254380501,83.12325468660292,12.4227385150373,118.8235294117647,32.178170944566276,1260.623238996458
2026-01-01 20:53:00,CYCLE_NORMAL,66.40507074528031,69.16253197337787,67.72348967303918,48.07148745612345,2.328355824574034,11.914868254698128,17.968734840155985,14.174761203532578,83.8915568746914,12.423180261773679,117.64705882352942,32.595023136834314,1269.291466914648
2026-01-01 20:54:00,CYCLE_NORMAL,64.20489513128656,68.28801809312863,67.21949694023517,47.35245616889415,1.684352030696626,11.51594408211641,17.983254453575746,13.673756414770331,84.8602385981381,12.424407296370727,116.47058823529412,31.37326280425108,1269.6587943901586
2026-01-01 20:55:00,CYCLE_NORMAL,63.68802564357982,64.26615712677118,66.04771720732049,45.95410884133469,1.7756732185179462,10.829092943178347,18.034707290048516,13.687473888153194,86.9298210398505,12.422826692429917,115.29411764705883,31.86057109248723,1274.8662157616707
2026-01-01 20:56:00,CYCLE_NORMAL,64.29157489643414,65.35791972876963,67.33842487489107,46.69046465359748,1.3316841630070755,11.269602976639804,18.181841035651267,13.256407405620555,87.52608493694737,12.424071257590272,114.11764705882352,30.91816348885524,1280.2409650894083
2026-01-01 20:57:00,CYCLE_NORMAL,61.34825215259367,64.40684353034983,67.14308613023034,45.14045348530557,1.6847796765850993,11.272761135948173,17.464722789346073,13.518450216889144,89.68393316894881,12.4263027565013,112.94117647058823,30.328709522765987,1292.807234623859
2026-01-01 20:58:00,CYCLE_NORMAL,62.02136651820996,62.15493322614319,63.880143814373604,45.485526705940785,2.080483758215851,11.577190358190142,17.64864270318364,13.330664992390547,89.49260171311836,12.424981878145923,111.76470588235294,30.64422435202097,1279.552909365973
2026-01-01 20:59:00,CYCLE_NORMAL,58.66197247638352,63.131150159684616,62.74039719762067,43.937973746732986,1.6205555879122129,12.196088954359785,18.07545281415248,13.174791256306355,91.1553549056502,12.425753279940826,110.58823529411764,28.830783662813687,1299.0613869356905
2026-01-01 21:00:00,CYCLE_NORMAL,59.67310712349395,60.28979938985753,61.98645267433333,43.781543311396625,1.9316397368795746,11.969120285274585,17.136348792568956,12.924693554170549,90.95317228522889,12.425754389885514,109.41176470588235,28.956444985906625,1302.6580956601622
2026-01-01 21:01:00,CYCLE_NORMAL,59.807157069062306,59.63095493299266,62.277505616510624,42.43464938543882,1.6613364631586396,11.049547255625267,16.909680789233118,12.856063821855239,93.02943562540341,12.424209956037267,108.23529411764706,29.40705237744059,1300.8395433731316
2026-01-01 21:02:00,CYCLE_NORMAL,54.17102843366592,58.30337754747546,58.77230187838487,37.22040591835471,1.7946961000631068,12.33530704853918,15.626468630996378,12.94271656115752,94.51725981031775,12.424702840009118,107.05882352941177,29.20088474886364,1313.8439491333506
2026-01-01 21:03:00,CYCLE_NORMAL,55.25984101275446,57.580541920062714,59.193621585892615,42.49119709178465,1.3321631712905937,11.862448422947756,14.774503094373149,12.413569383885715,97.49847816578443,12.425536443213955,105.88235294117646,28.63887002668561,1319.5500667908555
2026-01-01 21:04:00,CYCLE_NORMAL,56.00670202860651,55.316671062294255,59.12042401288605,40.1989823273657,1.6810250197641199,12.1082387802824,16.401092664428855,12.347056767834454,97.2787994512017,12.424935316661287,104.70588235294117,27.697676808624394,1325.0476325556817
2026-01-01 21:05:00,CYCLE_NORMAL,54.18725637683625,53.99366148157696,57.613847245220185,38.52154079533186,0.7371129902423881,12.556799841404008,15.926298738542402,11.950841967054476,96.64171221399714,12.42610123318154,103.52941176470588,27.742314583132426,1317.1237801847951
2026-01-01 21:06:00,CYCLE_NORMAL,54.011193067043685,56.743422073891814,56.32171191696408,40.11883888225779,1.5573765307026648,11.326562816419695,15.489449722782247,11.843154530369409,96.12604297560401,12.424434469774752,102.35294117647058,28.01073071403886,1338.2386668911151
2026-01-01 21:07:00,CYCLE_NORMAL,51.99377930076628,52.94034088117408,56.396082784567454,38.228893466748346,1.1032950016753738,11.923263681235005,15.759563500663067,11.885108877106058,100.0,12.422939713628303,101.17647058823529,27.769882481952834,1334.8641792316807
2026-01-01 21:08:00,CYCLE_NORMAL,51.99268135638268,51.911708165245884,51.07010560617262,37.47736486292228,1.9332269263926163,11.734272724320393,15.392329191053282,11.935072423626096,100.0,12.423076311023891,100.0,27.13474558405917,1345.6034138441555
2026-01-01 21:09:00,CYCLE_NORMAL,50.88928143226686,49.67963007389018,54.264752689129025,38.404515118226044,1.78364237389658,11.274893816729037,15.920365629371934,11.51176904523372,100.0,12.423101696301863,98.82352941176471,27.38513957959412,1350.8634547865947
2026-01-01 21:10:00,CYCLE_NORMAL,51.6815087705496,50.676534488916886,51.821516055977845,37.279414131170974,1.6694130592957066,12.29100204762599,15.11049005036715,11.364581400019928,100.0,12.42238512281344,97.6470588235294,26.669286747023733,1349.434388128111
2026-01-01 21:11:00,CYCLE_NORMAL,49.805961703297136,49.05208626684813,49.58217187031084,32.692155217364736,1.9647052294923517,13.432248864027505,14.42579560878983,11.179127152779799,100.0,12.423194717249412,96.47058823529412,25.7607259545335,1360.6250330867172
2026-01-01 21:12:00,CYCLE_NORMAL,49.14233815076608,51.82328394918162,51.5819596771901,37.559344523149065,1.202720001735742,11.315255245394182,15.283175373627673,11.002292363310127,100.0,12.423725611563627,95.29411764705883,25.65806830102528,1361.483237120384
2026-01-01 21:13:00,CYCLE_NORMAL,47.49526136512665,50.29394274651956,51.82320100833874,36.01892555620609,1.990595513996516,12.277977341534088,14.373923035704548,11.016977484419076,100.0,12.42458375063456,94.11764705882352,24.76075179534565,1359.7817181734035
2026-01-01 21:14:00,CYCLE_NORMAL,46.6721009922001,47.501568532761056,49.23253121530834,33.524791608380305,1.7250356205386197,12.673212644007974,14.63524974129582,10.507271160039902,100.0,12.424460614199209,92.94117647058823,25.071980924972358,1377.7802113995901
2026-01-01 21:15:00,CYCLE_NORMAL,46.02097149709134,50.29102122464354,49.77960465062939,34.497010983423245,1.3534031617334756,12.473303806710444,13.848007357796924,10.911650100207297,100.0,12.425063194467187,91.76470588235294,25.34596627599722,1375.0510806521368
2026-01-01 21:16:00,CYCLE_NORMAL,46.31098358909211,48.042207890527614,49.82527150362362,31.686194016009324,1.7440473886926982,12.414024209036247,13.559683700634311,10.371117221046378,100.0,12.424617544164157,90.58823529411764,24.796426554960526,1379.775303459972
2026-01-01 21:17:00,CYCLE_NORMAL,44.64454129912273,45.76521017912347,48.73819034686145,34.11566510286321,1.0504648874529803,11.87980358298297,13.815206820464358,10.497321873558217,100.0,12.426671362854243,89.41176470588235,24.81865172178309,1386.6230306455002
2026-01-01 21:18:00,CYCLE_NORMAL,44.82371753788862,42.461259227785604,48.41306189690054,31.806684411705483,1.1139902893568239,12.704628665587729,13.58752911889932,9.947680952790133,100.0,12.425858817084123,88.23529411764706,23.63006998314252,1394.3662578256792
2026-01-01 21:19:00,CYCLE_NORMAL,46.306624646863305,47.529533705553035,46.635214537685776,30.566356263991374,1.1577592174818714,12.26867683502145,13.682854204413376,10.184188194176473,100.0,12.42796411451358,87.05882352941177,24.118428048517632,1398.090246087804
2026-01-01 21:20:00,CYCLE_NORMAL,44.21525385585987,42.44679526581333,45.14918060679937,29.1807986327918,1.1606344186732322,11.610921500451902,13.048896581627599,10.033548585428447,100.0,12.42799900246067,85.88235294117646,23.012591584255002,1405.5536122366436
2026-01-01 21:21:00,CYCLE_NORMAL,42.14576054474164,41.4874172865313,42.464443808139485,31.346340738672854,0.9813520349030165,13.362001992609807,11.923394213771376,9.824739574065045,100.0,12.426623491571101,84.70588235294117,23.508901784982424,1403.0454038784233
2026-01-01 21:22:00,CYCLE_NORMAL,43.358579397076376,44.050044643625824,43.43352257419293,29.448329234828385,1.6442358444983454,13.302722321685728,12.580671804300747,9.397752951102229,100.0,12.42799157092159,83.52941176470588,22.426046416194904,1410.4758326695376
2026-01-01 21:23:00,CYCLE_NORMAL,40.82034643669196,45.12490081468683,42.07246305546216,31.563498210882734,1.1786462008974536,12.90818342960201,13.131753265160238,9.49528778918012,100.0,12.428117472309985,82.35294117647058,22.454456023036588,1418.0234066686971
2026-01-01 21:24:00,CYCLE_NORMAL,38.269718421010396,43.24546496268867,45.05833855872565,29.718841775872225,1.3410456081541224,13.055713814691087,12.292162587748253,9.057506410111946,100.0,12.428968596408366,81.17647058823529,22.502262064507867,1431.1209609353407
2026-01-01 21:25:00,CYCLE_NORMAL,38.923453985291914,41.66080402143077,41.624005621424274,26.17068425318772,1.0431803043616101,13.537159006357781,12.137884244205555,9.092304491837908,100.0,12.430192452326908,80.0,21.331857614280825,1428.1161784177734
2026-01-01 21:26:00,CYCLE_NORMAL,37.317902916604694,41.1099691042238,41.37752033475657,26.68053496168383,0.6470963207598144,13.170993357800805,12.692666239678015,9.197479258846528,100.0,12.430530407881053,78.8235294117647,21.201631468562,1437.9543344327979
2026-01-01 21:27:00,CYCLE_NORMAL,38.58249113582624,40.84463354948196,41.29854489246395,30.35529079123952,1.2532861150804517,13.569655836204186,11.488782450199269,8.999676519867931,100.0,12.429938167036239,77.6470588235294,21.40073423361155,1438.8096828600114
2026-01-01 21:28:00,CYCLE_NORMAL,38.4793794647341,40.16739044784923,40.10839780615052,27.597678446187903,0.5775840115757476,13.027729487798368,10.805410506029052,8.692112218760188,100.0,12.43091388041391,76.47058823529412,20.353666485261858,1441.7628444418465
2026-01-01 21:29:00,CYCLE_NORMAL,39.93325084089609,39.041872647260085,41.52142105934482,28.004338264038164,1.1096618870146953,13.891285986934031,11.44983981567966,8.342853810865854,100.0,12.430914635921363,75.29411764705883,19.423587472192295,1447.7525981018614
2026-01-01 21:30:00,CYCLE_NORMAL,37.78913359519454,38.28863690564444,38.18319118104549,26.909152527633385,0.6987491858291484,13.454510510025164,11.070840167065883,8.515672164283579,100.0,12.431600493739973,74.11764705882352,20.819402686956316,1453.1078337569265
2026-01-01 21:31:00,CYCLE_NORMAL,36.62001307175044,37.55878756257448,38.61839387207143,27.48579269465317,1.6844180938868893,13.449967148273524,10.596722796383341,8.239170365186665,100.0,12.429446763166181,72.94117647058823,19.176882473713782,1461.2381123676075
2026-01-01 21:32:00,CYCLE_NORMAL,37.37492859319908,36.21036672610377,36.959641866871,27.61014053961261,1.3406357074087187,12.776734161526337,10.886369565116247,7.619970493799295,100.0,12.42989374488319,71.76470588235294,19.155008277569607,1469.3639912887936
2026-01-01 21:33:00,CYCLE_NORMAL,33.23336449371449,36.27023506779109,35.743336442073634,26.81658856203706,1.077944624776402,13.614066162444972,11.1016260774237,8.089299074507002,100.0,12.429255159058046,70.58823529411764,19.31749913304489,1470.3462864159553
2026-01-01 21:34:00,CYCLE_NORMAL,35.68671213573281,34.07789339247478,36.0807855639296,24.657785911837575,1.404322087330014,13.113434305958657,10.616275602555106,7.776666038268079,100.0,12.430908468695224,69.41176470588235,18.099114392672213,1478.6978905468995
2026-01-01 21:35:00,CYCLE_NORMAL,35.85621399743653,35.50408992743186,36.26857503794086,23.337076841359895,0.7503068874325479,13.2690939308534,10.621163433527707,7.870742350436952,100.0,12.431531556043113,68.23529411764706,17.563292934145235,1475.1324376881366
2026-01-01 21:36:00,CYCLE_NORMAL,32.693821450618344,33.95849203315612,35.30631510849957,23.702348785582597,1.1462370909119524,13.23937100937135,11.340145459445388,7.259937492870097,100.0,12.431771413788962,67.05882352941177,17.857961085362206,1482.3750914101222
2026-01-01 21:37:00,CYCLE_NORMAL,35.38712607600951,33.35303886803904,34.509165697386116,24.678530804838122,1.0221280040651937,13.172764886991565,9.861499573821764,6.692390329797775,100.0,12.432257723782312,65.88235294117646,16.49841978423708,1486.1784201152702
2026-01-01 21:38:00,CYCLE_NORMAL,33.97666344925484,34.43540162592291,33.18100857240972,21.900415842897658,1.020382494988336,14.827091583861423,10.049362121963274,7.2322873599043325,100.0,12.431259282929435,64.70588235294117,16.9148704909778,1495.375425422323
2026-01-01 21:39:00,CYCLE_NORMAL,32.637126275260705,35.441553180215365,34.30710241410758,22.328748896705715,1.301874117258921,14.489198942758907,9.391950974037156,7.0835228193700095,100.0,12.432882539619964,63.529411764705884,16.845208407787954,1497.7238303248287
2026-01-01 21:40:00,CYCLE_NORMAL,33.468782691358136,34.433996736453985,32.14892471763462,23.217907820727593,1.1189072946994867,14.842536692248602,9.00478921008462,6.535815254310643,100.0,12.43487391003838,62.35294117647058,16.251578673436157,1507.1207724204055
2026-01-01 21:41:00,CYCLE_NORMAL,35.017032315514676,31.017336435052847,34.42374058907944,24.112633643965218,0.9647683593517087,13.329728960810453,8.976786500386313,6.526989166456932,100.0,12.435266823548929,61.17647058823529,15.278694696474354,1505.5196906324618
2026-01-01 21:42:00,CYCLE_NORMAL,32.10179947852044,31.293171049899446,33.17681735863885,23.111714962146813,0.3606766262743679,14.035626874955446,8.85560199994413,7.122472120172553,100.0,12.436857227117503,60.0,16.511374692387715,1514.4578381789993
2026-01-01 21:43:00,CYCLE_NORMAL,31.781209046570794,33.19712237351588,30.90398775349172,20.62663161935596,0.5481205651976733,13.412069716809716,9.173668671805586,6.35904594439613,100.0,12.43628807891883,58.823529411764696,15.429920337478784,1522.075162736486
2026-01-01 21:44:00,CYCLE_NORMAL,30.540147207398416,30.485189634564172,31.86591783431375,21.761675818673673,0.7783133703414506,13.769799620224997,10.18255471571793,6.415099358300454,100.0,12.435490965352605,57.647058823529406,15.757592865603556,1516.1085367989972
2026-01-01 21:45:00,CYCLE_NORMAL,29.687684431159948,30.99892234712298,30.926878893012436,20.076586339428374,0.8221293593418187,13.717407096527007,8.158609232352141,5.987515093349854,100.0,12.435531890101334,56.470588235294116,14.575864227850952,1537.8982899352031
2026-01-01 21:46:00,CYCLE_NORMAL,31.32793286413287,31.54101057999122,31.81337565054676,23.53184415410783,0.43404812629530176,14.855086120867838,8.153386161168536,5.548325974851218,100.0,12.435966831139702,55.294117647058826,13.92974190831428,1533.3211739730855
2026-01-01 21:47:00,CYCLE_NORMAL,28.936013138675616,29.3393907564676,32.64803501006945,23.84969522842517,1.4756038430096607,14.096002808007942,8.180613587091234,5.781074401060987,100.0,12.43557284445846,54.11764705882352,14.168203905505731,1531.395638664623
2026-01-01 21:48:00,CYCLE_NORMAL,29.68856887382069,30.256136119341893,28.406474671201167,20.0,1.1860106535508614,14.887130843317594,8.271092754604,5.610744634161268,100.0,12.436110612648827,52.94117647058823,13.589585428432523,1545.1701907203576
2026-01-01 21:49:00,CYCLE_NORMAL,28.676311399692654,28.164800354219047,30.419792855407888,20.0,0.8907195297311901,14.713825150676612,8.00686998297119,5.4326293942831345,100.0,12.4364170021309,51.76470588235293,12.772463808819442,1549.7136058046658
2026-01-01 21:50:00,CYCLE_NORMAL,29.47836906121753,28.687441222516497,29.72241216551408,20.0,0.7106866886372241,15.622407611346512,8.434323022587355,5.3384163707138494,100.0,12.43541869535561,50.58823529411765,13.760102213427357,1554.294271221206
2026-01-01 21:51:00,CYCLE_NORMAL,28.96521258032976,29.44362341677559,30.36056022936424,20.06805411158945,0.6044045359204107,13.789689653136021,6.023156354317528,5.262937687942576,100.0,12.435937488373062,49.41176470588235,12.3779405188051,1563.6286299979251
2026-01-01 21:52:00,CYCLE_NORMAL,29.47807557673835,26.80629500271289,29.458583276158148,20.498775183712198,0.361483285522741,15.217851914011046,5.861959724941419,5.028800139161003,100.0,12.436801016615583,48.235294117647044,11.432807984072802,1567.6956622386494
2026-01-01 21:53:00,CYCLE_NORMAL,27.2960583491634,28.911510800416696,27.955441003852748,20.0,0.649294575723726,15.220279258729775,6.811716794272901,4.654761791620611,100.0,12.436972485933174,47.05882352941177,12.680889749667742,1570.939403923759
2026-01-01 21:54:00,CYCLE_NORMAL,27.26597824185313,28.03133525154648,28.137108333511872,20.0,0.6823677788495475,14.21919293392766,7.582749860425385,4.853539479320792,100.0,12.438125134036435,45.882352941176464,11.428523261001246,1576.590538502173
2026-01-01 21:55:00,CYCLE_NORMAL,26.10362345966122,28.396611530593326,27.233876223821312,20.0,0.21150544080089057,15.268272550589522,5.800106979355967,4.215167665742239,100.0,12.436907730242938,44.70588235294116,11.040625868818234,1579.4144989753568
2026-01-01 21:56:00,CYCLE_NORMAL,26.439726092632547,27.687667552647778,29.156271745134802,20.31280936781744,0.6632781352575026,14.99160189327782,4.75004244492324,4.043710021148204,100.0,12.43737568066507,43.529411764705884,10.125709567829547,1591.975912976792
2026-01-01 21:57:00,CYCLE_NORMAL,27.12667051728837,28.747773572580257,27.57327416599508,20.0,0.4954390920752643,14.768614811199766,6.712455542891187,4.450357107343677,100.0,12.436205399958673,42.35294117647058,11.542739650861519,1583.9991823131236
2026-01-01 21:58:00,CYCLE_NORMAL,27.289492256162053,26.95926262575447,29.51830935186994,20.0,-0.05133386400187279,14.529208727102235,6.33106828380146,4.2526645586287515,100.0,12.43509131860044,41.176470588235276,9.691394160176667,1595.516589890141
2026-01-01 21:59:00,CYCLE_NORMAL,24.987740497699807,25.998117440858206,26.859676317126514,20.0,0.24188449676614943,14.640445274275407,5.345874955920342,3.988520926985193,100.0,12.434460387766702,40.0,10.029224740352825,1600.2600985247552
2026-01-02 00:00:00,CYCLE_RESISTENCIA_DEGRADADA,20.0,20.0,20.0,20.0,0.7571475165269865,7.999695758838855,35.55831999159476,18.076013488114768,100.0,4.677834816367936,60.0,80.37352941391207,1302.9854929673015
2026-01-02 00:01:00,CYCLE_RESISTENCIA_DEGRADADA,20.0,20.0,20.0,20.0,0.9783999823061714,8.59831356041362,34.68752889539383,18.19825413916365,100.0,4.678199997408238,61.008403361344534,79.17132815718118,1297.337724158259
2026-01-02 00:02:00,CYCLE_RESISTENCIA_DEGRADADA,20.0,20.0,20.0,20.0,-0.29855666412367843,8.75805809017752,34.82295535710465,18.013943636865687,100.0,4.678491281073928,62.016806722689076,81.21215999428976,1291.745644870401
2026-01-02 00:03:00,CYCLE_RESISTENCIA_DEGRADADA,20.0,20.0,20.0,20.0,0.6933043050606551,7.24622352768329,35.244960346479594,18.55622885953954,100.0,4.679286515323185,63.02521008403362,79.51008120071653,1288.7487626012062
2026-01-02 00:04:00,CYCLE_RESISTENCIA_DEGRADADA,20.0,20.0,20.0,20.0,0.15603885020227404,8.005010575870285,34.95204655072529,18.2732141642931,100.0,4.677235462915331,64.03361344537815,79.39872581772477,1296.2586830789576
2026-01-02 00:05:00,CYCLE_RESISTENCIA_DEGRADADA,20.0,20.0,20.0,20.0,0.7547751688464052,7.655652783277382,35.72497544185965,18.726205191986203,100.0,4.677545531739207,65.04201680672269,79.78810288138368,1291.2187102239066
2026-01-02 00:06:00,CYCLE_RESISTENCIA_DEGRADADA,20.0,20.0,20.0,20.0,0.664428580880441,7.844514266756963,35.07628629805259,18.375776245905946,100.0,4.677764100628081,66.05042016806723,79.44907430516058,1292.6482859293424
2026-01-02 00:07:00,CYCLE_RESISTENCIA_DEGRADADA,20.0,20.0,20.0,20.0,0.8377767814615767,8.20125810486766,35.72401781876473,18.18291973879776,100.0,4.679432908709381,67.05882352941177,78.84256842146294,1282.5747545171014
2026-01-02 00:08:00,CYCLE_RESISTENCIA_DEGRADADA,20.0,20.0,20.0,20.0,0.5182929425423598,8.334719185771235,35.61216524629097,18.752708472545496,100.0,4.677904320727118,68.0672268907563,78.72052690392297,1280.983611258093
2026-01-02 00:09:00,CYCLE_RESISTENCIA_DEGRADADA,20.0,20.0,20.0,20.0,0.1271035967063553,7.9439367781943275,35.88525809987443,18.806011542032202,100.0,4.679461507359495,69.07563025210084,77.7353206925092,1276.2421581071267
2026-01-02 00:10:00,CYCLE_RESISTENCIA_DEGRADADA,20.0,20.0,20.0,20.0,0.574973576236445,7.043329832638599,35.564491297415955,18.8472148935153,100.0,4.679536916488419,70.08403361344537,78.04109484216745,1273.6415871539266
2026-01-02 00:11:00,CYCLE_RESISTENCIA_DEGRADADA,20.96646571919013,20.929942477801585,21.560756111053397,20.0,0.8531467275167249,7.5174772097119105,35.72091677118306,18.79592325221036,100.0,4.680025906019079,71.09243697478992,78.40986561228117,1268.1013598331156
2026-01-02 00:12:00,CYCLE_RESISTENCIA_DEGRADADA,20.99960512301671,21.51453669000366,22.631552087064915,20.0,1.0567185389387015,8.448249835100082,36.066008922142764,19.001488916247375,100.0,4.681701824806688,72.10084033613445,78.20513969683238,1270.0839399233612
2026-01-02 00:13:00,CYCLE_RESISTENCIA_DEGRADADA,24.99487556943971,22.59466293773935,24.323493445015806,20.0,0.4215598535557215,6.629786788982535,36.21368167848671,18.99018508321601,100.0,4.682262586074694,73.10924369747899,78.4257089254222,1264.0699043767577
2026-01-02 00:14:00,CYCLE_RESISTENCIA_DEGRADADA,23.21055708009376,24.592894372293387,25.054752725812886,20.0,1.1022357751207288,8.593713575841,36.1739494390006,19.116000674968944,100.0,4.682662954364156,74.11764705882354,77.58680829441775,1266.473518041598
2026-01-02 00:15:00,CYCLE_RESISTENCIA_DEGRADADA,23.880308205136608,26.873465505092085,26.605277647628668,20.0,0.6207643635262117,8.260614995322271,37.283721615588526,19.428830652833685,100.0,4.682905245549959,75.12605042016807,76.78534833992322,1262.8649148255008
2026-01-02 00:16:00,CYCLE_RESISTENCIA_DEGRADADA,28.71476542652928,28.772175194072286,29.064773267550745,20.575786733484275,0.9448694182598706,8.65808804076501,35.75009566388128,19.381381261032068,100.0,4.682421767414964,76.1344537815126,77.83928958513573,1260.8145937209213
2026-01-02 00:17:00,CYCLE_RESISTENCIA_DEGRADADA,26.076526209577594,30.538423553166542,31.355196720598954,23.56893799852516,0.7041746712831674,7.90071540655952,36.390049151599804,19.550561706037822,100.0,4.682393278290454,77.14285714285714,77.86090181594815,1263.843376901618
2026-01-02 00:18:00,CYCLE_RESISTENCIA_DEGRADADA,29.980474254018308,30.382401948985272,31.00749477562815,20.0,0.9328024488178321,6.969297287988548,35.56842762874662,19.46623134069165,100.0,4.681677765524332,78.15126050420167,77.4239122023945,1254.4709769404335
2026-01-02 00:19:00,CYCLE_RESISTENCIA_DEGRADADA,35.386005861355756,32.77706865373605,32.18560078615194,24.33156964967308,1.1667229542366286,8.21518132075325,36.81988754266262,19.52823518630123,100.0,4.681633198624906,79.15966386554622,76.72490585364689,1255.1277483475483
2026-01-02 00:20:00,CYCLE_RESISTENCIA_DEGRADADA,33.049694772394716,35.05248347962392,35.466965901419506,24.53523357633303,0.55206384404033,8.63732656201917,36.011524347081476,19.449975762729835,100.0,4.679297267927851,80.16806722689076,77.16084848812316,1257.7858697891154
2026-01-02 00:21:00,CYCLE_RESISTENCIA_DEGRADADA,33.13858438475167,36.75721943976012,36.19450089391794,25.919766835545495,0.7372047015641858,8.46236090275671,36.597719728826995,19.6906985598393,100.0,4.679726307495418,81.17647058823529,78.18504347429823,1252.2852918065919
2026-01-02 00:22:00,CYCLE_RESISTENCIA_DEGRADADA,35.83398713868355,36.748931336936536,38.73279518934417,26.023363130043514,1.017673650152206,7.668654258255982,36.625500900599526,19.18451658468049,100.0,4.679604570241635,82.18487394957984,76.3600971656236,1249.1504939198699
2026-01-02 00:23:00,CYCLE_RESISTENCIA_DEGRADADA,37.2612616785248,38.015437888274036,38.15193263548952,28.180272762133843,1.7036683756200302,8.043380537731323,37.1013077852044,19.81472871598257,100.0,4.679268366504968,83.19327731092437,75.47858543539004,1240.790053860607
2026-01-02 00:24:00,CYCLE_RESISTENCIA_DEGRADADA,38.93436108293251,39.97093023511244,38.606254444000655,27.516431244158102,0.7452447670222204,7.733581865610038,36.685132172161964,20.000431887250908,100.0,4.679488124588908,84.2016806722689,75.67324402984578,1240.414370541599
2026-01-02 00:25:00,CYCLE_RESISTENCIA_DEGRADADA,40.95565526274085,39.82295738333908,41.60466811929104,28.006748277644576,1.637250249832689,7.590366767905314,36.74365691751807,20.213575066988486,100.0,4.6780545606659425,85.21008403361344,76.11105732788312,1231.7016847478465
2026-01-02 00:26:00,CYCLE_RESISTENCIA_DEGRADADA,40.33336481174855,42.43130013388056,42.82734174933849,29.587006640528667,1.6475454784975092,8.477694285589925,38.04638782803137,20.13113837407484,100.0,4.679983830662564,86.21848739495798,74.8278499453913,1236.4494391164626
2026-01-02 00:27:00,CYCLE_RESISTENCIA_DEGRADADA,45.02471440971453,45.018160421598125,45.155110663334014,31.229684237885238,1.0380335455458254,7.401233844367419,37.439647637309925,20.338442271474207,97.60777685790879,4.679881063201076,87.22689075630252,75.54688641140562,1233.030613819699
2026-01-02 00:28:00,CYCLE_RESISTENCIA_DEGRADADA,44.713152414318046,46.35601849507001,45.988134349279775,32.73421428020828,0.9987895362576771,7.553091784709194,37.01631066525723,19.91698344419254,97.63961634232972,4.679735218768104,88.23529411764706,75.48428597221677,1229.505305206507
2026-01-02 00:29:00,CYCLE_RESISTENCIA_DEGRADADA,46.710526658393604,46.72238601080811,49.14426081098184,32.266257320737296,0.9016241378795842,7.447987183263807,37.28647458682923,20.425607419474574,97.14747234825006,4.678769822557971,89.24369747899159,75.89361129007439,1230.9995354554924
2026-01-02 00:30:00,CYCLE_RESISTENCIA_DEGRADADA,46.5039530526452,48.76899417365657,49.41195201744495,34.10813901431796,1.1097913417405354,7.254876238350477,38.50822137472379,20.185107844778667,97.18684543999899,4.67879376894042,90.25210084033614,75.61308062130446,1219.5386486094621
2026-01-02 00:31:00,CYCLE_RESISTENCIA_DEGRADADA,50.22074942638715,48.979177120310354,51.44099359385452,36.41861976955206,0.7292446744338132,8.073207145921302,37.46394308985606,20.363381313674857,94.71249893291763,4.680180728830694,91.26050420168067,75.22220836226245,1228.3881909004397
2026-01-02 00:32:00,CYCLE_RESISTENCIA_DEGRADADA,49.78798650105736,52.2739733028364,52.95227752842884,36.64148557658402,1.149397202366846,8.580751524240988,37.27550965636067,20.65164252067933,93.2557533096704,4.681216645040125,92.26890756302521,73.54050923423854,1222.9347898441981
2026-01-02 00:33:00,CYCLE_RESISTENCIA_DEGRADADA,51.84887093746582,52.79742219790981,54.499754032168205,39.772607224895886,1.6423413930796267,7.907561621877367,37.36211155362164,21.028362041272192,90.58915549825977,4.682071082791266,93.27731092436974,74.91430807662901,1216.5241867704678
2026-01-02 00:34:00,CYCLE_RESISTENCIA_DEGRADADA,51.81543915828957,54.020691375545404,55.739544851701474,39.59009970328583,1.030960195542699,7.247126099717917,37.527666968549106,20.93138420983687,93.74744734349578,4.682617481742934,94.28571428571428,74.63847097874441,1213.6907959344446
2026-01-02 00:35:00,CYCLE_RESISTENCIA_DEGRADADA,53.15820702887209,55.37878971057591,57.883912475713686,39.79866172086223,1.1630768264503437,8.419972269871014,37.5844778371322,20.944822670015657,89.97595014334935,4.682258939215371,95.29411764705883,74.24561924736271,1213.6871507433473
2026-01-02 00:36:00,CYCLE_RESISTENCIA_DEGRADADA,56.59972987793863,57.19841086991534,57.8190973496042,40.61549667021961,0.7459603787282308,8.842850877017487,37.25742137502407,21.02130400614019,90.20827639163389,4.680808776048334,96.30252100840336,73.08446876886002,1215.3271024072467
2026-01-02 00:37:00,CYCLE_RESISTENCIA_DEGRADADA,56.66091384358685,58.19745553258402,61.95587688515371,43.01836769059557,1.3895295508090608,7.676878837926703,37.43472363931081,20.966517918838097,88.99333642559478,4.680607737276468,97.3109243697479,73.39312565044848,1207.1291199503903
2026-01-02 00:38:00,CYCLE_RESISTENCIA_DEGRADADA,57.58801286447098,60.985705546012646,61.495422376100656,43.06563364277624,1.3776638332165048,7.7607228666411405,37.69568508630755,21.084480628249832,87.42919597145496,4.680371865811934,98.31932773109244,73.03003399338422,1204.7778042801858
2026-01-02 00:39:00,CYCLE_RESISTENCIA_DEGRADADA,59.26013908868434,61.18261884149736,61.70810013363836,40.08998894330684,1.3384384390221684,8.257830315041698,38.632253535441606,21.362786133463906,87.91718047311066,4.6814206602516055,99.32773109243698,72.43787393150696,1201.753146179411
2026-01-02 00:40:00,CYCLE_RESISTENCIA_DEGRADADA,62.29006131481821,65.02954121065683,65.01033899048076,44.64690619833313,1.2752880193871385,8.810936873892526,38.1326021654514,21.08427243412623,86.79172981784461,4.681730050694065,100.33613445378151,73.27585334866235,1206.2877603163522
2026-01-02 00:41:00,CYCLE_RESISTENCIA_DEGRADADA,62.11583072495351,66.33726209590883,65.26592624612753,42.98697544182304,1.2735171621833896,7.7400829271373865,38.32108113780408,21.56398896131711,84.49195485006837,4.6833423622219685,101.34453781512605,72.7103326367576,1195.1631230504368
2026-01-02 00:42:00,CYCLE_RESISTENCIA_DEGRADADA,64.14884877011576,64.97018250021296,68.58843612944901,49.26338860790355,1.532923011286672,7.333775109500897,39.291464579858825,21.451710351282113,85.1458451433731,4.684539850762007,102.35294117647058,74.25382926072268,1193.999616664347
2026-01-02 00:43:00,CYCLE_RESISTENCIA_DEGRADADA,65.72742651802342,67.58470500766072,71.94425324226309,49.337178980943825,1.3947163640612283,8.315709303136202,39.390449668114314,21.778556793125176,83.39910130490469,4.684083355152502,103.36134453781513,72.68872327397852,1197.450381272506
2026-01-02 00:44:00,CYCLE_RESISTENCIA_DEGRADADA,64.82793308410707,68.18129713504933,69.8515319041167,47.85252108536081,1.5188613093657595,8.399534036571149,38.528204025714,21.889697683043057,83.5180475993612,4.682288225955883,104.36974789915966,73.2519185947397,1189.6636735865522
2026-01-02 00:45:00,CYCLE_RESISTENCIA_DEGRADADA,66.78275859051175,70.03113320113366,72.69695707682877,51.34593617888244,1.5098729964968687,8.003065725217613,38.40299449863197,21.44689580254087,80.95875496771082,4.6836738011898245,105.3781512605042,71.65242527756935,1191.1028572889215
2026-01-02 00:46:00,CYCLE_RESISTENCIA_DEGRADADA,70.3710022736976,74.28704843444093,71.69419543348829,50.62094502564801,1.8034147407505774,7.720933370171275,38.346888030283274,21.749230065841953,80.47016999993063,4.6850331864130546,106.38655462184875,72.00386277002278,1180.3884932177664
2026-01-02 00:47:00,CYCLE_RESISTENCIA_DEGRADADA,70.50239210285781,72.97607496903541,75.84818027823732,50.5989061968904,1.6904931871957096,8.497189365496023,39.36524529375772,21.778474294344647,80.71277743099313,4.683666974822152,107.39495798319328,72.14928927415161,1180.6914349555027
2026-01-02 00:48:00,CYCLE_RESISTENCIA_DEGRADADA,74.0742557594181,75.2384571103745,75.74332930612196,52.66361143848874,1.566261914289595,8.264018002273982,38.910789105264776,21.67106785236352,79.4783400391034,4.68517621484198,108.40336134453781,71.47869613493987,1184.9293327924163
2026-01-02 00:49:00,CYCLE_RESISTENCIA_DEGRADADA,75.38571292062278,76.91679661499872,77.55907618673406,53.46259838095758,1.9849383739015365,7.615782241548254,38.88575012462986,21.911140403581648,76.7720391620365,4.685558332012572,109.41176470588235,71.55360553995057,1173.76522937224
2026-01-02 00:50:00,CYCLE_RESISTENCIA_DEGRADADA,76.50790532478918,76.52748101151607,78.49002580402151,52.02890065802113,1.6765007267841954,8.024547365652836,38.71348192718637,22.689931841321975,77.10562812216128,4.685719017510698,110.42016806722688,71.48766320234041,1173.344383672854
2026-01-02 00:51:00,CYCLE_RESISTENCIA_DEGRADADA,79.24798759957831,78.16314688551215,82.19284292606886,56.057847399418826,1.9629173780656972,7.324146233987677,38.823914440307455,22.407616264956772,76.57745972423996,4.687333800764946,111.42857142857143,71.31161743584899,1172.4553123521375
2026-01-02 00:52:00,CYCLE_RESISTENCIA_DEGRADADA,78.3839127911519,79.20305980542064,84.02571854674495,57.69642163635782,1.7745197573059075,8.34294522821896,39.56178281405561,22.753205492880813,74.26626814909683,4.688678485938176,112.43697478991596,72.18806348819835,1164.9509449532381
2026-01-02 00:53:00,CYCLE_RESISTENCIA_DEGRADADA,80.68163682516887,81.04814696674023,84.34770743834112,58.321058217625186,1.0608696544717977,7.868883215308572,38.66451855307268,22.619601200608706,76.23526627305499,4.689329816890171,113.4453781512605,71.28155011750567,1164.7313141473612
2026-01-02 00:54:00,CYCLE_RESISTENCIA_DEGRADADA,80.62105587180955,80.15230091254416,84.78502499732193,56.501574993782526,2.025904210508404,7.782144583807631,40.13473634232318,22.389446493848727,74.65960648176149,4.689803033955983,114.45378151260505,71.16412502936981,1164.31609294579
2026-01-02 00:55:00,CYCLE_RESISTENCIA_DEGRADADA,85.68453946880778,85.68686112098433,89.23245655002327,63.658030397405184,1.6960150572767505,7.983562757423783,39.30154195320684,22.54549450016099,72.6225006048737,4.690419428246514,115.46218487394958,71.02612990818095,1161.5312647517737
2026-01-02 00:56:00,CYCLE_RESISTENCIA_DEGRADADA,86.54141448592908,88.95942004584646,87.92722861636692,61.188033323554016,1.6608841569650608,8.020153849665125,39.6161007863901,22.82356958898924,70.29707094556109,4.690019370812632,116.47058823529412,70.8945484827862,1163.9449374951132
2026-01-02 00:57:00,CYCLE_RESISTENCIA_DEGRADADA,85.59466915406773,88.13279751949023,87.73597387273345,61.15031561810441,1.781883495843512,8.44746503078278,38.987729191502225,22.877417207081162,69.54906401302759,4.689964269362899,117.47899159663865,70.37872457528945,1162.4683497877324
2026-01-02 00:58:00,CYCLE_RESISTENCIA_DEGRADADA,87.46367463817315,87.71691519774485,92.38317130756872,64.53125787239853,1.6149924463708631,8.29554526566261,39.866530016886514,22.758481176690267,70.12716760539621,4.689061952208305,118.48739495798318,70.09172765459672,1150.3571731170384
2026-01-02 00:59:00,CYCLE_RESISTENCIA_DEGRADADA,90.05028681116522,90.10613136578083,92.01006675022428,62.93096535344263,1.8076044564360114,7.921795360603599,39.76099062766298,22.65598455916147,69.82166114649593,4.688728912432565,119.49579831932773,70.16744164320451,1151.7055782783507
2026-01-02 01:00:00,CYCLE_RESISTENCIA_DEGRADADA,89.66192081579106,91.78783600753799,96.024818773767,66.94747240763955,1.5829413817777447,8.381834074859498,40.01196844740881,23.699569044200437,69.40669695792512,4.688362278553897,120.50420168067227,70.49436836101135,1151.4364890320182
2026-01-02 01:01:00,CYCLE_RESISTENCIA_DEGRADADA,90.46989786624887,92.57841168521912,95.88381484853373,65.75597087760362,2.163794282662328,8.200368626845806,41.0090757591852,23.097820485699504,68.33864292347694,4.687726973184275,121.5126050420168,70.31101825388205,1152.2838772581547
2026-01-02 01:02:00,CYCLE_RESISTENCIA_DEGRADADA,93.7259929820573,96.29275778025658,98.56832783616875,66.92660094623062,1.7684445743170463,7.786700181856982,40.31670286108759,23.14493625497692,66.98908831878198,4.6878637196869235,122.52100840336135,69.4596326949289,1146.5714401808652
2026-01-02 01:03:00,CYCLE_RESISTENCIA_DEGRADADA,94.19069090578999,97.69387586373999,101.02836422635218,70.5543752003953,1.708754258947976,7.937640920881757,39.81732213657134,23.316784539839887,65.56204519948479,4.6875397388362225,123.52941176470588,69.7956865532164,1142.3401241946046
2026-01-02 01:04:00,CYCLE_RESISTENCIA_DEGRADADA,95.73551567970443,96.79604685421559,99.39862503591857,71.2670819099136,1.5670600704102684,7.92588855557844,39.951359314176266,23.329605542642,66.41250944875587,4.688041973556575,124.53781512605042,69.14640514747175,1141.3216323128047
2026-01-02 01:05:00,CYCLE_RESISTENCIA_DEGRADADA,95.93415525808909,100.51371145644097,101.67282297936642,71.39741998759364,1.9461789552319875,8.2526306715871,40.81926358549784,23.48673065549068,65.91097633624337,4.6864196529432816,125.54621848739495,69.09256552681846,1138.8295291188576
2026-01-02 01:06:00,CYCLE_RESISTENCIA_DEGRADADA,96.2934328213751,102.93681459570391,103.76383411222271,72.8985900326394,1.9426867518862672,7.8164886926391794,41.325434461991016,23.803607944618243,64.0862015205224,4.686306298149174,126.55462184873949,68.67080133443298,1129.9025882090139
2026-01-02 01:07:00,CYCLE_RESISTENCIA_DEGRADADA,100.05736882090663,104.84873444199384,107.20239284522627,73.188975478167,2.0240904093133363,7.804795406789183,40.79940291329097,23.605342404903052,63.31965619418362,4.6864378497893515,127.56302521008404,68.64867322886622,1131.863632144815
2026-01-02 01:08:00,CYCLE_RESISTENCIA_DEGRADADA,102.27931090848529,107.46494421972872,106.06996386383037,71.28394716762682,1.62039586231989,8.984378654716979,41.12751336101858,23.48174362642016,61.72696059969661,4.686127220549515,128.57142857142856,69.24209360620341,1134.4080725481833
2026-01-02 01:09:00,CYCLE_RESISTENCIA_DEGRADADA,102.34174688944154,104.40532380900095,107.64931055319397,76.79358912082269,1.4692254722893014,8.469867740873552,41.164161961733114,23.76599056883537,60.607942802314774,4.685954827849705,129.57983193277312,68.44957191820743,1125.220993093291
2026-01-02 01:10:00,CYCLE_RESISTENCIA_DEGRADADA,105.75578894144395,110.33780469631422,110.43917554197363,79.68668722340924,2.1582656260460857,7.6196996677874305,41.733791589190986,23.78947258489449,58.990102403958105,4.6843695818389754,130.58823529411765,68.30293537192321,1124.0471983348957
2026-01-02 01:11:00,CYCLE_RESISTENCIA_DEGRADADA,104.6067324571152,107.98471771473665,110.67542424342783,78.87670336310711,2.4369891972184146,8.285470496971099,39.79663245098623,24.25116634207122,60.936041521435705,4.684726058943645,131.5966386554622,67.34361800112733,1120.0383375632405
2026-01-02 01:12:00,CYCLE_RESISTENCIA_DEGRADADA,105.60514523129528,109.15983203079776,113.05382163673153,77.51669477642702,1.704698955299838,8.05917503282759,41.45075153164994,24.284643981014742,59.85334453711254,4.685373664926212,132.60504201680672,67.74453771004919,1109.2319569755557
2026-01-02 01:13:00,CYCLE_RESISTENCIA_DEGRADADA,108.20947273825956,111.72430262341499,112.51163753506648,76.38087004693224,2.5104458304466606,8.195775587630047,41.724695407854746,24.155958781598763,59.28220829140946,4.6858672022204155,133.61344537815125,67.61043498510243,1116.0487472635605
2026-01-02 01:14:00,CYCLE_RESISTENCIA_DEGRADADA,109.6103965461139,112.09436736895718,118.53337023427005,80.03638906403626,2.13979516636041,8.068670662282551,40.41525317127664,23.962740223994132,60.151273789041404,4.686905929279858,134.6218487394958,67.14845346736233,1114.652545873872
2026-01-02 01:15:00,CYCLE_RESISTENCIA_DEGRADADA,112.05282864377826,114.73271913495181,115.76161508980469,77.95121374453825,2.0735113807355914,8.594821322742618,40.771120097999514,24.057342555715373,58.17921843955338,4.687107458885641,135.63025210084032,67.40579068904506,1108.8743961843757
2026-01-02 01:16:00,CYCLE_RESISTENCIA_DEGRADADA,111.61826930693974,114.1307987371984,118.49545478436158,81.75417259982477,1.9773740464984515,8.172810172325724,40.87608497267185,24.389579274165648,58.629123187009846,4.6875861400662915,136.6386554621849,67.0122996111887,1103.784813548999
2026-01-02 01:17:00,CYCLE_RESISTENCIA_DEGRADADA,115.60929630963493,116.88941343631427,120.34527264911323,85.9398113405812,1.7022916529960304,7.968955650892856,41.03331411746768,24.53785282915837,56.426430044048125,4.687742230804748,137.6470588235294,67.09882145703357,1102.35992710205
2026-01-02 01:18:00,CYCLE_RESISTENCIA_DEGRADADA,117.74724211010748,120.1796404363316,124.18216751632573,85.74978450268691,2.4349740169622542,8.521095288491509,41.26559161817818,24.479697284874288,54.35690591884333,4.6884297815243405,138.65546218487395,66.95150780743047,1106.4180950023574
2026-01-02 01:19:00,CYCLE_RESISTENCIA_DEGRADADA,116.7593274523761,120.02949340168739,121.79981868095217,84.95728374290253,1.9269819571149378,8.116642520543936,41.78421715001784,24.54262154534343,54.89901098051105,4.686852551888209,139.6638655462185,66.24481189671893,1108.7304352266415
2026-01-02 01:20:00,CYCLE_RESISTENCIA_DEGRADADA,119.72531131859984,121.72890709179985,127.2727704436198,90.02221588823718,1.9467302661862833,8.060739289664529,42.24209386633068,24.604129228994523,53.44056171284914,4.685958970920231,140.67226890756302,66.3552709574979,1103.8490610947142
2026-01-02 01:21:00,CYCLE_RESISTENCIA_DEGRADADA,118.37722085926887,123.59032766967995,127.3036295293416,87.16743640227962,2.499258565234994,8.157011301243058,42.45551286373675,24.80204389702684,55.056798516081535,4.687545870577264,141.68067226890756,66.42524176322917,1090.420935308409
2026-01-02 01:22:00,CYCLE_RESISTENCIA_DEGRADADA,122.35464172307802,125.88583649550759,128.39822359630097,92.02551642150662,1.6577940416287342,7.953195488316816,41.38806246582034,24.414203832106395,53.436875907134045,4.685085434755168,142.6890756302521,66.81063711053633,1096.6958201665725
2026-01-02 01:23:00,CYCLE_RESISTENCIA_DEGRADADA,123.7404660935716,123.95579808200627,128.21884064554536,92.06957388033187,1.7866181357911466,8.004613496497734,41.4679681167446,24.754524590212444,53.43366588918815,4.684945256825342,143.69747899159665,66.17877975446508,1088.1036530177712
2026-01-02 01:24:00,CYCLE_RESISTENCIA_DEGRADADA,124.93921766916863,128.1045217951457,131.58846242338646,90.91786997521713,2.259265609300517,7.706652705619064,42.848316633421504,24.933413360322294,52.82395881249741,4.68611753178495,144.70588235294116,65.55138535121775,1085.906225867612
2026-01-02 01:25:00,CYCLE_RESISTENCIA_DEGRADADA,125.30377575593695,128.54235116215787,131.5376008490109,90.27494543431773,2.373699614415741,7.624416390188061,42.53090350410833,25.384357781847527,49.21683784268279,4.6860242711194084,145.71428571428572,65.91378809390764,1083.8663833224007
2026-01-02 01:26:00,CYCLE_RESISTENCIA_DEGRADADA,123.19671126273141,130.5251087999294,135.42847016272663,94.01102234849482,2.4521430834663076,7.50071480675878,42.27660966142392,25.064128027916738,51.08362981201653,4.685619260047957,146.72268907563026,66.39999293205584,1086.017545110346
2026-01-02 01:27:00,CYCLE_RESISTENCIA_DEGRADADA,127.39109594947982,133.05810872557723,134.2458940869331,92.4226187264569,2.237191544418099,7.304008356601462,42.59492637508088,25.347017998114143,48.316362791635456,4.685748681724773,147.7310924369748,65.83650449679871,1084.5092824133592
2026-01-02 01:28:00,CYCLE_RESISTENCIA_DEGRADADA,128.8294278302814,131.81416973647535,136.77807019148895,92.81751995426013,3.1078503963908264,7.560141319307721,42.377075714082416,25.44026653337948,49.69493532839022,4.68539556154477,148.73949579831933,65.48384729883125,1077.7591362190826
2026-01-02 01:29:00,CYCLE_RESISTENCIA_DEGRADADA,129.82597965547086,133.4930455847451,137.75022454219433,97.15837842681199,2.301380131529914,7.912866482766537,42.793742406467224,25.73857489777081,48.742526131525004,4.685426411037527,149.74789915966386,65.40481189446385,1075.3059691368082
2026-01-02 01:30:00,CYCLE_RESISTENCIA_DEGRADADA,132.56593571624046,133.84672815912745,138.73421655587163,98.01338054408109,2.321520456890192,8.051558791222819,42.36138519218059,25.815540691476865,49.39722510110818,4.684743030001007,150.7563025210084,65.59392660054624,1074.9662986704222
2026-01-02 01:31:00,CYCLE_RESISTENCIA_DEGRADADA,133.33584650579903,136.97127857697467,142.31151975404734,98.50498024624123,2.17266870523819,7.86435171842618,42.808341784192955,25.635558229770428,47.979733618570904,4.685851704420963,151.76470588235293,65.24369574995,1072.8602134522146
2026-01-02 01:32:00,CYCLE_RESISTENCIA_DEGRADADA,134.26842675834703,140.687813316653,143.5671783336233,97.20791496665262,2.469945154200019,6.822148254936321,41.824764806753095,25.635995488736903,47.99323614420837,4.687274969342028,152.7731092436975,64.82119531660925,1072.7721297177904
2026-01-02 01:33:00,CYCLE_RESISTENCIA_DEGRADADA,135.40675952180823,140.40761507353744,145.87813193838682,98.6996971175579,2.6382698822190744,8.787293178881171,42.40245547352491,25.68235942985503,45.88703699289938,4.687141579019917,153.781512605042,64.9040690089547,1060.4087305853582
2026-01-02 01:34:00,CYCLE_RESISTENCIA_DEGRADADA,137.23806264676386,140.40519502122706,143.79416143282964,99.83334211769962,2.835863332326425,8.543240061445191,42.49295295779134,25.85094701937239,46.974024134621544,4.685755089599226,154.78991596638656,63.66085512413687,1063.1053194432498
2026-01-02 01:35:00,CYCLE_RESISTENCIA_DEGRADADA,140.86183581320657,142.89155559882994,148.70970826846258,102.16980836787786,2.049013039995666,8.222879925608565,42.75855925738678,25.896386606446203,45.63372486552612,4.685231246428913,155.7983193277311,63.28248081920801,1056.2321041771077
2026-01-02 01:36:00,CYCLE_RESISTENCIA_DEGRADADA,140.14216522307422,143.14996124443846,151.9419339750555,104.07774907152925,2.4430081211823653,8.953745336276635,42.511318937888454,26.17795237262795,43.555973051546374,4.68504725776881,156.80672268907563,63.94409554380931,1057.7794241610572
2026-01-02 01:37:00,CYCLE_RESISTENCIA_DEGRADADA,141.73682737054781,145.046197162857,149.89611784458873,105.23633365269598,2.6718262092931635,7.511317941258144,42.83113432870783,26.235322467698722,43.626769759149205,4.6855527966457124,157.81512605042016,63.73181934642191,1054.5574837232266
2026-01-02 01:38:00,CYCLE_RESISTENCIA_DEGRADADA,143.22607520988038,148.32402837355804,154.2149573491057,107.40190679962403,2.7349407897901257,8.943812560313003,42.32664568020819,26.35365435587606,43.455528543272585,4.684544783422542,158.8235294117647,63.257456737949255,1052.7541786549775
2026-01-02 01:39:00,CYCLE_RESISTENCIA_DEGRADADA,145.60026309412007,147.90982288598155,153.12767735107698,108.12747602795677,2.581796530114471,7.517392961624726,43.648548016929375,26.57118447337967,44.591784717973376,4.6837756211039,159.83193277310926,63.774270872728984,1047.2211965147849
2026-01-02 01:40:00,CYCLE_RESISTENCIA_DEGRADADA,147.1603287934236,152.11465724009994,153.2992710554491,104.90271356444467,2.7635675269940845,8.119368962645678,43.353853233190975,26.77593516881785,42.82682183890843,4.6842862972417585,160.84033613445376,62.26184551769875,1041.9500004910358
2026-01-02 01:41:00,CYCLE_RESISTENCIA_DEGRADADA,144.3786000897381,152.15517692116677,156.08209567260838,106.98715528036524,2.3791595716180582,7.363081337432898,42.464270393317584,26.512327636664704,40.9752435458018,4.685225206073798,161.84873949579833,62.757823956004714,1037.0004011536446
2026-01-02 01:42:00,CYCLE_RESISTENCIA_DEGRADADA,150.67750872306354,153.80426011120383,159.20939122768073,111.30526402687411,3.11022877255265,8.007347047772184,43.07053062510057,26.791321325707703,41.44633872181302,4.684603612028628,162.85714285714286,62.61466508470404,1042.3324222400836
2026-01-02 01:43:00,CYCLE_RESISTENCIA_DEGRADADA,152.59454663720342,154.82852410164813,158.44842655064642,110.70793410995539,2.9616539771123165,8.193083248999194,43.85742304141125,26.58513014810711,43.18306655758265,4.683270394974676,163.8655462184874,61.87092473770237,1038.6121300304499
2026-01-02 01:44:00,CYCLE_RESISTENCIA_DEGRADADA,151.03003968091747,157.55101426533727,160.23652380161033,113.08316461690474,2.2813956134602806,7.922654834432723,43.41368263048785,26.976497195035932,40.51378453868713,4.686554513175964,164.87394957983193,63.268373906996,1035.1113753912048
2026-01-02 01:45:00,CYCLE_RESISTENCIA_DEGRADADA,152.5428641617102,159.0244139207244,163.17186937414382,113.25676283889173,2.38335143850615,8.356938722045069,43.405364535681855,27.035831243199876,39.5740612235197,4.687337817413053,165.88235294117646,61.673340542138924,1040.5843114983854
2026-01-02 01:46:00,CYCLE_RESISTENCIA_DEGRADADA,154.58867651969862,159.9477124739938,163.96598605845213,116.14175746626181,2.412814231270449,8.049507224743628,43.862807419005236,27.10924621919868,40.00566647633717,4.687070813651286,166.890756302521,61.890703920925986,1029.3353564965162
2026-01-02 01:47:00,CYCLE_RESISTENCIA_DEGRADADA,155.64113429132513,161.6844193750956,166.16655332432381,115.54780117466159,2.951290150932824,7.7387926358112455,44.197755159762394,27.010410606893767,39.73376578527766,4.687939844926817,167.89915966386553,62.470796601591644,1035.9194371688914
2026-01-02 01:48:00,CYCLE_RESISTENCIA_DEGRADADA,158.23640989304954,162.2131900404091,167.2530930932236,117.3179138566134,2.3834892330999704,7.7165933410988305,43.21381877787735,26.941958619302667,38.209922599082404,4.6878153882971025,168.9075630252101,62.171762167512675,1034.226467414052
2026-01-02 01:49:00,CYCLE_RESISTENCIA_DEGRADADA,157.0512258303235,164.57936644891166,169.04593989074934,116.04767839428398,2.6906086661241306,8.405456886307848,44.48974095427695,26.880758177973128,38.51488980551071,4.688682545186203,169.9159663865546,61.12658492066518,1017.4064821664558
2026-01-02 01:50:00,CYCLE_RESISTENCIA_DEGRADADA,159.46490157395058,164.9842947063594,169.4543199472899,117.14104202492803,2.947335688672932,7.6731289850965165,43.763521510027175,27.23569003748738,37.40792726393925,4.688841938383979,170.92436974789916,61.85384964664712,1023.058601466248
2026-01-02 01:51:00,CYCLE_RESISTENCIA_DEGRADADA,164.0728098734451,166.85345117983007,171.75385036367166,120.44195578679539,2.8120829927453133,8.457701485242469,44.3169743114871,27.634333600886812,37.908339938252176,4.688933210282147,171.9327731092437,61.489430054455156,1018.5692812635468
2026-01-02 01:52:00,CYCLE_RESISTENCIA_DEGRADADA,162.53126780205812,167.98222593030283,171.86561748937396,121.32524704535399,2.9306074311844,8.611355896415965,44.39051262146745,27.34979572560954,36.953746728250444,4.688819628413916,172.94117647058823,62.34298836929102,1005.9998430446603
2026-01-02 01:53:00,CYCLE_RESISTENCIA_DEGRADADA,166.55660422623978,169.22416137866654,176.027277306187,122.89234857630495,2.554208766427305,7.165643068826935,44.17955864838387,27.652823636419743,36.84386339018658,4.687372247080453,173.94957983193277,61.21037356937869,1009.3474854078944
2026-01-02 01:54:00,CYCLE_RESISTENCIA_DEGRADADA,166.91025465686496,170.40691466489065,175.22271916197602,121.28427607971463,3.073414295212451,8.566463193650517,43.96563608509468,27.748622212876896,35.19500873465442,4.689310341979846,174.9579831932773,60.76971522391951,1015.7047864452406
2026-01-02 01:55:00,CYCLE_RESISTENCIA_DEGRADADA,165.73208609429142,173.25610214309467,178.84115767018994,125.28845217704071,2.7320028188118233,9.03021134922235,44.49245361736313,27.607128302033054,34.4337679925929,4.688368808059578,175.96638655462186,60.24401792900331,1018.1608306242905
2026-01-02 01:56:00,CYCLE_RESISTENCIA_DEGRADADA,170.0849609156973,175.72862631014738,178.70890419492508,120.51467346014357,2.8395888875965842,8.126001880600965,45.72309734510898,28.01116812716777,35.57916339007096,4.687008784483267,176.97478991596637,60.13207999719448,1011.1737377808811
2026-01-02 01:57:00,CYCLE_RESISTENCIA_DEGRADADA,170.60072364844697,177.02224677708188,180.7343232239872,122.8606345681997,3.0293027116491067,8.29954209264741,44.014927754831064,27.250200624213143,34.143965614065856,4.686795924600511,177.98319327731093,59.92324990604743,1006.3365466967746
2026-01-02 01:58:00,CYCLE_RESISTENCIA_DEGRADADA,171.61472247321925,175.57007120425106,181.4006588129834,126.53502205362636,3.00991506309791,8.518502662184579,45.931354198017544,27.671416330806988,34.56941698366137,4.685834452787001,178.99159663865547,60.85361663384672,1002.435678876837
2026-01-02 01:59:00,CYCLE_RESISTENCIA_DEGRADADA,173.87458998216587,180.08601846538104,182.27811361962452,126.35531352249807,3.0071940057046778,7.862258842410489,44.84416729735408,27.81687354072831,33.02835903012556,4.685782739996441,180.0,60.00898495750823,1006.7306516585925
2026-01-02 02:00:00,CYCLE_RESISTENCIA_DEGRADADA,175.56956018268014,179.61820979805844,182.9062875348736,127.84216264826875,2.7748119534069735,8.091140111768935,28.021222850253185,21.83605699542652,34.12694272719981,4.686470503845002,180.0,50.282623561987364,1008.5929568078305
2026-01-02 02:01:00,CYCLE_RESISTENCIA_DEGRADADA,177.41703713538436,182.2888065671895,185.30153795870385,128.6250127312427,2.9101351766402423,7.342900235188445,27.389860649634144,22.09866768994556,32.1591271688235,4.687465806745531,180.0,50.796393304434005,998.280936328878
2026-01-02 02:02:00,CYCLE_RESISTENCIA_DEGRADADA,179.53257877932398,182.03121696380973,187.72998473840727,131.03779696492842,3.000655077251111,8.069317514265226,27.62100802952694,22.120832799219123,32.6565087274244,4.688280537467153,180.0,48.89930451545537,993.2565989517602
2026-01-02 02:03:00,CYCLE_RESISTENCIA_DEGRADADA,180.12501801095826,184.80563081227302,189.88950993021888,130.23637893177437,2.5874744300498747,8.249055997822271,27.823897246289704,22.173023571109837,33.112854745232795,4.687974905412367,180.0,50.75723570651824,993.491895691603
2026-01-02 02:04:00,CYCLE_RESISTENCIA_DEGRADADA,179.45028873959333,186.47751746561326,192.31350482207688,133.54570009220083,2.8612401101059866,8.258081511463235,27.540085632390053,22.244827094275923,33.22051805929766,4.688024497240029,180.0,50.184752251282305,1007.8000631923912
2026-01-02 02:05:00,CYCLE_RESISTENCIA_DEGRADADA,181.93162545081856,185.7184742496964,191.96509104824378,134.36216568646824,3.116303963709854,8.53271236179879,28.083993050549253,21.966955384994154,31.63847968794929,4.688432376290926,180.0,50.413823264615566,1002.9519232114791
2026-01-02 02:06:00,CYCLE_RESISTENCIA_DEGRADADA,187.34843678670944,189.5466993840001,192.75842586726648,135.95022565089985,2.616769018846397,7.612598910932236,28.00695254303319,21.944681800458365,33.508024945282855,4.6866745888669845,180.0,49.82133064267409,1004.5003988135937
2026-01-02 02:07:00,CYCLE_RESISTENCIA_DEGRADADA,185.90634836784096,191.65208110478886,193.30570135217963,137.22441944084798,3.346974495478272,7.733696621663252,29.403421473971967,22.29889192777843,31.529896443297073,4.687245173567105,180.0,49.89718870033797,997.2316878558311
2026-01-02 02:08:00,CYCLE_RESISTENCIA_DEGRADADA,188.9903171431347,190.93759484734295,196.72324872364584,136.912482034729,3.380883978779953,8.947753672995677,27.635126861920988,22.12485787239875,30.286791917951337,4.68578787427952,180.0,50.558375542553065,1002.0079149487851
2026-01-02 02:09:00,CYCLE_RESISTENCIA_DEGRADADA,188.80977581426325,193.76745667261784,198.79508833401943,138.06963158612095,2.6264548272119743,7.924835813118145,28.43804756332321,21.96804595311011,31.26246498913596,4.687828220878427,180.0,51.54543382982156,1004.4645755435077
2026-01-02 02:10:00,CYCLE_RESISTENCIA_DEGRADADA,188.28054354263347,192.7627488646237,199.50997737831412,135.68781039320703,3.407285889915042,8.100016893656164,28.56682162221171,22.507601940819054,30.672338654096325,4.687423705793785,180.0,50.893952135046675,1007.1030613295155
2026-01-02 02:11:00,CYCLE_RESISTENCIA_DEGRADADA,189.06487034837636,194.72268330189496,199.5551011624157,137.31791908987745,2.9569255233863596,7.96649497913739,27.817556272780365,22.623496108012056,31.19518003361796,4.68723883061659,180.0,51.064193289698885,1005.3018608739169
2026-01-02 02:12:00,CYCLE_RESISTENCIA_DEGRADADA,189.22195169657508,191.60356378528598,200.0320997251484,138.11132449230797,3.1255543677471165,7.589159586847488,28.91342943152892,22.686996150741624,31.21279813727153,4.686469123517353,180.0,50.374540931461866,1003.3706892206529
2026-01-02 02:13:00,CYCLE_RESISTENCIA_DEGRADADA,187.5868484719913,197.57474734618324,201.7093625466583,140.6536559998753,2.851004684361526,8.811764605445903,28.30386608200824,22.44399445728215,30.423413778443244,4.685839153485497,180.0,50.20952016668244,1005.0046663756482
2026-01-02 02:14:00,CYCLE_RESISTENCIA_DEGRADADA,189.939485133486,196.71237832481566,200.3163261842243,137.74840048521182,3.2769134481680284,7.736149294039697,27.08889832329981,22.56274406663277,29.58367412247608,4.68811324705464,180.0,50.15826907966573,1013.5982748575336
2026-01-02 02:15:00,CYCLE_RESISTENCIA_DEGRADADA,191.45280946305064,194.6584493948956,200.775355611229,140.33887703525681,3.1218282056546003,7.436357238146535,29.021647627423665,22.74242693113669,31.817269926947233,4.689053616743264,180.0,50.34355012494085,1010.3652063808279
2026-01-02 02:16:00,CYCLE_RESISTENCIA_DEGRADADA,189.19826043673868,192.55132159855154,199.5328877963017,138.12039477803165,2.755754023020719,7.774629861348624,27.996910456402993,22.37099179328133,30.01687581615598,4.6875044142981155,180.0,49.60027495123626,1012.4547520307883
2026-01-02 02:17:00,CYCLE_RESISTENCIA_DEGRADADA,190.16655760988124,195.01784805297365,198.03776196598136,137.1800005500998,2.6504394000104137,6.999146999137233,28.079673993594874,22.752153311615956,29.703075136820793,4.689008627198801,180.0,50.303147021186966,1007.0295891756657
2026-01-02 02:18:00,CYCLE_RESISTENCIA_DEGRADADA,190.28775699949915,192.5331370879388,198.4452290638278,138.06138048873007,2.5619092694372334,7.674356267508409,29.16226650807834,22.61575614920209,31.587381996561845,4.690201869473943,180.0,50.42432958165799,999.427584933541
2026-01-02 02:19:00,CYCLE_RESISTENCIA_DEGRADADA,187.61156533746404,194.237006109708,198.69219101839744,136.83570530235895,3.056382532929827,7.515935701073837,28.582332472065435,22.77398982302783,32.58256534207614,4.689920657011654,180.0,50.65568308228719,1009.7670231952095
2026-01-02 02:20:00,CYCLE_RESISTENCIA_DEGRADADA,187.44881761955418,193.48425991976373,198.06332350376815,136.40859469786662,3.1717414235339207,8.308714315463662,29.382310053601937,22.658943322087325,30.77026454381312,4.690227353953684,180.0,50.848047380074796,1009.0084192313636
2026-01-02 02:21:00,CYCLE_RESISTENCIA_DEGRADADA,185.91376112705163,191.0055711128218,199.44679794145068,135.02562417817046,3.1952897036338324,7.663292880220064,29.59867262280536,22.911355107674343,32.240236173385775,4.690212409874263,180.0,51.00215966715712,1014.4846435583049
2026-01-02 02:22:00,CYCLE_RESISTENCIA_DEGRADADA,185.16057365413363,192.49233281049817,196.2447049832702,135.33674247792683,2.964605671617787,8.443901967789424,28.526446404249242,22.72708459130162,32.40866458379046,4.69218498977871,180.0,50.85218281517557,1026.8439470613666
2026-01-02 02:23:00,CYCLE_RESISTENCIA_DEGRADADA,183.4918327549992,191.00364873875026,196.45157122821362,134.85218686954428,2.652901063300691,8.69924199653466,29.43009132788734,22.415752344281454,32.41551749966116,4.691388699589718,180.0,50.607582199794585,1017.0926715251878
2026-01-02 02:24:00,CYCLE_RESISTENCIA_DEGRADADA,182.73624063073348,189.9877667891334,193.29468609449555,132.94854196255895,2.7953775605928652,8.3905876681438,28.54148306782369,23.032989280405534,31.48358411393109,4.691534710199494,180.0,49.95522725129586,1025.865233867425
2026-01-02 02:25:00,CYCLE_RESISTENCIA_DEGRADADA,184.20334681695743,187.5106292444027,192.12598893708176,133.92510553182365,3.3457045916885777,7.892305855569962,30.37514573068939,22.583036337742946,31.134891907888928,4.691106564868501,180.0,50.68779730587974,1017.804221487509
2026-01-02 02:26:00,CYCLE_RESISTENCIA_DEGRADADA,180.00247721122867,184.4024207658406,189.5062404814689,132.21675177567795,2.8546114306199755,8.070557248352797,28.659905079742334,23.052970666566804,30.55999174267228,4.689673524463883,180.0,50.52771115793906,1013.6156442866251
2026-01-02 02:27:00,CYCLE_RESISTENCIA_DEGRADADA,179.78700597849704,185.80870164227758,188.74446130017233,131.12579636883285,3.0430252892044427,7.23750752992797,29.73161688873292,22.814000285019404,32.31307419895367,4.691865162718938,180.0,51.28539217324583,1018.1311306748372
2026-01-02 02:28:00,CYCLE_RESISTENCIA_DEGRADADA,177.51523285786126,182.79422968330346,188.7510530319029,131.9334868819,2.6773048549275336,7.93311031373938,29.662401203306832,23.096809504975834,34.2886008980743,4.690683596139835,180.0,51.54535990532956,1024.464462214579
2026-01-02 02:29:00,CYCLE_RESISTENCIA_DEGRADADA,177.98256607345917,179.90019077718364,186.5769991654878,130.17807734078272,3.1009749136377103,7.569780765966583,29.385815862289704,23.11798341975648,32.51072553109405,4.690903725327323,180.0,51.59829186787549,1025.2606979206503
2026-01-02 02:30:00,CYCLE_RESISTENCIA_DEGRADADA,176.57339475592434,181.6224472391692,186.1315263438767,128.41576441781237,2.8626946314962765,8.34716319057465,28.83374208064978,23.00633997657477,34.089387443329855,4.689163024720942,180.0,51.545703187343435,1016.2396701903245
2026-01-02 02:31:00,CYCLE_RESISTENCIA_DEGRADADA,174.46895702955197,180.95136207558824,183.6495777889993,126.48332690981084,3.3140138141327293,9.286376194622237,29.184998742027435,23.05115480232993,32.595299722411205,4.6887639541817,180.0,51.13861243643895,1020.1502933406814
2026-01-02 02:32:00,CYCLE_RESISTENCIA_DEGRADADA,172.24868610145694,176.83182688295858,181.45838015976832,126.10864535824139,3.232067311862044,8.249910817986905,28.023313719187602,23.06295989053152,34.39583014764421,4.689185923003133,180.0,50.98247165308633,1014.0149312856305
2026-01-02 02:33:00,CYCLE_RESISTENCIA_DEGRADADA,170.0874736401667,177.95569046989974,182.94270132092012,126.99225743738394,2.85128821602753,7.0044299255226665,29.489603704010516,22.604501138027942,34.852498329777205,4.688361189023631,180.0,50.90789548883145,1023.6229497134832
2026-01-02 02:34:00,CYCLE_RESISTENCIA_DEGRADADA,167.46870070883352,174.00852802819665,178.78626607140737,125.54951790614633,2.962000791795701,7.819384903542813,29.60405738790429,23.059604996262852,34.214970631749686,4.688947990874366,180.0,50.56561579152599,1027.1277416355326
2026-01-02 02:35:00,CYCLE_RESISTENCIA_DEGRADADA,169.83223465734667,172.04345291500042,178.8956011636464,125.65417540601769,2.8346651279878112,8.061245462687227,29.513571449618023,22.8412353936983,35.44011045310736,4.688678949782478,180.0,51.8531290995793,1021.661274789182
2026-01-02 02:36:00,CYCLE_RESISTENCIA_DEGRADADA,165.27161359430985,170.42667107059034,175.7017701677593,120.61450612165335,2.574170041036497,8.043678712630133,27.68851450796318,23.127026845376466,35.193151227506405,4.689839032294877,180.0,51.30760001123116,1019.4179369436401
2026-01-02 02:37:00,CYCLE_RESISTENCIA_DEGRADADA,165.75941652105652,171.9275397942084,175.81456027987738,121.40891121190015,2.742767271135835,7.6345934371956234,28.751981280219983,22.892369530948436,36.10020708093345,4.691200793208217,180.0,50.80945261682855,1024.1109710142182
2026-01-02 02:38:00,CYCLE_RESISTENCIA_DEGRADADA,165.12430630498716,167.91665496017373,174.9664464088211,122.00671817797634,3.059465198316246,8.122645871318468,29.101207756099218,22.911959263308507,36.402547656762756,4.690614048447487,180.0,51.0569559383064,1024.9207713125788
2026-01-02 02:39:00,CYCLE_RESISTENCIA_DEGRADADA,162.1984084880894,168.74706825634576,173.11493544906648,121.14497243728843,3.0975778494688746,7.378749581540307,29.76358692245255,23.497746730764113,36.12987338707663,4.69069078130688,180.0,51.074203071506204,1024.1534487654853
2026-01-02 02:40:00,CYCLE_RESISTENCIA_DEGRADADA,163.25523397601256,166.33862234116236,169.18423943599748,118.9480709892577,3.044564371077792,7.527545638657466,29.80054991568899,23.418273662879127,38.12644659602333,4.690874235533352,180.0,51.5665972143823,1025.119059081892
2026-01-02 02:41:00,CYCLE_RESISTENCIA_DEGRADADA,162.2138739793676,165.74445002027176,171.31872108838832,118.4615609462717,2.9094800838124093,8.322898820801855,29.562988893858897,23.230989836881896,37.39808574202247,4.691493584828787,180.0,52.116118761443275,1024.2815881337465
2026-01-02 02:42:00,CYCLE_RESISTENCIA_DEGRADADA,162.80770885803082,166.97045188833619,172.21070431288467,117.25600972214843,3.2799199817162954,7.492168384560087,30.084264488222665,23.296011734139206,35.88043100361917,4.691507966825031,180.0,51.44559231619296,1029.53057720681
2026-01-02 02:43:00,CYCLE_RESISTENCIA_DEGRADADA,159.76457022928088,164.8717417734457,170.96076298862621,116.49470061376817,3.019062571368281,8.269105802746129,29.12517897230757,23.236515629305167,36.93180221413322,4.6916981777843745,180.0,50.53042268492103,1029.058775743
2026-01-02 02:44:00,CYCLE_RESISTENCIA_DEGRADADA,158.53913474874025,164.59641711417157,170.61717821975103,118.02926850465325,3.210976148428784,7.315268112671971,30.144681720156107,23.426911850099145,37.054906373310146,4.691454771309579,180.0,51.599099433647,1022.7456981625189
2026-01-02 02:45:00,CYCLE_RESISTENCIA_DEGRADADA,159.39341229346658,166.35936563660977,167.93329167925097,116.78566063674455,2.4678674603392445,8.882412941895868,30.100807261862123,23.20435611413773,36.947793167520864,4.691570011176551,180.0,51.652488335338866,1023.1970675717383
2026-01-02 02:46:00,CYCLE_RESISTENCIA_DEGRADADA,160.33279582051708,166.99904832134183,169.21762548466583,115.47159432949219,1.8232799245144973,7.612865038797973,30.07971698018219,23.564733919409264,39.337493380681025,4.692867951370086,180.0,51.654914103428524,1026.7802644390854
2026-01-02 02:47:00,CYCLE_RESISTENCIA_DEGRADADA,160.397641261495,166.101413752934,170.82141514637465,118.07827893606422,3.085136408351424,7.888166714098278,29.780978800824823,23.341571673017647,37.41385439504937,4.693514034611298,180.0,51.49032354920036,1031.300394388564
2026-01-02 02:48:00,CYCLE_RESISTENCIA_DEGRADADA,160.26202678004324,164.94842852482395,171.22661218771697,119.16077725570851,2.5725703038835532,8.165306630545203,31.025460991305618,23.334202973650644,35.286954982534034,4.6942152902507415,180.0,51.94934230378631,1029.4974501016661
2026-01-02 02:49:00,CYCLE_RESISTENCIA_DEGRADADA,159.0057811845883,165.6840879362039,172.75441827152045,117.13895724076379,2.936264489186083,7.717325023749453,30.25953242755449,23.44827436225264,36.70934914638775,4.694938360574877,180.0,51.91014841370092,1026.881623576418
2026-01-02 02:50:00,CYCLE_RESISTENCIA_DEGRADADA,162.57419853858835,167.10551725972147,171.83577883705811,120.55330394387684,2.909370887692618,8.071702980535653,29.418998482047865,23.35123376474606,35.122669965716575,4.694784551796996,180.0,51.90100200476213,1031.0460743869032
2026-01-02 02:51:00,CYCLE_RESISTENCIA_DEGRADADA,165.2315584592744,168.24986115868654,173.35173398838432,119.5618907396628,3.476220180724661,8.287678362260063,30.185148948443075,23.560498927543094,36.58100535086649,4.695103378840575,180.0,52.15595911966243,1029.2192428669332
2026-01-02 02:52:00,CYCLE_RESISTENCIA_DEGRADADA,164.40992910358668,167.66738852567136,173.87247670815663,122.17777122388912,3.119998965883082,8.480306616251742,30.52359806373705,23.412353226373835,35.09935514194818,4.69401820516224,180.0,51.77082304159998,1034.6035664032843
2026-01-02 02:53:00,CYCLE_RESISTENCIA_DEGRADADA,165.69400352748133,170.83068643211294,173.77870962081525,119.63221215190674,3.0497577080396017,8.395748717986478,29.754958022632124,23.638353753289604,35.70106109237538,4.695287012818556,180.0,51.778425142793395,1032.949581470069
2026-01-02 02:54:00,CYCLE_RESISTENCIA_DEGRADADA,166.87015558299902,171.28583721118042,173.4762716182992,118.90253450318815,3.251097346390102,7.914094768098663,30.796870528074646,23.81242971100905,35.0373987637038,4.692504052386213,180.0,52.747633437818244,1030.8884949489313
2026-01-02 02:55:00,CYCLE_RESISTENCIA_DEGRADADA,167.97645600385883,170.4411500176342,178.01721163055603,122.41872931262206,3.1105492760517115,7.926684112978199,30.407776363489717,23.44969563701009,37.16670589181135,4.692416903993878,180.0,52.37297639254486,1033.6044171890874
2026-01-02 02:56:00,CYCLE_RESISTENCIA_DEGRADADA,170.01694951410465,172.78423857491006,179.10768700395832,123.8690480946768,2.8626969021034703,9.174554279012517,28.808079194374166,23.591524812464577,36.42435007512331,4.693557799971028,180.0,52.542369488296764,1038.4636851926975
2026-01-02 02:57:00,CYCLE_RESISTENCIA_DEGRADADA,170.8391935017986,174.75979067599383,179.6229350338556,123.83577343373315,3.321442779076368,8.474944534124646,30.428136697811276,23.733730531989476,36.438523450180504,4.692193932037399,180.0,52.777415200269104,1031.4464823649423
2026-01-02 02:58:00,CYCLE_RESISTENCIA_DEGRADADA,171.5061120341497,176.79389541112437,179.93831696991458,124.36798900621581,2.6670749616335176,7.539088171839893,30.039236778090096,23.577858197589347,35.73517714555707,4.692593711955015,180.0,52.46266793959198,1035.8534419876546
2026-01-02 02:59:00,CYCLE_RESISTENCIA_DEGRADADA,172.46091806850774,180.6867878241157,184.17888919579403,127.66865191792681,3.0969741562600688,8.049994081882776,30.622124403015256,23.781196132467894,33.8251581300954,4.691912945508437,180.0,52.69908744292369,1034.4750289786966
2026-01-02 03:00:00,CYCLE_RESISTENCIA_DEGRADADA,174.66929503272934,180.260966004419,184.6631533660021,127.50871440241522,2.5357290617591066,7.8324284306109035,30.882739211352078,23.822447536952073,35.879496417166465,4.691544142243248,180.0,51.48027991766261,1036.9750498729968
2026-01-02 03:01:00,CYCLE_RESISTENCIA_DEGRADADA,176.8969774733548,180.52174133671363,187.2095627984117,129.40116984555056,3.0611831572547983,7.932332883038445,30.450305114897535,23.950785619790874,37.314229544764984,4.692490083203888,180.0,52.406948808675324,1033.1552327315542
2026-01-02 03:02:00,CYCLE_RESISTENCIA_DEGRADADA,177.6755026470511,183.3337532015379,190.320048508834,128.764222179911,3.057896892531879,7.385252421145956,31.34655687444155,23.635426915280142,35.37909953509637,4.692688140129772,180.0,52.2482898403957,1036.71728862438
2026-01-02 03:03:00,CYCLE_RESISTENCIA_DEGRADADA,179.93261988304727,184.15065071130815,187.0211814968324,130.4399769569788,3.5029364885743988,7.794038382807024,30.258696514508994,23.59028414497712,34.47377812167936,4.6906537842618885,180.0,53.21312399480288,1041.2057163488457
2026-01-02 03:04:00,CYCLE_RESISTENCIA_DEGRADADA,181.5322200637759,186.41624084473156,190.20830104080437,131.71165818816908,2.530507831967466,8.905777886596956,30.75488693131934,23.739257084307017,33.150954830565475,4.6896773587221565,180.0,52.87259113641022,1033.5208388917142
2026-01-02 03:05:00,CYCLE_RESISTENCIA_DEGRADADA,183.3880372842557,188.10974275412275,192.18665035665427,135.62754473766992,2.8197338472438562,8.289538150437751,30.877663117250034,23.62887110064411,33.451921634648585,4.690652694457046,180.0,52.12788361208818,1032.44160304969
2026-01-02 03:06:00,CYCLE_RESISTENCIA_DEGRADADA,185.22838642325843,190.16849730926157,195.49160001351004,133.89670962363542,3.246804727972243,6.75441929592427,30.353492468723694,23.956682434204932,34.533736992676275,4.6911016371752385,180.0,52.66369042142664,1033.0796171269735
2026-01-02 03:07:00,CYCLE_RESISTENCIA_DEGRADADA,184.98685338335514,189.89603726731033,192.99343402000045,131.18357055480098,3.1005951769191924,8.608361746248974,30.891238998391554,23.63250260352517,35.27335419272932,4.6928497727477625,180.0,52.59516833244148,1034.0448111426365
2026-01-02 03:08:00,CYCLE_RESISTENCIA_DEGRADADA,184.41815759931444,192.98972720053794,198.38149288816138,137.70142172377734,3.054091515401251,8.54481476145458,30.085957915104636,24.352231735490797,34.009367377651785,4.694532420341776,180.0,52.772372795327975,1041.586529390977
2026-01-02 03:09:00,CYCLE_RESISTENCIA_DEGRADADA,186.54547880430496,193.08826451445057,197.20069800020588,136.96394792817443,2.713159289112438,7.820357347846792,30.2028558260415,24.165291849843367,34.60515592700172,4.694190175211629,180.0,52.06950825673791,1034.0552731759572
2026-01-02 03:10:00,CYCLE_RESISTENCIA_DEGRADADA,187.85163665205135,191.99241622530062,197.7687249929064,135.4400238185051,2.822754495572571,8.358631771891607,29.686417932742522,23.928798260859534,34.77290716940614,4.696693413016699,180.0,52.79250105619886,1038.9562550025573
2026-01-02 03:11:00,CYCLE_RESISTENCIA_DEGRADADA,186.2926715811564,196.19355150437153,198.35018360651515,134.7441848190959,3.373512302466977,7.5703003945914,30.625779479267088,24.119634652517153,33.93818207967859,4.69671789268655,180.0,52.53181933022683,1043.0857153942025
2026-01-02 03:12:00,CYCLE_RESISTENCIA_DEGRADADA,190.70868910201327,194.48436421971152,198.6181342910685,140.15485627771096,2.9845472418738215,7.764872141866821,30.68870059180068,23.63836070747939,33.13461648770351,4.695755224152141,180.0,52.82035885692278,1042.7394625979157
2026-01-02 03:13:00,CYCLE_RESISTENCIA_DEGRADADA,189.60354314901568,193.48376788412622,200.79688503490564,141.00264520920513,3.112607908843342,8.749273180334926,31.209418220354017,24.4896506628995,34.21219916930128,4.695121584286231,180.0,52.350015100754504,1039.9863545123746
2026-01-02 03:14:00,CYCLE_RESISTENCIA_DEGRADADA,190.11995918454954,196.70260758841212,198.49366316591912,133.96116228807287,2.9654435013670564,7.864134980065145,30.99067709172386,23.885874539737095,32.722769929119586,4.692864859180942,180.0,52.45258250429236,1042.7434953578224
2026-01-02 03:15:00,CYCLE_RESISTENCIA_DEGRADADA,191.36717081709372,197.2821968171754,200.26368538578495,138.16578427350478,2.6450743454250705,7.065134169022505,30.36313682976681,23.998443003157497,33.567508125924924,4.694471878189191,180.0,53.36477217528137,1042.854988190143
2026-01-02 03:16:00,CYCLE_RESISTENCIA_DEGRADADA,188.87422780594855,194.65464204752362,199.29712752700644,140.44403605101508,3.280143127822499,7.968348388609332,29.844402397048114,23.669661469355272,34.40137168618482,4.696066640178235,180.0,52.28464311009057,1041.9713969557756
2026-01-02 03:17:00,CYCLE_RESISTENCIA_DEGRADADA,190.05766680919626,193.83185785054508,198.58909969563925,137.02193210085727,3.1509697153597487,7.9607058035428215,30.81245073907421,24.156088955019246,35.968008654273476,4.6950511327394215,180.0,52.353932053150295,1042.4622748112836
2026-01-02 03:18:00,CYCLE_RESISTENCIA_DEGRADADA,188.8146449873664,193.81060216599735,202.19159250561543,138.79520278414614,3.6916910512101566,8.59918428468673,31.225510121830904,23.85522091657411,33.06234380136412,4.69482324845104,180.0,52.84923563160861,1052.6798273843126
2026-01-02 03:19:00,CYCLE_RESISTENCIA_DEGRADADA,188.14694352441438,194.30004452670042,199.019746024229,137.26248878498635,2.6953255861048366,8.00716821108788,31.0250348069487,24.11415125241856,34.84944891464473,4.694918855995152,180.0,52.521120734006175,1047.4030688429093
2026-01-02 03:20:00,CYCLE_RESISTENCIA_DEGRADADA,186.71244780112886,194.25057385036908,198.53113171576413,135.5215475130793,3.2467718763601443,7.7892088442798535,31.230259110855975,24.00196492717013,35.938061592445514,4.69395850294301,180.0,52.49641194533096,1054.5112931986923
2026-01-02 03:21:00,CYCLE_RESISTENCIA_DEGRADADA,188.76670809130863,192.5341847387521,198.2965477853492,134.82502466463785,2.6065368101888997,8.522528072615604,30.472183833588257,23.91193741750066,35.593723351823165,4.692203400911739,180.0,53.02314330011434,1043.0188116461457
2026-01-02 03:22:00,CYCLE_RESISTENCIA_DEGRADADA,185.31333336286391,190.97116547694438,194.2286419082196,136.20583223084367,3.0472039703019234,8.060395116250556,30.331140609652664,23.982944340131606,36.02352983495603,4.691993043307962,180.0,52.24956819817757,1045.0798369515528
2026-01-02 03:23:00,CYCLE_RESISTENCIA_DEGRADADA,185.47710892998447,191.52407868289123,196.91792757428863,133.36645678222573,3.2929519767189492,7.624988659217141,30.18071160785218,24.20496614979919,35.764871625810834,4.691671963878503,180.0,52.52943063755318,1040.499258656972
2026-01-02 03:24:00,CYCLE_RESISTENCIA_DEGRADADA,181.15159436728058,188.11846069839405,190.5753770856707,132.36471679206454,2.378359465171054,8.577498780270808,30.59249419455846,23.91916119210005,37.16369487101923,4.691283552637514,180.0,54.0915830597267,1042.992527358189
2026-01-02 03:25:00,CYCLE_RESISTENCIA_DEGRADADA,183.4848423930206,188.40176910623478,191.33795595094983,134.09326185825208,2.9385202577275176,8.0968308822584,30.587672234447886,24.041004365904943,34.81339921412032,4.691506268700115,180.0,53.32520727603367,1054.2364102820684
2026-01-02 03:26:00,CYCLE_RESISTENCIA_DEGRADADA,181.91659090021147,185.40762040683572,190.3018160088368,129.78161590412995,2.831037079787214,8.001462983339719,30.76435517855902,24.338382742340276,35.1431152696406,4.692935788358641,180.0,52.752931605543566,1044.9334702801832
2026-01-02 03:27:00,CYCLE_RESISTENCIA_DEGRADADA,179.28909542444003,184.79230880248323,190.07605605162166,130.05393787620466,2.7894128105114633,8.088954195705828,30.573837267949823,24.740837097008725,36.724025495446725,4.692632695638949,180.0,53.36587151637999,1055.0864259431194
2026-01-02 03:28:00,CYCLE_RESISTENCIA_DEGRADADA,177.36729568889294,182.60980684028945,188.11499910718734,131.89343540836333,3.115563795677806,7.464665814291702,30.57879184759096,24.330121324288758,35.061797916940385,4.692803138637671,180.0,53.470785187236764,1042.8183460387322
2026-01-02 03:29:00,CYCLE_RESISTENCIA_DEGRADADA,176.5529099512762,181.11589110412874,186.09273981324625,129.63878115925607,3.3362057119267785,7.736173111910832,30.206846920950213,24.06506080048047,38.82396795568513,4.693530009161416,180.0,53.714486533714016,1043.9551723751738
2026-01-02 03:30:00,CYCLE_RESISTENCIA_DEGRADADA,177.23556349811457,179.1497031718684,184.70172246703464,127.25103093565613,2.9600163854312536,8.001791300916391,31.22617969810828,24.188644797150587,39.27802113028857,4.694084152087928,180.0,53.18366222692256,1047.1760947784032
2026-01-02 03:31:00,CYCLE_RESISTENCIA_DEGRADADA,170.7892354268923,179.63604509975082,181.9656934308644,127.5087452458889,3.061645928268006,7.90266815248766,30.72281845453005,24.281582727943004,37.625962118031104,4.69346972856348,180.0,53.765249705945415,1048.6526680569966
2026-01-02 03:32:00,CYCLE_RESISTENCIA_DEGRADADA,172.2768356269469,175.57954082187786,179.78302249997725,126.53802376949848,3.0342926259177743,8.636214191408298,30.581071420522303,24.218217941425152,38.56270528154527,4.693566105686594,180.0,52.28733606417717,1052.9613017178228
2026-01-02 03:33:00,CYCLE_RESISTENCIA_DEGRADADA,168.71191415544854,174.04177402971754,180.9260644943221,125.22591152545515,3.000541051906924,8.108702926363502,30.24972035290889,24.481191251762063,39.25888975482405,4.694113645506763,180.0,52.80775976928512,1051.4279161252189
2026-01-02 03:34:00,CYCLE_RESISTENCIA_DEGRADADA,168.30018982149386,175.99703049980312,179.41203187956785,122.57779298136268,2.6731972086863682,8.427451961318202,29.91161665790553,24.356187713688993,39.09980445408975,4.692985294169253,180.0,53.4469982684171,1048.3100134132299
2026-01-02 03:35:00,CYCLE_RESISTENCIA_DEGRADADA,166.61171710982921,173.21388516303688,179.07315616836829,122.86838514550566,3.332533380516868,8.004697677287925,31.467705842874075,24.506011691702604,39.82036397126419,4.694248833180049,180.0,53.558820494068605,1049.786970850653
2026-01-02 03:36:00,CYCLE_RESISTENCIA_DEGRADADA,165.06244426851225,167.84913308115867,174.89809234513282,121.38963971311902,3.088558610447651,8.528144241873061,31.029401275339698,24.272933598082005,41.43035677903592,4.695680422085263,180.0,52.966844385809125,1049.3834238509821
2026-01-02 03:37:00,CYCLE_RESISTENCIA_DEGRADADA,164.3277194215436,168.8003589400678,175.4484395301948,120.86982700365311,3.118464447000773,8.198763878286577,29.7549205645213,24.611934688078936,40.609831294908986,4.694957641829818,180.0,53.580966196803764,1047.334946637909
2026-01-02 03:38:00,CYCLE_RESISTENCIA_DEGRADADA,161.85309062482855,166.1816491537935,173.15752864453634,120.93013713355684,2.7580471112923255,8.006710242694231,31.158998480404218,24.324179222875852,42.36699558012091,4.695151311848167,180.0,53.16764385861794,1047.7700038632238
2026-01-02 03:39:00,CYCLE_RESISTENCIA_DEGRADADA,163.4450616985852,166.21470521183204,173.92959289486123,117.89064867023238,2.862233880603228,7.99335845552049,31.25539180264987,24.173507788659265,41.969300596640274,4.695793590104838,180.0,53.36917758174069,1055.7560571859703
2026-01-02 03:40:00,CYCLE_RESISTENCIA_DEGRADADA,159.18597853018403,162.72177052183284,172.86338083101882,116.71881281187318,2.9471597406867667,7.522780686854518,30.790447498478237,24.813105366946328,41.754297102879285,4.695247975948509,180.0,54.047920806265246,1044.6488645153577
2026-01-02 03:41:00,CYCLE_RESISTENCIA_DEGRADADA,161.257899060677,165.59838003873426,171.16880469772033,118.6104634044056,2.539762591965345,8.253457860068155,31.655642907963216,24.022165812474384,43.20168984144269,4.6957295897941975,180.0,54.01766134307032,1058.7422634569916
2026-01-02 03:42:00,CYCLE_RESISTENCIA_DEGRADADA,159.6397044519863,163.81735168771084,169.93638007838186,116.68145480998145,2.4935897024406968,7.97989763273181,30.848947008737326,24.248556727482455,40.991199581808786,4.695892845420489,180.0,53.092101325134315,1051.206423900223
2026-01-02 03:43:00,CYCLE_RESISTENCIA_DEGRADADA,158.20410304541213,164.8407821308061,171.08169734164957,116.89296021790595,2.8197756208084295,7.749004019909398,29.89534463071851,24.279663608599133,42.15183396565463,4.69442492724285,180.0,53.08922316493219,1049.788172698331
2026-01-02 03:44:00,CYCLE_RESISTENCIA_DEGRADADA,159.59049025271554,162.560716111,170.45037846322887,115.04235818460472,3.156756229932717,8.553230885406036,30.9385195878541,24.9151153516945,43.80524855722245,4.694884088558829,180.0,53.4392564393304,1056.131251916662
2026-01-02 03:45:00,CYCLE_RESISTENCIA_DEGRADADA,157.38114904400652,164.51576449451534,168.76172171086006,116.46377706090402,2.8040587830210177,7.3748919870525995,30.869030821978665,24.78282967965088,41.81156230810941,4.693783946142558,180.0,53.658239396591966,1059.4012577878905
2026-01-02 03:46:00,CYCLE_RESISTENCIA_DEGRADADA,159.3633502131268,163.9881225249661,168.06299208218243,116.26853193675059,2.694358440722786,7.788752052283783,30.374310801595833,24.727864961015122,43.06849487336304,4.69472314899422,180.0,53.36920623060568,1058.2132353807806
2026-01-02 03:47:00,CYCLE_RESISTENCIA_DEGRADADA,157.83788746673946,166.52156025497953,169.54685415657497,117.91536522608678,2.755594304028699,8.513859374389767,31.061160296764978,24.370185449491178,42.877859425146205,4.694051937919086,180.0,54.24479150435794,1056.0265344815712
2026-01-02 03:48:00,CYCLE_RESISTENCIA_DEGRADADA,160.4892642334076,166.80679141595348,172.10908520990915,118.84561697262427,2.8633972730564063,8.157761470460127,29.753885630805716,24.928405909688838,41.52604569413295,4.693890652485425,180.0,53.92425026900658,1058.6370771068487
2026-01-02 03:49:00,CYCLE_RESISTENCIA_DEGRADADA,159.37320652119107,166.60582400378505,172.22016782927756,118.43721586485185,2.893842311153969,7.976070536173621,31.30270661492417,24.52330803172881,42.46939100455678,4.695262931398871,180.0,53.97945161636313,1047.6881762342487
2026-01-02 03:50:00,CYCLE_RESISTENCIA_DEGRADADA,160.63807501851787,165.97185376977745,170.21351981058407,119.48787422716532,3.649656435661967,8.125501771575074,30.212952470968144,24.651170800882348,42.63367719033129,4.6957593130454,180.0,53.16876041352767,1052.7254052926035
2026-01-02 03:51:00,CYCLE_RESISTENCIA_DEGRADADA,162.37116495516028,169.58895314055135,170.9932587437696,116.44266964600504,3.3163861885461956,8.08970708552442,30.14952560097157,24.49734991254425,41.58725554027067,4.6946798391258255,180.0,54.41106142615733,1051.4205973009393
2026-01-02 03:52:00,CYCLE_RESISTENCIA_DEGRADADA,162.0634893984142,166.31851708482023,174.90339952344655,121.32055795020926,3.3074322336845183,7.241668726857039,30.654630234087264,24.456821546255018,45.24710400290356,4.693664922555027,180.0,52.4424818027586,1060.2103440201709
2026-01-02 03:53:00,CYCLE_RESISTENCIA_DEGRADADA,164.015228129334,167.59568256805537,173.11235783241818,117.31711867976686,3.3505741092820145,7.825369057326019,30.97018571711699,24.42127362705951,42.02483641464029,4.693065619766403,180.0,54.294506441785856,1054.0183230129041
2026-01-02 03:54:00,CYCLE_RESISTENCIA_DEGRADADA,163.472400347971,170.3871737331864,176.29758434501213,120.23692444713055,2.700353739199785,8.808260827256875,30.810936461398512,24.434225565557796,43.316178286153445,4.69346026384976,180.0,54.36930790552703,1059.1682153804234
2026-01-02 03:55:00,CYCLE_RESISTENCIA_DEGRADADA,167.34685816770036,174.49691818667142,176.2550520101436,120.23343488242814,2.633290615503828,7.6703379326114165,30.28125347538593,24.60198508302181,41.17385571223567,4.693818563664693,180.0,53.710384060764746,1058.1582533597866
2026-01-02 03:56:00,CYCLE_RESISTENCIA_DEGRADADA,170.090686073442,172.9357963401107,180.3248704593546,125.87548614291791,2.6679389125397828,7.840849492947833,30.41519097528812,24.557468236055097,40.91744689901092,4.69297546136003,180.0,54.58723017050217,1052.7876916248588
2026-01-02 03:57:00,CYCLE_RESISTENCIA_DEGRADADA,172.77326658831885,174.41208368554214,178.91683024899424,124.23259937632992,3.4003518400013513,7.729189618345406,30.047708416600333,24.48108326841251,41.91246582512502,4.6918082518744155,180.0,53.943172990460376,1054.1050132973485
2026-01-02 03:58:00,CYCLE_RESISTENCIA_DEGRADADA,171.03262898571748,174.40584532194265,182.7210821250829,126.14188017674171,2.835842463335253,7.956492388340931,30.570202451862542,24.7922388213977,42.57347518749075,4.692089835279501,180.0,54.02963914409918,1061.8378529775077
2026-01-02 03:59:00,CYCLE_RESISTENCIA_DEGRADADA,173.40385230145907,178.8095818833786,183.1127558144783,125.07331701401534,2.624593145328214,7.708438584337851,31.318377119975494,23.899546636903388,42.047974863733224,4.691907975213711,180.0,54.19164257005253,1053.7641740058375
2026-01-02 04:00:00,CYCLE_RESISTENCIA_DEGRADADA,171.87321518356129,180.37378505378987,184.75261493122014,126.95638062368316,2.8707011399340563,8.24337075107903,30.68785563100907,24.59704427065492,42.482066644110525,4.694065191101159,180.0,55.63837242778026,1057.562861418491
2026-01-02 04:01:00,CYCLE_RESISTENCIA_DEGRADADA,177.3652058411649,181.7323709578151,183.64466648505055,126.47532729131574,2.928418340485612,8.098656706145134,31.181936998862078,24.640390132846843,43.70023628956922,4.694101794757722,180.0,54.740259201545435,1054.124254565671
2026-01-02 04:02:00,CYCLE_RESISTENCIA_DEGRADADA,178.0281789780518,181.56874454049571,184.90741789959534,128.98984444254302,3.0805239821083688,8.386773807553508,31.520207767867202,24.727616255252507,41.14986603082391,4.695916047585422,180.0,54.44131418748158,1056.1833611042607
2026-01-02 04:03:00,CYCLE_RESISTENCIA_DEGRADADA,178.0165959013323,182.97992099774848,188.79394307599762,129.06405402822722,3.0752853062136127,7.474529416905519,30.33216084890463,24.48623618499758,40.06107896365636,4.694745663987318,180.0,53.656800346803706,1057.4329733647367
2026-01-02 04:04:00,CYCLE_RESISTENCIA_DEGRADADA,181.5317594356664,183.72959736834858,190.81183293844947,134.18267365898052,2.7515458308379475,7.829829758558549,30.55730762658641,24.541386623986334,41.13626672780106,4.693172451047756,180.0,54.20719778411256,1054.6582879666696
2026-01-02 04:05:00,CYCLE_RESISTENCIA_DEGRADADA,181.12475324674125,186.76852164333638,190.55538735044564,129.47269286044553,3.2056969177541133,7.887138684193933,31.91112937353184,24.697189676662944,39.916632272148846,4.692052365915231,180.0,53.750786014589536,1054.1137617614086
2026-01-02 04:06:00,CYCLE_RESISTENCIA_DEGRADADA,182.1813048130184,186.67574484900192,191.90710016306477,131.67838599352856,2.8082419398749527,8.227823455044298,31.483257399931112,24.798035891365576,41.23710273340504,4.693241495696684,180.0,54.59009223048276,1059.2600830148278
2026-01-02 04:07:00,CYCLE_RESISTENCIA_DEGRADADA,184.5055489636777,187.76709436735848,195.0986084499419,137.5081101129935,2.953117098988487,7.603389401396483,29.67741082675172,24.439103276172496,38.90536476530491,4.6949975972863776,180.0,54.270701257362134,1054.8891071594135
2026-01-02 04:08:00,CYCLE_RESISTENCIA_DEGRADADA,183.75336664967935,189.76935881866854,196.20160868499548,134.83360143373065,3.2060322211510064,8.457826902129172,30.856225239394185,24.551618838226986,42.28146836683837,4.6942154178324245,180.0,53.659378787703126,1055.1721039495949
2026-01-02 04:09:00,CYCLE_RESISTENCIA_DEGRADADA,187.22745600975207,190.6664630207293,196.3401052969631,134.11145552510982,2.8074535788166974,8.593207795258804,30.62440346502385,24.832557184384797,40.700054034344745,4.693754851802665,180.0,54.28311336661677,1054.7987931415169
2026-01-02 04:10:00,CYCLE_RESISTENCIA_DEGRADADA,185.57347636883534,191.45058255603212,198.28789150351264,137.2357437584373,2.8291945729256587,7.505563826182208,31.090322440698177,24.07026140589491,38.113261927339224,4.692585870892453,180.0,53.83849208691231,1058.377223858703
2026-01-02 04:11:00,CYCLE_RESISTENCIA_DEGRADADA,186.27743091276528,193.35627133322498,196.646536218616,135.39707325165497,3.1775004149079393,7.7545635525532175,30.17618107833288,24.354894730688617,38.820619540250775,4.690774231045334,180.0,54.35919570499402,1062.5910770149026
2026-01-02 04:12:00,CYCLE_RESISTENCIA_DEGRADADA,186.99256650378445,193.441641277911,198.18225168028246,135.8084474995684,2.742680047018494,7.7340342458539535,30.11172428832864,24.78350121857852,40.43644462957944,4.691492642743111,180.0,53.87417147683709,1064.9633495889705
2026-01-02 04:13:00,CYCLE_RESISTENCIA_DEGRADADA,189.38599227100664,193.3949431638228,200.9843217018254,137.31877646917934,2.8845623929187787,9.31619310233875,30.195247545496827,24.70588510917491,40.913527765156296,4.6917156630460735,180.0,54.33731101928118,1056.1480641341793
2026-01-02 04:14:00,CYCLE_RESISTENCIA_DEGRADADA,187.96410792121375,194.1935405524527,199.32559827784817,141.98973998360955,3.166722653412868,7.785049947396057,30.244130839984358,24.58851731848536,38.414974656466455,4.691726151028747,180.0,54.718392503158505,1067.761005397555
2026-01-02 04:15:00,CYCLE_RESISTENCIA_DEGRADADA,187.15284669280575,192.85384437715496,199.46848703641905,137.41692878329684,3.6162277324307928,8.838812721078067,31.028901010516144,24.390567378664368,40.773265032411906,4.690326094491584,180.0,54.335954039401436,1055.2424809928812
2026-01-02 04:16:00,CYCLE_RESISTENCIA_DEGRADADA,187.94548577418058,194.07541982422197,201.99300508011842,136.41346380476426,3.181621351428824,7.3666840024466955,29.87149997226839,24.299789864444545,37.97815138830378,4.691966051173412,180.0,54.186089266633125,1063.6905340710907
2026-01-02 04:17:00,CYCLE_RESISTENCIA_DEGRADADA,188.372268219303,193.87177426595264,197.29217288593998,139.02111656919172,3.1417919288970033,7.505174516917818,30.179681970930666,24.353386237996308,39.98421344141987,4.691462694435363,180.0,54.501954601984394,1056.5580846122248
2026-01-02 04:18:00,CYCLE_RESISTENCIA_DEGRADADA,186.5712175266756,191.468608995256,199.5118623858676,138.648007334865,3.159240475101819,7.6566977340759,29.498845466982562,24.776316504683408,41.77556300797852,4.69199632086018,180.0,54.767419460839896,1056.0431889993888
2026-01-02 04:19:00,CYCLE_RESISTENCIA_DEGRADADA,186.02773300597644,193.89201207046685,199.98139232939687,136.75859754695531,2.678042917779885,7.577155344276739,31.08710784748014,24.33572229849194,39.733321096133885,4.690541759454935,180.0,53.88347560035554,1056.6233413088862
2026-01-02 04:20:00,CYCLE_RESISTENCIA_DEGRADADA,189.21453683939782,190.91423852960335,196.87310720147485,135.2772597405615,3.0346790216039725,7.866050632920751,31.224100761057148,24.476002719669655,39.4870538691465,4.690351234265314,180.0,54.58536069829444,1059.4615229234998
2026-01-02 04:21:00,CYCLE_RESISTENCIA_DEGRADADA,184.77720832229235,191.2127848123068,197.43049624387496,137.32828968903195,2.9910700534990795,7.645610898639251,30.295666452735762,24.298896101988266,41.18841872259275,4.690642608721554,180.0,55.131493608698825,1062.0536065603192
2026-01-02 04:22:00,CYCLE_RESISTENCIA_DEGRADADA,184.41818514041114,191.5012048269638,194.2235620970511,134.1302131709747,3.0964753621118266,7.590329203632713,30.297902721764984,24.61172511494029,40.48745817762674,4.690969683939606,180.0,54.776966360441435,1062.4690437065897
2026-01-02 04:23:00,CYCLE_RESISTENCIA_DEGRADADA,183.23897000473463,190.0920897793258,193.45882205976366,131.01431206913134,3.034952415742761,8.579235998236664,30.712125184432054,24.328571925897155,42.11948011442854,4.691124332482843,180.0,54.53615265889484,1056.0629285720759
2026-01-02 04:24:00,CYCLE_RESISTENCIA_DEGRADADA,181.93787763490658,187.78987764388174,193.51580905022428,136.42049515843473,3.113909903225134,8.611896811256582,31.279599061734004,24.4095605542558,41.19183770000103,4.691618854974892,180.0,54.844004015679545,1055.9229665556513
2026-01-02 04:25:00,CYCLE_RESISTENCIA_DEGRADADA,181.85637481734,185.98448020827925,192.68647930183107,132.62047015940217,2.9065598415302394,8.474648249187657,30.655227073715498,24.084781476213013,41.794475655844806,4.690488334518859,180.0,54.766964097176746,1056.2512173118203
2026-01-02 04:26:00,CYCLE_RESISTENCIA_DEGRADADA,180.8336116256136,186.14512316669112,191.66550148264125,134.80003860358602,3.017582675211538,8.261999477792164,30.008191226337747,24.090780449842196,40.623047112686464,4.690685707124299,180.0,54.933816937757136,1059.5019521963893
2026-01-02 04:27:00,CYCLE_RESISTENCIA_DEGRADADA,177.84693174622953,184.33952833778375,190.72926596908675,133.511579346898,2.6316514301829024,8.046371532889776,29.466833221965796,24.406603817629513,43.309487966787444,4.690799464807779,180.0,53.5610699935016,1059.1297712051803
2026-01-02 04:28:00,CYCLE_RESISTENCIA_DEGRADADA,175.1977552763319,181.25885700552834,187.2393249686537,127.77574599795204,2.904027816599126,7.7514846546670455,29.73719977435799,24.13127304150389,43.756363918940515,4.691031137491974,180.0,53.81204506158827,1056.1861391602115
2026-01-02 04:29:00,CYCLE_RESISTENCIA_DEGRADADA,176.64414078994287,179.4838544584534,187.1929752593938,131.0186880236193,3.417250064452993,7.523421247622454,30.396480318345215,24.808178689733506,43.231189607870256,4.691103482709293,180.0,55.10664197544675,1061.0751249381835
2026-01-02 04:30:00,CYCLE_RESISTENCIA_DEGRADADA,173.41650796760644,176.37055388633115,183.7730771195513,126.12682792746484,3.095642501888477,8.181497851716344,29.964176455988678,23.965336668315434,45.42020151392173,4.6898302699353795,180.0,53.86675807447572,1069.0502752333414
2026-01-02 04:31:00,CYCLE_RESISTENCIA_DEGRADADA,174.02340821538934,177.4618715838976,183.68955428409978,124.34921577517319,2.993723688785077,7.413184803726601,30.429488701061665,24.207710702754042,46.12317850076478,4.68851247018327,180.0,54.835052296060205,1057.9778483145901
2026-01-02 04:32:00,CYCLE_RESISTENCIA_DEGRADADA,167.68560225676396,175.61462788512927,181.2964115818832,124.24564745178262,3.568836982876304,7.503039535412303,29.985815989066616,24.36081651318567,45.41057048104936,4.686298201997386,180.0,54.47285760142511,1058.2527937236766
2026-01-02 04:33:00,CYCLE_RESISTENCIA_DEGRADADA,169.0822413555574,175.54829549389032,180.05678768711945,125.00688110162884,2.591749506509676,8.576456628102404,29.680023806797937,24.27380805657553,46.02356003473583,4.687115736507232,180.0,54.16510049291747,1062.2090399032413
2026-01-02 04:34:00,CYCLE_RESISTENCIA_DEGRADADA,169.6683220696891,173.1375174445086,178.55551764445315,122.97871088607282,2.667163333366134,8.950324520861043,29.593392315438635,24.114993264808746,46.69456532626641,4.687943394016966,180.0,54.852045032723076,1057.7121046389843
2026-01-02 04:35:00,CYCLE_RESISTENCIA_DEGRADADA,165.527158862182,172.89635623000217,174.71384055752475,120.47832389319262,3.513813423382882,8.19664756908324,31.12742002465625,24.132855646821575,45.38721133829044,4.688786944308188,180.0,54.791473431470706,1062.5936300121473
2026-01-02 04:36:00,CYCLE_RESISTENCIA_DEGRADADA,164.3477366418522,169.12924555763416,173.96489028178047,122.065586912714,3.0137882808146803,8.553228576147323,30.724885603436736,24.1145622015863,49.64370756478618,4.68909373427065,180.0,55.75957517081932,1057.0074328785802
2026-01-02 04:37:00,CYCLE_RESISTENCIA_DEGRADADA,163.73679417829948,170.09926293582464,174.207834656717,120.55213427788804,2.927225089113062,7.877075841278009,31.180502908322303,24.243235279450666,47.002793050888094,4.686960615052932,180.0,54.40515521787302,1067.1673470637766
2026-01-02 04:38:00,CYCLE_RESISTENCIA_DEGRADADA,161.58544358848414,166.9761498154856,170.94096547410692,117.00814262706726,2.640238702471307,7.331162906956158,30.484757613605147,24.67848874945578,48.987563270801644,4.685933904561147,180.0,55.45048185417232,1061.1686714453394
2026-01-02 04:39:00,CYCLE_RESISTENCIA_DEGRADADA,160.87746142875258,167.54346242962436,172.9661998875711,120.33399460839085,3.1343088799185037,8.306085809309293,29.914233153077074,24.29085238602413,49.07995000285866,4.68610431997874,180.0,54.91921243031968,1057.253626079878
2026-01-02 04:40:00,CYCLE_RESISTENCIA_DEGRADADA,159.9754752025769,163.99229116182013,172.15061630965317,118.99377099698967,3.1633379608582386,8.284644661635031,30.883775146327924,24.498647729042553,49.14662786986301,4.686239837981532,180.0,54.424771640704414,1057.3165469242192
2026-01-02 04:41:00,CYCLE_RESISTENCIA_DEGRADADA,158.89917933595555,165.2997430027497,170.77568173320668,113.9973694727761,2.671651691749531,8.035834276940122,30.094441045055255,24.349908398081556,49.68917831174399,4.68601708976838,180.0,55.16689409035363,1057.5471669251915
2026-01-02 04:42:00,CYCLE_RESISTENCIA_DEGRADADA,160.54807790725263,162.06086945251258,168.4661791021739,117.3995918097025,2.9579173243348715,7.878812270947444,30.215049480759603,24.457376039974605,50.23951453211155,4.686386006971288,180.0,55.06183432621862,1065.0178807438642
2026-01-02 04:43:00,CYCLE_RESISTENCIA_DEGRADADA,159.20440912872098,163.7031439510635,171.05246910506423,118.56589211087905,2.89934525039008,8.481105289290548,30.042956367098288,23.660348261515143,48.28442072751025,4.686397658678973,180.0,54.80828614474062,1054.3698663978814
2026-01-02 04:44:00,CYCLE_RESISTENCIA_DEGRADADA,158.69028665850524,164.2940995258558,171.58646945408537,118.22508999055509,3.0767931439256313,7.507133483286263,28.381254996895976,24.14483646185774,49.337219157153704,4.686518429144525,180.0,54.93461610660503,1056.6845732959412
2026-01-02 04:45:00,CYCLE_RESISTENCIA_DEGRADADA,159.2616781283066,163.0459211207748,169.227266037401,118.32078343453159,2.664224927333807,7.613109710554671,30.924159839276907,24.4521937847398,49.478269627208284,4.685879363811693,180.0,54.51378266674547,1057.0146582080067
2026-01-02 04:46:00,CYCLE_RESISTENCIA_DEGRADADA,158.04036919920327,162.4803100157466,169.73671659560156,116.07182107953192,3.375584236353947,7.495946746619786,30.271740732373523,24.06111222212395,49.8819340273706,4.6868613747978145,180.0,54.40989352966174,1059.0970103572024
2026-01-02 04:47:00,CYCLE_RESISTENCIA_DEGRADADA,157.65819774607402,164.9893719714516,169.6029036742507,117.4544157399903,3.274747134479281,8.042486481317914,30.156017114922726,24.51230317595601,48.526548822412465,4.686430603189134,180.0,55.21272159699583,1057.9672977075672
2026-01-02 04:48:00,CYCLE_RESISTENCIA_DEGRADADA,158.2544911386729,164.2438209455857,170.3947553093922,115.1243668336752,2.8910473323801553,7.456053493945371,29.91034582102538,24.44059467123768,51.250731739986044,4.685099954106113,180.0,54.73094609348652,1052.9723237181595
2026-01-02 04:49:00,CYCLE_RESISTENCIA_DEGRADADA,159.52647754285726,164.3307376152792,170.16863638194863,118.1520514415078,2.9350743865084885,7.6578789097423785,30.01142103521635,24.033660061261237,51.812650114490424,4.684328955093294,180.0,54.81249086821816,1057.2169797429215
2026-01-02 04:50:00,CYCLE_RESISTENCIA_DEGRADADA,158.95011636088972,165.66887852349927,170.97455933747852,120.82798628341534,2.959073354916715,7.647122218886401,29.55782987258305,24.010187109945765,50.96263099383306,4.683980488901932,180.0,55.00176039996052,1058.2906533112885
2026-01-02 04:51:00,CYCLE_RESISTENCIA_DEGRADADA,160.46001504170863,169.62531274811693,172.94915241454865,117.71880063136521,2.766507434098049,7.8696958338330205,30.21347522972198,23.89109893163446,50.38689052677579,4.684974491690301,180.0,55.00351110724115,1056.0426143760058
2026-01-02 04:52:00,CYCLE_RESISTENCIA_DEGRADADA,161.4131025343633,168.8211759495091,175.65625154920923,119.70342703549603,2.8669711745294895,7.256312776798012,29.10661718793898,23.95057090161677,49.07026481022613,4.684932223691867,180.0,54.164920574206704,1061.1618361285803
2026-01-02 04:53:00,CYCLE_RESISTENCIA_DEGRADADA,165.67615497671494,169.92985443690043,172.26275908794784,118.55132150724896,2.9189188896976175,8.043602496018634,29.91759930765358,23.812313681237285,48.60824620385727,4.6847460754729005,180.0,55.531125732051386,1061.9456905095926
2026-01-02 04:54:00,CYCLE_RESISTENCIA_DEGRADADA,161.00232159352828,170.26518214738735,175.0295786264605,120.6321951744423,3.4838605112121384,8.623651825332338,30.10052822571815,24.12661036287956,48.48324750780586,4.683497412048138,180.0,54.95670512905917,1057.8014428688005
2026-01-02 04:55:00,CYCLE_RESISTENCIA_DEGRADADA,165.41616634968238,171.24666789460193,175.04550853737106,119.51365901633288,3.283985492499131,8.06774568615838,29.6464078376054,23.73133318726808,49.7641735894727,4.684282894637968,180.0,54.80259977060508,1058.877715924747
2026-01-02 04:56:00,CYCLE_RESISTENCIA_DEGRADADA,169.08552463014294,169.55811739390157,179.76257007932222,124.88504950924178,3.280396412200987,8.77066057240066,29.937102771412853,24.124664065415235,49.85701942520467,4.683630942483944,180.0,55.126859256228315,1049.1455300184625
2026-01-02 04:57:00,CYCLE_RESISTENCIA_DEGRADADA,168.61073187577003,173.07201467318083,178.6037780958782,124.81506128080854,3.110977683901317,8.666999092938463,29.14590087686549,24.110591735999638,48.78962482035458,4.6835309146250035,180.0,55.03691424155511,1055.9332100519694
2026-01-02 04:58:00,CYCLE_RESISTENCIA_DEGRADADA,170.86923074980726,174.8142615649771,179.0849309873953,124.94990852967508,2.6648018973206296,8.388867523623928,29.1314266527602,23.63348019930476,49.83363959744493,4.685011097701885,180.0,55.309077975518726,1061.4584566189558
2026-01-02 04:59:00,CYCLE_RESISTENCIA_DEGRADADA,171.61970148260633,174.67940901574036,183.1244734793265,123.83026097696896,2.9875526686267864,8.037342921318443,29.77450692742364,24.256119475183226,49.06638282925674,4.685519861032934,180.0,55.201138121957946,1055.5606733782595
2026-01-02 05:00:00,CYCLE_RESISTENCIA_DEGRADADA,172.2510685055747,177.0958877118794,186.0108780949331,129.6580406306425,3.291146537884014,8.01125019412272,29.991425256675242,24.029004965822516,47.33158250085237,4.6838916069852194,180.0,55.29736481747382,1054.1143442721416
2026-01-02 05:01:00,CYCLE_RESISTENCIA_DEGRADADA,171.91352810017167,177.66329006257132,186.2730778760475,129.66509649853722,2.6225206111898136,8.38189988618163,28.535392022482053,24.056045881817592,47.44046848769051,4.682122096748866,180.0,55.61992944658628,1065.976860304699
2026-01-02 05:02:00,CYCLE_RESISTENCIA_DEGRADADA,176.38515416881054,181.5326338566189,187.26439502728277,130.72043320460105,3.1909659620619792,7.804164695247984,29.84284533816743,23.73389541153171,47.97303807833792,4.682057786298747,180.0,55.39193056306827,1063.938890975032
2026-01-02 05:03:00,CYCLE_RESISTENCIA_DEGRADADA,176.70849068173501,184.06530139635785,189.01731496275184,131.0472383859616,3.6967827675788296,7.058739624266268,29.2177196713242,23.989328687255078,47.82411258389852,4.680845045683872,180.0,54.87525562666559,1058.3231457871823
2026-01-02 05:04:00,CYCLE_RESISTENCIA_DEGRADADA,178.1286425599054,185.86428660272702,191.6810781088425,132.4965289218106,3.3185449937969196,8.24600202705148,29.38186324018198,24.069061483339848,46.997827848060986,4.681493592431505,180.0,54.39912292853397,1060.7925618154338
2026-01-02 05:05:00,CYCLE_RESISTENCIA_DEGRADADA,179.87324240352496,186.42042910726167,190.3243092708163,133.23047358877065,3.4242087406685964,7.434465685032515,28.711582959122204,23.802699888752596,48.292299970058416,4.68153585549647,180.0,55.79924125127689,1047.1110839179998
2026-01-02 05:06:00,CYCLE_RESISTENCIA_DEGRADADA,183.86667129256824,186.0709711462411,192.54703938183516,136.38885304285273,3.065501625132648,7.518929385904808,28.95156796197466,24.201157054069437,48.186347508777985,4.681701240265494,180.0,54.85094309060234,1052.6363833907803
2026-01-02 05:07:00,CYCLE_RESISTENCIA_DEGRADADA,185.86285467585367,186.11632909497698,193.34933676704145,132.81489061120618,3.290379584629497,8.000111973997894,29.93062153924389,23.787652120005802,47.05590974052775,4.680994497083852,180.0,54.73740700212837,1053.672403595907
2026-01-02 05:08:00,CYCLE_RESISTENCIA_DEGRADADA,184.331944146494,187.4243583512228,193.59246859079917,135.76590274905806,2.7846440356937894,7.952437561223265,29.378696573851595,23.984782084587618,45.547332030342154,4.682735880739139,180.0,54.10944641413318,1054.3678686998423
2026-01-02 05:09:00,CYCLE_RESISTENCIA_DEGRADADA,184.48568819576226,188.98548444978823,195.57906790923076,135.13525766633197,3.2387591437023677,7.293962196842185,29.114637143589373,23.792735025983742,44.78862722915869,4.68557847446715,180.0,55.15058843512076,1053.105501457143
2026-01-02 05:10:00,CYCLE_RESISTENCIA_DEGRADADA,184.4698950141903,190.2843382645189,198.1486384043706,136.481145955841,3.196316440218229,8.08274578206657,29.229154966404824,23.828472071393094,45.483543213516285,4.685299889743392,180.0,55.05902997064253,1044.6126222924906
2026-01-02 05:11:00,CYCLE_RESISTENCIA_DEGRADADA,187.14164742639255,191.85965273096997,198.20322520265375,134.80182252464655,3.0869733522112988,8.483069830430525,29.531486520295328,23.354065566775606,46.33347246486959,4.685652928991807,180.0,54.229956513956616,1056.0982650176584
2026-01-02 05:12:00,CYCLE_RESISTENCIA_DEGRADADA,189.26558354193682,191.38459996512157,198.850269832019,137.35407683487864,3.3948022259155497,7.435829214867109,29.47013005135667,23.7392404162287,47.57817666936379,4.6857503463348715,180.0,55.216770663207946,1056.4642396610836
2026-01-02 05:13:00,CYCLE_RESISTENCIA_DEGRADADA,187.2196863335413,193.40231458438132,198.6503629599713,135.8687075767632,2.8383645486457834,8.636241665424379,29.14973686320222,23.49446936913094,45.77618731719884,4.685490659471431,180.0,54.743349526901966,1060.4267214504914
2026-01-02 05:14:00,CYCLE_RESISTENCIA_DEGRADADA,184.89134567811774,192.9500099466628,199.339323912297,136.69867822037216,2.943882745057901,7.219914587435028,29.761850978007864,23.44836024276807,46.68914933618218,4.684658589003698,180.0,56.33960687845419,1050.5894685552648
2026-01-02 05:15:00,CYCLE_RESISTENCIA_DEGRADADA,188.6164038122092,193.311144792113,197.82392725919925,135.47264827532342,3.028638612407489,9.058662072185477,29.658465251535812,23.94238061126492,45.2520734288891,4.683573621016217,180.0,54.71146458515818,1049.9797388201823
2026-01-02 05:16:00,CYCLE_RESISTENCIA_DEGRADADA,188.8966839998278,194.57219925027906,198.32218096494677,136.7628242617747,2.6911167086731798,7.794369784758258,29.3143945156256,23.526474353614283,45.89330930532051,4.682438023750692,180.0,54.779936135729756,1042.4522768100148
2026-01-02 05:17:00,CYCLE_RESISTENCIA_DEGRADADA,185.54960686764076,191.52958630504185,198.6695122204232,136.51616935334272,3.0680795831400745,8.072808498413446,29.0800192871847,23.343988666530738,46.8353954352909,4.682843263776241,180.0,54.56122403896282,1051.7039397775359
2026-01-02 05:18:00,CYCLE_RESISTENCIA_DEGRADADA,187.2420680994526,193.02952383197908,198.35688862765767,137.3525709007364,2.4843208761138458,7.053983213757165,29.37681196530969,23.44799941861474,43.74513724918529,4.682323589298037,180.0,55.63832142292929,1056.1828479268806
2026-01-02 05:19:00,CYCLE_RESISTENCIA_DEGRADADA,186.99312412816522,191.93522480259443,197.83655787063574,134.46196764303565,3.3140863603284627,7.9689319667653455,29.150605517314517,23.234672411859414,45.610600681297115,4.679745296447897,180.0,54.81345789099157,1049.8257572184405
2026-01-02 05:20:00,CYCLE_RESISTENCIA_DEGRADADA,185.6351550480518,190.82658855025537,196.5646580259558,133.81275236371332,3.01399120996979,8.114241088859096,29.525613827872235,23.756240024370435,47.276279868519836,4.680190154668495,180.0,54.63754292311725,1060.5353035012408
2026-01-02 05:21:00,CYCLE_RESISTENCIA_DEGRADADA,183.9028642759508,191.4215337498415,195.41375486939506,135.63123806495318,2.843732128828871,7.9569189479502525,29.399125669514415,23.30479560972237,46.51233804480376,4.680151893386031,180.0,55.353323293184225,1050.6181422770785
2026-01-02 05:22:00,CYCLE_RESISTENCIA_DEGRADADA,185.06686322319925,190.41354083533318,198.65903468445967,135.85189064907468,2.7496879163114634,7.718459461473813,28.304211556284972,23.524032359605624,45.31803859629699,4.6814985663874324,180.0,54.30920669470171,1051.9098247467846
2026-01-02 05:23:00,CYCLE_RESISTENCIA_DEGRADADA,182.23750128251558,187.10030182642632,194.8387693130657,136.13446969010513,2.9296262911142437,7.526717740736093,28.229415275827666,23.663410384062534,44.897150126863,4.681871688784523,180.0,55.311167424214474,1045.5411492568855
2026-01-02 05:24:00,CYCLE_RESISTENCIA_DEGRADADA,179.70318498097538,186.78489798851288,193.0173499732126,133.47882893108218,3.206477913231724,8.565263309768655,28.403413100745738,23.265955330592725,47.07761730324425,4.680393015188213,180.0,55.888232660129084,1051.808556910822
2026-01-02 05:25:00,CYCLE_RESISTENCIA_DEGRADADA,177.69329191855763,186.01174614238187,190.916072747353,132.5940585652334,3.164321693621268,8.015403567498975,29.28803414210203,23.44597147390205,47.59383404286068,4.678163338547483,180.0,55.27944909762116,1042.4029548973147
2026-01-02 05:26:00,CYCLE_RESISTENCIA_DEGRADADA,180.2507620810305,183.9353138903166,189.2466387265234,133.26556305891944,2.788338615816462,8.770376188258385,27.84548628169343,23.106919363922355,47.311979604706764,4.677443866163145,180.0,55.31339853293981,1052.7500662626585
2026-01-02 05:27:00,CYCLE_RESISTENCIA_DEGRADADA,177.99597640781695,183.486733074702,188.1564746033893,129.74732766732208,2.7461880982117095,7.736758822602538,28.89002224555321,23.775252748276504,48.482381091256116,4.676818758742451,180.0,55.42747559570643,1052.5225471614153
2026-01-02 05:28:00,CYCLE_RESISTENCIA_DEGRADADA,175.82900004878195,181.59313856261696,187.13937910232633,128.46589227291727,3.1970696118958943,7.782602653313892,28.832796552936724,23.446334031012725,49.334914835615905,4.677761917943451,180.0,55.84498765647912,1054.7061182453683
2026-01-02 05:29:00,CYCLE_RESISTENCIA_DEGRADADA,173.62838552428735,181.89161343482584,182.97184215141326,128.01311613321315,2.783295778615491,8.407797122298081,29.232083642641765,23.193297066118568,49.45928586455723,4.677753047011162,180.0,55.592460962090904,1044.8277928686425
2026-01-02 05:30:00,CYCLE_RESISTENCIA_DEGRADADA,171.93802175198294,176.2758582527939,181.76829906834303,126.55450676462479,3.017972932223851,7.188512518998218,28.652907894260576,23.049817439076495,47.83730053578197,4.678886735509261,180.0,55.204421529802154,1049.1832681356866
2026-01-02 05:31:00,CYCLE_RESISTENCIA_DEGRADADA,169.698040631415,176.38492329772367,181.31050949456943,124.92163694578728,3.037126392757283,7.393268319923538,27.777425614444805,23.153960519845405,48.88000162324534,4.677561902453558,180.0,55.43329758278271,1050.4243147490129
2026-01-02 05:32:00,CYCLE_RESISTENCIA_DEGRADADA,168.90446113235447,173.87847527687995,180.76371599969715,126.87022343936395,3.0936186395180214,8.548742485676582,27.947564123007723,23.080952907083418,50.541825602851546,4.678527166837938,180.0,54.534842360282845,1049.560921634773
2026-01-02 05:33:00,CYCLE_RESISTENCIA_DEGRADADA,165.34555540385745,174.16460790238943,178.7025700731413,122.7973813307395,3.2574811290545616,7.414033035388402,27.785117608215046,23.511546951024982,51.370216554380725,4.6792481559913695,180.0,55.36210750418229,1043.948103642002
2026-01-02 05:34:00,CYCLE_RESISTENCIA_DEGRADADA,165.5246206568596,170.02085817582073,179.28877731804837,123.5143594499319,2.6211111189398033,7.090474492348726,28.096724115430444,22.847682472184353,52.36059603836682,4.677229921879938,180.0,54.46702679168402,1037.4536798813258
2026-01-02 05:35:00,CYCLE_RESISTENCIA_DEGRADADA,164.61985337707068,170.96566956080807,174.32833407598952,120.63325152019856,2.4266522024218538,8.934263594036546,28.249583641767497,23.091408513570723,52.120121167877386,4.678552539721199,180.0,54.78183107545882,1048.0165988749563
2026-01-02 05:36:00,CYCLE_RESISTENCIA_DEGRADADA,164.39208737846647,168.4648376250588,173.87994559999166,118.91892556545962,2.8297658156314944,7.303091176062897,27.67100294076693,23.03227133915647,51.924024289140526,4.678645998212965,180.0,53.41929241900077,1045.6207958533075
2026-01-02 05:37:00,CYCLE_RESISTENCIA_DEGRADADA,162.37617096432723,167.10730141086154,175.37661866922764,120.95815464344545,3.5404585223496556,8.092059699164086,29.068983192504042,22.983784029215183,52.346010575392796,4.679038042716834,180.0,55.15621356651361,1043.5610793462329
2026-01-02 05:38:00,CYCLE_RESISTENCIA_DEGRADADA,162.25180887978095,165.12986473770562,172.5907672103888,121.38622163571995,3.6066522300262136,8.034542596362135,27.500255349419106,22.956710836105337,52.47425574291305,4.678173146604405,180.0,54.62818228302861,1048.4754847939673
2026-01-02 05:39:00,CYCLE_RESISTENCIA_DEGRADADA,161.91281244533621,165.3070691315757,172.49828131419514,119.85699456006286,3.5493531406697665,6.594685841690958,28.915200800416834,22.926233576780405,53.93261027113978,4.679448393617327,180.0,55.50000510132475,1044.8269860252099
2026-01-02 05:40:00,CYCLE_RESISTENCIA_DEGRADADA,160.69256000017964,166.29901498074932,173.03396913313304,119.34790508568899,2.942105589671793,7.866341488416095,28.784190194465936,23.094924594978114,51.9894226846892,4.678262541288088,180.0,55.133538008278386,1039.3119093175726
2026-01-02 05:41:00,CYCLE_RESISTENCIA_DEGRADADA,159.25859860610564,164.24216733481813,169.01823541937347,116.63508869811287,2.4653654754045515,8.224206624739555,28.584428871994085,23.012826586081616,54.303897046802284,4.6790946333064625,180.0,55.49419423323329,1036.4400160707992
2026-01-02 05:42:00,CYCLE_RESISTENCIA_DEGRADADA,158.1295878340131,164.45052459524032,169.1600863632353,117.28288399123066,2.2970882695044477,8.17715469075943,27.674027047677104,22.94538963021085,53.60681387651014,4.679915240782371,180.0,54.3837483584376,1039.222264584752
2026-01-02 05:43:00,CYCLE_RESISTENCIA_DEGRADADA,156.51607245185312,165.27609223209637,168.53711374840725,117.32674857132513,2.8157885515351766,8.451760341901752,28.194431849057928,22.22525098887841,53.13371790269251,4.678941073354199,180.0,55.43783616332749,1052.877662864969
2026-01-02 05:44:00,CYCLE_RESISTENCIA_DEGRADADA,158.31936821362066,163.33699454653268,166.26402873214576,116.13643190569691,2.940577910955192,7.806254342547283,27.269695353116116,22.86231799935066,53.028918089164634,4.680924446953622,180.0,55.96436442582511,1045.7594678736994
2026-01-02 05:45:00,CYCLE_RESISTENCIA_DEGRADADA,159.3489923506885,162.25533700732058,168.14602133106098,115.91449334204249,3.3901876203167878,8.35625222104608,28.415116792293656,22.44141461390335,52.60956906036148,4.681155975433839,180.0,55.2860055519821,1043.1808562390927
2026-01-02 05:46:00,CYCLE_RESISTENCIA_DEGRADADA,157.8100260186121,163.55635094001636,169.6490724174192,117.49547359907584,3.2603416378627337,7.655335465959964,27.83559137864121,22.871867986569754,52.96013897109739,4.68180986804411,180.0,55.291288557454976,1041.2531567220587
2026-01-02 05:47:00,CYCLE_RESISTENCIA_DEGRADADA,159.92985587819302,162.5756875442626,169.47724838977248,117.95185950881414,3.068221523697486,7.2947662917936125,27.609016404452596,23.007447629689043,53.52412392371434,4.680282747248774,180.0,54.97279852702142,1040.5390186724348
2026-01-02 05:48:00,CYCLE_RESISTENCIA_DEGRADADA,156.18885682652126,163.01748218498864,169.96893573696155,115.43061302445413,2.7330465687176577,7.3511358121593835,27.122579722840563,22.497132016275604,51.35049152271073,4.682400477251782,180.0,54.61724941941105,1045.7416102891577
2026-01-02 05:49:00,CYCLE_RESISTENCIA_DEGRADADA,157.18124440378045,162.34916414371648,169.3292197642352,116.99094309455916,2.7117661325265328,7.268944772402293,26.398319537389963,22.599747621256203,53.67983531794148,4.681175920311557,180.0,55.251463121200004,1038.650175213346
2026-01-02 05:50:00,CYCLE_RESISTENCIA_DEGRADADA,160.28931479221927,165.98492551895862,169.6964433931866,114.16500243296878,3.0762383061214305,8.504792983945597,27.13333243364725,22.50185357690154,53.819316400864786,4.682200806744324,180.0,54.10880814678735,1042.4555180242687
2026-01-02 05:51:00,CYCLE_RESISTENCIA_DEGRADADA,160.41937908578075,165.25291979854617,172.8531217513325,119.88661899361821,3.209115293651918,7.242713245470721,28.252793243208586,22.838333847710672,53.62828367276807,4.681206035026392,180.0,54.6436548048823,1038.2850001182528
2026-01-02 05:52:00,CYCLE_RESISTENCIA_DEGRADADA,162.65088368847933,166.9103035362935,171.71244563040656,119.86086426007562,3.1175643786736753,8.137019420324652,27.386648210951222,22.579682479427866,52.1037529126602,4.680587046223544,180.0,53.95738740447457,1046.9658627667466
2026-01-02 05:53:00,CYCLE_RESISTENCIA_DEGRADADA,162.15002410403227,166.54642483229034,173.7634666668841,121.0447789247565,2.6896206121180035,7.867037902963784,27.467040789947667,22.875683650918404,52.71029496611489,4.681375800267429,180.0,54.481172321426996,1041.6966152937503
2026-01-02 05:54:00,CYCLE_RESISTENCIA_DEGRADADA,162.33123158639918,169.52047683179836,174.81787887565946,119.93817472045356,3.1952002886376256,7.948675713274684,27.866605587684553,22.582025791875495,51.30539239096639,4.682403352981105,180.0,55.14380963823577,1043.227666643656
2026-01-02 05:55:00,CYCLE_RESISTENCIA_DEGRADADA,164.41730069670723,169.38736919329045,177.68384519026034,122.8836845162703,3.1277732901304236,8.68180364759985,28.441023302649004,22.516943322591473,52.00785476272515,4.681132068731991,180.0,55.06497287037847,1035.4215843642373
2026-01-02 05:56:00,CYCLE_RESISTENCIA_DEGRADADA,164.21737388564097,171.51817878539916,178.4855586813401,124.96717585592957,2.6788000781429466,7.780786316392363,28.134369269248158,22.451199003958756,52.817248351538275,4.682222540901048,180.0,54.82692527615245,1041.5014112669683
2026-01-02 05:57:00,CYCLE_RESISTENCIA_DEGRADADA,166.1521122830788,174.19499543796675,177.22247696536382,124.54759280133304,2.764703708909923,8.305800780774842,26.848045741059412,22.57019133283868,51.53099130768111,4.683267521396181,180.0,54.8755649943426,1035.5241135175997
2026-01-02 05:58:00,CYCLE_RESISTENCIA_DEGRADADA,170.17396515118773,175.59467514704238,178.8594317909105,123.88695978977296,3.20654879236847,8.018781675690557,26.278372344267535,22.028026733152824,50.6912476995992,4.682329567987336,180.0,53.83603276505954,1036.7160861874738
2026-01-02 05:59:00,CYCLE_RESISTENCIA_DEGRADADA,171.58915737383433,176.15765651712033,182.52106451349349,126.36605254097441,2.929647739456233,7.923990547183651,28.549155915058215,22.361544517815698,49.49178448071225,4.683928215580927,180.0,54.58098972130955,1042.313683180415
2026-01-02 06:00:00,CYCLE_RESISTENCIA_DEGRADADA,172.52937627678597,175.61784253243312,183.3082232314887,128.39758736777145,3.4767441904909373,9.149984562193236,28.452120676985235,22.29932379516517,50.81842659257239,4.682471357952679,180.0,54.41460677825816,1031.0960149105229
2026-01-02 06:01:00,CYCLE_RESISTENCIA_DEGRADADA,171.5804367684139,182.8864796232944,184.39827794413227,124.93738421892434,3.150338782819373,7.279329127142315,27.284430856409426,22.427224727615258,46.56728309095011,4.681846585369901,180.0,54.41347112787025,1035.5698612657823
2026-01-02 06:02:00,CYCLE_RESISTENCIA_DEGRADADA,174.75042562573574,182.9284663353268,187.7051146864402,128.9984095901193,2.8540106435432193,8.644565917718722,26.452154105644553,22.21336396595323,47.938669330340595,4.682325587993994,180.0,55.030216108044606,1035.9948350951408
2026-01-02 06:03:00,CYCLE_RESISTENCIA_DEGRADADA,175.21112131285005,183.20480513274856,188.21902076502977,131.83830900918105,2.9969383198827204,8.328203282744987,27.604731421763027,22.011881104544322,48.65327441354009,4.681472021709291,180.0,54.28730715688831,1035.805020194331
2026-01-02 06:04:00,CYCLE_RESISTENCIA_DEGRADADA,179.54278752383334,182.88712575401198,189.51394182882157,132.65988808058566,3.0190150177913155,7.760237502684108,26.981009275226402,22.18978714880377,48.82667609924351,4.68173584079497,180.0,54.402063419707424,1031.4003549822269
2026-01-02 06:05:00,CYCLE_RESISTENCIA_DEGRADADA,178.81346312240896,185.0411902702675,191.7768664148417,132.88637022208042,2.781482906027487,8.814659258720805,26.929984822204517,21.940408193049617,48.18733835463074,4.681976916873773,180.0,53.64742205675766,1041.0233985041339
2026-01-02 06:06:00,CYCLE_RESISTENCIA_DEGRADADA,179.51184292366628,185.82975535149075,191.6988487639087,130.13575063523473,2.726223540546712,7.075944943805732,27.42173913183684,21.740558352931927,47.56469491960937,4.681789842603851,180.0,54.53015856396125,1026.9698801573788
2026-01-02 06:07:00,CYCLE_RESISTENCIA_DEGRADADA,182.0547075952788,189.20624752365984,195.2425113789223,134.6502554581179,3.21041696814285,7.739116671350464,27.072540786795702,22.239649952971934,46.229197683282834,4.682622243142442,180.0,54.11927634185866,1037.4528892843307
2026-01-02 06:08:00,CYCLE_RESISTENCIA_DEGRADADA,182.3450118452426,189.10241737107006,193.51597346277197,132.93437492236626,3.2535819891126287,7.395758897865462,26.209321835743296,22.17863755314728,46.91916807999942,4.682393882349784,180.0,54.68848389378608,1035.9418829847543
2026-01-02 06:09:00,CYCLE_RESISTENCIA_DEGRADADA,185.86580412868497,188.8220800240051,196.22915675124378,136.33635344759244,3.1811344408658875,8.20604173243573,26.621571881417555,22.124833288507098,45.42217329644698,4.682625423418598,180.0,54.15872895482937,1038.1460401034371
2026-01-02 06:10:00,CYCLE_RESISTENCIA_DEGRADADA,184.04269621007492,190.04087689475523,198.00769614668582,135.33068297132556,3.4545954282971403,7.443467949406411,27.099849943940992,22.260585684389163,45.18024342618177,4.683771895296085,180.0,54.67166878533104,1023.6470916051687
2026-01-02 06:11:00,CYCLE_RESISTENCIA_DEGRADADA,183.9422278934519,192.65158981118702,195.3382716885583,133.52304163204204,2.8374680291965193,8.21653197337066,26.969591582846434,21.835578522230833,45.424487030862466,4.684562581506111,180.0,54.53188452033395,1025.9788992653496
2026-01-02 06:12:00,CYCLE_RESISTENCIA_DEGRADADA,183.58450317493384,193.77652755460176,197.13281867196855,132.89784836652603,3.502281229821339,7.906781792089223,26.787284104391063,21.650951932837405,45.209068496149214,4.685348598796925,180.0,55.424794014941064,1034.8729926827496
2026-01-02 06:13:00,CYCLE_RESISTENCIA_DEGRADADA,186.52145356705958,194.08435449970617,199.3129647485523,139.4676536369061,2.729723664433754,7.760323028671958,27.096001391725288,21.891768587963554,43.063291116933726,4.684199419194709,180.0,54.82164478921967,1020.844889273622
2026-01-02 06:14:00,CYCLE_RESISTENCIA_DEGRADADA,186.1137273623763,193.3919897396302,199.5677524814023,137.1144425900911,2.696194330989452,8.194323623016656,26.354834784094518,21.804889144609398,45.41567524968331,4.6847242117702095,180.0,53.637197446896074,1021.37192650303
2026-01-02 06:15:00,CYCLE_RESISTENCIA_DEGRADADA,185.13956125020067,192.25015320700388,198.04656460065343,136.96721620702093,2.472012335355225,7.865689188030968,26.59316336597317,21.674564557822702,45.90195741302536,4.683845712979241,180.0,53.90827144707405,1025.2861988375269
2026-01-02 06:16:00,CYCLE_RESISTENCIA_DEGRADADA,188.18317867157887,188.5688951082219,197.27971116674956,136.76309100676505,2.866261405851955,7.455682578470481,24.649000282841286,21.79571315548261,45.788282854357355,4.682564297999463,180.0,54.55173926682627,1027.4460859055846
2026-01-02 06:17:00,CYCLE_RESISTENCIA_DEGRADADA,187.2952183850031,192.55726952619546,199.05395377396007,136.00811409846463,2.848883298951164,9.400686494817489,26.15814150361699,21.658050979382224,47.25853240344788,4.682492591653177,180.0,54.04235161136491,1032.4827662569346
2026-01-02 06:18:00,CYCLE_RESISTENCIA_DEGRADADA,186.0383281963166,191.77969693895858,198.91185217119966,135.45415564636153,3.157781184076395,7.7564164084854275,26.753825234174162,21.381894656200597,44.28048102614665,4.681588296466526,180.0,53.00595366368515,1024.8056938341829
2026-01-02 06:19:00,CYCLE_RESISTENCIA_DEGRADADA,187.13074697379113,191.3747843038946,195.52246007761698,134.1346549151383,3.073167282486135,6.891195459923993,26.08916722228218,21.629623699657543,44.59649156937481,4.682378914185366,180.0,55.147496356107,1022.5438909433659
2026-01-02 06:20:00,CYCLE_RESISTENCIA_DEGRADADA,185.559829622525,190.54626201540205,194.75368763671807,133.89958992615536,2.642107988694259,7.578950655139305,25.998413671252795,21.45939188274847,44.64765924183148,4.683193449645061,180.0,54.81514462939454,1025.649758335334
2026-01-02 06:21:00,CYCLE_RESISTENCIA_DEGRADADA,182.9062648690153,188.02252468200663,195.6046946202341,135.6044485082772,2.882182128472255,7.366361655813635,25.642321662880008,21.701853887610593,45.426993869379125,4.68129082340863,180.0,54.697555672042306,1025.7072593712644
2026-01-02 06:22:00,CYCLE_RESISTENCIA_DEGRADADA,181.64257693011825,189.28242722962943,195.09266555602352,133.3899708917748,2.8885613936736942,8.413072808020258,26.677376133330277,21.493229075549976,44.78889581614829,4.680462520869053,180.0,54.11516662770801,1025.0158944758073
2026-01-02 06:23:00,CYCLE_RESISTENCIA_DEGRADADA,182.74503740300685,188.24956346999392,192.8594653343731,136.14056970892284,2.4672053259114324,8.160826329795793,26.38479181132087,21.815733381841003,43.83319019871465,4.679002734197135,180.0,54.614154876960626,1021.9585023773027
2026-01-02 06:24:00,CYCLE_RESISTENCIA_DEGRADADA,181.00295129596032,187.07711033915723,192.8044492371506,134.77016597129094,2.705715981895989,8.199356400895173,26.480426371749886,21.883215566015384,44.84445243251139,4.6785401049205415,180.0,54.029353238108875,1014.267128705408
2026-01-02 06:25:00,CYCLE_RESISTENCIA_DEGRADADA,179.39826119491022,186.06499763911228,189.81148266809817,132.55532103926305,2.768755910815773,7.814988767081378,25.077080920152273,21.66742298813807,45.40608661532166,4.678995280590411,180.0,54.464908685472835,1017.8316130162926
2026-01-02 06:26:00,CYCLE_RESISTENCIA_DEGRADADA,176.7638478655728,184.2425970733929,186.7181926510699,129.06699927773823,3.430087505946284,7.860324876471539,25.855532499445996,21.190519812317316,47.0245455613719,4.678752992492233,180.0,53.88286595927271,1026.5954071803787
2026-01-02 06:27:00,CYCLE_RESISTENCIA_DEGRADADA,177.0274192884427,181.54748529365318,187.27247768016485,131.86247863991105,3.0574352147872057,7.814534448196166,25.740969797887164,21.771021424970673,48.48772099956823,4.678163233251565,180.0,55.08171142787879,1021.0725509666238
2026-01-02 06:28:00,CYCLE_RESISTENCIA_DEGRADADA,173.8587357044504,180.42551703516855,186.33158671694034,128.2714339477259,3.19865062618425,7.959403407932265,25.689437509200303,21.7544671877013,47.75206735300095,4.6794634097783785,180.0,53.5185918079788,1018.4419103278868
2026-01-02 06:29:00,CYCLE_RESISTENCIA_DEGRADADA,173.07623367498007,179.05670289864594,184.36508050351551,127.35277397682168,2.5504093508552366,8.417666717682417,25.46078356894213,21.412510609702277,45.826280002793325,4.677158552605782,180.0,54.899729509080665,1023.6102327513801
2026-01-02 06:30:00,CYCLE_RESISTENCIA_DEGRADADA,173.35105539667524,177.49624566638084,181.72896631750356,126.24616578907427,3.3582643449041973,8.168037706252672,25.552006527105757,21.642860514154968,46.13277956199739,4.678395424499301,180.0,54.28265873577912,1014.020553133021
2026-01-02 06:31:00,CYCLE_RESISTENCIA_DEGRADADA,169.23782609855684,176.98452078412978,179.36371324134385,125.1262423791094,3.3903306189072278,8.250056414810434,26.13162855747264,21.237561206665923,46.652134914102966,4.677851136206145,180.0,53.997817577236525,1017.0410550005132
2026-01-02 06:32:00,CYCLE_RESISTENCIA_DEGRADADA,166.57652336932316,174.9958939058649,179.3659657614238,124.63109083890743,2.4004965098566124,8.249779454124601,24.622526031733646,20.94437097423677,48.9170899652546,4.677773027196032,180.0,54.30514108835794,1017.8929414373644
2026-01-02 06:33:00,CYCLE_RESISTENCIA_DEGRADADA,165.6685060037417,175.18730419488978,179.53460842680553,122.91976908930842,2.7884049828252455,8.442221218690868,26.516598850510437,21.135394956100743,46.78115395915126,4.6772456638583115,180.0,54.5671417730838,1014.9739563491752
2026-01-02 06:34:00,CYCLE_RESISTENCIA_DEGRADADA,166.64295820503125,173.86404033128034,178.49019242512782,122.4048828825567,3.148729671904653,8.144075020770128,25.78280194072266,21.603256219266363,45.780522957934075,4.678788551963851,180.0,54.86241017518855,1016.5382405285224
2026-01-02 06:35:00,CYCLE_RESISTENCIA_DEGRADADA,164.3405583335324,169.90048691921817,177.0001899324529,122.99954397117737,3.1933165360614546,8.179424036339459,25.45375887950529,20.929241529340338,47.38369972839734,4.677557573467046,180.0,54.313919573079495,1014.7783669804642
2026-01-02 06:36:00,CYCLE_RESISTENCIA_DEGRADADA,162.54748103939562,163.87172219606884,173.27019237243977,120.79226158460799,2.7964515808538333,8.594403120596578,25.901211080181536,21.197545231868276,49.925703535059704,4.677569309836768,180.0,53.69005482874167,1009.3240210387478
2026-01-02 06:37:00,CYCLE_RESISTENCIA_DEGRADADA,160.85507272598554,168.72730772110273,171.6357846427842,117.97677194866436,2.908350161083904,7.667477040998444,24.608802021419397,21.174779917360574,48.541043104602586,4.6780967484886276,180.0,54.1410176519872,1015.0379189822311
2026-01-02 06:38:00,CYCLE_RESISTENCIA_DEGRADADA,160.92223560417827,165.47202408671322,172.49710920985683,116.6699969004495,2.820785681686457,7.572128710024247,24.970855867171515,21.035797843270146,48.26138096499115,4.6764857457207425,180.0,54.99914520545631,1008.3876450405879
2026-01-02 06:39:00,CYCLE_RESISTENCIA_DEGRADADA,158.31682706999592,164.1581926723629,171.66631387985353,117.89223357477529,3.0331254140838357,7.407039200406572,25.204469600330388,21.020265983249452,49.29363643998756,4.675565847550296,180.0,54.741881290260245,1013.7510549841795
2026-01-02 06:40:00,CYCLE_RESISTENCIA_DEGRADADA,158.83145714194603,163.77429312595623,170.5203999785526,118.58561570755307,3.3591535594385737,8.091457281810127,25.93252711725679,21.094138445135545,46.26043821392341,4.675417669016798,180.0,54.499466710936915,1017.971244745666
2026-01-02 06:41:00,CYCLE_RESISTENCIA_DEGRADADA,156.85838387866005,162.99123521041926,166.9016484428727,118.07235537027674,2.7686873528576386,7.073133879390438,25.139420931179366,20.938119792808553,48.65304156345761,4.674531003982114,180.0,54.41972168641162,1010.7353476336433
2026-01-02 06:42:00,CYCLE_RESISTENCIA_DEGRADADA,156.08006392865025,163.68684497746065,167.70672571782788,113.8935150913096,3.3002461493305244,8.231077048029839,25.347501398469696,20.737154133473407,49.07049855915283,4.673715412210894,180.0,54.34814833773873,1006.5569463552595
2026-01-02 06:43:00,CYCLE_RESISTENCIA_DEGRADADA,155.9699357121436,160.66201222232866,168.29612313228347,115.35842192649893,2.7654983782959337,7.945403452749724,24.750660498063084,21.035740299304532,47.92073312285264,4.673365549547818,180.0,54.55409918419248,1010.1171331663551
2026-01-02 06:44:00,CYCLE_RESISTENCIA_DEGRADADA,156.02284898816893,160.98203606133893,168.66192582218451,115.62347935975572,2.7457118362509347,8.567319849910529,25.26204560840667,21.178734364005784,47.65963802470331,4.674015130879464,180.0,53.7224606690175,1006.678240370652
2026-01-02 06:45:00,CYCLE_RESISTENCIA_DEGRADADA,156.31660226088638,162.59249987037555,168.90698998179343,118.4203184153332,3.245578385502964,7.664041344767504,25.832300502069806,21.109466274818004,46.06514698390658,4.673672413102587,180.0,53.24904162151622,1011.7641039129397
2026-01-02 06:46:00,CYCLE_RESISTENCIA_DEGRADADA,156.72394829714912,162.99799422983622,168.23262567040317,116.0245771151224,3.276580913402285,7.898340857291247,25.423142328043372,20.745263489894704,49.24216905821823,4.674750839297059,180.0,53.93665378706018,1008.1730267236533
2026-01-02 06:47:00,CYCLE_RESISTENCIA_DEGRADADA,152.24500912235177,163.25350600530624,168.69320515854602,114.29765479446054,3.2554229810287962,8.561101666646685,24.807955081973887,20.628796376699384,46.68634548840991,4.6737530815144,180.0,53.46868792247233,1014.9819873527166
2026-01-02 06:48:00,CYCLE_RESISTENCIA_DEGRADADA,156.09226477888262,161.93315898176854,168.7955981348316,117.13026946878801,2.6052607775345575,8.691567823389077,25.15088482165513,20.794212772015324,47.76662212207531,4.672501159253926,180.0,53.32505583619035,1012.1719523965677
2026-01-02 06:49:00,CYCLE_RESISTENCIA_DEGRADADA,157.13825906467287,162.25392983568304,170.0702974411671,116.54342995114655,2.8602147065783847,7.65992381712409,25.04728410564522,21.136798471545802,47.86313375932588,4.674427504659647,180.0,53.46727677917148,1006.2839070116464
2026-01-02 06:50:00,CYCLE_RESISTENCIA_DEGRADADA,160.1110500012356,163.52026784065518,170.32692250928483,115.90104667456984,3.2468965776009964,8.09089061629358,24.95785311950568,20.92473543053762,48.28566884869397,4.673769546531982,180.0,55.044686790267,1009.1341440679515
2026-01-02 06:51:00,CYCLE_RESISTENCIA_DEGRADADA,157.8481302755225,165.25878330361044,170.8766237882132,116.3615427936958,3.0124625521691684,8.147209488842025,25.22084548918925,20.908974581488117,46.02902642252589,4.67245863452491,180.0,53.84447137846384,1004.0735531624595
2026-01-02 06:52:00,CYCLE_RESISTENCIA_DEGRADADA,160.31160359029724,167.72917159598478,171.45490729817323,120.98952003938781,2.6778921461407608,8.186826702810574,25.16433948890872,20.918913386267697,44.8940248023747,4.670716580583138,180.0,53.93150926633279,1005.1564981405996
2026-01-02 06:53:00,CYCLE_RESISTENCIA_DEGRADADA,163.00452901657155,164.58746763523666,172.97584158148555,120.20540103544064,3.1374953817376325,7.868712170342189,24.4708627445312,20.798054478049952,46.114809338397976,4.671791684036947,180.0,53.11328887945598,1002.9485550422568
2026-01-02 06:54:00,CYCLE_RESISTENCIA_DEGRADADA,160.83914242948057,167.98727827933294,174.67111056455576,120.39849466421985,2.7855578223025588,8.640691699061817,24.818611394787187,20.711185134619477,46.268978422447454,4.671450379522287,180.0,52.77627899549673,1006.8332550111576
2026-01-02 06:55:00,CYCLE_RESISTENCIA_DEGRADADA,164.18828543037478,167.95729766136557,175.7184788885318,120.94061543109355,3.5383574545176635,7.055148258189227,24.23356553634343,20.792894391882104,44.62278229470675,4.6711966697872205,180.0,53.26208622561902,1008.8721104814149
2026-01-02 06:56:00,CYCLE_RESISTENCIA_DEGRADADA,164.13577102201222,168.96035115016042,177.2445792052499,122.58533473638003,3.4634524387254775,7.789434882599458,23.90111629465079,20.524780912320725,43.41870585707165,4.6710374680756335,180.0,54.36394092971143,1005.7071320525166
2026-01-02 06:57:00,CYCLE_RESISTENCIA_DEGRADADA,165.94276317203233,173.55676528643681,179.85577719488808,124.27485053445922,3.18122922790667,8.223965366386473,24.188512376110356,20.324918356506267,41.64708164850728,4.672050410960304,180.0,53.784986628980505,1005.5723919498291
2026-01-02 06:58:00,CYCLE_RESISTENCIA_DEGRADADA,167.08520192492645,174.55412657330592,180.07041594943888,124.58234441115316,3.408302011430932,8.228612405974673,24.23673139143911,20.726427014107973,41.558346329612654,4.671870881126328,180.0,53.88992903453814,1004.9486789419443
2026-01-02 06:59:00,CYCLE_RESISTENCIA_DEGRADADA,168.70548627835592,175.97822593482064,180.51529815834505,124.80426409762124,3.0194374050370145,8.676379515307381,23.36302485979538,20.803615862594178,43.14862279212012,4.6742149349051605,180.0,53.93247561422706,1002.8333307363137
2026-01-02 07:00:00,CYCLE_RESISTENCIA_DEGRADADA,174.40196828449066,178.09964389090163,183.91348020263902,128.65884382039448,3.2296312483125047,8.599112696600644,24.617878760603503,20.306890481397613,41.328975162035576,4.674348695479215,180.0,53.2398592160336,995.442855363159
2026-01-02 07:01:00,CYCLE_RESISTENCIA_DEGRADADA,173.70097941203673,177.97425737464562,182.7727697307765,126.65794116699438,3.4433160885906227,7.857229187346388,22.687819927745014,20.669621838839383,40.86834523927584,4.675410480246173,180.0,54.20163992084096,1006.1755790306912
2026-01-02 07:02:00,CYCLE_RESISTENCIA_DEGRADADA,175.54449792247885,179.56908366294206,184.65638881986203,126.46907209567733,3.0736496045382937,8.649935621765302,25.472760576648636,20.816327398441125,40.238001389163564,4.676215720104077,180.0,53.163160183350485,1005.9610981137922
2026-01-02 07:03:00,CYCLE_RESISTENCIA_DEGRADADA,176.31341593543002,184.21528519449282,187.86480987528935,128.89749272053234,2.923443848545715,7.642979128111272,24.7929523010916,20.45490172692274,39.92224389954765,4.676179272783819,180.0,54.15437238080346,997.1798360420588
2026-01-02 07:04:00,CYCLE_RESISTENCIA_DEGRADADA,175.24534204518983,182.74989813835288,189.53839261700043,127.60803586650376,2.488613412546865,8.465443691395919,23.829909700837703,20.267171159824898,39.68509949268022,4.675592301797799,180.0,53.64388660771112,996.0046691153834
2026-01-02 07:05:00,CYCLE_RESISTENCIA_DEGRADADA,179.02978181905613,185.3144725115179,188.81473422883303,133.78662085883943,2.975059942283552,8.905261239210496,23.917893289316797,20.431043760333626,38.95577975933742,4.6759242657263655,180.0,52.49948115054155,999.3094892370848
2026-01-02 07:06:00,CYCLE_RESISTENCIA_DEGRADADA,181.14415828599724,185.74433082792189,191.15732223175928,133.64628436980513,3.2470269553686935,8.607472053427484,24.017684234002413,20.27225330243625,40.29682120535626,4.676434364457573,180.0,52.9910578242486,998.4358201689753
2026-01-02 07:07:00,CYCLE_RESISTENCIA_DEGRADADA,180.03677540027036,184.72652327219333,192.10071164879398,131.4599809111419,3.2836900282702888,8.052885191762062,23.506006739641602,20.235189588626326,40.47824048941599,4.6758617784094465,180.0,52.443444568086946,994.7979238973301
2026-01-02 07:08:00,CYCLE_RESISTENCIA_DEGRADADA,183.31349176602168,185.5886722090296,193.34534267429598,133.45855132407854,3.151309519715523,7.834110614113939,23.857517299265286,20.42160714486868,36.96455025472117,4.676028117275397,180.0,53.88820039301536,989.9792267777107
2026-01-02 07:09:00,CYCLE_RESISTENCIA_DEGRADADA,183.97241746024966,188.32310870165233,196.04088285426317,134.50756726543034,2.837610271511328,7.235704351870357,23.632683748718,19.990922084691462,38.18995595106671,4.677264322253657,180.0,53.26463314415777,995.5763059638882
2026-01-02 07:10:00,CYCLE_RESISTENCIA_DEGRADADA,186.1888199128765,191.12791762725223,196.60262694765302,138.41829983850926,2.406953529315723,8.155269818957102,23.606969876977846,19.999846450679833,36.371796943608956,4.679334269992726,180.0,52.13306902167603,995.934038356643
2026-01-02 07:11:00,CYCLE_RESISTENCIA_DEGRADADA,184.1618647614893,191.50692713960962,196.43580331096268,133.57904442760352,2.8514354705985796,7.44239138601454,23.697532171667326,20.269724911542777,36.63213846599578,4.680188639313076,180.0,53.40515276452873,996.0070555625832
2026-01-02 07:12:00,CYCLE_RESISTENCIA_DEGRADADA,183.89276878709614,192.20811584702926,196.3573902215559,135.797260092355,2.9086965386838144,7.603432668193031,22.878006690675743,20.23891336772039,36.86367698340836,4.682051398999456,180.0,52.91853781754929,993.8771770755586
2026-01-02 07:13:00,CYCLE_RESISTENCIA_DEGRADADA,185.1663462106928,190.32071432034235,195.79045992392778,135.34215661557326,2.906121309842996,7.404627099631664,23.52228182283285,20.289871722384774,36.47663086297652,4.681422024788249,180.0,52.41486104973023,990.7726050604941
2026-01-02 07:14:00,CYCLE_RESISTENCIA_DEGRADADA,187.5526312627863,193.67741136125542,199.35100460176568,139.0616260815587,3.1855669070933774,7.769803833671673,23.534863316515175,20.574272515476913,36.12352418930498,4.6821239070403085,180.0,53.96519620016287,995.2110264442805
2026-01-02 07:15:00,CYCLE_RESISTENCIA_DEGRADADA,183.70206229298856,190.65024420088662,198.43061965256354,136.58173465182676,3.5957029233044517,7.986015292756509,23.466181217056874,20.198481238661635,36.89473337073343,4.68346242654889,180.0,53.14911267959746,990.8773260878498
2026-01-02 07:16:00,CYCLE_RESISTENCIA_DEGRADADA,183.31595863153888,191.96891408856408,196.78103720537635,133.13542670870987,3.037058760552328,8.136807290582853,23.238694169029863,20.275851636671526,36.079837232374736,4.682566093215918,180.0,52.917819567108225,988.1341831395749
2026-01-02 07:17:00,CYCLE_RESISTENCIA_DEGRADADA,185.64370111479008,191.44306786127953,198.23807383541532,136.54677221618812,2.9349804632530616,7.699746682293019,23.881479521355903,19.94004054931662,35.02428038116984,4.682080503103872,180.0,52.83369936451699,988.6523020526421
2026-01-02 07:18:00,CYCLE_RESISTENCIA_DEGRADADA,184.58298507169644,190.82805597673726,196.8750485545145,134.55661175572692,2.9222334560987724,8.534641853197591,23.06707166622991,20.26795908086305,34.94145628012247,4.683818407865708,180.0,52.24546139205054,981.7732449949566
2026-01-02 07:19:00,CYCLE_RESISTENCIA_DEGRADADA,184.54473152458107,192.06792946580694,196.04324834109937,135.67117367848076,3.037315430072314,7.895897371005017,23.313945903871794,19.988615549449246,33.70978105314792,4.682843309009921,180.0,52.31833086471814,987.4115922805383
2026-01-02 07:20:00,CYCLE_RESISTENCIA_DEGRADADA,184.94106307991387,188.8902656863063,196.18836150052758,137.84250930986144,2.7515118718954805,7.60613878336724,23.810518909931254,20.088001059576747,34.632425805383214,4.681502178977265,180.0,53.5813846538999,990.2790446304332
2026-01-02 07:21:00,CYCLE_RESISTENCIA_DEGRADADA,182.27251130747896,187.24932608103455,193.91231235306086,131.43017351721025,3.0360595676238167,8.113146133621719,23.05659985431596,20.03207452106861,37.519317119346674,4.683030160550905,180.0,52.67012448670629,988.2705376047644
2026-01-02 07:22:00,CYCLE_RESISTENCIA_DEGRADADA,179.6839367017746,187.89234465639896,193.39264862359903,132.16505346384878,3.1352437008995397,8.981776416771908,23.156572091472984,20.24087376664126,34.440270550643504,4.684226923775886,180.0,52.886060110684824,992.3816044852854
2026-01-02 07:23:00,CYCLE_RESISTENCIA_DEGRADADA,183.25873999028633,186.2659249235551,192.83182516479098,132.76429315265537,3.0629058190723466,8.16758028326756,22.947976398514765,19.75302869250541,34.102613873771304,4.684659044019869,180.0,51.820644015570785,984.6360928892224
2026-01-02 07:24:00,CYCLE_RESISTENCIA_DEGRADADA,178.37253957525712,189.56597641512803,190.85767887281185,131.20235284281753,3.1372625802014342,7.8185721863131965,23.578213972119986,19.5394348108998,34.84033124169106,4.684613333265223,180.0,52.1513708713629,987.0278594223221
2026-01-02 07:25:00,CYCLE_RESISTENCIA_DEGRADADA,176.96562189891515,184.99572731809548,190.9342724997264,132.71625425089655,3.1301242828045606,7.236269321940648,22.766378358108465,19.934770974645048,34.96713994044506,4.684174808759618,180.0,53.08275742503539,987.6418179990719
2026-01-02 07:26:00,CYCLE_RESISTENCIA_DEGRADADA,178.1460118174668,182.28133952076786,190.96642842547465,131.5406708007905,2.468430995326067,7.890293839513965,23.5016094812692,20.052858124588067,35.1256586552625,4.684456757633427,180.0,52.93396997004758,993.2362387962337
2026-01-02 07:27:00,CYCLE_RESISTENCIA_DEGRADADA,174.87839783477025,180.02699981601873,186.34372485893783,129.39223988216318,3.191061047518621,8.117464062544057,22.74608999391561,19.97162238109043,36.894171092431584,4.686036564590829,180.0,53.588895282677754,983.8395956021169
2026-01-02 07:28:00,CYCLE_RESISTENCIA_DEGRADADA,173.73116911375342,177.50898827152847,183.725281436662,126.21782546303022,2.7986955463012637,7.806209554372215,22.31255075962844,20.16995109949325,36.24260256649305,4.686275130716971,180.0,53.3506121407106,978.4813434678756
2026-01-02 07:29:00,CYCLE_RESISTENCIA_DEGRADADA,172.81986838134907,176.9719032666002,181.7617239055221,126.28489722021685,2.6712482510988127,7.1673076808795,23.04572507308146,19.99365443473058,35.026662423805476,4.688442089984218,180.0,52.53053951862854,985.449267478056
2026-01-02 07:30:00,CYCLE_RESISTENCIA_DEGRADADA,171.95692471672706,176.75974956510711,182.40645211520334,127.33204353948751,2.668664451643501,7.574717305248283,22.496875596667355,19.776410519872993,34.938008905109704,4.687544147998578,180.0,52.84896960593638,988.921889761377
2026-01-02 07:31:00,CYCLE_RESISTENCIA_DEGRADADA,168.67257692169508,176.75426709042068,180.21441815534934,123.36880434684046,3.1300624831417587,8.727269230443879,22.917718803366736,19.407429764685336,34.629579962010105,4.687524467244249,180.0,52.4206277699737,979.5722466012094
2026-01-02 07:32:00,CYCLE_RESISTENCIA_DEGRADADA,169.32995545689195,174.8243314846467,179.70002857904814,125.45516078991936,2.9332275218325443,8.71700050186523,21.17007695017812,19.808720912676822,36.104305632956304,4.687151408576586,180.0,53.57261198807118,983.6323273501106
2026-01-02 07:33:00,CYCLE_RESISTENCIA_DEGRADADA,163.41050538748814,172.22421897692462,178.08426235835938,122.58527125696119,2.495409364804377,7.556680415397701,22.508454316415953,20.045783257469473,35.13244016098089,4.686066267033423,180.0,53.085835013743065,984.5906370061982
2026-01-02 07:34:00,CYCLE_RESISTENCIA_DEGRADADA,165.40344686933398,170.083289468119,174.52661893299683,122.41731722837032,3.143411344557685,8.336378393599711,22.224792726465953,19.746131056792763,33.778272090445185,4.685913183300413,180.0,52.56213588759091,983.1539393365717
2026-01-02 07:35:00,CYCLE_RESISTENCIA_DEGRADADA,162.06935047103917,169.3822953593193,172.86479692721142,119.1330578800549,2.568117560760352,7.410713607614913,21.87134936176861,19.814897352625895,35.40344205761009,4.686330512602074,180.0,52.54330359992295,979.0001571171763
2026-01-02 07:36:00,CYCLE_RESISTENCIA_DEGRADADA,163.3907620457359,167.10815636878183,174.0721273541357,120.86947560937602,3.0419464075554634,8.702158140997476,22.081758855282658,19.87854398477396,34.06484657369392,4.686854742782026,180.0,53.13119351413848,975.1186318060668
2026-01-02 07:37:00,CYCLE_RESISTENCIA_DEGRADADA,165.1334942792138,172.0250776995338,175.1255555062811,121.0281703228189,3.0715496777019164,8.122617923947118,26.14441496615054,19.576600403116174,36.303343444644156,4.689025194960971,180.0,52.6640708729099,977.0044345988376
2026-01-02 07:38:00,CYCLE_RESISTENCIA_DEGRADADA,163.04534121942788,168.62579940030906,173.3418460197993,119.65049810074294,3.2656731245085133,8.474820749308266,26.421146177281237,19.8900436189496,33.49027157883076,4.689489662430694,180.0,53.11896307983791,978.5834666283844
2026-01-02 07:39:00,CYCLE_RESISTENCIA_DEGRADADA,163.66015439600173,167.7611396544797,170.87617278221703,118.91931383195818,3.5345054359400554,7.142453326408731,25.591012560689904,20.078911229084415,34.19422736869525,4.690639799234374,180.0,51.20804790954787,979.8040166582801
2026-01-02 07:40:00,CYCLE_RESISTENCIA_DEGRADADA,163.08144495988213,164.35063203320863,172.5752884585514,120.18383660002296,2.5905971022298377,8.338818550962444,26.562817695852626,19.70336969845627,34.95178139678478,4.690705893480673,180.0,52.500566629447135,976.9315816074482
2026-01-02 07:41:00,CYCLE_RESISTENCIA_DEGRADADA,162.0670910827914,166.06229631953371,172.82309758986977,117.4884199689611,2.9842578431810853,7.996162968157749,27.15460570208187,19.498922188921053,33.85810359909591,4.692383949081125,180.0,51.97717567101492,973.5035205982136
2026-01-02 07:42:00,CYCLE_RESISTENCIA_DEGRADADA,159.49851676801302,166.73793322113062,171.0677311838354,120.16248007953826,2.917099411486735,8.425964535395421,26.465439931908403,19.69857686304331,33.49137398498957,4.694782398366713,180.0,53.07788484309357,976.6747611306947
2026-01-02 07:43:00,CYCLE_RESISTENCIA_DEGRADADA,159.74696544064642,164.04651889654667,169.31081732031484,114.29349978144543,3.1301249057882887,8.457433899048924,26.744468768048094,19.25454355986355,34.407486570237715,4.6953134834976895,180.0,52.93756225119699,977.3264743086316
2026-01-02 07:44:00,CYCLE_RESISTENCIA_DEGRADADA,160.07728416493018,164.18130716808452,170.13563416816126,116.55897325261988,3.0647006312800857,8.032892344737375,26.87819675602857,19.754687635709175,35.23595328249654,4.694320824482237,180.0,52.14531436237601,974.8403294745624
2026-01-02 07:45:00,CYCLE_RESISTENCIA_DEGRADADA,159.95048841681992,165.9512532212804,168.36066310287958,116.44953436295941,2.8942361271790142,7.6995851804520425,26.92593170835232,19.766013660809087,33.929711550258475,4.693772019459461,180.0,52.86111417709265,969.4158215574739
2026-01-02 07:46:00,CYCLE_RESISTENCIA_DEGRADADA,160.9818661400019,163.31018290125422,171.35172442608243,119.00926230897456,2.8677293434167432,8.389848091089748,27.268899075213337,19.999304902627582,34.82799964139765,4.6940539537626655,180.0,52.9491290530218,971.4766137539395
2026-01-02 07:47:00,CYCLE_RESISTENCIA_DEGRADADA,157.90990450998498,166.5971471980432,170.42599919042834,119.78504402284541,2.665064743444786,7.969922750297436,25.81027574155823,19.61436639735199,31.51020909980076,4.694510451797917,180.0,52.058921313606795,975.4382372135067
2026-01-02 07:48:00,CYCLE_RESISTENCIA_DEGRADADA,161.1353447210369,165.09557958736497,168.61236396146882,114.11966465462572,3.296358474721953,7.563607523236179,25.64189491249647,19.724220727897134,32.86903476167763,4.695208876932301,180.0,53.22170633938983,965.5627083189191
2026-01-02 07:49:00,CYCLE_RESISTENCIA_DEGRADADA,160.94884051003694,165.8305362707715,170.9360089028285,117.39558978047666,3.1377612544798588,7.539923884271158,26.50646437453428,19.45999661703596,32.33838862390484,4.695669074613531,180.0,51.93396786260608,962.173062693527
2026-01-02 07:50:00,CYCLE_RESISTENCIA_DEGRADADA,161.00341820357266,165.66096485708272,172.5655807555145,115.87133191436997,3.2753304593385413,7.261417791843809,26.42495973179444,19.5510732851571,32.31269974646082,4.695676059529787,180.0,51.806156686657495,976.032331400576
2026-01-02 07:51:00,CYCLE_RESISTENCIA_DEGRADADA,161.97376095105227,168.31840059688923,172.46508793920515,119.19929547008604,2.906881159057346,7.744854420218468,26.42923951676793,19.307801550800953,32.67096934063352,4.695039861088585,180.0,52.31001415041859,971.5031760750653
2026-01-02 07:52:00,CYCLE_RESISTENCIA_DEGRADADA,163.59538242041754,171.80467399987435,173.5217527521109,120.38379675347367,2.802949359391671,8.551346023037189,27.06146143505763,19.564737603199916,30.29298201204299,4.695440999349849,180.0,51.663727397852234,971.3452994476926
2026-01-02 07:53:00,CYCLE_RESISTENCIA_DEGRADADA,160.64173877926572,170.9008375919699,173.49375825616042,121.90402147103497,2.676505480011232,8.088914899852718,25.898998763292386,19.533868990331072,30.00583774438995,4.69729598670733,180.0,51.84672402033566,964.0753843756912
2026-01-02 07:54:00,CYCLE_RESISTENCIA_DEGRADADA,165.34167373066296,170.1460789012842,176.86307040011081,122.25689192100057,3.107675275122198,7.73511614703848,26.112386755871725,19.646385856134593,30.81943486797594,4.698315915312757,180.0,52.47209143092174,970.8005045551263
2026-01-02 07:55:00,CYCLE_RESISTENCIA_DEGRADADA,166.4490222104245,173.8627447025898,176.72183695997705,123.73040135371463,2.6880620326415294,8.40242796909004,25.23321090904981,19.453822721111898,27.713919588902332,4.698850619262394,180.0,51.7401947114961,968.4226526493719
2026-01-02 07:56:00,CYCLE_RESISTENCIA_DEGRADADA,169.5382902050501,173.51893489874183,176.3112159014569,123.2776678988674,3.554598920689965,7.5837616891383055,27.067626477412198,19.587589737908335,29.070638172076098,4.699880186186216,180.0,50.846180704738806,960.4591967340058
2026-01-02 07:57:00,CYCLE_RESISTENCIA_DEGRADADA,169.3981130653631,177.0141270620888,179.91923623957126,123.71242459606093,2.6077072256719678,8.04767513716639,25.549739535866014,19.497006806912022,28.435054349007828,4.699509122157315,180.0,51.84034913623746,971.9721309859675
2026-01-02 07:58:00,CYCLE_RESISTENCIA_DEGRADADA,171.623188077529,177.8493363203308,183.058704296418,124.31232445447121,3.0820980357637504,7.910184813637242,25.532216172365775,19.490529813419617,27.301109444396484,4.699000857011232,180.0,51.27144030146455,966.391919233409
2026-01-02 07:59:00,CYCLE_RESISTENCIA_DEGRADADA,175.28280500417873,174.9003031724191,182.96775771506523,127.3371909413504,3.4700564121641357,8.389565312794176,25.474825376024338,19.56643483423199,29.466495367934833,4.6982530719068665,180.0,52.0150204145552,963.6587937951223
2026-01-02 08:00:00,CYCLE_RESISTENCIA_DEGRADADA,176.19322182377852,178.79510444045397,187.08558198214823,127.08790033803027,3.179726927779143,7.211385814540249,27.613062484813398,22.008104588463404,27.822812741402853,4.698127785284097,180.0,50.348094857913125,998.4880410160591
2026-01-02 08:01:00,CYCLE_RESISTENCIA_DEGRADADA,172.5710364651218,177.51848395924833,181.7968941367603,127.81675785399091,3.031693710386189,7.6337246565044365,27.37746382111158,22.000974303608647,29.203608412372514,4.6977057793873875,178.8235294117647,50.39956572030175,996.9811291849932
2026-01-02 08:02:00,CYCLE_RESISTENCIA_DEGRADADA,167.4491780253383,173.02696095395103,178.04742930765917,122.80036966995806,2.6674380991887423,7.298524229276262,27.316029531106622,21.67335038477067,30.573931710489653,4.69891405412804,177.64705882352942,49.781497242833325,1012.4573800119708
2026-01-02 08:03:00,CYCLE_RESISTENCIA_DEGRADADA,165.33228840548895,168.14920784715935,173.92070237937503,122.24899568674674,2.5224440333456553,8.046672227330658,26.625900594429936,21.47624141757036,32.66288274287666,4.6984387307103574,176.47058823529412,49.5367187804845,1016.173479249151
2026-01-02 08:04:00,CYCLE_RESISTENCIA_DEGRADADA,161.10104558886306,165.2216376039614,170.50022364638346,117.21995819264176,3.1469814192298973,8.841007869463272,26.78931344952273,21.35879649417583,32.045073277056325,4.697636008994133,175.2941176470588,48.32091380480509,1019.3917466975585
2026-01-02 08:05:00,CYCLE_RESISTENCIA_DEGRADADA,157.91550104859476,160.36870448590628,166.84545559647657,115.85560191495281,3.3468021554257614,8.04139404223206,28.245008118969412,21.100764655623397,34.069915399753036,4.699578586172963,174.11764705882354,48.721320979037685,1030.3240248634202
2026-01-02 08:06:00,CYCLE_RESISTENCIA_DEGRADADA,155.47813958340743,159.29295373880288,163.4487629262585,113.53256383295532,2.7422945826884813,8.097599207372763,27.33214938870583,21.02045475607658,34.30469481041593,4.699127210941882,172.94117647058823,48.96741892199107,1024.7166647643528
2026-01-02 08:07:00,CYCLE_RESISTENCIA_DEGRADADA,151.17107000989657,158.86179869457743,161.1675203251959,111.25023050332585,2.511222724185683,8.847626917974422,27.261424858977808,21.347408213202883,34.0916056511515,4.699280739399132,171.76470588235293,47.30273386921103,1032.9070277415883
2026-01-02 08:08:00,CYCLE_RESISTENCIA_DEGRADADA,150.64390693746677,154.0506319054668,156.19412298529238,107.85436441243594,2.0944819439445386,9.004863014521767,27.22733367581149,20.60738021424738,34.00353064188025,4.699732062223876,170.58823529411765,48.21079351561145,1036.93610143474
2026-01-02 08:09:00,CYCLE_RESISTENCIA_DEGRADADA,145.687566300785,152.65336846063062,152.87894105563743,106.52523655342412,2.5166949166491377,8.485126231071487,27.436615192398946,20.582924195409014,34.20365178452842,4.698595369104955,169.41176470588235,46.70011487036572,1044.262971341418
2026-01-02 08:10:00,CYCLE_RESISTENCIA_DEGRADADA,143.71046253473628,148.08698809372584,149.7399592556806,102.52430207560997,2.7558189136368423,8.930592721142594,25.088406973335374,20.409897225329253,36.8730409445118,4.699830852874458,168.23529411764707,46.21266983965988,1050.690048168256
2026-01-02 08:11:00,CYCLE_RESISTENCIA_DEGRADADA,141.86388232044374,145.32611690633382,150.5239071004988,102.25357825990233,3.24864453527623,8.108581553090438,25.228456685449924,20.28670013133263,37.04355807997498,4.700467971914869,167.05882352941177,46.45062123008078,1057.182238969195
2026-01-02 08:12:00,CYCLE_RESISTENCIA_DEGRADADA,138.56266509380123,143.58757890496207,145.74909987702975,102.8106450364268,2.949839267333756,9.394869519903883,25.299278408505206,20.118626087804152,39.14416966994497,4.7020263559267494,165.88235294117646,46.32434176268625,1059.1163078682516
2026-01-02 08:13:00,CYCLE_RESISTENCIA_DEGRADADA,132.89907133068468,138.85620821385874,142.58260099339898,99.4460432293103,2.818416377714547,9.839059029321469,25.31480077756843,20.08946146562235,40.20288087904607,4.701347133989532,164.7058823529412,46.08612716282647,1062.0367955467755
2026-01-02 08:14:00,CYCLE_RESISTENCIA_DEGRADADA,132.44513081991133,135.42167046164337,138.11241314465167,95.92743426544848,2.5858464545508375,9.084137307359068,25.231423071531204,19.54031792089811,40.27748485796903,4.701446259782008,163.52941176470588,44.81323643667223,1077.3322630931993
2026-01-02 08:15:00,CYCLE_RESISTENCIA_DEGRADADA,130.3088257201375,134.18522961146437,137.35212949706093,97.58770865521981,2.509924234403045,7.840187130505071,24.958704224618895,19.938526731481193,39.878010395509634,4.701485615537002,162.35294117647058,45.17525324190445,1085.2768128679947
2026-01-02 08:16:00,CYCLE_RESISTENCIA_DEGRADADA,127.78899135981905,132.04602057064136,133.74418322322003,92.32600119865661,3.0855598254708765,8.662061339389343,25.173602154601923,19.70634849270155,42.312969323576745,4.701749504031352,161.1764705882353,44.27907145375404,1081.2454155950911
2026-01-02 08:17:00,CYCLE_RESISTENCIA_DEGRADADA,122.86656665687269,127.13535287626505,131.47710316658726,92.72644657013736,2.7030787050846596,9.30641266083466,24.878320091589988,19.179997111358805,42.1557162534291,4.700294889282775,160.0,43.541253157678995,1082.6871642462022
2026-01-02 08:18:00,CYCLE_RESISTENCIA_DEGRADADA,120.94972218061005,124.30872796017765,127.43911287390429,88.4973315351276,1.9910685319194918,8.848082030828584,24.238568030456076,18.823495469779267,43.365787280269096,4.700405725661467,158.8235294117647,43.48521167416638,1096.6581190451775
2026-01-02 08:19:00,CYCLE_RESISTENCIA_DEGRADADA,120.51808800013573,122.85683972150224,126.24812947682565,85.97705828715989,2.398778441765281,9.753746335948577,23.18206569179065,18.930635990939788,43.803826032506635,4.698979261750043,157.64705882352942,43.237995195173355,1090.0112909024174
2026-01-02 08:20:00,CYCLE_RESISTENCIA_DEGRADADA,116.04672138558885,121.25483562172825,123.0446398865647,87.85362043310519,2.3223671232416208,9.470549220453226,23.70679978517614,18.926256623680963,45.34408567233244,4.69933759582124,156.47058823529412,43.538108504545995,1099.5012428356345
2026-01-02 08:21:00,CYCLE_RESISTENCIA_DEGRADADA,114.28615035137119,118.83173750990171,120.18353749521107,84.72993444500791,2.394944326658525,8.882056367264159,23.788103866835982,19.33958779150286,47.54944536267872,4.697208946696722,155.2941176470588,43.517283302122564,1103.0978847357915
2026-01-02 08:22:00,CYCLE_RESISTENCIA_DEGRADADA,114.26951962395572,113.83115084325948,119.58276287738454,82.7294159796405,2.7066883241359454,9.31025005244445,23.784525447159066,18.78092030055788,47.898296237318945,4.695357359862431,154.11764705882354,41.86843870186909,1106.2862275460973
2026-01-02 08:23:00,CYCLE_RESISTENCIA_DEGRADADA,110.10053971536298,115.54832239403915,114.50564204106558,80.58394096919145,2.484573258150801,8.906024566151043,23.070098684077543,18.159490473525054,47.396358127953846,4.696175908578871,152.94117647058823,42.44488810012923,1114.8462896229346
2026-01-02 08:24:00,CYCLE_RESISTENCIA_DEGRADADA,107.11098331993051,110.24636766861806,114.72615039963442,78.56047506679165,2.4727386972266325,9.320472266676132,23.26854133018618,18.231816798179473,47.95307308189204,4.695629070123677,151.76470588235293,41.344424016358246,1117.5517150446487
2026-01-02 08:25:00,CYCLE_RESISTENCIA_DEGRADADA,104.80002428093097,108.50521371566833,112.6148016749664,78.90186811596048,2.8688318643639574,9.193291615077841,22.699558827412847,18.207844907703386,50.81933176208358,4.694641212050044,150.58823529411765,41.911181359969184,1126.1010380246619
2026-01-02 08:26:00,CYCLE_RESISTENCIA_DEGRADADA,104.16639599315623,105.59283663671766,108.5293385290906,71.72947774204734,2.2448431856690356,10.116792664822402,23.11778569999537,18.117963601615923,50.584087009236484,4.69591205767112,149.41176470588235,40.9491389111788,1131.2011456454798
2026-01-02 08:27:00,CYCLE_RESISTENCIA_DEGRADADA,100.12433231190484,107.8110186488566,106.43754401602776,72.02959705505911,2.9920329670099024,10.646241322533145,22.36454856432697,17.653016614492536,51.270292005804755,4.696239683888448,148.23529411764707,40.398705238887516,1133.6491268874247
2026-01-02 08:28:00,CYCLE_RESISTENCIA_DEGRADADA,99.42640656501004,102.80387025488156,105.03593036186653,74.15261230020855,2.210372428471027,8.931464656911535,22.31418661794243,17.73770783675753,52.457983090684415,4.697111774083982,147.05882352941177,40.98806755179143,1139.69441716186
2026-01-02 08:29:00,CYCLE_RESISTENCIA_DEGRADADA,98.163440360788,99.47504201360091,103.56730395459229,71.31204992181559,2.41751576150478,8.7442742098363,21.853444983591388,17.469917550629155,54.90422679487358,4.696945532011661,145.88235294117646,39.958639537613585,1145.2950915233432
2026-01-02 08:30:00,CYCLE_RESISTENCIA_DEGRADADA,97.40330112651384,99.55733674440653,101.01350963686947,70.47923891158841,2.2853868205388337,9.642119671427249,22.36168109526317,17.241433161429118,54.252670684374,4.699625160705561,144.70588235294116,39.75798441087827,1154.4998884461584
2026-01-02 08:31:00,CYCLE_RESISTENCIA_DEGRADADA,94.76570725266652,97.5087400186216,99.72717956290683,67.04462635432559,2.385765235848608,9.064321562350365,21.74903890105377,17.362843499087692,55.27978787274269,4.6990206468450015,143.52941176470588,38.469837388994925,1155.7088034041467
2026-01-02 08:32:00,CYCLE_RESISTENCIA_DEGRADADA,91.26685436104279,94.46554566948849,99.3734792759922,71.1172422495053,2.461108690958913,9.905458743011929,22.628104173450634,17.31443930023478,57.045937506459225,4.700765142394362,142.35294117647058,39.71697315970333,1164.6433447782704
2026-01-02 08:33:00,CYCLE_RESISTENCIA_DEGRADADA,91.73487432409212,93.8436570882104,94.73982679974539,67.6529303540503,2.436873261102293,10.315644527491198,22.142669823881285,17.17661161673686,59.216162543510706,4.700703776354262,141.1764705882353,39.31801728579463,1168.7298065560674
2026-01-02 08:34:00,CYCLE_RESISTENCIA_DEGRADADA,88.19556486873208,90.02695399916905,91.42140982569904,63.21008230688129,2.0597790865281116,10.747070948633413,21.67237459337553,16.972020127369632,59.476743037342374,4.699049265959348,140.0,38.574157493569224,1173.7146942161744
2026-01-02 08:35:00,CYCLE_RESISTENCIA_DEGRADADA,85.34275775962077,88.64565319759734,92.6398171686296,63.14626932139441,1.92783147911867,10.159520808769406,21.050920466299612,16.606408446313125,59.28579750990756,4.699532114705097,138.8235294117647,37.471503646969175,1182.021972116678
2026-01-02 08:36:00,CYCLE_RESISTENCIA_DEGRADADA,84.92542630199989,85.08144871134427,91.87551895164165,64.81475591083243,2.9946490162633097,10.021069446398739,21.57284999831583,16.6975318010322,60.83074968573262,4.699846877266552,137.64705882352942,38.50384425303293,1177.035041523033
2026-01-02 08:37:00,CYCLE_RESISTENCIA_DEGRADADA,85.19887444579555,84.1974670274143,88.57066728819619,64.46740385063063,2.0774937737500863,9.187278129948751,21.5740843991554,16.46517223215867,60.95803902152678,4.698795555452313,136.47058823529412,37.22989351690364,1184.6618894235112
2026-01-02 08:38:00,CYCLE_RESISTENCIA_DEGRADADA,82.04675586678047,86.28306985990822,85.07405956907985,60.52838652672802,2.4114444038705036,10.248386692239958,21.060402963287366,16.278889216926537,60.27563755460432,4.697873336175178,135.2941176470588,37.00021403125223,1198.6498338566605
2026-01-02 08:39:00,CYCLE_RESISTENCIA_DEGRADADA,80.27238622856652,84.44581089504295,84.54616225629933,61.79895117634451,1.6983798757506037,10.329761277333553,21.752137079666714,15.978501711794094,61.620606798027964,4.697848638532093,134.11764705882354,38.04677833070077,1195.609389459828
2026-01-02 08:40:00,CYCLE_RESISTENCIA_DEGRADADA,80.66371132210138,80.9509947693721,81.70281125247479,55.65257589358347,2.0757800495748153,10.67241958357696,20.88082440765161,15.850204606464468,62.88523083559596,4.698198386347341,132.94117647058823,36.202803626684876,1190.420177509284
2026-01-02 08:41:00,CYCLE_RESISTENCIA_DEGRADADA,75.45525769040243,81.2965899507471,82.2006875141264,55.29958654058171,2.100495646990141,10.057520655117807,20.96833239776771,15.813096714956004,64.58683740484365,4.695727723064461,131.76470588235293,36.58959237617123,1205.910815703039
2026-01-02 08:42:00,CYCLE_RESISTENCIA_DEGRADADA,74.13545710393714,77.57039675526305,78.22524775434744,52.36079315340164,2.259491579801879,10.253061935176188,20.315433366968644,16.135033716926515,64.45641577471646,4.696780844516986,130.58823529411765,36.16339907221778,1212.304464003006
2026-01-02 08:43:00,CYCLE_RESISTENCIA_DEGRADADA,72.27527041707121,75.96352998988432,77.9368039795064,54.369173725763424,1.2799024131646028,9.79041063705379,20.45581884002141,15.55604681534601,67.78297720199063,4.696286346543171,129.41176470588235,35.741304583834996,1206.338270219351
2026-01-02 08:44:00,CYCLE_RESISTENCIA_DEGRADADA,73.22775636309342,74.84763958920024,75.57386969121313,52.81319710933779,2.125472436024339,9.442588890675614,19.38747747888589,15.222300114675994,67.96793032836617,4.694954599058772,128.23529411764707,35.3510843048907,1227.1844820553501
2026-01-02 08:45:00,CYCLE_RESISTENCIA_DEGRADADA,71.57622257314705,73.18455303960461,75.44467670953884,52.003078891010446,1.7096994121291278,10.092810278131019,19.40563325097989,15.02679942193048,68.19381429710079,4.695895665610224,127.05882352941177,35.06214386077653,1224.0359064470586
2026-01-02 08:46:00,CYCLE_RESISTENCIA_DEGRADADA,71.85251720568468,71.66065584105829,73.39693928114674,52.36008212766836,2.1309171587366285,9.920719445814669,19.70541645141716,14.943663484191449,69.09279764684564,4.695872047630806,125.88235294117646,34.67378542152069,1233.2470255699939
2026-01-02 08:47:00,CYCLE_RESISTENCIA_DEGRADADA,68.9465599695041,71.90458754778446,72.6227442853703,52.132986260201285,1.7017062829653578,10.933062030063248,19.516184058682327,15.326214992030822,68.8467717936852,4.6970882134075875,124.70588235294117,34.175721492880875,1236.0708637345901
2026-01-02 08:48:00,CYCLE_RESISTENCIA_DEGRADADA,66.85032657649035,69.35487515847015,71.04093024553956,46.81156700759005,1.734951829877788,10.564462383431279,19.430617513934017,14.659644469130136,70.96399545357664,4.697526165670568,123.52941176470588,34.62118778054277,1236.863401045873
2026-01-02 08:49:00,CYCLE_RESISTENCIA_DEGRADADA,66.04559074940704,68.6998878670809,68.46239176429842,46.665696040923514,1.888499952176137,10.613234376139076,19.601412205955473,14.769609401039705,72.41312181055261,4.69752465116762,122.35294117647058,32.87308148430625,1242.77679099087
2026-01-02 08:50:00,CYCLE_RESISTENCIA_DEGRADADA,64.91944325002294,67.78018138549682,69.0591076386931,48.950641079969245,1.6338809910518144,10.448969947500629,17.901319817919152,14.361789140821696,71.35019292730443,4.69737192122264,121.17647058823529,33.70400636293206,1248.3605089904243
2026-01-02 08:51:00,CYCLE_RESISTENCIA_DEGRADADA,61.53292480734457,65.73281505300892,66.93642707889637,45.343365588706824,1.7859110945508219,9.383717283743783,17.986757042862394,14.337951193970213,71.66352969783235,4.697854633983195,120.0,33.26831400648663,1261.4855447795917
2026-01-02 08:52:00,CYCLE_RESISTENCIA_DEGRADADA,65.57782898997748,62.853432551219434,64.52385045840394,44.12748298608156,1.5495502946470894,11.81297890378554,18.52429820649329,14.29280283631435,75.36807177355075,4.697441102724386,118.8235294117647,32.870207964026044,1261.5947211971793
2026-01-02 08:53:00,CYCLE_RESISTENCIA_DEGRADADA,61.76069085556438,61.17084159881647,67.1408275647515,47.71936493042358,1.3366034863391212,10.617511797435135,17.76706249318683,13.86881270734894,76.02842709121134,4.69658853013564,117.64705882352942,32.7433636633999,1265.1394286900954
2026-01-02 08:54:00,CYCLE_RESISTENCIA_DEGRADADA,60.22477625843331,61.774565387366714,63.79100716245024,42.184520273526665,2.1709333342162025,10.97026055331034,20.043467667462693,13.703710442278691,74.76134010095723,4.697198439258295,116.47058823529412,31.80243979816412,1268.530471912664
2026-01-02 08:55:00,CYCLE_RESISTENCIA_DEGRADADA,59.570884501756616,60.21697436311234,61.828363473103046,42.48886287378351,1.4557232072788717,10.507848035002402,18.141364544611324,14.01244620779863,76.14871551461621,4.69705395141685,115.29411764705883,30.578118004103366,1282.0955252558524
2026-01-02 08:56:00,CYCLE_RESISTENCIA_DEGRADADA,58.56740826232932,59.378000919902526,62.52839275681355,43.66869329430407,1.7699251454823108,11.780082818779139,17.60006031417132,13.726330343685042,76.75367161479933,4.697087519064919,114.11764705882352,31.14032425837805,1288.2097462665652
2026-01-02 08:57:00,CYCLE_RESISTENCIA_DEGRADADA,56.453899560144414,58.12821273920432,61.882570161121855,41.64276865177351,2.0283883328514967,11.424655644989251,17.152903310099266,13.536285724242347,77.78326137989482,4.698176898901074,112.94117647058823,30.344739025641502,1292.13393357802
2026-01-02 08:58:00,CYCLE_RESISTENCIA_DEGRADADA,54.794069679672866,60.145320881804984,58.36408662927183,41.494091582070205,1.5970293742872037,10.998582063249419,16.98921355445392,13.384346014927106,77.79918586234577,4.698063022293338,111.76470588235294,30.138272075743235,1294.4067241465325
2026-01-02 08:59:00,CYCLE_RESISTENCIA_DEGRADADA,55.22197694785159,54.36904589923395,57.844875671463285,39.24466269868649,1.512954431757011,11.274473429622105,17.110521371579022,13.167545349763053,80.55865875590911,4.69807805621888,110.58823529411764,29.54685738997455,1298.6383117641215
2026-01-02 09:00:00,CYCLE_RESISTENCIA_DEGRADADA,53.93819271654641,52.519928168424265,55.15478429490704,40.538789509849714,1.807367224919554,12.368501725768317,16.97475218478284,13.327924910534174,81.34057541520968,4.697478406707429,109.41176470588235,29.593260343887323,1297.6572571314578
2026-01-02 09:01:00,CYCLE_RESISTENCIA_DEGRADADA,51.497355783876024,54.27106456756083,55.09856953096967,37.840197163371066,2.0538675417761287,11.551750578177007,16.44866958881414,12.781890904072911,80.92870949337338,4.69790914664141,108.23529411764706,29.197486472336006,1306.5797487032398
2026-01-02 09:02:00,CYCLE_RESISTENCIA_DEGRADADA,53.186694744528516,52.406206848179416,53.99310075197086,38.681114830321285,1.346684412070698,11.556192054721459,16.373923778138476,12.737301212935984,82.63588143697505,4.698258974554091,107.05882352941177,27.970878950582666,1309.8696012034209
2026-01-02 09:03:00,CYCLE_RESISTENCIA_DEGRADADA,50.87081878156827,52.24380952530255,53.432052265618516,38.13728749279965,1.6314262386300622,11.235191609871546,17.159511921611344,12.180405649575315,83.51102400357766,4.699159749685881,105.88235294117646,29.17364036740585,1310.3450103875905
2026-01-02 09:04:00,CYCLE_RESISTENCIA_DEGRADADA,50.44942124266399,51.59228332526227,52.60892196346452,35.56101026218897,1.1357138063837513,10.817415307116791,16.998770204481374,12.154335593774189,83.71014125107175,4.698580620848874,104.70588235294117,29.59755588698563,1326.9172493069136
2026-01-02 09:05:00,CYCLE_RESISTENCIA_DEGRADADA,50.318271846182874,51.47970411578392,51.901384320765175,33.01327233036445,1.516493480407948,11.743510074975035,16.13441366527185,11.927903426923748,85.64228073459401,4.698122803879285,103.52941176470588,28.454379100949826,1324.9477726514058
2026-01-02 09:06:00,CYCLE_RESISTENCIA_DEGRADADA,47.76764746089358,47.19690787005879,50.5549480211032,35.511502162736555,1.623706783512683,12.04509549733878,14.993563491389049,12.271619439392305,87.23752580066852,4.69891494127843,102.35294117647058,27.71366407215305,1337.5568768734388
2026-01-02 09:07:00,CYCLE_RESISTENCIA_DEGRADADA,47.23382920221218,47.42355829073345,47.87686159053786,33.52578077581495,1.3360495822633962,12.49096870275207,15.936547272134685,11.355038188083245,85.45553380978242,4.699167154281793,101.17647058823529,27.451618398800544,1341.34211165346
2026-01-02 09:08:00,CYCLE_RESISTENCIA_DEGRADADA,46.955931837546885,47.7110180351747,47.28294937080673,33.88275097093843,1.4343310212810019,10.875751732750173,16.361140893538042,11.633823709735172,87.85813435624716,4.6982609361556,100.0,26.932364208850554,1345.0840147636766
2026-01-02 09:09:00,CYCLE_RESISTENCIA_DEGRADADA,44.26240720861726,47.244400919479276,46.8517595567755,32.06803762894486,1.1279521375749917,11.49627536590025,16.06556614016902,10.964283889551911,88.55644061111524,4.699567490223334,98.82352941176471,26.851743481009105,1350.3506959509182
2026-01-02 09:10:00,CYCLE_RESISTENCIA_DEGRADADA,44.36300320588208,48.093398960399405,46.28568907933193,31.465937926313803,1.5525353481203303,11.827276513545304,15.499479041097565,11.245507126785975,87.5528461061858,4.697869039654934,97.6470588235294,26.452084188257498,1350.4799209422933
2026-01-02 09:11:00,CYCLE_RESISTENCIA_DEGRADADA,43.63189752383038,45.767221312787086,47.02044302361844,35.41873780803725,1.8251116360094828,12.174730163948693,15.727403353003425,11.1623144117343,87.93425501142889,4.698653324408197,96.47058823529412,25.713929566313457,1365.4145938824736
2026-01-02 09:12:00,CYCLE_RESISTENCIA_DEGRADADA,41.53390970432375,43.728684452022435,43.51695478360462,27.955880494364937,1.158251797052054,12.162777271882847,14.721106193739514,11.386217916237802,90.76894498360505,4.6973881123722,95.29411764705883,26.639763522205005,1363.1977118078457
2026-01-02 09:13:00,CYCLE_RESISTENCIA_DEGRADADA,44.67878033586033,41.92174180075527,43.65401516131642,31.81245110664944,1.2795850246561338,12.233273304215187,14.881063462572492,11.037308781121602,91.99437802495724,4.699273900888685,94.11764705882352,24.71860775609469,1369.274953631231
2026-01-02 09:14:00,CYCLE_RESISTENCIA_DEGRADADA,39.441455656236016,41.523180451051324,44.414060158058234,29.482048648092345,1.5961420251967586,12.55698920575556,13.910862391297329,10.640094384409839,91.4807910803242,4.69772930116178,92.94117647058823,25.48521619176519,1370.5129383632125
2026-01-02 09:15:00,CYCLE_RESISTENCIA_DEGRADADA,38.82089699023475,40.715435222866304,42.114882576774384,28.482652039150494,1.7879969636959803,11.960118150492798,14.309813055206032,10.868654928820316,91.94298837008836,4.698881551813653,91.76470588235294,24.739317152727786,1374.426599461094
2026-01-02 09:16:00,CYCLE_RESISTENCIA_DEGRADADA,41.219603517943696,41.455260269215465,42.24792698270988,28.943646119321038,0.9554044008751357,12.937658956410965,14.747300378315089,10.50776813157822,93.3758192681354,4.698799917453641,90.58823529411764,25.404197420137912,1385.102461346162
2026-01-02 09:17:00,CYCLE_RESISTENCIA_DEGRADADA,39.777537651619774,40.235300248593695,40.76473802560399,27.182085150568277,1.3317175199516857,12.746137985555622,13.411051835460805,10.36045454821204,94.21721397826073,4.698433314883802,89.41176470588235,24.28807935844764,1389.1053481014021
2026-01-02 09:18:00,CYCLE_RESISTENCIA_DEGRADADA,36.98441055658453,37.61174722857182,40.492824998393075,28.675551647958233,1.4462837845109835,12.428319162053606,13.062965875094537,9.961146370714511,95.69924037862731,4.69861871154027,88.23529411764706,23.60155983645039,1390.1199014607594
2026-01-02 09:19:00,CYCLE_RESISTENCIA_DEGRADADA,38.2528225495987,37.96525289852351,39.17842653881594,29.372023372713514,1.309719217265127,13.447512819473872,13.453451346607494,9.852417425286601,96.28023762928248,4.699250611879428,87.05882352941177,23.321524552043254,1392.5656208559908
2026-01-02 09:20:00,CYCLE_RESISTENCIA_DEGRADADA,38.60826072855168,38.84427527288442,39.53607479020455,28.241100735765247,0.5762901110293106,13.484090370727062,13.074086711379046,9.734140203876441,95.25189316495376,4.698346211377097,85.88235294117646,23.12919704473887,1398.281652188505
2026-01-02 09:21:00,CYCLE_RESISTENCIA_DEGRADADA,36.147252108013056,37.53046960263483,36.17931408731476,25.47578355854322,1.4486463305237238,13.231153559949846,13.414698716675865,9.757191414294704,96.96981080000859,4.697530423651928,84.70588235294117,22.201713896199276,1413.1878962129024
2026-01-02 09:22:00,CYCLE_RESISTENCIA_DEGRADADA,38.65255807022393,37.12218156408437,36.9096710495374,24.61854203913029,1.733111829696941,11.314251026480811,12.568380418885555,9.612215800858321,98.55136402578265,4.698180028517041,83.52941176470588,22.05354002735701,1410.9923628926601
2026-01-02 09:23:00,CYCLE_RESISTENCIA_DEGRADADA,32.828892507107,36.24443377497924,37.02797597770557,26.064958562540795,1.2913010463592542,13.67182548753546,13.686525954235577,9.754196683965313,98.51397142385505,4.696472685563392,82.35294117647058,21.20836835153852,1417.1317607752799
2026-01-02 09:24:00,CYCLE_RESISTENCIA_DEGRADADA,35.107268051646216,37.09526650579814,36.65285363912717,28.659684156860827,0.9259623016587797,13.338555731824203,11.696782576517483,9.371128680646391,97.18392383991329,4.6958884564701995,81.17647058823529,21.30321743316589,1429.3307727997421
2026-01-02 09:25:00,CYCLE_RESISTENCIA_DEGRADADA,35.0642738274505,34.79864701954968,37.157894009240174,25.125440843507036,1.0603475403764293,14.003204318856469,13.037955157446126,8.601344004122723,99.93994422500153,4.698929143424359,80.0,21.47552466940165,1424.0828263254828
2026-01-02 09:26:00,CYCLE_RESISTENCIA_DEGRADADA,34.13639424225792,33.43696487527652,34.2643733048724,23.401889084990714,1.7242512312210474,13.677555825278533,11.641930799149591,9.0441250362298,100.0,4.6979611304597695,78.8235294117647,21.24252449943217,1430.705466075283
2026-01-02 09:27:00,CYCLE_RESISTENCIA_DEGRADADA,32.23621883440908,32.19876721929338,35.8892789451565,23.732902548525942,1.4452576698211925,13.906818397572172,10.838376745804208,8.550332863220275,100.0,4.699108933251529,77.6470588235294,19.7666376735102,1435.5803948706314
2026-01-02 09:28:00,CYCLE_RESISTENCIA_DEGRADADA,31.559648422519732,33.007108281183235,32.71614706973844,21.993706799992474,1.3432684897169793,13.615798013325483,11.87381753078411,8.495881445329795,100.0,4.698522982482816,76.47058823529412,20.35156221570479,1450.169752916261
2026-01-02 09:29:00,CYCLE_RESISTENCIA_DEGRADADA,31.87970442626314,29.200802275559404,34.506939659474156,20.0,1.2371758759006486,13.909640716969815,11.393453695786626,8.375381231705155,100.0,4.699032027627613,75.29411764705883,20.36573858885644,1456.7130298006489
2026-01-02 09:30:00,CYCLE_RESISTENCIA_DEGRADADA,31.7757634576093,31.34248610565221,33.31136829411415,23.695170159187754,0.9109025638216998,14.291179517426043,10.695578917073306,8.25388695714628,100.0,4.699686383318209,74.11764705882352,19.666443062975745,1456.7877655066507
2026-01-02 09:31:00,CYCLE_RESISTENCIA_DEGRADADA,30.98129121405872,30.762280868347105,30.66410401442688,20.244122625511675,1.0280639399209164,13.46121854565969,10.167644453206135,7.960264239238999,100.0,4.700815340053392,72.94117647058823,19.094870382993452,1461.9570683083816
2026-01-02 09:32:00,CYCLE_RESISTENCIA_DEGRADADA,30.9789609929935,28.82900883666558,31.570303282673386,20.0,1.0438500700527475,12.625649433843288,10.986580166292589,8.124730014135837,100.0,4.70061508622658,71.76470588235294,18.86954967957673,1461.5441262070765
2026-01-02 09:33:00,CYCLE_RESISTENCIA_DEGRADADA,27.991690497480736,28.82073373508089,30.59348803433672,22.15495691810613,1.2110907822142911,13.316857785286548,11.392224824049922,7.650612652225506,100.0,4.702603970865334,70.58823529411764,18.469114120830714,1476.696876972827
2026-01-02 09:34:00,CYCLE_RESISTENCIA_DEGRADADA,28.43510247309978,30.385483587732736,30.870062967471554,20.0,1.4778857523136844,13.724384564397601,10.972820835347664,7.852846126491987,100.0,4.702014634300749,69.41176470588235,18.084996064983784,1475.0203648493673
2026-01-02 09:35:00,CYCLE_RESISTENCIA_DEGRADADA,27.084932426209605,29.18072735846146,29.326869068264926,20.0,1.3397031217102071,13.625679086303427,10.470998779219524,8.077646316252663,100.0,4.702248854714348,68.23529411764706,18.154138653378723,1482.4040376964545
2026-01-02 09:36:00,CYCLE_RESISTENCIA_DEGRADADA,27.264355746617046,28.526513494552272,28.712348439492466,22.081108590496285,0.5573779705721122,13.023777840449698,10.539409384266774,7.213119784851845,100.0,4.702494131646566,67.05882352941177,18.884936550842518,1483.6115136902945
2026-01-02 09:37:00,CYCLE_RESISTENCIA_DEGRADADA,28.47070069357226,28.282777488650297,30.220798771784064,20.0,1.0293833646198942,12.890348540343687,10.050898411329587,7.270829031569131,100.0,4.701372163526616,65.88235294117646,17.02310802474068,1488.0034999027903
2026-01-02 09:38:00,CYCLE_RESISTENCIA_DEGRADADA,26.916559604522806,27.547192889468427,27.9666355948601,20.0,1.162205474138604,13.394124548035528,9.024518395358248,6.671779115732801,100.0,4.701086291271637,64.70588235294117,16.899752213081047,1500.769816097208
2026-01-02 09:39:00,CYCLE_RESISTENCIA_DEGRADADA,29.45934987401796,28.458232618328392,28.59418299658871,20.549662413569994,1.1058261662702813,14.227399189756783,8.84494260046257,6.965023025439589,100.0,4.701247804770876,63.529411764705884,16.696840105942634,1501.3185585844994
2026-01-02 09:40:00,CYCLE_RESISTENCIA_DEGRADADA,26.116745336711453,26.655345071348783,26.859380628471985,20.414402192181864,0.7103895348493203,14.672522826587956,9.390703924625997,7.00249301035823,100.0,4.700815683727747,62.35294117647058,16.042877404669593,1510.0071825165503
2026-01-02 09:41:00,CYCLE_RESISTENCIA_DEGRADADA,25.51903182632135,24.307282106294423,28.66687002720121,20.0,1.75238402523471,14.399460277477086,9.23133912061733,6.866816921901706,100.0,4.703256607693203,61.17647058823529,16.59953806982894,1510.2650101659717
2026-01-02 09:42:00,CYCLE_RESISTENCIA_DEGRADADA,25.1465802140229,27.572481509877534,25.399488838159247,20.0,0.4740174884435211,14.528713643557069,9.653446749961201,6.586901317485392,100.0,4.702417984019603,60.0,14.528843027632488,1510.8922481400218
2026-01-02 09:43:00,CYCLE_RESISTENCIA_DEGRADADA,23.8343788127077,25.629010169853863,25.03248221648225,20.0,0.5111779197816972,14.018415742829985,9.41236572754216,6.598020752178686,100.0,4.703597408487744,58.823529411764696,15.112621675314859,1516.9943593609228
2026-01-02 09:44:00,CYCLE_RESISTENCIA_DEGRADADA,24.119581192296508,24.054674870158976,27.163994184415586,20.0,0.8852045747986407,13.246605829970546,9.136189053152846,6.778118470213769,100.0,4.7044538683008925,57.647058823529406,15.451173674882666,1524.781608869018
2026-01-02 09:45:00,CYCLE_RESISTENCIA_DEGRADADA,25.14003570277334,22.84359246088706,24.374723306368498,20.0,1.4291585635479795,13.94886029779394,8.420065666271336,6.46010799631105,100.0,4.704440006166388,56.470588235294116,14.558835198746857,1526.9057638417091
2026-01-02 09:46:00,CYCLE_RESISTENCIA_DEGRADADA,23.52945426161715,24.41720470189546,26.412814981025065,20.0,0.5222507884862276,14.10591191171087,7.57497004247173,5.861882368739922,100.0,4.703574797112537,55.294117647058826,13.959328419734517,1530.0239358780943
2026-01-02 09:47:00,CYCLE_RESISTENCIA_DEGRADADA,22.054660606768202,23.404296249196825,25.15320172321756,20.0,0.6723523306420367,14.045591403640982,8.465730077197597,5.524905253126821,100.0,4.702806541792144,54.11764705882352,14.253991822597532,1544.3014664464756
2026-01-02 09:48:00,CYCLE_RESISTENCIA_DEGRADADA,21.518789506487224,25.0448633171098,23.497303648807225,20.0,1.0542805388794974,14.3802886091579,8.348715033335452,5.582635262903728,100.0,4.702288574492928,52.94117647058823,14.150650609295209,1542.3583348427564
2026-01-02 09:49:00,CYCLE_RESISTENCIA_DEGRADADA,21.7185194609193,22.35980360642822,21.11507078911792,20.0,0.7047253871471251,14.63247458582883,6.415620618311708,5.323208488893338,100.0,4.700502833210981,51.76470588235293,13.46666226042265,1550.1326029239385
2026-01-02 09:50:00,CYCLE_RESISTENCIA_DEGRADADA,21.984899791274806,21.396895847298882,22.884059954727736,20.0,0.5886944738930119,14.897095829415866,7.163262634268888,5.4516140473880546,100.0,4.699499367785182,50.58823529411765,12.624599904127168,1555.8063830990382
2026-01-02 09:51:00,CYCLE_RESISTENCIA_DEGRADADA,22.973543370904864,23.111262032035594,22.653329676211722,20.0,0.8377570974567722,14.390351832522715,7.064358970202316,4.973845325727549,100.0,4.698016891269819,49.41176470588235,12.91717728982797,1557.3112530449362
2026-01-02 09:52:00,CYCLE_RESISTENCIA_DEGRADADA,20.0,22.78873332064271,23.563916168669785,20.0,0.7288142205982896,13.63635559129535,7.365127767732885,5.044259042893696,100.0,4.699362766272997,48.235294117647044,12.151916526333192,1570.5090802181762
2026-01-02 09:53:00,CYCLE_RESISTENCIA_DEGRADADA,20.46920826290562,21.530244524579484,23.7088625820105,20.0,0.9351820558591046,14.405619963883844,6.627227437819575,5.075165836117346,100.0,4.699981228665385,47.05882352941177,12.38940016363599,1565.2793321148454
2026-01-02 09:54:00,CYCLE_RESISTENCIA_DEGRADADA,20.69265750341557,21.796186383356684,20.627645757227615,20.0,0.9924826835263314,14.72773755143717,6.9014890066043755,4.736163346444969,100.0,4.70076720276425,45.882352941176464,12.422301711335852,1575.8364170207096
2026-01-02 09:55:00,CYCLE_RESISTENCIA_DEGRADADA,20.0,20.603106623313366,22.06523295168262,20.0,0.6761345314469863,15.376109843419647,6.61317483410753,4.415779252257165,100.0,4.701356034715792,44.70588235294116,10.04174943728178,1580.8164035986156
2026-01-02 09:56:00,CYCLE_RESISTENCIA_DEGRADADA,20.0,20.599674793799252,21.683611846850475,20.0,0.6505450276975261,14.539625490672654,6.4591321658168575,4.688744324122182,100.0,4.701523002339126,43.529411764705884,11.06393709794235,1584.6569311683752
2026-01-02 09:57:00,CYCLE_RESISTENCIA_DEGRADADA,20.0,21.394520570248197,21.721521885041128,20.0,0.606250101408529,15.138624755376172,5.939911322939215,3.9267248194525983,100.0,4.702983682671255,42.35294117647058,9.804401939089209,1584.7283159334668
2026-01-02 09:58:00,CYCLE_RESISTENCIA_DEGRADADA,20.0,20.431057703518466,20.706990903644666,20.0,0.6677475703561307,15.086220420405951,5.801482917139825,4.085701493026187,100.0,4.702372920015524,41.176470588235276,11.557028746446397,1598.4412534007313
2026-01-02 09:59:00,CYCLE_RESISTENCIA_DEGRADADA,20.0,20.0,20.0,20.0,0.5165511913614391,15.021950266561694,5.351839764131585,3.991667995323733,100.0,4.702479589670891,40.0,9.765937733101905,1602.9740426813385
2026-01-02 12:00:00,CYCLE_VENTILADOR_DEFECTUOSO,20.0,20.0,20.0,20.0,0.7952889335591138,6.739780764690467,34.74175117478763,18.25710009929688,96.89687951707886,1.5531285048186312,60.0,80.83700971371861,1298.750020487435
2026-01-02 12:01:00,CYCLE_VENTILADOR_DEFECTUOSO,20.0,20.0,20.0,20.0,0.10387970162440174,8.008353692368987,35.904947027694526,18.094964837627916,98.02901992480794,1.553419109515893,61.008403361344534,79.94011104040489,1305.6011744895354
2026-01-02 12:02:00,CYCLE_VENTILADOR_DEFECTUOSO,20.0,20.0,20.0,20.0,0.6036407878600143,7.08640203126437,35.70875340520829,18.047475665114472,96.80351354632502,1.5554016225795908,62.016806722689076,80.14972870109874,1295.8563457262774
2026-01-02 12:03:00,CYCLE_VENTILADOR_DEFECTUOSO,20.0,20.0,20.0,20.0,0.925751129488235,7.389524714500565,36.226417687729416,17.987972508430172,96.65091080789185,1.5577939209632607,63.02521008403362,79.34646562403789,1291.746877296609
2026-01-02 12:04:00,CYCLE_VENTILADOR_DEFECTUOSO,20.0,20.0,20.0,20.0,0.7619652332526999,7.332338730622247,36.32831558339942,18.36407084683856,94.522284397899,1.558557240414694,64.03361344537815,78.75763249355892,1286.1494953242197
2026-01-02 12:05:00,CYCLE_VENTILADOR_DEFECTUOSO,20.0,20.0,20.0,20.0,0.3044092854165903,7.478708423233087,35.09931758447234,18.710847488389824,96.07879212990787,1.5586256657259017,65.04201680672269,78.50496689282959,1289.4186952064763
2026-01-02 12:06:00,CYCLE_VENTILADOR_DEFECTUOSO,20.0,20.0,20.0,20.0,0.4310222935754706,7.725573070183874,35.39110956481697,18.426359451632916,95.86150189324569,1.5576796012137761,66.05042016806723,78.5376007675664,1288.9980224480018
2026-01-02 12:07:00,CYCLE_VENTILADOR_DEFECTUOSO,20.0,20.0,20.0,20.0,0.5114779821276146,7.7567536922272575,35.34146733951932,18.572043009170294,94.60848443777465,1.558584351017035,67.05882352941177,78.99729215877807,1285.8512917597097
2026-01-02 12:08:00,CYCLE_VENTILADOR_DEFECTUOSO,20.0,20.0,20.0,20.0,0.48703587654417413,8.332137602128563,35.269362544382375,18.874343077601093,96.76759736791705,1.5587946355809301,68.0672268907563,78.91540365075792,1278.7967293186734
2026-01-02 12:09:00,CYCLE_VENTILADOR_DEFECTUOSO,20.0,20.0,20.0,20.0,1.147709280965193,8.11119390706735,34.651405695406524,18.82447667927766,92.06908505866525,1.5593326704200847,69.07563025210084,78.78899299451254,1278.755933503202
2026-01-02 12:10:00,CYCLE_VENTILADOR_DEFECTUOSO,20.0,20.0,20.0,20.0,0.13378009196646856,7.0494627855910075,35.83148750364367,18.525880978508866,94.81842408981284,1.561062457807541,70.08403361344537,77.57499138920151,1281.476553712981
2026-01-02 12:11:00,CYCLE_VENTILADOR_DEFECTUOSO,20.0,20.0,20.0,20.0,0.927868178872441,8.041647318773403,35.15303039167249,18.944147191070197,94.4226063901901,1.5602380345188775,71.09243697478992,78.15105591125256,1276.552436731711
2026-01-02 12:12:00,CYCLE_VENTILADOR_DEFECTUOSO,20.0,20.21780614620545,20.858806348755405,20.0,0.3644098278575991,8.159127623291713,35.98790023242394,19.310850343477657,93.82548477573265,1.559313730350396,72.10084033613445,77.47016236186474,1266.6112481908906
2026-01-02 12:13:00,CYCLE_VENTILADOR_DEFECTUOSO,20.0,21.045446023329905,20.5311407497766,20.0,0.48473379746215867,7.8357167418735205,37.36189946052771,19.085048737496415,92.75231995895483,1.5590773044120256,73.10924369747899,78.01585903421243,1257.0428704978167
2026-01-02 12:14:00,CYCLE_VENTILADOR_DEFECTUOSO,21.47379800482148,23.944788988779006,22.819628818730433,20.0,0.19119763699820835,7.969557011546649,35.87086353043687,18.628172702339818,91.4764955324098,1.5598985055617773,74.11764705882354,77.88659735127813,1265.8929723812782
2026-01-02 12:15:00,CYCLE_VENTILADOR_DEFECTUOSO,22.819358034649714,22.488378979825438,24.518552674744623,20.0,0.6504097210725083,8.09515506269853,36.37736860505751,19.338147199998886,92.13828870318669,1.5604533728019918,75.12605042016807,76.89290507312543,1265.3791464565736
2026-01-02 12:16:00,CYCLE_VENTILADOR_DEFECTUOSO,24.165076129441434,25.945429875807438,25.779390129582957,20.0,1.2893539492432766,8.38229979881779,36.888526846611626,19.304846527217244,88.6653970826923,1.559557684290296,76.1344537815126,77.79493917334607,1255.3069675787253
2026-01-02 12:17:00,CYCLE_VENTILADOR_DEFECTUOSO,28.527412946999206,25.33424641719781,30.496159539304355,22.693249942089974,0.9365901298822906,7.212560006268633,36.596746203750975,19.062752545787184,89.64834909259956,1.5603142371909986,77.14285714285714,78.31226861362126,1257.107699054366
2026-01-02 12:18:00,CYCLE_VENTILADOR_DEFECTUOSO,27.040884882301015,28.432287466920812,28.701364014298385,22.571935159360425,0.5186427964044726,7.877841480680176,36.68809555478219,19.17676342400605,87.4815957888831,1.5591130243721052,78.15126050420167,77.39220778475871,1253.5670524760035
2026-01-02 12:19:00,CYCLE_VENTILADOR_DEFECTUOSO,28.04475837163691,30.69474173545166,31.302230141592396,21.39089677495914,1.20430396617934,8.754168049028864,36.37919719524934,19.791660084119947,85.27767131829613,1.5582752826977564,79.15966386554622,76.72530566930007,1252.5179856250634
2026-01-02 12:20:00,CYCLE_VENTILADOR_DEFECTUOSO,29.544976504125543,31.03600447266627,29.810636643000553,20.04596318607276,1.2895593462974966,8.708330654148979,36.54154548387083,19.53419571978855,86.63451094116357,1.5581598253805673,80.16806722689076,76.48038261058,1247.401046784294
2026-01-02 12:21:00,CYCLE_VENTILADOR_DEFECTUOSO,33.158005825008885,33.441825402231125,34.173869353370314,24.68963321188279,0.9723904148999609,8.42546846388789,36.188699569040246,19.583206606205742,84.0224844430448,1.5576063941345921,81.17647058823529,76.36605624445787,1252.2208675199238
2026-01-02 12:22:00,CYCLE_VENTILADOR_DEFECTUOSO,31.36834993710004,33.115860599998705,36.55467157928759,23.093939634776252,1.5726096213953569,8.268412341977838,37.356366501131966,19.841611783611985,82.92328708375126,1.558496253623243,82.18487394957984,75.92215408501485,1245.1296906485816
2026-01-02 12:23:00,CYCLE_VENTILADOR_DEFECTUOSO,33.881124493213726,33.75817735243402,36.07982184850815,23.90801449249413,1.2296625146983087,8.827317374201044,35.88787811527524,19.80393250957971,83.30864494376362,1.5587826321062441,83.19327731092437,76.26065288483863,1238.50073917803
2026-01-02 12:24:00,CYCLE_VENTILADOR_DEFECTUOSO,37.977858658874965,37.910106797726485,35.229404681492625,26.571922793241374,1.2089974328600452,8.958924000803332,37.5994597257184,20.036816448244625,81.02966981629852,1.5605481932838714,84.2016806722689,75.3971552590447,1243.1656469337026
2026-01-02 12:25:00,CYCLE_VENTILADOR_DEFECTUOSO,37.97985393414308,40.821549456103455,39.72402171928645,27.358997473502455,0.7841964718837263,7.935460005976574,36.258621305287306,20.06029633024712,81.38228446694927,1.560301007918517,85.21008403361344,74.85347043443214,1231.9180395319995
2026-01-02 12:26:00,CYCLE_VENTILADOR_DEFECTUOSO,39.362776172394014,39.02054917148015,41.31975705347999,26.81799411773604,1.2344380330813602,7.51528377835584,37.76243831402582,19.9448748335611,80.93901371799014,1.5601788057674761,86.21848739495798,75.74005294174711,1239.5917590227455
2026-01-02 12:27:00,CYCLE_VENTILADOR_DEFECTUOSO,43.136444776327906,43.16950204028362,43.696759085048626,28.268979615178168,1.1322642740376507,7.864853841187752,37.0566170472979,20.16666800331293,80.22079842391602,1.5613891883765378,87.22689075630252,75.47280140683749,1235.897010806134
2026-01-02 12:28:00,CYCLE_VENTILADOR_DEFECTUOSO,42.31888582549844,43.2420430392066,46.769685257789696,32.14423478469981,1.2441839949189553,9.548347756886027,36.613819963590736,20.441491840732407,77.85458886452345,1.5612982675734142,88.23529411764706,75.00853263884022,1234.9708658871655
2026-01-02 12:29:00,CYCLE_VENTILADOR_DEFECTUOSO,42.618844146133526,43.07417104706666,45.429269825711316,33.091769831513275,0.9038680117365925,7.215321828637403,37.78455397696375,20.44535839796369,79.17232705149212,1.5627922728211217,89.24369747899159,74.48470210886289,1226.2577708127544
2026-01-02 12:30:00,CYCLE_VENTILADOR_DEFECTUOSO,44.57557432931819,44.80626043594721,46.38652104917747,33.89174139274212,1.1686817661480322,7.764730430235291,38.07826892440681,20.50461990688298,80.17617922171219,1.5633331010315061,90.25210084033614,75.10285520673433,1222.385291980026
2026-01-02 12:31:00,CYCLE_VENTILADOR_DEFECTUOSO,44.99694728453791,47.67007445007403,47.54249802706219,33.06423676190414,0.9062020541371931,7.293654423753685,37.342194827944596,20.9925188650426,76.3107323987842,1.5609803145616208,91.26050420168067,74.29482844710134,1222.1848265395306
2026-01-02 12:32:00,CYCLE_VENTILADOR_DEFECTUOSO,49.3119897611982,48.65284390100378,50.709226320283946,38.300237068980096,0.5281292775732157,8.062381931438694,38.12144195945946,20.83528313532921,76.16305908590876,1.5621578849757702,92.26890756302521,74.55237656406314,1218.989983947015
2026-01-02 12:33:00,CYCLE_VENTILADOR_DEFECTUOSO,49.9397386320282,49.04976899887426,52.575489681566346,36.250249570755024,1.492768681497885,7.398654485552566,36.402058546895866,20.94359749666175,75.5652126546197,1.5630706117888902,93.27731092436974,75.33626743966828,1214.1957775468218
2026-01-02 12:34:00,CYCLE_VENTILADOR_DEFECTUOSO,52.04496080875399,50.079483357985104,52.87421068888715,36.67970856510492,0.7635690197788593,7.945624488583191,37.06478508329489,20.823949175583873,72.78614971699861,1.5640219443950005,94.28571428571428,74.61130917050198,1212.0712210292118
2026-01-02 12:35:00,CYCLE_VENTILADOR_DEFECTUOSO,53.596643800852945,52.583333226415235,55.992149048131324,34.98402468199168,1.2674500570817837,7.024952419990621,38.71662182886947,20.985205508658492,73.59529480178703,1.5621109660164554,95.29411764705883,73.43308072763269,1210.299214493287
2026-01-02 12:36:00,CYCLE_VENTILADOR_DEFECTUOSO,53.089409407285444,55.319033154395825,57.1449232365815,38.722074767470815,1.3562031598431152,8.308810332542325,37.89100851951487,20.938990086128474,72.0523081732817,1.5614479760551843,96.30252100840336,73.31215404642661,1204.563682733232
2026-01-02 12:37:00,CYCLE_VENTILADOR_DEFECTUOSO,53.898158179792595,56.565847365746166,58.16707296311047,41.35463640904239,1.3752798291286643,8.611172628233987,36.991915701609685,21.264753650583817,70.77015133022533,1.5608592712216276,97.3109243697479,73.85742215141389,1209.4345422340277
2026-01-02 12:38:00,CYCLE_VENTILADOR_DEFECTUOSO,56.41520512643838,57.45910864434128,58.56102986178176,43.01678919823529,1.2133956056516175,7.8080281889682706,37.77395760265917,21.17119733010456,69.56045633399158,1.560018149854067,98.31932773109244,72.92578503712174,1203.9924921219847
2026-01-02 12:39:00,CYCLE_VENTILADOR_DEFECTUOSO,56.875346832866576,59.789924750962605,60.59442293923116,40.6128826910062,1.4006911736764291,7.932434996462149,37.7232706408547,21.321786474155857,70.05651858811588,1.561760072385961,99.32773109243698,72.44451541064336,1200.4471583919728
2026-01-02 12:40:00,CYCLE_VENTILADOR_DEFECTUOSO,59.56600762610843,62.282758106119495,59.78568635173188,42.51040713130837,1.4816262553893302,7.918296384634344,38.26176749893138,21.393466798246163,67.26848604721012,1.5617483045481375,100.33613445378151,73.54349693001811,1194.7182472217796
2026-01-02 12:41:00,CYCLE_VENTILADOR_DEFECTUOSO,62.17197489042401,62.99474377927669,64.51306977712669,46.37830315946822,1.5818339825407215,8.090455337612513,38.22292756097592,21.441744774979416,69.87050234564128,1.5617117436055084,101.34453781512605,73.26971157463942,1191.997163551515
2026-01-02 12:42:00,CYCLE_VENTILADOR_DEFECTUOSO,62.05709031596816,63.86328748555967,65.79046743772409,45.51013286793732,1.9023853429917494,7.980915206516785,38.63677080206878,22.11704937813704,67.2971025624465,1.562263751915824,102.35294117647058,73.1664756362278,1201.8613032617131
2026-01-02 12:43:00,CYCLE_VENTILADOR_DEFECTUOSO,63.88425125692123,66.60961022369143,67.51376527167267,43.290287901667305,1.4736195899872768,8.384058476215348,38.57176574718372,21.48012152265232,64.78655365605118,1.5628330535837134,103.36134453781513,72.90462683460643,1189.0876088040159
2026-01-02 12:44:00,CYCLE_VENTILADOR_DEFECTUOSO,65.03704166736868,65.83116937751049,69.42150589218086,48.308319490166156,1.4435844014044703,8.616519566725472,39.51332254461885,21.5623366855649,65.49543957521757,1.5594981608730876,104.36974789915966,72.57238666097052,1191.5177438289381
2026-01-02 12:45:00,CYCLE_VENTILADOR_DEFECTUOSO,67.55832875156675,68.20015221717509,70.80804144836017,50.22031804542445,1.173359461655476,7.5929643887539084,39.03624176487382,21.920331954404368,64.69922463740335,1.5588518033359382,105.3781512605042,72.10588051607763,1187.2051597283403
2026-01-02 12:46:00,CYCLE_VENTILADOR_DEFECTUOSO,67.23911604930034,69.7158160663925,71.74132843900439,48.122463706319785,1.59717045179165,7.845335753612852,39.14014918520355,21.74651241867236,66.64628819442315,1.557439014758147,106.38655462184875,72.52697504606918,1172.932859600946
2026-01-02 12:47:00,CYCLE_VENTILADOR_DEFECTUOSO,66.85011866627934,69.959843603453,73.46092249871303,50.049793377922484,1.687609888925364,8.450809724462372,39.64867410626949,21.891298559662996,63.01841512799777,1.5578393208513017,107.39495798319328,72.86578208033703,1188.6824083345712
2026-01-02 12:48:00,CYCLE_VENTILADOR_DEFECTUOSO,71.49629606930631,72.42740444331461,73.24607373802044,49.276540903114046,1.4507124060600496,7.289165475970484,38.800352195120404,21.816331254707027,62.75372392776245,1.5575504284369677,108.40336134453781,71.68215860552198,1181.72793255376
2026-01-02 12:49:00,CYCLE_VENTILADOR_DEFECTUOSO,73.56205400143023,71.92836774545292,75.75952125436663,48.846823467245656,1.6927955159610937,7.014639359077215,38.360520592808435,22.215958642704045,62.23907355653483,1.557565816001469,109.41176470588235,71.2543357772488,1173.3999076180748
2026-01-02 12:50:00,CYCLE_VENTILADOR_DEFECTUOSO,74.35770104737566,78.19999894419429,78.04928388475221,55.62126791140156,1.4626653100024245,8.113157976449239,39.92586286704826,22.302532121165736,61.09575177167287,1.5554872962525785,110.42016806722688,71.02907894575657,1173.8361138142145
2026-01-02 12:51:00,CYCLE_VENTILADOR_DEFECTUOSO,74.49917461690858,76.26755466534661,78.63442692037536,54.418188198039964,1.7727263670552489,8.248173205535245,39.367219334579154,22.222675873729596,60.41820502699178,1.555177444027888,111.42857142857143,70.99520631190457,1166.8318379589568
2026-01-02 12:52:00,CYCLE_VENTILADOR_DEFECTUOSO,75.35083595145169,80.7828540936472,82.07836475765536,58.84223850448568,1.8662176689988392,7.638849906023204,39.45335862389902,22.512711236855676,58.2013564916851,1.556292574279721,112.43697478991596,71.36180346391872,1176.2124449390546
2026-01-02 12:53:00,CYCLE_VENTILADOR_DEFECTUOSO,78.75164676521614,80.41228446727645,81.78455789660038,58.0802371457719,1.883033738170406,7.710674472939773,39.0737835596869,22.082156509858322,59.01544966150751,1.557702023762823,113.4453781512605,70.02262319301315,1162.755923788883
2026-01-02 12:54:00,CYCLE_VENTILADOR_DEFECTUOSO,79.77342372840614,82.53148594347168,84.36321547838251,57.834467429873136,1.6698070793549955,7.619903839129551,39.16770192618827,22.39644444574755,58.050072208527325,1.5584208871823637,114.45378151260505,71.14395496011532,1161.7732102317088
2026-01-02 12:55:00,CYCLE_VENTILADOR_DEFECTUOSO,80.89809708949932,82.75415515133484,85.77226036420103,59.18468677357885,1.3434717393888342,7.566537380327783,40.129882142758305,22.587852902253612,57.45536565657693,1.5570854218889156,115.46218487394958,71.07825902615649,1158.4262935025356
2026-01-02 12:56:00,CYCLE_VENTILADOR_DEFECTUOSO,84.68140351208663,85.07729646418142,88.05664727949323,61.982632616689536,1.492896672442748,8.3467479103023,40.29667583182374,22.471425853560586,56.604243733621374,1.5583448236919077,116.47058823529412,69.68919611414621,1159.1450470126013
2026-01-02 12:57:00,CYCLE_VENTILADOR_DEFECTUOSO,82.80368664528127,87.09543432628499,89.77079616713283,63.24481601384887,1.8760261887620573,7.409750756501181,40.26021000983455,22.44017335890281,57.52219497455718,1.5590688259469077,117.47899159663865,69.93057784908808,1161.7837870089606
2026-01-02 12:58:00,CYCLE_VENTILADOR_DEFECTUOSO,87.51529044145661,88.59937558004333,91.05141848259849,63.68957967776068,2.4531310866800515,7.867238569283326,40.349726543099216,22.812370386824245,55.365601642838996,1.558951636912843,118.48739495798318,70.29194133025885,1160.9390104014226
2026-01-02 12:59:00,CYCLE_VENTILADOR_DEFECTUOSO,86.8687859597532,90.21870667533098,89.22010449891533,63.759765086300646,1.637279566859703,7.547331916242574,40.29940091563317,23.09678721068946,53.87392033791217,1.5569266005983333,119.49579831932773,70.01229874829318,1149.6645196247916
2026-01-02 13:00:00,CYCLE_VENTILADOR_DEFECTUOSO,86.07335995946816,90.3340452796662,94.70902230932896,64.55596315903945,1.8972555051971145,7.272355512049392,40.120930444769584,23.298438485007992,54.28610085448502,1.5578801955489958,120.50420168067227,70.17578512068891,1150.2525317275908
2026-01-02 13:01:00,CYCLE_VENTILADOR_DEFECTUOSO,89.50640060433503,91.68667884919502,96.63754699188482,65.08089561600838,1.6146968377981958,8.435089087373385,40.02082260957548,23.016592843526993,54.20695040581279,1.5572880292190125,121.5126050420168,69.67733074890567,1146.5461090453744
2026-01-02 13:02:00,CYCLE_VENTILADOR_DEFECTUOSO,92.3182383392421,91.837164790335,95.75496057280367,66.41575018558665,1.5103308951286312,7.7400873889132304,40.93627834357838,23.356727201137762,52.54920484260439,1.5576341950400674,122.52100840336135,70.21221669616058,1139.7710419338205
2026-01-02 13:03:00,CYCLE_VENTILADOR_DEFECTUOSO,92.17417626576159,95.86510511853987,98.14621860033498,68.11432400615276,1.6206346526914972,8.094220040210379,40.06988512476457,23.421426054673958,54.21517489762613,1.557702588900704,123.52941176470588,69.25118000636051,1150.8666928866191
2026-01-02 13:04:00,CYCLE_VENTILADOR_DEFECTUOSO,92.28790731344625,98.02316268318712,98.3219768801087,66.1179702889678,1.219796222115249,7.245962060099495,40.60013878883265,23.6218728953711,52.67286044783861,1.5592409838851422,124.53781512605042,68.75218098563171,1144.1065004340592
2026-01-02 13:05:00,CYCLE_VENTILADOR_DEFECTUOSO,95.30562338258169,100.15055216997195,98.5816532793252,66.51066968479618,2.2715767373597204,7.629030273121762,39.97977707517703,23.39214666787878,52.47013272578742,1.5591156168991447,125.54621848739495,68.54390931896995,1136.8909171803566
2026-01-02 13:06:00,CYCLE_VENTILADOR_DEFECTUOSO,95.91983322987184,100.0646472400385,101.56198175989103,70.91814439713099,1.2175155459743556,8.378043940347503,40.150639065284686,23.186518388358024,51.23673110934221,1.5591005033090588,126.55462184873949,69.27529727985093,1139.9409497521472
2026-01-02 13:07:00,CYCLE_VENTILADOR_DEFECTUOSO,98.98401661765223,100.26573027552304,103.32900582232365,71.0690204178702,1.8284145560898943,9.293635727922656,40.488559360126004,23.644289271324887,48.48274501130508,1.5606791186995375,127.56302521008404,68.75430636929778,1135.9408638256612
2026-01-02 13:08:00,CYCLE_VENTILADOR_DEFECTUOSO,100.76731837343259,100.63605655553742,105.08008438319594,72.66038280827966,1.5751330599664124,7.011891967804845,40.23192268824942,23.511526966091772,51.80154917546321,1.5600208964557873,128.57142857142856,68.88828652179117,1128.8988739357558
2026-01-02 13:09:00,CYCLE_VENTILADOR_DEFECTUOSO,100.01711336265848,105.40963793165622,105.88394094394901,72.6991955250195,1.684265767324112,7.899446102355287,41.277030423018076,23.65361830591869,48.00554765229238,1.560835219307195,129.57983193277312,68.7099225941524,1127.3542745893792
2026-01-02 13:10:00,CYCLE_VENTILADOR_DEFECTUOSO,101.88307224362224,103.49117189629463,107.68326024291368,76.78915532279068,2.383545033215718,8.20614029907175,40.073532390249454,23.822109112365833,48.34435978180348,1.5606366035843167,130.58823529411765,67.22536919126514,1129.5779163342124
2026-01-02 13:11:00,CYCLE_VENTILADOR_DEFECTUOSO,105.08340732569413,106.7250448076066,110.07889544827836,78.19854533599971,2.05191673566488,7.691949923380358,41.02592432865049,23.89860102835202,48.28474640452033,1.5596340616223117,131.5966386554622,67.49718559024458,1117.2237890368258
2026-01-02 13:12:00,CYCLE_VENTILADOR_DEFECTUOSO,104.59022249141182,108.3516674318382,110.6965632456384,74.71561262375415,1.7229861942622966,8.424760993497062,41.129925026172536,24.078732021446385,48.90833930186695,1.5596352226090324,132.60504201680672,67.38884714361363,1125.1821577472685
2026-01-02 13:13:00,CYCLE_VENTILADOR_DEFECTUOSO,105.76764512018173,110.0245553844208,113.8017974155687,77.6569455269694,1.8567583056291979,7.566633664669843,40.0479740345208,24.275085044796526,47.98076295195113,1.5603269277226406,133.61344537815125,67.32306034272891,1115.0659363118814
2026-01-02 13:14:00,CYCLE_VENTILADOR_DEFECTUOSO,107.09720478282463,111.63793059435646,115.49629358932371,80.86254859350612,1.8249774826068699,8.07692383010832,40.95387310264382,24.14494027830279,47.251653580968444,1.561680637562617,134.6218487394958,67.35284754679577,1119.5440851226508
2026-01-02 13:15:00,CYCLE_VENTILADOR_DEFECTUOSO,110.37947973433467,113.247810466426,119.0634986941823,82.94475059760535,2.062566550477176,7.73896404775082,41.455940731232246,24.381660509724963,45.458566428941126,1.5631553315479627,135.63025210084032,67.89453278050188,1110.903463358048
2026-01-02 13:16:00,CYCLE_VENTILADOR_DEFECTUOSO,111.77342192001062,111.67066340876212,119.08658190847116,82.20144639416606,2.1485061608984926,8.609715541477387,41.64379141782518,24.38951782383484,45.6001115625574,1.5628605674737372,136.6386554621849,67.82613193249448,1109.7537862344298
2026-01-02 13:17:00,CYCLE_VENTILADOR_DEFECTUOSO,112.02697667793963,116.07375233957197,119.55622225105523,80.85356843232498,2.6863194907920973,7.661817748482197,41.34800391013402,24.657687114469805,45.073022626474334,1.561873318241705,137.6470588235294,66.91237811431027,1105.7451195148867
2026-01-02 13:18:00,CYCLE_VENTILADOR_DEFECTUOSO,114.29933364755314,114.86774048326501,120.04891401619804,82.14799268681158,1.5637652323855624,7.824063101856742,41.96075477142792,24.516903478518234,44.6657469033814,1.5615545793421275,138.65546218487395,66.76511587185864,1101.2339700465702
2026-01-02 13:19:00,CYCLE_VENTILADOR_DEFECTUOSO,117.57118929099019,119.90895878437989,122.67446058534615,84.33148036426948,2.149220171118833,8.472844518748577,41.57306570784325,24.622870127029962,44.37335943229094,1.5603730485887972,139.6638655462185,66.36997221360161,1099.7601165418764
2026-01-02 13:20:00,CYCLE_VENTILADOR_DEFECTUOSO,116.01515749950693,119.8512128341778,124.2426115063751,86.151201450111,2.0860019611472067,7.485980670453568,41.73088082287529,24.647808986030473,44.129898950968624,1.5601556623893809,140.67226890756302,66.59921569735876,1103.8357733437667
2026-01-02 13:21:00,CYCLE_VENTILADOR_DEFECTUOSO,116.28733781480106,119.41598487534557,124.7634532388068,88.61859068560976,2.4856452305839425,8.034375028381787,41.95771501046756,24.774272981083932,43.78820562833604,1.559813997105761,141.68067226890756,66.48781506321572,1086.5416633970412
2026-01-02 13:22:00,CYCLE_VENTILADOR_DEFECTUOSO,120.62091889428282,122.51444925722258,127.84863921285515,87.37956904903058,2.3291345110837702,7.088732828156699,42.44695607976151,24.734058676851834,39.812626808189236,1.5605414873099177,142.6890756302521,66.62172517245911,1088.3214471451504
2026-01-02 13:23:00,CYCLE_VENTILADOR_DEFECTUOSO,121.38774606454122,124.29447038753489,126.75917651027156,86.38665611899769,2.4208061414260804,7.456033270685463,41.56935911451707,24.798270458737683,41.89893758882442,1.5583355521300035,143.69747899159665,66.4496395310585,1087.854415683576
2026-01-02 13:24:00,CYCLE_VENTILADOR_DEFECTUOSO,122.11359661484978,127.89446626009392,129.6723469163829,89.47395058099616,2.368231738157466,8.191065637945401,41.76673040590079,25.21397660646831,40.72788659579418,1.5576019441839168,144.70588235294116,64.73129391564194,1083.921914947903
2026-01-02 13:25:00,CYCLE_VENTILADOR_DEFECTUOSO,125.19352226165861,128.18865793359967,132.16138946134691,93.01540101376068,2.0061169481292236,7.504651245231884,41.74151924781962,24.92621680622022,40.755960000902945,1.556876425879475,145.71428571428572,65.63801324046715,1091.7542041559477
2026-01-02 13:26:00,CYCLE_VENTILADOR_DEFECTUOSO,126.86349540824004,129.8530925011915,132.67799092419364,89.83209486940146,2.6701023380235345,7.727713534088104,42.027572126617365,25.163067138362944,39.31001505480325,1.558063553131883,146.72268907563026,66.23826850284,1088.223985222337
2026-01-02 13:27:00,CYCLE_VENTILADOR_DEFECTUOSO,124.65189086858614,132.34429045350697,134.30371920832712,94.74528042118027,2.5672825638216756,8.246543201023968,43.16666492459576,25.5139929270021,38.058708901650256,1.556949708754482,147.7310924369748,65.15909379685174,1083.0403961451414
2026-01-02 13:28:00,CYCLE_VENTILADOR_DEFECTUOSO,127.96410625904925,132.2985172714043,135.91521405014964,93.68993662326619,2.6233984333157423,7.710406929426535,42.73859317479117,25.324417824192558,39.67070650434302,1.557176366114131,148.73949579831933,65.77970494279509,1075.6000442342915
2026-01-02 13:29:00,CYCLE_VENTILADOR_DEFECTUOSO,132.97364248548803,134.80598189462404,136.6065681858932,93.97817887159441,2.748962950311814,8.411421036608179,41.800337749537356,25.644739687375772,38.18014016741469,1.557048237699711,149.74789915966386,64.88879090671709,1080.9704595680168
2026-01-02 13:30:00,CYCLE_VENTILADOR_DEFECTUOSO,132.33810816481443,136.208655602575,140.54670338374564,94.75111915563902,2.5160588327165967,8.107831393743032,42.20275703073083,25.444816065938667,38.66044901029729,1.5580912802265474,150.7563025210084,64.96141131355292,1066.756723993497
2026-01-02 13:31:00,CYCLE_VENTILADOR_DEFECTUOSO,133.89474588961795,135.33132479804473,139.44510965068733,97.83880335145167,2.856062427117601,8.217841555962252,42.870719158095255,25.436826102259374,37.400119589905415,1.558687112091058,151.76470588235293,64.13743700674159,1079.1561658547093
2026-01-02 13:32:00,CYCLE_VENTILADOR_DEFECTUOSO,135.93629391582397,140.12973440795528,142.5772786410247,98.55119054707488,2.5460649807796902,8.620482799369267,42.18718776841513,25.412127265994627,38.40657289728133,1.5588083558228785,152.7731092436975,63.98819084726716,1065.3287077020461
2026-01-02 13:33:00,CYCLE_VENTILADOR_DEFECTUOSO,135.9947026295106,138.1448579031861,144.22059751720977,99.97659225302372,2.3880639361976597,8.159911531307033,42.379922025931315,26.0776708642747,38.18105083127733,1.5582536889482903,153.781512605042,64.73249368529117,1064.4980776000293
2026-01-02 13:34:00,CYCLE_VENTILADOR_DEFECTUOSO,138.37564028918567,142.4371259431158,144.1146063489583,98.66816192378786,2.4728087428213774,8.769423645234673,43.706135463570035,25.671785427538662,36.51158240897137,1.5564013464451805,154.78991596638656,64.64258981236924,1061.3078346820548
2026-01-02 13:35:00,CYCLE_VENTILADOR_DEFECTUOSO,139.72669300748512,141.00286424392706,146.86941032680403,101.25853557948845,2.4886451888868963,8.455631141518912,42.615167900227014,26.132630595335943,36.08504249078381,1.5566484321008678,155.7983193277311,64.0468278984784,1056.2117720242777
2026-01-02 13:36:00,CYCLE_VENTILADOR_DEFECTUOSO,140.95726760878858,145.03190195846727,147.21885920539162,101.38409083475158,2.3609893260619126,7.738273785082772,43.64002698037393,25.867237485397627,36.25328559109465,1.5571789218993977,156.80672268907563,63.2517840971682,1065.6836457730585
2026-01-02 13:37:00,CYCLE_VENTILADOR_DEFECTUOSO,141.36940270574917,148.03178159093696,151.50840137389054,104.38414150343485,3.0273817805614867,8.646574037510636,43.90445441792024,26.414737287789645,35.095444894392806,1.5556040542869232,157.81512605042016,63.719381269900246,1058.6177633970876
2026-01-02 13:38:00,CYCLE_VENTILADOR_DEFECTUOSO,143.40768703513433,147.0289752737679,150.00134347059003,103.00756347453095,2.647712139062865,8.131933010451473,42.79521686294568,26.67665066257008,34.94411010920627,1.5543703601225944,158.8235294117647,64.15802924504302,1057.8030586389075
2026-01-02 13:39:00,CYCLE_VENTILADOR_DEFECTUOSO,143.9405817089315,148.46398881467584,152.11193907302126,102.95138230547059,2.6082534755229814,7.802660145669749,42.78535019715815,25.982021719154368,35.32968684660757,1.5546226900959663,159.83193277310926,64.232777772841,1045.525490978984
2026-01-02 13:40:00,CYCLE_VENTILADOR_DEFECTUOSO,146.1073920093842,150.9912095097513,152.95627816721105,110.13481141131862,2.717322612612384,8.139192847660441,43.237682092649116,26.186410057706052,35.114392301333325,1.554961831782174,160.84033613445376,63.03492334476142,1048.6229109718815
2026-01-02 13:41:00,CYCLE_VENTILADOR_DEFECTUOSO,146.13522503119006,151.35047168788748,154.3248422961348,104.75384064654638,3.515805094516942,8.556163412195131,42.834218325579016,26.642021330743837,32.206848434875255,1.553971184472082,161.84873949579833,62.19527615890472,1047.4622660178297
2026-01-02 13:42:00,CYCLE_VENTILADOR_DEFECTUOSO,148.0340645699864,155.41474780400534,159.3922717085727,110.14304763562677,2.3033398862772456,8.227522547121112,43.644048898530215,26.674037156101736,31.571044555168285,1.553397119758514,162.85714285714286,63.27732465692024,1043.9401689513422
2026-01-02 13:43:00,CYCLE_VENTILADOR_DEFECTUOSO,150.0894381670088,154.95050998333582,159.66287555934713,107.66995554005618,2.410353992703605,8.911196416275699,43.53207103776192,26.81084655582599,31.75183882943464,1.5515606309199435,163.8655462184874,62.5510940820246,1035.6946406495097
2026-01-02 13:44:00,CYCLE_VENTILADOR_DEFECTUOSO,150.74116535740743,155.82274179859198,160.70863065263086,108.00535050763112,2.270702644345733,8.543265278949411,43.9558438078511,26.624744688238454,30.723687284122892,1.5529378948237569,164.87394957983193,62.99252872414186,1042.1171261349427
2026-01-02 13:45:00,CYCLE_VENTILADOR_DEFECTUOSO,152.71299040803407,157.04566849945348,161.281118776912,111.75830362628513,2.636102581410531,8.261580016701082,44.6616954855044,27.22103624396938,31.803497069560418,1.5516380204163884,165.88235294117646,62.4934772889794,1035.7803179781995
2026-01-02 13:46:00,CYCLE_VENTILADOR_DEFECTUOSO,154.56769921862644,158.0615388931921,164.68687789732255,114.02448910797382,2.8005462893007294,7.486965958629421,44.39805401367227,26.93117291854804,32.14232385168937,1.552180279807637,166.890756302521,61.743151896698905,1028.9532531011255
2026-01-02 13:47:00,CYCLE_VENTILADOR_DEFECTUOSO,156.6925244621351,159.91483699776222,164.1374093879636,115.67170231890383,2.6083024041615426,7.910133742994939,44.28514050390288,26.748204123286758,31.06876456263042,1.5521453191114836,167.89915966386553,62.04592890301877,1022.8310986821256
2026-01-02 13:48:00,CYCLE_VENTILADOR_DEFECTUOSO,158.79431766856612,161.73440083395232,167.60757605953876,116.6026347445548,2.6069895235796796,8.035832069875426,42.89600120432009,27.025000552092255,30.11486101501072,1.5534349127311082,168.9075630252101,62.50290867932548,1030.1577584909344
2026-01-02 13:49:00,CYCLE_VENTILADOR_DEFECTUOSO,158.54406691849368,163.05710794261577,167.136927965554,115.48220434071007,2.8326374263749945,8.348315750608874,44.425689454807646,26.918950486300457,31.41483319618011,1.5526426586383335,169.9159663865546,61.606095274423936,1035.0119069701393
2026-01-02 13:50:00,CYCLE_VENTILADOR_DEFECTUOSO,162.14813296267454,164.339530426321,168.93926484636805,115.81441524380611,2.6602920222989903,8.318666520636096,45.277274075414326,27.56188575070242,30.077776385644515,1.5527039113486738,170.92436974789916,60.99520246029411,1018.628058536867
2026-01-02 13:51:00,CYCLE_VENTILADOR_DEFECTUOSO,163.11773997410756,169.13501615617992,172.15134554309847,121.39941914717062,2.9249855212640954,8.084770205109143,42.521417582648866,27.195664839876954,29.417091470809833,1.5510054844394365,171.9327731092437,60.550215730827716,1020.8498554285427
2026-01-02 13:52:00,CYCLE_VENTILADOR_DEFECTUOSO,164.0417185358945,166.86735851244103,173.80673208388203,121.59323729559463,3.1872114804933696,8.060174957688586,44.82539423166773,27.51026140283128,30.404284479730997,1.549066957602497,172.94117647058823,60.79038824480296,1022.0890479398957
2026-01-02 13:53:00,CYCLE_VENTILADOR_DEFECTUOSO,165.0665841505225,169.7664976338753,175.01583938270932,119.14920506644587,3.0770587207721745,8.360228447538034,44.40018317447385,27.401663690331297,28.552519890410874,1.5496632911863624,173.94957983193277,60.80333523045904,1010.0474413557629
2026-01-02 13:54:00,CYCLE_VENTILADOR_DEFECTUOSO,166.71054946341357,171.78862966488435,174.56799551426317,121.07592554467276,3.1592619873428385,7.570706887185007,44.06995493095934,27.45675447082061,30.295702089381756,1.5478782653472927,174.9579831932773,61.25033570241241,1010.6852149404666
2026-01-02 13:55:00,CYCLE_VENTILADOR_DEFECTUOSO,169.19746509177577,173.32079997234325,176.82026480544204,122.84684375404923,3.241741910006638,8.847757909624928,45.14454269656566,27.28181470996228,27.4215463739963,1.547650047812858,175.96638655462186,60.11184427365721,1006.6433984963998
2026-01-02 13:56:00,CYCLE_VENTILADOR_DEFECTUOSO,170.686698560492,173.98140781117525,179.07334812488574,123.57486576785246,3.0218232379515775,6.976416557418265,45.773722700028266,27.86753408026198,29.625259419980512,1.548661343260831,176.97478991596637,61.28107762353709,1011.5017319893823
2026-01-02 13:57:00,CYCLE_VENTILADOR_DEFECTUOSO,172.26573830064603,175.2499591403689,179.39466507229355,125.66470226356856,2.9103908854643805,8.727704741086015,45.29707121041189,28.09176902363508,26.328698190298983,1.5494080281169256,177.98319327731093,59.66755834836091,1010.344107084139
2026-01-02 13:58:00,CYCLE_VENTILADOR_DEFECTUOSO,172.15879368264285,177.5677251405445,183.5876901298789,128.04464833135208,2.747315675373697,7.977407235787419,44.69325121579771,27.732772870281593,27.358849777459177,1.548743442628977,178.99159663865547,61.33381027316918,1003.1571534622882
2026-01-02 13:59:00,CYCLE_VENTILADOR_DEFECTUOSO,174.22056134019357,178.8327600555024,180.58893107612124,125.17126774618806,2.882646550909284,8.501289907135797,44.433918105355104,27.690954177000265,25.88304205543077,1.5471549394925688,180.0,60.86275927837723,996.6330637240236
2026-01-02 14:00:00,CYCLE_VENTILADOR_DEFECTUOSO,176.61225580794644,179.68924939827895,184.065512581557,127.30656642235182,2.8428943401969318,8.181920217146306,28.086776580273725,22.160663208547565,27.385864984506856,1.5476644343542243,180.0,50.070583124694,998.2288362482886
2026-01-02 14:01:00,CYCLE_VENTILADOR_DEFECTUOSO,175.81946770711514,179.6936726629455,185.95644714557102,130.89740378013263,3.2195016979862734,8.173017205455402,28.565788711893937,21.702166829887133,25.881557816223935,1.5490066911370846,180.0,49.215422737058766,998.1063129899877
2026-01-02 14:02:00,CYCLE_VENTILADOR_DEFECTUOSO,177.7365751378044,182.55716689546648,184.70594296454024,129.64801323971113,3.104034766378259,8.27712723801326,27.851537863793194,22.306731825797996,26.370301410285624,1.548344453058419,180.0,50.05082455556789,997.3474697465094
2026-01-02 14:03:00,CYCLE_VENTILADOR_DEFECTUOSO,179.65449891124038,183.25939471917528,187.95977995934078,130.43459439918607,3.2090273588142906,8.40452714454389,27.951413241322037,21.91334643208391,25.433024791429133,1.5475411402000119,180.0,49.924378345174794,1001.4764927414138
2026-01-02 14:04:00,CYCLE_VENTILADOR_DEFECTUOSO,182.18056813171225,185.30045818605737,191.85139706118744,130.40154004478984,2.6518989431699547,7.83558458670638,29.860702764819838,21.9049522468845,26.851940272697846,1.5470162382371428,180.0,49.51991018386518,1004.8118451615994
2026-01-02 14:05:00,CYCLE_VENTILADOR_DEFECTUOSO,183.59820658086235,187.53986788622035,192.53634036386356,133.95071834671188,3.4295248452723235,8.517399565263117,28.856534992547612,22.206668783049544,25.06663911872378,1.54758784694795,180.0,50.341803892419065,1005.1011871522907
2026-01-02 14:06:00,CYCLE_VENTILADOR_DEFECTUOSO,183.53974185094955,189.24726215718303,195.70454201083857,136.21558458098013,2.871905888547971,7.457764688210609,28.941239285153433,21.980689156817544,27.283769638232506,1.5488163645543649,180.0,49.823710688620395,1003.7345017134808
2026-01-02 14:07:00,CYCLE_VENTILADOR_DEFECTUOSO,183.22662775012722,192.17350239693377,196.89123083044467,131.6423886766661,2.6699950073776013,7.9973347133369375,27.41678124487524,22.078205775118214,24.32885597068345,1.5475767577429844,180.0,49.91729797603744,1004.6225071749593
2026-01-02 14:08:00,CYCLE_VENTILADOR_DEFECTUOSO,186.44259311531607,190.50228472747634,196.66682803648564,136.51094855984155,2.868234670553456,8.417984962136138,27.910398165753186,22.32170067366224,24.28992342270573,1.5460784759336597,180.0,50.21211328036039,1004.6944674195798
2026-01-02 14:09:00,CYCLE_VENTILADOR_DEFECTUOSO,186.03327555083013,193.0648056779544,197.51114081442506,135.9110808003647,3.7451297977762525,8.497508789807945,28.4212422369466,21.796318494750373,26.35865143059533,1.548418472255592,180.0,50.06568051530298,1000.4576526424457
2026-01-02 14:10:00,CYCLE_VENTILADOR_DEFECTUOSO,186.20245761119833,193.357533086092,198.06949838706126,136.53731133436912,2.8836849400525297,8.2303944241307,27.817431318339526,22.641816933096425,24.87696014718847,1.5482411494677022,180.0,51.43137378719424,1006.9122473839907
2026-01-02 14:11:00,CYCLE_VENTILADOR_DEFECTUOSO,187.18653599175857,195.25837906940677,195.51708344318362,134.25130486336982,2.9024710585587226,7.803303781022132,29.419986981305044,22.353203753204745,25.319007397421554,1.5484940422633924,180.0,50.163574512489845,1004.5617266877533
2026-01-02 14:12:00,CYCLE_VENTILADOR_DEFECTUOSO,189.65750495384196,194.95732220794204,197.59237632843602,136.90214878811065,2.942368595811097,8.448353889184352,29.347520318211604,22.116970770321185,25.141620009996114,1.5478021114227747,180.0,50.69098207228981,1002.1306211372206
2026-01-02 14:13:00,CYCLE_VENTILADOR_DEFECTUOSO,191.30545884412646,193.4620362982635,199.79302461472582,140.6699697289902,2.9554138849705636,7.665316880440623,28.222735087306788,22.20314383912984,24.443264721857247,0.4971987383260488,180.0,50.58238352508043,1009.6257566145206
2026-01-02 14:14:00,CYCLE_VENTILADOR_DEFECTUOSO,189.97336811487557,192.86051717105394,200.67331409994594,138.19975953114155,2.77442344512761,8.875704536874455,29.65468327821414,22.63588692309035,25.874455292778958,2.718428254771525,180.0,50.725046668084666,1005.0240982481688
2026-01-02 14:15:00,CYCLE_VENTILADOR_DEFECTUOSO,190.27138931531113,195.39420199095966,200.38011341241503,140.20418972664118,3.060696454697812,7.957664551250168,28.62318660212896,22.58866387347913,27.007160353225,1.3497106448097933,180.0,50.802231189094655,1007.6989241818061
2026-01-02 14:16:00,CYCLE_VENTILADOR_DEFECTUOSO,191.3639011517816,194.3147191600816,198.89563492603926,136.89677547525912,3.3492772670634583,7.230187152897019,30.22070881729784,22.776631082743062,27.00294876996614,1.9449404230665084,180.0,51.06734691112458,1009.487480221247
2026-01-02 14:17:00,CYCLE_VENTILADOR_DEFECTUOSO,187.85433317957873,193.53721341858363,200.86212082566905,139.80256794869175,3.129751854115558,7.402658265991724,28.795150639593356,22.39346920584429,26.452026556978577,1.3264134919340815,180.0,50.79882973044209,1001.645673366652
2026-01-02 14:18:00,CYCLE_VENTILADOR_DEFECTUOSO,189.93439077468756,192.79647437738421,201.12605467355607,139.12711900590804,2.7109817346699367,8.021821818439793,29.095240908539953,22.619993669803613,27.549750598009258,1.0662786983545436,180.0,50.81695405713108,1005.1075157222249
2026-01-02 14:19:00,CYCLE_VENTILADOR_DEFECTUOSO,188.74247171266435,193.95841631581953,199.92629829853647,138.817047907258,2.9498938177278062,8.069912635663027,29.63057142621824,22.676561074916048,25.345227584147537,1.8850657238497794,180.0,50.77260070371868,996.8670869496352
2026-01-02 14:20:00,CYCLE_VENTILADOR_DEFECTUOSO,188.73171386144097,194.87203812569786,199.29168398474764,137.95211830511616,2.8966056340454163,8.984828342475549,29.598226773155723,22.760778217962585,26.0792330214564,2.2699796473209934,180.0,50.71296339903117,1009.4364988691589
2026-01-02 14:21:00,CYCLE_VENTILADOR_DEFECTUOSO,186.62600434448353,191.72759990621148,196.5942225094751,137.10739533785147,3.086811959414332,7.480750331192887,29.179012205267703,22.877559990411157,27.339164255900926,1.8777812808241645,180.0,50.36503529201398,997.2868967141156
2026-01-02 14:22:00,CYCLE_VENTILADOR_DEFECTUOSO,185.24544401746098,191.94859253656514,197.58458669972364,132.6342253750356,3.4789318852805735,8.019731099651965,28.82871928877632,22.538927057624445,26.905399422049967,1.1765372432109218,180.0,50.829211312686944,999.9344947346766
2026-01-02 14:23:00,CYCLE_VENTILADOR_DEFECTUOSO,185.29423242920546,190.0176792319149,195.37441765182245,133.15061967432914,3.0439978098735994,7.470289296458971,29.262613450310194,22.689714102622844,27.173379166071754,4.040794585156274,180.0,51.01893743059873,1006.5542669127133
2026-01-02 14:24:00,CYCLE_VENTILADOR_DEFECTUOSO,185.89333728593633,187.38330400993553,194.60944842678458,135.57814035343046,3.0710824528867335,7.753672573393298,28.505049045533752,22.620574004826558,26.706245336758712,2.3767354996724923,180.0,51.13798885121502,999.6412860713816
2026-01-02 14:25:00,CYCLE_VENTILADOR_DEFECTUOSO,183.63948730386562,188.50590132036433,193.1335760384854,130.74043407186122,3.639688624061666,8.841986015034669,29.12655641172855,22.762020111266093,25.794932843804713,2.1932691859379254,180.0,51.06559399657576,995.1437682083657
2026-01-02 14:26:00,CYCLE_VENTILADOR_DEFECTUOSO,180.60707976520476,184.9218908771353,191.16657776562886,131.47619019552778,3.378123240785322,7.431831888422004,28.410094762962267,22.942045580930618,29.3218346927064,1.3063530135658037,180.0,50.897458970058295,1001.9541781001546
2026-01-02 14:27:00,CYCLE_VENTILADOR_DEFECTUOSO,178.15021618059848,184.80602253184693,188.83081941042246,130.54038214155236,3.2963520927837706,8.293521212033918,28.047435440108735,22.501241761255326,28.890676736597243,1.1176999891723498,180.0,51.02381884750858,1001.148783033467
2026-01-02 14:28:00,CYCLE_VENTILADOR_DEFECTUOSO,176.23318859484885,182.8640104994498,188.26393364987118,128.78337119768557,3.7204334576103295,8.196453679507195,29.186383246261553,23.08348162182815,29.955272009455467,1.354678184788902,180.0,50.813892964707314,995.2359397912741
2026-01-02 14:29:00,CYCLE_VENTILADOR_DEFECTUOSO,178.2891065291232,182.80512348136276,188.0121179927885,129.16115768597317,3.288803614325987,7.987914286820896,29.95352990342735,22.66319327193038,28.752989744965177,2.290684217320163,180.0,51.2856183298488,994.9433730091602
2026-01-02 14:30:00,CYCLE_VENTILADOR_DEFECTUOSO,174.00462775699276,178.90606639558357,184.74656095534343,128.17017421099308,2.554768360162513,8.259718311595869,29.791550762457426,22.85883731777225,29.17824322326566,0.8637150380377799,180.0,51.056662705322466,994.5728933079998
2026-01-02 14:31:00,CYCLE_VENTILADOR_DEFECTUOSO,173.20104972301507,179.0873085025753,184.79667650675853,129.1867994997773,3.4093924949878645,7.419989809028356,29.226689859756917,23.198236123797727,30.0014860544806,0.8107634868754866,180.0,51.29565577326393,994.740580687761
2026-01-02 14:32:00,CYCLE_VENTILADOR_DEFECTUOSO,173.63523702151846,176.07010328682222,183.07465100204305,125.35622636857059,2.6908564953561473,8.82816125390178,30.36366040585963,23.04403611068969,31.43361483977839,1.9192416578891134,180.0,51.74385095751555,987.4320845338938
2026-01-02 14:33:00,CYCLE_VENTILADOR_DEFECTUOSO,168.60538863516072,174.9582983431676,180.33111658644484,123.67092126680228,3.312926907934463,8.96242274756176,29.01351484647322,23.07517207893689,30.65014599796452,1.766635455621538,180.0,50.92676741084377,993.3777811255162
2026-01-02 14:34:00,CYCLE_VENTILADOR_DEFECTUOSO,170.87585932746083,169.7539335700806,180.90686167562401,124.09687681114957,2.6720684899889435,8.023552348879656,28.243588592208447,22.79981374342419,32.626167978604336,1.0125081572248578,180.0,51.61771294028211,1000.2899310699303
2026-01-02 14:35:00,CYCLE_VENTILADOR_DEFECTUOSO,167.39068928242472,175.2380857508865,177.4309500109133,119.13020102814114,3.055001203975726,9.211553065306777,28.124211021660624,22.855631041747912,30.098830715526837,0.790515892272521,180.0,51.373807339268055,989.1228540404397
2026-01-02 14:36:00,CYCLE_VENTILADOR_DEFECTUOSO,165.00884532929012,172.0818009756287,178.36853828601483,123.1362646069322,3.094788733080727,7.80048603422504,28.763783646381285,23.281040695961117,31.56833631687831,2.535125836813911,180.0,52.40555232998653,989.5949987236476
2026-01-02 14:37:00,CYCLE_VENTILADOR_DEFECTUOSO,164.8790101488701,169.29047933779492,175.87410893665768,122.93739142815248,2.981754624662149,8.20021599692814,30.001337993231207,23.003129331128203,32.23755575870241,1.7907587222500858,180.0,51.32447259940724,986.5223263562331
2026-01-02 14:38:00,CYCLE_VENTILADOR_DEFECTUOSO,163.20736810185696,167.76184018382241,174.24015898881092,121.91389014917908,3.1170010225423015,8.715944531887256,29.16918073572798,23.049967276893753,33.91685266535223,0.6050345823105613,180.0,51.81778391773705,992.7274618459713
2026-01-02 14:39:00,CYCLE_VENTILADOR_DEFECTUOSO,163.6242517296303,167.5389099485828,172.2220087200113,118.03835497703359,3.5402914026758134,7.770497769888546,29.865166747653504,23.369550080624276,33.07187986214623,0.653398335392281,180.0,51.51536652560046,994.2522978878953
2026-01-02 14:40:00,CYCLE_VENTILADOR_DEFECTUOSO,161.47124917400373,168.14916172835834,172.3425867780367,117.2133543246477,3.025203277787768,7.309225470560281,30.614716602453587,22.994401476180382,34.64870989032191,1.297423713762531,180.0,50.85093271771799,993.3966404245261
2026-01-02 14:41:00,CYCLE_VENTILADOR_DEFECTUOSO,159.25110289856173,164.31594754367995,171.50744164905765,118.3339872637239,3.411797680156783,7.194141467190573,29.00506499149492,23.28566538044798,32.323588099918666,2.0516863923788966,180.0,51.32204028814836,983.2617816106463
2026-01-02 14:42:00,CYCLE_VENTILADOR_DEFECTUOSO,160.72659889545352,165.8642262471197,169.69558634208622,118.7733227600488,2.9674267892894166,9.03041328195133,29.990217005337826,23.267639469322937,33.683384027675515,1.9577314062662785,180.0,52.05982264370495,989.2294151449901
2026-01-02 14:43:00,CYCLE_VENTILADOR_DEFECTUOSO,158.96591987228868,167.76287550632765,170.554292049471,117.9729034954148,3.209138073121955,7.735487674680611,30.064302241082743,23.28556168928112,33.5573286704536,2.3273974193080447,180.0,51.440342212008716,992.0451111412275
2026-01-02 14:44:00,CYCLE_VENTILADOR_DEFECTUOSO,160.60220964116948,164.0420992123734,169.6215071400233,117.91002584905897,3.372005990805815,7.907131618290751,29.262097923655848,23.20924944852774,34.756165373337836,0.5185455892075623,180.0,50.58356144380665,987.7110652045126
2026-01-02 14:45:00,CYCLE_VENTILADOR_DEFECTUOSO,158.8591640770356,165.42746926825455,171.22334432836308,119.81139821298272,2.9847619507899985,7.443617960839473,30.628488554105235,23.223595951154824,33.229019198635555,1.6995320649789643,180.0,51.71488377692521,986.806653687576
2026-01-02 14:46:00,CYCLE_VENTILADOR_DEFECTUOSO,159.78914294631292,168.0674945452027,172.1861171648629,117.66199818016204,2.899070610770346,8.474169639664595,29.68055990714976,23.1503130340767,35.4237242340084,2.5273281094316866,180.0,51.22120606992078,982.3790128745904
2026-01-02 14:47:00,CYCLE_VENTILADOR_DEFECTUOSO,160.84834435956168,166.43806311771866,169.40815102087646,117.07477602895653,3.4490164506852055,7.609220070387708,29.659951270928413,23.48872204642873,34.16231688159188,2.46378587949735,180.0,51.86996299873657,984.2369035274027
2026-01-02 14:48:00,CYCLE_VENTILADOR_DEFECTUOSO,160.7895210559111,166.24729998893136,173.35784019197547,122.02317428232797,3.647243390181717,7.754368486169339,31.193982627457643,23.284542534513545,33.232528603119285,1.791514261981922,180.0,52.6161963041224,987.3226970706613
2026-01-02 14:49:00,CYCLE_VENTILADOR_DEFECTUOSO,161.91652001020972,167.27716500570722,171.72773037538593,118.55156808122352,3.2954660294013003,8.14976020970808,30.277275059880594,23.63768068278912,34.26741879233971,3.162033879267943,180.0,52.261806511527865,983.0526321275903
2026-01-02 14:50:00,CYCLE_VENTILADOR_DEFECTUOSO,163.15401534221024,166.91130764135653,171.44102158151895,116.97674308725657,3.1908579281484872,7.4679770363772136,30.555174329811297,23.42455212241305,34.16972681324943,1.963836467920832,180.0,52.68174507619544,976.2411168992651
2026-01-02 14:51:00,CYCLE_VENTILADOR_DEFECTUOSO,161.81214270968167,169.81737370255397,174.39173393976196,119.2983546011486,3.383620681290001,7.910708865242888,30.849101421914586,23.28307235975959,36.91242769328942,2.2630497337626894,180.0,51.6688824282187,978.4531931307957
2026-01-02 14:52:00,CYCLE_VENTILADOR_DEFECTUOSO,164.12133489894092,168.77704664185222,173.95102018199404,119.00213453747192,3.3624283054810857,8.701104794751634,29.68182363781699,23.47226296780683,35.490644569607184,1.5756540867884692,180.0,51.91415628635614,983.9697623871083
2026-01-02 14:53:00,CYCLE_VENTILADOR_DEFECTUOSO,161.32228694232683,168.02578200130662,175.51514965036498,121.38859151413084,3.4275213569328336,8.214127198758431,30.85771584021892,23.46247759289854,34.754691009039945,1.0070115222799518,180.0,51.499499879239835,979.7897447144985
2026-01-02 14:54:00,CYCLE_VENTILADOR_DEFECTUOSO,166.84353803721936,171.13776049373635,176.36453489846872,120.80730598804992,2.60504332949333,8.06527114621418,29.842170710917383,23.77104908557236,34.20139680946288,0.9412811789335033,180.0,51.7155500705055,978.1864284514594
2026-01-02 14:55:00,CYCLE_VENTILADOR_DEFECTUOSO,167.51140616800558,171.77436554267922,177.20261687659703,123.12193248747668,3.0516518371056423,8.107432354731932,29.851782106457133,23.519759936521417,35.29184560130248,1.6700708250426657,180.0,51.62985627154405,974.8119059587216
2026-01-02 14:56:00,CYCLE_VENTILADOR_DEFECTUOSO,168.1000600270128,174.00630849343668,180.4667040065048,123.49785858783743,3.1276803576923613,7.805432452011718,30.050366213588493,23.562397827683544,35.09870350290954,1.3991293177761546,180.0,51.47553497321938,980.5680663297242
2026-01-02 14:57:00,CYCLE_VENTILADOR_DEFECTUOSO,171.13372404532302,175.50897914336903,180.73639543358703,122.02329780285605,3.435375942744873,8.998076159877463,29.875094610441547,23.923773730480878,31.070193907635463,0.3245521917045655,180.0,52.84729122026774,981.5134496090069
2026-01-02 14:58:00,CYCLE_VENTILADOR_DEFECTUOSO,173.6875436494151,178.7837113830688,180.8888093387274,126.13822518653053,3.45474528414607,7.593921434732966,30.776148130332025,23.7666831328783,34.213919094546625,0.8356259801944881,180.0,51.153715701766366,979.1590511776016
2026-01-02 14:59:00,CYCLE_VENTILADOR_DEFECTUOSO,173.2686999377938,179.74224720423103,184.84106687057783,128.01493542131573,3.598702330532588,8.105463080981965,30.477451082457748,24.02087322350326,33.57153295657961,1.3227128328380147,180.0,52.919962555757884,978.9814990077848
2026-01-02 15:00:00,CYCLE_VENTILADOR_DEFECTUOSO,174.2829370605053,180.8020854420184,184.31727766822968,128.43595743683713,3.4939889735584946,8.057512783171404,30.056406360399627,23.963176765634504,32.188128688518844,2.0457805693186994,180.0,52.89298196115785,971.3532069355663
2026-01-02 15:01:00,CYCLE_VENTILADOR_DEFECTUOSO,177.1915379776046,182.06090328802293,185.9642460501873,127.99499193933082,3.0353601925471487,8.504381253566567,30.789602519755356,23.55670074685944,34.30238119346249,1.5328024625610204,180.0,52.55476821041681,969.9680614293634
2026-01-02 15:02:00,CYCLE_VENTILADOR_DEFECTUOSO,176.9503943408221,182.35490055992338,190.34628893554662,130.21213740363314,3.8685483638068545,8.55158696939682,30.253286997017693,23.954615095377147,35.74891126209969,1.4954282466053275,180.0,51.78239543725583,970.3982360372922
2026-01-02 15:03:00,CYCLE_VENTILADOR_DEFECTUOSO,179.28611051438088,182.53504341439125,189.01238798280403,131.6033956135831,3.824888734426032,7.983990597756464,30.2547859923931,24.083899851438133,34.15857738522268,0.8641429417151973,180.0,51.58319439363137,970.2625310443841
2026-01-02 15:04:00,CYCLE_VENTILADOR_DEFECTUOSO,183.0201117483849,186.7643844194535,189.1503115829807,133.91871215701826,3.074720321259231,8.145333246556525,30.513801452054167,24.10733518868445,34.14082326070896,1.5615126937193307,180.0,52.13456652987679,974.5957582173926
2026-01-02 15:05:00,CYCLE_VENTILADOR_DEFECTUOSO,183.03566084891,188.99145617961287,194.09268436603514,134.3806015154032,3.56085736144755,8.164267376956975,30.79535777759908,24.020040765268867,34.61208919011582,2.456002931822953,180.0,52.75566643565474,972.7225853859682
2026-01-02 15:06:00,CYCLE_VENTILADOR_DEFECTUOSO,182.03133046565497,189.2350088354974,194.31364807201575,134.97463693317874,3.291284722430377,6.8639291722146965,30.78360454862121,24.03728739237727,32.06377673648862,1.6546679521574659,180.0,52.47882516088237,969.4966410349582
2026-01-02 15:07:00,CYCLE_VENTILADOR_DEFECTUOSO,183.35934742151886,189.953708594722,195.6535331719478,134.7945464179749,3.5204374996314325,7.205505198761112,30.363881241544103,23.804320654825343,31.046050067275264,0.5084419283336199,180.0,51.98957791816948,961.2758374605551
2026-01-02 15:08:00,CYCLE_VENTILADOR_DEFECTUOSO,186.82931978107632,192.27349364278047,196.66378695099598,134.0406469013763,3.8036376516318158,7.697468154639015,31.121949140424064,23.718152034970345,33.313853731597504,0.6861950563172354,180.0,53.1193094710801,959.436862525686
2026-01-02 15:09:00,CYCLE_VENTILADOR_DEFECTUOSO,188.66663443933268,192.61451891291676,198.3235287022266,138.9987212819964,4.135542112503529,7.719200661811565,30.511810970646817,23.835662813749128,32.47866254812378,1.955525962760163,180.0,53.421121155516005,965.7071565880146
2026-01-02 15:10:00,CYCLE_VENTILADOR_DEFECTUOSO,186.55461240389042,195.60288070085642,198.0136426451875,138.42598718236997,3.7307604090180106,7.400358789017934,30.283531732270202,23.59332530665292,31.001070254383965,1.3965785678066078,180.0,52.49919324157244,967.175431715018
2026-01-02 15:11:00,CYCLE_VENTILADOR_DEFECTUOSO,189.75708035597802,195.78240646452133,201.41729921174715,140.4849374730877,3.602723782876255,8.374791285686815,29.826690889470232,24.214714817001898,32.39087240648506,1.4982057905547768,180.0,52.70056345666963,962.7105151686517
2026-01-02 15:12:00,CYCLE_VENTILADOR_DEFECTUOSO,191.38536958062616,196.02755197793502,198.4534054846099,137.76298941874626,3.4211632767187115,8.001059210508735,31.328095512314167,23.909062488458005,33.27996999660757,1.1274800720106564,180.0,51.924709633080234,969.1708617437971
2026-01-02 15:13:00,CYCLE_VENTILADOR_DEFECTUOSO,192.4696206886366,196.202133488818,201.18135304649812,140.597529858271,3.58661635338254,7.892652726306581,30.77600674119803,24.24324214243258,32.497973519324724,1.8973812972353006,180.0,52.50501432526107,957.1785649971326
2026-01-02 15:14:00,CYCLE_VENTILADOR_DEFECTUOSO,190.85613789930312,194.0006100496207,201.67991758957913,141.0778057922027,3.9487737249456676,7.371922362746306,30.92517677715977,23.757617546732874,32.335172810841634,1.3418340950166687,180.0,53.00033407899115,955.7965730459749
2026-01-02 15:15:00,CYCLE_VENTILADOR_DEFECTUOSO,191.15787153527813,196.4369189345808,200.09621666032774,141.34465496502722,3.5362957947872844,7.977727567877606,31.4559088741659,24.23906747013781,32.6307520887655,1.4212302071741383,180.0,52.9552794352269,956.8767576256463
2026-01-02 15:16:00,CYCLE_VENTILADOR_DEFECTUOSO,187.9165818040535,196.021090047497,199.71340068844316,139.70349315750633,3.2927408912788514,6.686657622000694,30.571446979572524,23.941871995157094,33.02403579225261,0.9614705908177714,180.0,52.556582964655796,955.8061870738827
2026-01-02 15:17:00,CYCLE_VENTILADOR_DEFECTUOSO,192.75935802015343,196.0619381285528,201.93313147918838,140.26673351257372,3.081533991896145,7.9185218445970795,30.06240136330897,23.801957612409232,31.230420660800643,2.1832966285945665,180.0,52.7056874994331,959.3800215094467
2026-01-02 15:18:00,CYCLE_VENTILADOR_DEFECTUOSO,189.15156670513107,195.52933754775862,199.13337806970895,136.1306180265829,3.7302215766421947,8.031591834403878,30.957742931014778,24.40191335842148,33.22646556474152,1.3932845274618213,180.0,52.65142089194412,954.9570887642717
2026-01-02 15:19:00,CYCLE_VENTILADOR_DEFECTUOSO,188.16818995581608,194.92919936489167,199.0480031847647,138.1350519642737,3.6593599189754276,8.12095749216075,31.129165279727115,24.315282433973508,32.24626681031579,1.9664736755603816,180.0,52.767833564739966,949.8863512456371
2026-01-02 15:20:00,CYCLE_VENTILADOR_DEFECTUOSO,188.27817344159413,196.9244671907404,200.14422467966926,138.9088792637675,3.4002672941764027,7.21794911826036,30.814869862213353,24.15317829779219,34.04897237593308,0.7240708148313919,180.0,53.150543662721425,957.855156775512
2026-01-02 15:21:00,CYCLE_VENTILADOR_DEFECTUOSO,189.5521690236698,192.74722245787552,198.2822720827467,138.75761254913814,3.910710248735268,8.112408368345738,31.884686825367538,24.134273781513723,32.63834793902262,2.744823220765637,180.0,51.98683677182564,947.2100727315158
2026-01-02 15:22:00,CYCLE_VENTILADOR_DEFECTUOSO,189.40859991510425,192.98451156102905,195.1121824868063,137.96285033825703,3.485239216574776,7.479284365067729,29.53628028197421,24.23171864424795,35.298442301958524,2.430848844403336,180.0,52.96492636922546,948.762316243731
2026-01-02 15:23:00,CYCLE_VENTILADOR_DEFECTUOSO,185.80808805151295,190.19584962061833,198.27126739357203,136.9897360075324,3.5802453132116128,7.593765083853833,31.72721809727844,24.19873425856557,34.47119668548594,0.23364219922243867,180.0,53.208399522822845,945.787515427329
2026-01-02 15:24:00,CYCLE_VENTILADOR_DEFECTUOSO,185.64398459713854,190.49997095828385,194.33485801750072,138.09733119250507,3.624505565637655,8.358965692911333,31.556745161321693,24.01700419583952,34.41356246422387,0.9969602837517827,180.0,52.779292925444345,951.4684311233307
2026-01-02 15:25:00,CYCLE_VENTILADOR_DEFECTUOSO,183.19021592891764,189.37195011718978,193.1870382146865,131.31058299310683,3.533085247853598,9.007056861679873,31.38264631244816,24.108356246152674,35.57127633230278,1.8782188229632448,180.0,52.85580322456673,950.4067104068226
2026-01-02 15:26:00,CYCLE_VENTILADOR_DEFECTUOSO,180.50293241387823,187.29347116328964,192.59459253042755,133.852617985425,3.717996855087882,8.02567937940134,29.133232899621902,24.59787163249512,34.8981545911551,0.6394036640993569,180.0,52.9010160612708,955.6878506941133
2026-01-02 15:27:00,CYCLE_VENTILADOR_DEFECTUOSO,182.0634509208012,187.40380544674554,191.58820367245264,131.70941779977204,4.001558144010898,7.591452270679884,31.930953319464923,24.754772470559466,36.15397666663627,1.4585881618120906,180.0,52.91723899047831,951.053593500507
2026-01-02 15:28:00,CYCLE_VENTILADOR_DEFECTUOSO,178.0370922509377,182.83334229458268,191.69111193116427,129.50204043748997,3.322225295663457,8.094335223755,30.570259205715253,24.547137261424293,36.08024316854825,1.8421631161861431,180.0,53.19006183766864,951.9553714629351
2026-01-02 15:29:00,CYCLE_VENTILADOR_DEFECTUOSO,179.084400007028,181.76940397064104,185.8112114080007,128.98639205541124,3.8203921715091727,8.469514578749573,30.906654713734426,24.344157916948454,36.58011031180246,1.4190959718596425,180.0,53.28178070267579,946.7796217404767
2026-01-02 15:30:00,CYCLE_VENTILADOR_DEFECTUOSO,177.24095199055787,181.05134223053562,187.24276370790855,127.61716044187057,3.734349995716889,8.310498782936367,31.13371237862575,24.19451782462466,37.80651350599781,1.9170577390185266,180.0,52.19698308353402,941.2045400457041
2026-01-02 15:31:00,CYCLE_VENTILADOR_DEFECTUOSO,174.86048522743678,180.29587137815304,185.59156055996738,128.2985752037802,3.737697808566355,9.371556436231874,31.504962003705405,24.115627747933093,36.5353586608966,1.0692598484348765,180.0,53.60344104029512,944.168020353665
2026-01-02 15:32:00,CYCLE_VENTILADOR_DEFECTUOSO,174.77652926980977,177.9138141419536,183.00085743973136,127.15842012036047,3.961988295533157,7.642331215452667,31.668253661850347,24.141646449466254,36.984484344193916,0.0021123357625314476,180.0,53.16155988444478,944.8118111375256
2026-01-02 15:33:00,CYCLE_VENTILADOR_DEFECTUOSO,173.75286151363758,177.73517398253387,182.6098590321266,128.41850838177749,3.7240904170040636,8.12611573995965,31.844026629689825,24.189926086677325,38.667912092838115,2.22695008233023,180.0,54.30239542225726,944.1785596996378
2026-01-02 15:34:00,CYCLE_VENTILADOR_DEFECTUOSO,169.40682577261276,173.94278453872818,181.33671950792288,123.13021577332513,3.8622362328786135,8.774458976709102,31.821197068887507,24.7429258253713,39.24602863967737,2.2227545236548534,180.0,52.769238298099516,938.9243805002956
2026-01-02 15:35:00,CYCLE_VENTILADOR_DEFECTUOSO,167.2564807770752,171.9795118183178,177.17453980983623,124.14553994782462,3.941793108046233,8.743079618509267,31.506438594309575,24.685697673997147,39.95920998906337,3.275899329476564,180.0,52.960346473287544,941.3247021674723
2026-01-02 15:36:00,CYCLE_VENTILADOR_DEFECTUOSO,164.681997394948,172.4115252008401,179.63209099341518,123.89850282558822,3.5845904239286934,7.0249610367378095,31.626865297442617,24.48507803412861,40.17695302090737,0.026704690208867454,180.0,53.32128104035181,935.194572688723
2026-01-02 15:37:00,CYCLE_VENTILADOR_DEFECTUOSO,168.40142586004433,170.7393185303434,174.45793099052133,123.00981145591899,3.8345212871550016,7.998321189980009,30.745118542454108,24.15471200885212,40.37441509438623,2.0677263842705527,180.0,53.657868926015205,933.7528488996156
2026-01-02 15:38:00,CYCLE_VENTILADOR_DEFECTUOSO,164.07884172091585,170.383502015011,173.87210768894715,119.85134983338605,3.6783962316156584,8.74226038292435,30.97084095655061,24.536087525074368,41.13872633175069,0.19440968764938482,180.0,52.50418031927582,932.4408892905283
2026-01-02 15:39:00,CYCLE_VENTILADOR_DEFECTUOSO,164.9892880915447,168.7214442437573,173.94851430354606,118.68222961657455,3.7226942447308664,9.445321495199568,31.980244242220675,24.32002235678474,41.10124656274263,2.762141426165564,180.0,53.093107102796225,935.4389884945567
2026-01-02 15:40:00,CYCLE_VENTILADOR_DEFECTUOSO,161.89147754573688,167.50152107858588,175.73371680550173,119.37456660876359,3.6747466245713216,8.351897941875409,31.96642730717496,23.94703940300906,39.386179249728414,1.8873009072240001,180.0,53.83119398621966,930.0963750738138
2026-01-02 15:41:00,CYCLE_VENTILADOR_DEFECTUOSO,163.92296821283827,167.11716290907248,172.3573342450254,117.7138469165532,3.9215554296118738,7.816068353151758,31.919134894347412,24.44458148934686,39.86992441491421,0.8940668113905273,180.0,53.08913062140975,931.697365582326
2026-01-02 15:42:00,CYCLE_VENTILADOR_DEFECTUOSO,160.68310871864497,166.68938476478377,172.14251047180485,119.76717663419775,3.81359098595627,7.495398423781305,31.19657666318154,24.22792186437663,43.77988324524175,2.0880191754357234,180.0,54.27564467700406,935.3199942753183
2026-01-02 15:43:00,CYCLE_VENTILADOR_DEFECTUOSO,159.6956868667709,165.8927662403135,173.50921401689618,121.87244141732117,3.916327048413783,9.109371678765424,32.071509087426186,24.243458493147205,42.16245959125167,1.1698753848182069,180.0,53.39090709651771,927.3931780812346
2026-01-02 15:44:00,CYCLE_VENTILADOR_DEFECTUOSO,160.63879395531816,165.77971490070567,171.20097832053972,117.68459683146556,3.8015748941180423,8.36437079323288,30.848067645436647,24.363372498369586,43.28480035013162,1.7570515947388665,180.0,53.19515653643611,928.1578765070752
2026-01-02 15:45:00,CYCLE_VENTILADOR_DEFECTUOSO,160.1775655267008,165.46733375811291,170.08131928555022,118.79375964246145,3.3344600641136557,7.575966536557291,32.21044198267084,24.321793308233097,42.20255540105076,1.6923881184313418,180.0,53.976734676073185,929.0915896081508
2026-01-02 15:46:00,CYCLE_VENTILADOR_DEFECTUOSO,161.6222939447521,167.0721594514957,171.0931879271816,116.34115993063953,3.833973157552652,7.8984218168331095,31.42632456021012,24.422227968465883,42.309940984122974,2.7537585629449453,180.0,54.50196416830527,928.602386661479
2026-01-02 15:47:00,CYCLE_VENTILADOR_DEFECTUOSO,161.0995409739526,166.5329449082557,173.50068916847616,120.14554693586423,3.8524902841377715,8.155093258414352,32.61177732941315,24.419851071963002,42.17482626019584,2.8024061136662315,180.0,53.93266841233006,924.8652316778281
2026-01-02 15:48:00,CYCLE_VENTILADOR_DEFECTUOSO,162.32969029149373,169.42493291171039,172.36339804987983,120.43995057617038,3.915073943604751,8.27190332694406,30.70644295462479,24.068008490350955,44.65003527403519,1.1400177202974442,180.0,54.380770047763924,928.2661199450948
2026-01-02 15:49:00,CYCLE_VENTILADOR_DEFECTUOSO,161.7987537949853,167.48268526210958,175.17407066299407,118.73417825864918,3.6730426692209766,7.550190671227105,32.69498686373939,24.753693228737184,42.984857800781135,2.2815955315839913,180.0,54.6147267317444,926.4496614880039
2026-01-02 15:50:00,CYCLE_VENTILADOR_DEFECTUOSO,162.07151779020552,167.35195561973282,174.47185829043826,120.2582673196353,3.501386777195032,7.692904790937254,31.437303233072328,24.259042782231987,42.37371267739595,1.797889092623557,180.0,53.34110048803637,927.2404652236489
2026-01-02 15:51:00,CYCLE_VENTILADOR_DEFECTUOSO,163.03336638396317,172.0832651507846,173.6839466153185,121.35192340874441,4.056275950530956,7.1735327188135205,31.443330949128878,24.270931159296918,40.43445585476988,0.5776049403103655,180.0,54.29661173449524,921.8288493899748
2026-01-02 15:52:00,CYCLE_VENTILADOR_DEFECTUOSO,167.18451439740699,170.37323286334873,175.52334625673672,117.51476303913168,3.795678254970408,8.51988114480239,31.80435589774536,24.40100421016161,44.55716740448186,1.0712734276957143,180.0,53.09083095922717,919.182460600885
2026-01-02 15:53:00,CYCLE_VENTILADOR_DEFECTUOSO,166.11987251008807,172.18558821682026,175.56466105531106,123.78465476580978,3.9379997011041437,7.829190766614842,31.285234991559562,24.449962392370924,42.19676726887074,3.1621188194748364,180.0,54.089929981754366,917.4457534842087
2026-01-02 15:54:00,CYCLE_VENTILADOR_DEFECTUOSO,164.69819931593588,172.93848633906697,177.0228382902232,122.90377004433583,3.8110547277001428,8.233160824591646,31.67570854277162,24.767949527607996,43.09797746501656,1.7953525082592627,180.0,53.866493091434236,919.7404432372567
2026-01-02 15:55:00,CYCLE_VENTILADOR_DEFECTUOSO,167.78010820038972,174.3026987544477,184.53289263154437,128.04418797963322,3.9025404688025396,8.711129254288164,31.291745946826296,24.534171443697176,43.078638641618426,2.236894076856279,180.0,54.548059755924754,916.2017988435628
2026-01-02 15:56:00,CYCLE_VENTILADOR_DEFECTUOSO,169.92841487423667,175.60716471045566,181.7955461151417,125.16975231348387,3.7784396770218622,8.109935071186973,31.328489839380055,24.597321373121925,41.64115605687676,1.4004899390282035,180.0,54.536900818370874,914.3722191428176
2026-01-02 15:57:00,CYCLE_VENTILADOR_DEFECTUOSO,173.5013162481468,175.1180170772935,183.0885638393465,124.45487177149037,3.6316664695244425,7.943514762025466,32.055654645997244,24.542284779969904,43.02240014188416,1.17534247552723,180.0,54.25961344220475,913.6229159944877
2026-01-02 15:58:00,CYCLE_VENTILADOR_DEFECTUOSO,174.04672090794003,178.4084769411356,182.8402642464513,127.78832515835367,4.073077309369174,8.096960738441966,31.236566183767813,24.536626339357685,41.224477661373676,1.5657422303517525,180.0,54.14763724217686,911.6337292693865
2026-01-02 15:59:00,CYCLE_VENTILADOR_DEFECTUOSO,173.26583572321346,177.93870090837254,187.03858473653452,129.05831803475348,3.758888049538728,8.031596801925113,31.330157099035052,24.554843151268937,41.07805413003276,1.3626373363414632,180.0,54.2760625147114,913.5039256226701
2026-01-02 16:00:00,CYCLE_VENTILADOR_DEFECTUOSO,178.85071724516143,180.89756999399188,188.05856434708815,130.63212702728669,3.997875785142994,8.623082498938972,30.980551315332768,24.108519992556893,42.7815676809491,0.5172972270337417,180.0,54.07597040756301,906.7545966503887
2026-01-02 16:01:00,CYCLE_VENTILADOR_DEFECTUOSO,177.48809111699555,181.81433537450513,190.58139294010545,133.40155543603447,4.08069467231316,8.155419198769394,31.514602906088303,24.44685869454714,41.41880805782442,0.8534996583124804,180.0,54.03744437694998,911.4765611366217
2026-01-02 16:02:00,CYCLE_VENTILADOR_DEFECTUOSO,180.58069400616685,184.6751329343305,192.0901876031305,134.20999757423266,3.7903790559295985,7.727799490210543,32.61623920796262,24.730675903715706,41.66901383252435,2.031361300186777,180.0,54.81203767325134,911.5591174162442
2026-01-02 16:03:00,CYCLE_VENTILADOR_DEFECTUOSO,179.22453385422284,186.17404373715502,189.64837785161777,134.40536781011278,3.614123445166614,8.523924528444875,31.33361455864599,25.28767667536959,41.40670768584522,1.2803930011908489,180.0,54.89464749994339,906.0308540596232
2026-01-02 16:04:00,CYCLE_VENTILADOR_DEFECTUOSO,179.2074093321824,187.82660601545945,191.57352715964834,132.81358577606258,4.711981084502412,8.615242178179177,31.413670308078288,24.258940824001638,41.449344280521956,1.559167772646626,180.0,54.064573272521706,913.4041979313007
2026-01-02 16:05:00,CYCLE_VENTILADOR_DEFECTUOSO,181.80290387677243,189.00328116338244,193.1159943410035,132.78669621466273,3.8346901024308546,7.3308346865897684,31.98005647304519,24.58461599206487,39.164057844729314,1.7020205750883242,180.0,54.2761662630181,905.655470803195
2026-01-02 16:06:00,CYCLE_VENTILADOR_DEFECTUOSO,180.9182665430347,189.2574576260063,194.52084455087268,134.18389092351694,4.188913077662816,8.766391942384052,31.651854784234807,24.385593294934672,40.22458038910274,1.7564650218562436,180.0,54.21986441922774,899.0331286814716
2026-01-02 16:07:00,CYCLE_VENTILADOR_DEFECTUOSO,188.58222048303685,190.90296813560306,197.2781512899045,137.759152357319,4.592593259821492,8.182355886604242,33.22142977964833,24.90874085398762,40.30263362212674,2.3320853633644303,180.0,53.39461854852611,902.1810459984088
2026-01-02 16:08:00,CYCLE_VENTILADOR_DEFECTUOSO,187.424232344643,193.44120497878777,197.3363124159797,138.52076178274606,4.256592783874609,8.141634975073298,31.796798832686886,24.227467129443177,39.440967135377655,0.7846868583033149,180.0,54.05342183870407,902.1189025390361
2026-01-02 16:09:00,CYCLE_VENTILADOR_DEFECTUOSO,187.05416881817297,194.6165841071783,201.50793215979766,137.0383367143911,3.9383538820381627,8.503312315798258,32.10479805548541,24.62183028957822,40.61118801665096,1.9365879386720977,180.0,55.042403175431566,902.1917388999133
2026-01-02 16:10:00,CYCLE_VENTILADOR_DEFECTUOSO,189.57088288229713,192.82448649289486,202.17781072944763,140.00066369440728,4.017218073293881,7.716511804497861,32.478851673814816,24.21362460116984,41.852179756945645,2.065237272541767,180.0,53.88831288425455,898.5415103484568
2026-01-02 16:11:00,CYCLE_VENTILADOR_DEFECTUOSO,189.97660196247762,193.0866578357833,200.6134965848519,141.60568414685872,3.796437088500747,8.477082257095462,32.475831418004596,24.429183917039367,42.096165063530236,2.2222690517861103,180.0,55.3408593254759,894.7307532141848
2026-01-02 16:12:00,CYCLE_VENTILADOR_DEFECTUOSO,191.0660533384545,194.62451359042043,203.54656265583944,140.61069170740032,4.31959444737771,7.811612265131072,32.069121551849186,24.483471356707966,40.24873130088482,0.5686928265025322,180.0,54.889773289814414,893.1943544127713
2026-01-02 16:13:00,CYCLE_VENTILADOR_DEFECTUOSO,192.18760347652898,197.16774019096385,203.4085538346523,142.4628797724292,4.2338329965759804,7.262524660144831,31.840105939865367,24.70131587880117,40.52344010738213,1.7181200025232748,180.0,54.52431627787388,893.4283004559785
2026-01-02 16:14:00,CYCLE_VENTILADOR_DEFECTUOSO,190.64274109592046,197.62731032394117,201.34381364939307,140.44173112912893,3.918490303547838,7.501121860446533,33.15840127010957,24.268594911068313,40.722684621891595,2.7249548718465535,180.0,54.62357921517916,892.4847702250001
2026-01-02 16:15:00,CYCLE_VENTILADOR_DEFECTUOSO,190.02587714657318,195.15231077639532,199.57202949597564,140.07186417847393,3.7690318717648137,8.283510916451613,31.890897197191993,24.61296336305567,41.51279375448896,1.473880455355236,180.0,53.90387668719647,889.2647305021264
2026-01-02 16:16:00,CYCLE_VENTILADOR_DEFECTUOSO,192.00170926653274,196.55890866356376,201.6556090963022,138.86880536162337,3.694180457463226,7.527265830002671,31.692075269194866,24.479909108919216,39.87374421381935,1.8738816075369324,180.0,54.24891902410697,889.3427602352153
2026-01-02 16:17:00,CYCLE_VENTILADOR_DEFECTUOSO,191.73443018809877,198.1561845950106,200.91426500036852,138.4305418615595,4.39537104477158,8.805038061594825,31.57548196890936,24.526188039101978,42.39596667673783,2.0768529659739463,180.0,55.12101604661654,892.7399109892474
2026-01-02 16:18:00,CYCLE_VENTILADOR_DEFECTUOSO,190.49501382267124,196.0572184770304,201.5455068601825,139.8333520800881,4.144395047184974,8.594641726719821,30.932376883633857,24.658381403456698,42.04496381235998,0.83228574274656,180.0,54.1115634808567,894.7630715405113
2026-01-02 16:19:00,CYCLE_VENTILADOR_DEFECTUOSO,192.43339626442224,196.71232674251274,200.85836299339357,137.42046910773618,4.1816447342661185,8.666719583016482,32.46646051374388,24.204899497721954,42.076422696776206,2.8043467156990807,180.0,54.967633113770816,890.4623510058053
2026-01-02 16:20:00,CYCLE_VENTILADOR_DEFECTUOSO,188.59101014756692,195.50253785213965,200.1303642508752,138.34046295992897,3.8791310504755723,8.062389289838706,30.5692465432126,24.61783712145144,42.69972809387248,1.884425294307684,180.0,53.76651252622331,890.9957486402851
2026-01-02 16:21:00,CYCLE_VENTILADOR_DEFECTUOSO,187.1903072527642,192.3670453551034,199.8442934276334,138.7599737762798,3.6958309721109437,8.12893080864748,31.97881415386937,24.33585666034273,42.79238251482362,1.8973373984206283,180.0,53.87364399295262,888.5700305058666
2026-01-02 16:22:00,CYCLE_VENTILADOR_DEFECTUOSO,187.79263026313907,192.25356753659636,196.78901768693927,139.47058830176863,4.4325322403837415,7.403144072877861,31.863055056435186,24.66234499991585,41.389616480490496,0.3938478155716656,180.0,55.440830211596236,886.77855413877
2026-01-02 16:23:00,CYCLE_VENTILADOR_DEFECTUOSO,185.3796480999249,191.42338130764435,197.64371788866993,137.50887926888166,4.165226143937407,8.497891755078745,33.3332370242367,24.50322870887402,42.58246890434998,2.0884115956940246,180.0,54.50135701244107,881.5518244072672
2026-01-02 16:24:00,CYCLE_VENTILADOR_DEFECTUOSO,185.5728793110672,190.29679966400332,195.4186206798948,136.65085521529483,4.433651095723511,8.189916727518543,30.893116176484913,24.387173655983272,41.43725339901353,1.8898191652839889,180.0,54.254885318832926,881.8186012668581
2026-01-02 16:25:00,CYCLE_VENTILADOR_DEFECTUOSO,182.67073705556686,189.9649995337962,194.88561473788917,136.73428098029527,4.054567024619542,8.28365281264613,31.453856166827684,24.303452709003416,43.7079767080742,2.6593868531839666,180.0,55.222086282624886,878.6201835615793
2026-01-02 16:26:00,CYCLE_VENTILADOR_DEFECTUOSO,181.79997213406094,187.96722012621674,194.411832377393,133.1524150970421,4.108167874531141,8.84415590572644,31.914833445186446,24.57811309595425,43.67585770863012,1.324403683370881,180.0,55.17992716065898,877.9522000271477
2026-01-02 16:27:00,CYCLE_VENTILADOR_DEFECTUOSO,183.09234291198143,182.49790652411903,190.34412092366102,132.31142111112695,4.402068945296374,7.697018508026245,31.879508638981427,24.657259516061398,45.10575191914646,0.8588472733953817,180.0,55.03341308162169,877.5605665306502
2026-01-02 16:28:00,CYCLE_VENTILADOR_DEFECTUOSO,178.8289162913474,182.939703751263,189.9755235338896,135.35795074208312,4.416650181073328,7.936929225061341,31.669395979413355,24.289734164371403,46.394463872378466,1.0707706644336799,180.0,54.30382416871385,878.3443179293631
2026-01-02 16:29:00,CYCLE_VENTILADOR_DEFECTUOSO,176.81511711824024,180.34985054343076,188.6363412419315,130.5655576914207,4.445081708851943,8.163335460771084,31.951187931820748,24.160560048710327,45.43706360423149,1.1926709750757263,180.0,54.46076861273629,876.0278710970833
2026-01-02 16:30:00,CYCLE_VENTILADOR_DEFECTUOSO,177.61949283336196,181.62756295685293,186.60978742679117,131.3679682142751,4.126117910983335,7.532282297270647,31.244262362678157,24.51648349932693,45.501794926148996,0.7691398890708395,180.0,54.7752120744188,872.7371300043569
2026-01-02 16:31:00,CYCLE_VENTILADOR_DEFECTUOSO,173.39436726242337,180.14812687409238,186.7550334579454,130.58807469551869,4.407908723077391,7.90620058936158,32.21409640485901,24.078039574080123,46.2403007659514,2.430063682145618,180.0,54.98148264927422,872.0874544504903
2026-01-02 16:32:00,CYCLE_VENTILADOR_DEFECTUOSO,172.28220357820723,178.65900720749158,183.27627843769824,124.84818680157237,4.565140656293132,8.246474905233484,30.606231528652838,24.096373852215567,44.84862334388929,2.4562220912787742,180.0,54.39464064243199,871.957589260127
2026-01-02 16:33:00,CYCLE_VENTILADOR_DEFECTUOSO,172.29789551050467,175.6621877582227,181.97393925449484,126.82017283490879,4.2098454780136425,7.837289364313585,31.982564627936572,24.134294589029103,47.23782203210619,1.4051472402867144,180.0,54.74856367102581,871.3461770138016
2026-01-02 16:34:00,CYCLE_VENTILADOR_DEFECTUOSO,171.275187408897,176.16642373079074,180.33897686269498,125.52496890413988,4.0960968372538735,8.654494704864556,31.636277303837293,24.25273225953378,45.044173138296664,1.2664372960888661,180.0,54.81091580454804,862.8009838121533
2026-01-02 16:35:00,CYCLE_VENTILADOR_DEFECTUOSO,170.2235812805514,174.82835954222534,181.1186507810257,126.07389492058599,4.661833892249106,7.244537719091503,32.604290904672276,24.05717483687754,47.39019453091687,0.2866186798073811,180.0,55.334341557800045,862.8655757964311
2026-01-02 16:36:00,CYCLE_VENTILADOR_DEFECTUOSO,166.55443089307042,171.15623085710914,177.91672738694206,122.13938690143381,4.07154215605667,8.56138562011667,33.04529355609307,23.924933035209833,49.82333483702976,2.020132114292278,180.0,55.08163675923869,868.6106666669567
2026-01-02 16:37:00,CYCLE_VENTILADOR_DEFECTUOSO,166.95499345319055,169.69332756070023,177.85578929882584,121.6247740959695,4.465585090124391,8.330592737408002,31.79062660764762,24.073490779547253,49.90190001312049,2.6797313807032674,180.0,53.96415999772332,863.3997962527934
2026-01-02 16:38:00,CYCLE_VENTILADOR_DEFECTUOSO,164.5791061842441,170.35254606786782,178.58062248338825,122.63144283213704,4.2680817127020765,7.715585706221704,32.82040699448287,24.41659782086682,48.84539624457715,1.0992002516605037,180.0,54.62361163989503,860.8152679579115
2026-01-02 16:39:00,CYCLE_VENTILADOR_DEFECTUOSO,163.4324329948891,171.5251042618922,175.14816654295282,121.14194289806251,3.742004985780653,7.537795715885001,31.792578090034077,24.020956112287134,49.34431151050452,1.4579022820488157,180.0,54.27860928813581,859.931088199851
2026-01-02 16:40:00,CYCLE_VENTILADOR_DEFECTUOSO,164.7568152175782,170.5698746587315,175.73355014119556,123.5897596846894,4.6419191558375825,6.959858691378774,31.39841166759564,24.194013695574217,48.59378140544345,1.837698935874067,180.0,55.039326291781606,858.5185198732541
2026-01-02 16:41:00,CYCLE_VENTILADOR_DEFECTUOSO,161.9495600607915,168.50381176843769,175.70815623711977,124.10622362928086,3.4848511115977843,7.602412493793083,33.021033241712956,24.63785282138904,50.29958232554153,2.7282773697816314,180.0,55.22884753684753,859.7626062126383
2026-01-02 16:42:00,CYCLE_VENTILADOR_DEFECTUOSO,162.38907123612785,166.39940862589492,174.38875014739284,122.81843680314107,3.7258350453026985,8.523588327501498,32.280924672098315,24.224768734372745,53.881540999809374,1.6770434891645898,180.0,54.82974306679677,852.9491405847141
2026-01-02 16:43:00,CYCLE_VENTILADOR_DEFECTUOSO,161.84442108226767,167.94359353227685,172.74584724851593,121.03155303968099,4.488138754042168,7.971957136860663,31.96565447545166,24.28884731997978,52.56051734036157,1.6732539523141903,180.0,54.65630098199767,855.1834864377237
2026-01-02 16:44:00,CYCLE_VENTILADOR_DEFECTUOSO,160.13607231293565,166.10120277928198,173.30717853789514,118.29027403098084,4.496927354669388,8.581490440195921,32.369395816911144,24.016520062437074,51.35474747733972,1.6608262175599962,180.0,54.83605332490271,854.4631988241945
2026-01-02 16:45:00,CYCLE_VENTILADOR_DEFECTUOSO,162.50698368636154,165.65127585924768,170.92587816478314,118.23239096991149,4.15639830257068,7.690064464687724,32.115282383458656,24.623461670849686,51.71060930268369,0.5554415691197536,180.0,54.916735819007116,853.5065214243624
2026-01-02 16:46:00,CYCLE_VENTILADOR_DEFECTUOSO,162.11104716669254,164.09203965046507,171.63310707516612,119.49323904093876,4.400885151892901,8.353553080053281,31.902452503517107,24.06720048884613,51.09449291961727,0.5410381563963232,180.0,54.502737266430536,851.5037229065816
2026-01-02 16:47:00,CYCLE_VENTILADOR_DEFECTUOSO,159.30964204441833,167.04361688162498,172.10541788542946,118.07228088967192,3.605975775936512,7.641250698957789,31.14092153549217,24.114187606091786,50.67733195127274,0.9825682157504391,180.0,54.223644959699854,850.9940897319744
2026-01-02 16:48:00,CYCLE_VENTILADOR_DEFECTUOSO,162.4413286435954,166.58162766690205,175.9423837331013,122.4698614388374,4.586363693879079,7.51721249689508,31.766826960617994,24.4072283760776,52.089031736179095,2.237157795265303,180.0,53.81784628436548,846.0514316433607
2026-01-02 16:49:00,CYCLE_VENTILADOR_DEFECTUOSO,161.7523873337669,168.02619479676872,172.8574684704988,120.8877668386845,4.458054965521965,7.946436391414662,32.29503795256197,24.091139355516006,50.97808041903626,1.3093372420980443,180.0,55.48612343321215,843.4157853390208
2026-01-02 16:50:00,CYCLE_VENTILADOR_DEFECTUOSO,164.71811289520244,165.87439388940177,173.56865341288795,121.45051262984386,4.378310728273734,7.667516744340002,31.838927547523138,24.12039757029008,53.07125652617722,1.1736541705375374,180.0,55.110032723805865,852.8081371935998
2026-01-02 16:51:00,CYCLE_VENTILADOR_DEFECTUOSO,162.53113512938071,169.70288524880834,174.18030129817038,122.19516842202734,4.407122293783191,7.228588925481394,32.445062504433224,24.037482435947528,52.920174244741496,1.1622483231846783,180.0,55.05212244052133,842.5359713666787
2026-01-02 16:52:00,CYCLE_VENTILADOR_DEFECTUOSO,164.83479136949347,167.5801743540846,177.10911794117405,121.2600065914535,4.557712366867755,7.908842649641503,32.124508625812716,24.021523272378086,52.334544060676166,1.442714042010892,180.0,55.51218325367021,841.436510185326
2026-01-02 16:53:00,CYCLE_VENTILADOR_DEFECTUOSO,166.81607274468112,172.9236053172302,177.73495760376247,124.66056979602642,4.409931921828473,8.053217708215644,31.3576553287873,24.132931896236688,50.91880681632858,2.710499186721928,180.0,54.26026568397774,842.6995708522761
2026-01-02 16:54:00,CYCLE_VENTILADOR_DEFECTUOSO,167.67589821232895,173.4748707809451,180.1043578349121,123.65303181915054,3.865251992926453,8.634179305748034,31.082829469815252,24.15143676463258,49.12545570760711,1.4341481296190808,180.0,54.02829861518132,844.1265551747663
2026-01-02 16:55:00,CYCLE_VENTILADOR_DEFECTUOSO,169.85188481667058,173.84132633433995,180.9387922650848,124.07346229977595,5.095234578970562,8.46840283856653,31.769396205198174,23.893892799694854,51.58618019987692,0.997058133315605,180.0,55.096042360275696,835.8526961919307
2026-01-02 16:56:00,CYCLE_VENTILADOR_DEFECTUOSO,168.52204514413364,176.26028222169026,179.89201802251074,125.51086795288683,4.805441419310327,8.609971599616415,31.53811319832788,23.850701370947807,49.23083849415888,1.556096259915016,180.0,55.05807194136516,832.9278007414202
2026-01-02 16:57:00,CYCLE_VENTILADOR_DEFECTUOSO,173.80110972696642,175.88746798058762,182.0618020640046,128.5247743123155,4.068584039763329,8.360178749196754,32.04296782848078,23.863148778848075,50.16311938733469,2.748354901727991,180.0,54.0529897399113,830.6688623848052
2026-01-02 16:58:00,CYCLE_VENTILADOR_DEFECTUOSO,173.97443193149726,178.67493124355886,186.20176425823047,129.7389910432481,4.359392534074787,8.166306379474987,31.39839539487063,23.68547027750159,50.98845465665149,1.1915569961577321,180.0,55.10530716184411,838.10961854486
2026-01-02 16:59:00,CYCLE_VENTILADOR_DEFECTUOSO,176.53553487467198,181.10290185990428,185.88641509898355,129.25192956039652,4.400989711038939,7.385527546764054,31.447725918612182,23.6280697022137,50.59602794188912,0.7244445808934971,180.0,54.73203480968269,828.318082334161
2026-01-02 17:00:00,CYCLE_VENTILADOR_DEFECTUOSO,177.52975443603358,178.0142968395363,189.13966494203677,131.6274039189367,4.804321102906426,8.074936098967637,32.436067895737565,23.985716536384455,49.944631671590614,1.194586937198122,180.0,54.5348976731069,829.9881550672787
2026-01-02 17:01:00,CYCLE_VENTILADOR_DEFECTUOSO,178.04352730949049,182.76904563152712,189.11911939085624,131.43560874191786,3.841751817225793,8.298396888665406,31.87999542121508,24.09382543816364,48.98375018438503,1.628366509421593,180.0,54.77772063958132,825.4961447372981
2026-01-02 17:02:00,CYCLE_VENTILADOR_DEFECTUOSO,178.07603627186265,184.83963429590736,189.70455204658458,129.87193563278348,4.348696283360773,8.728718974685219,31.355869241693547,24.059837510469304,48.3155979662515,2.012531791550171,180.0,53.729354003123554,822.5080992411362
2026-01-02 17:03:00,CYCLE_VENTILADOR_DEFECTUOSO,180.46625612568343,186.1581784398132,192.03466119961323,131.3400540789713,3.9790740945564456,8.343144270865906,31.774108161057914,23.388454608933124,47.61466346109596,2.2324028348101614,180.0,54.659811625133905,824.6061277539426
2026-01-02 17:04:00,CYCLE_VENTILADOR_DEFECTUOSO,184.52465693799775,189.61839167877315,192.7189639275911,134.07390140657668,4.430602637677181,8.620191717302712,32.576474703768575,23.794769775986783,47.483771103696874,0.8166128103307363,180.0,54.608426221830285,821.0667569276732
2026-01-02 17:05:00,CYCLE_VENTILADOR_DEFECTUOSO,185.68752289528135,187.9304824669352,194.61716554015553,135.53339556710708,4.383247289368198,7.48400105431738,31.910593718953642,23.60200317743502,46.99117700018256,0.8807293511477589,180.0,55.2438935082427,820.3073220426782
2026-01-02 17:06:00,CYCLE_VENTILADOR_DEFECTUOSO,184.60712263042436,189.86089548477477,196.86997330622845,136.5106224197795,4.557772042376469,7.836791186925953,32.07487642920808,23.829520049783937,48.941827440362246,1.313765211817411,180.0,54.89068970902046,827.1660374081754
2026-01-02 17:07:00,CYCLE_VENTILADOR_DEFECTUOSO,183.19772403896994,189.53776803201401,198.4792236967134,138.18448350591456,4.361267767326887,8.214675356830636,31.252141617323513,23.695274489261337,48.82259509501052,2.008430938312187,180.0,55.29339514564808,820.7064845601061
2026-01-02 17:08:00,CYCLE_VENTILADOR_DEFECTUOSO,187.44354105289236,194.7697121075692,197.08353610606804,136.7193896955898,4.326289334480471,8.580476345371281,32.30330423263476,23.875007305746042,47.896247825392436,0.6679431454682162,180.0,53.703040150647055,820.7310214826505
2026-01-02 17:09:00,CYCLE_VENTILADOR_DEFECTUOSO,188.35047406663486,193.66024646405353,199.97526143735024,139.6165917341234,4.74635962429456,7.92738567708054,33.061879859014205,23.730302646451744,46.72069634593475,1.117092689748926,180.0,54.56180277117918,818.8479929781618
2026-01-02 17:10:00,CYCLE_VENTILADOR_DEFECTUOSO,189.2599828039517,194.2951740863617,200.16354512375645,138.79825445556062,4.705730703916376,7.958777020425424,31.179301245062693,23.33216738583814,46.4256751100195,1.1276349604578533,180.0,55.26258519445136,814.4325237983845
2026-01-02 17:11:00,CYCLE_VENTILADOR_DEFECTUOSO,190.91562405333826,195.48143031678467,200.81844186247466,142.36174175047123,4.743614649335061,8.343570153001489,30.92780805156508,23.494914845742652,47.494470353643045,2.184398573441542,180.0,54.833081666794776,811.8321414426335
2026-01-02 17:12:00,CYCLE_VENTILADOR_DEFECTUOSO,191.90436425098287,196.88090238514155,202.33468187489788,140.73304624114888,4.533991384222322,7.437064586427438,31.724633556165166,23.66618669155096,47.27672034586164,1.8984578466257211,180.0,55.412863908628545,812.3953571595858
2026-01-02 17:13:00,CYCLE_VENTILADOR_DEFECTUOSO,192.45650114376406,196.95096571750358,201.93753917021553,143.99048092185285,4.424406101570004,8.803702274911714,32.12657811551542,23.659486475228608,47.13207146152772,2.157104710537083,180.0,54.09014403255808,810.5831166060739
2026-01-02 17:14:00,CYCLE_VENTILADOR_DEFECTUOSO,192.0574733397921,199.9675490847491,204.5185162497003,142.37012692148465,4.569138196499317,7.560431953446158,31.528013237727496,23.33650454238281,46.401470258830855,2.4587648090515635,180.0,55.360004794654586,806.7521857767862
2026-01-02 17:15:00,CYCLE_VENTILADOR_DEFECTUOSO,189.45273536366636,197.42732663972032,204.3840512957861,141.0599566650576,4.76400882699407,7.040705288220348,30.932102259127877,23.286268033662502,49.042912456192845,1.325733915619526,180.0,54.676575572311094,807.3245312917152
2026-01-02 17:16:00,CYCLE_VENTILADOR_DEFECTUOSO,191.13091522213367,196.2524814648363,204.310654246464,140.24568836535659,3.9694925605499662,8.00503350426129,31.479663819856626,23.58047747074139,48.09825240203931,0.7188126804615362,180.0,54.629434259637314,803.1912453047133
2026-01-02 17:17:00,CYCLE_VENTILADOR_DEFECTUOSO,194.0685144869756,195.90187745097276,202.0692084585528,138.64140148219792,4.749626314820764,8.849229351187782,31.88406917192644,23.26391557151573,49.797099590713934,0.7246720885986228,180.0,55.494135674553725,803.2495172839433
2026-01-02 17:18:00,CYCLE_VENTILADOR_DEFECTUOSO,191.35516682676777,195.70817250220088,201.11799064358286,138.3914282765888,4.7330004567779325,8.293226565166805,31.261007624007817,23.186099858936355,49.21252597593838,0.2751535815295516,180.0,55.58033372738655,801.168659940295
2026-01-02 17:19:00,CYCLE_VENTILADOR_DEFECTUOSO,190.79369061221718,193.8249570314363,201.82501409988816,138.86685301538563,4.667770537271198,8.375545271501817,31.84920825513371,23.40573435511753,50.146557856051494,1.226293820889481,180.0,55.517195636267594,796.7432231477067
2026-01-02 17:20:00,CYCLE_VENTILADOR_DEFECTUOSO,190.0797557148087,194.97254155778887,200.8496141561311,140.13796161323543,4.613197503751964,8.020692881153558,32.1629280862817,23.37177391246345,47.177085013182406,1.2791147933298233,180.0,56.019320962524134,791.8720532387965
2026-01-02 17:21:00,CYCLE_VENTILADOR_DEFECTUOSO,189.30056825781287,195.02008407078665,199.46057307854886,137.87866212197054,3.8970219794017282,7.923811251364412,31.587106483478046,23.26825166308781,48.90158358549827,2.0881037059660876,180.0,55.63324759244562,794.5740745003685
2026-01-02 17:22:00,CYCLE_VENTILADOR_DEFECTUOSO,184.96316182490727,192.36614746480407,197.80845182291787,137.3920524090229,4.5437680811193175,7.227545315203442,31.40468837787505,23.2774249814719,48.551161808300876,1.5577198739362312,180.0,54.60166487054215,801.2884611981382
2026-01-02 17:23:00,CYCLE_VENTILADOR_DEFECTUOSO,186.43412024000702,191.03345840691227,198.07555312794312,139.40520816094826,5.2214219382406375,6.870306871047907,31.897177127083225,23.39495618586495,47.69290411388303,1.2097344070780476,180.0,55.06943121515783,793.2897887725904
2026-01-02 17:24:00,CYCLE_VENTILADOR_DEFECTUOSO,185.46476397601887,192.61161231468984,196.43656585869076,136.30671095940716,4.697326978455903,8.098136169220432,30.86365120554572,23.22195328609971,50.548475034763925,1.467427162074907,180.0,54.81743384758619,794.9641651846486
2026-01-02 17:25:00,CYCLE_VENTILADOR_DEFECTUOSO,185.7401173337575,187.77426354248357,196.44694167797687,139.60719754599103,4.610135903050983,8.656274597170112,30.781856371565944,23.35370639178046,49.95156448707669,0.8305084659260046,180.0,56.01069011117815,784.6161310737286
2026-01-02 17:26:00,CYCLE_VENTILADOR_DEFECTUOSO,182.86944623920513,185.61605490047253,195.03635696041866,133.52135307610538,4.716260978198418,8.172066852414032,31.171741591883006,23.236842867679773,49.76375920653407,2.254282953766843,180.0,55.5468843521592,786.3738237340526
2026-01-02 17:27:00,CYCLE_VENTILADOR_DEFECTUOSO,179.37949663609126,185.25850386503495,194.10964955351199,134.02904201694926,4.826487244977773,8.311799763526007,31.013194624209568,23.319628865531097,50.547177820088045,1.005136896160087,180.0,54.89800541889596,783.7265201049987
2026-01-02 17:28:00,CYCLE_VENTILADOR_DEFECTUOSO,180.36370399892994,183.28723135918426,189.7772103903156,131.2137668259262,4.926567722664197,8.79185877281977,30.802591651360533,23.43469911717673,50.69704419135801,0.7613504746448232,180.0,55.42908854101786,785.5703537973916
2026-01-02 17:29:00,CYCLE_VENTILADOR_DEFECTUOSO,177.3411252852488,184.05881745908653,190.23514142747692,133.22900069097795,4.669123865177962,8.16438342572053,32.358792267913486,23.399667922948847,50.665031294599636,2.1128867876255115,180.0,54.3714147489248,791.803486059286
2026-01-02 17:30:00,CYCLE_VENTILADOR_DEFECTUOSO,175.28651140969572,181.60491780828613,187.32924048067412,126.56114504143198,4.874130059711436,7.93867244984619,32.539263903196364,23.462026279467505,51.78610596681262,1.9443576111136263,180.0,55.10971753748838,784.3093562494511
2026-01-02 17:31:00,CYCLE_VENTILADOR_DEFECTUOSO,174.18660263878667,180.2165557814615,185.18603014509102,126.41543686017062,5.2585156846897245,7.590737597174967,30.999046875411107,23.344389209792762,54.12904588595479,0.3596136528491771,180.0,54.51239063616317,786.3648738591057
2026-01-02 17:32:00,CYCLE_VENTILADOR_DEFECTUOSO,174.29671642206029,180.32329681028747,184.60171091939884,128.11726036078448,5.066261948559118,9.011106281486043,31.241151041945805,23.19666115786208,51.75154984968537,2.137873446950304,180.0,54.13351372270169,778.923387844684
2026-01-02 17:33:00,CYCLE_VENTILADOR_DEFECTUOSO,173.6485115456852,176.603938386844,184.89815484546574,130.6741899110189,5.475343038354384,8.26327388957684,31.047914357464485,23.034271712697052,55.04994782791529,1.0367433571809477,180.0,55.36622882757355,782.1047659958092
2026-01-02 17:34:00,CYCLE_VENTILADOR_DEFECTUOSO,171.26058552654132,176.90819675950053,181.71938693343137,126.5824041332334,4.585088130959761,7.528199142040335,31.799273373374252,23.015237232064088,54.20432833940312,1.288223917254238,180.0,55.42410032486967,782.5646614205174
2026-01-02 17:35:00,CYCLE_VENTILADOR_DEFECTUOSO,170.04941337167372,176.403070446266,182.66201901472863,124.55612132942765,5.293842355583868,7.4144161660993815,31.89197118293191,22.88889276762552,53.91814279291351,1.6745568050439636,180.0,55.193948602880624,774.4540390100146
2026-01-02 17:36:00,CYCLE_VENTILADOR_DEFECTUOSO,168.55072731121976,172.73625328089798,180.14160367593962,123.17969058354984,4.562649676224471,8.626531863464457,30.01569469188937,23.036844810693523,55.2418392845638,1.9507841897768006,180.0,54.86908998628914,771.5439926065831
2026-01-02 17:37:00,CYCLE_VENTILADOR_DEFECTUOSO,166.89335154991895,172.9576393698655,177.8061153904674,125.95482941281101,4.914787877091375,7.481279151795837,31.340790594577946,23.146743585026545,54.48445927004182,1.8548973489695715,180.0,54.32231940940667,767.6068694805249
2026-01-02 17:38:00,CYCLE_VENTILADOR_DEFECTUOSO,166.50672867773164,170.68316113706442,178.57712361207837,122.88273305857037,5.037327256708652,8.92691707875111,30.243887417910337,22.833300646516403,56.376918278302696,1.5122195831652594,180.0,54.36944485322416,768.9397734855669
2026-01-02 17:39:00,CYCLE_VENTILADOR_DEFECTUOSO,161.78866508669773,171.1045218289242,176.74771390938918,120.68913463011918,4.673217405233867,6.621768601454645,32.055407573247,22.942004167071747,55.57704295232762,1.2526067217802799,180.0,54.45979250385312,768.4430857070344
2026-01-02 17:40:00,CYCLE_VENTILADOR_DEFECTUOSO,163.9782417924724,167.26503488376062,174.25529519449822,123.28027404957952,4.8617061109154776,8.711297598894989,31.236728120035814,22.78483893596734,54.378860828499946,1.829680917119948,180.0,54.821605057113224,772.5133466444393
2026-01-02 17:41:00,CYCLE_VENTILADOR_DEFECTUOSO,161.8870911863555,166.47375038250865,176.90838363438314,123.72941607519613,5.117321423276733,8.243447405580982,30.450378625461358,22.932900562820652,56.57323002778393,1.4617341166069457,180.0,55.470235652684934,761.1043880679495
2026-01-02 17:42:00,CYCLE_VENTILADOR_DEFECTUOSO,163.98268470003487,167.42652191466104,174.44278399852664,123.0851485662099,4.639968087915596,8.059297211528436,30.771081676922936,22.7517306311463,56.82860747073768,2.7877697285657472,180.0,55.45574873631319,763.41801569892
2026-01-02 17:43:00,CYCLE_VENTILADOR_DEFECTUOSO,162.01311524500983,166.43331111077788,173.76385339355028,119.08317833708344,5.362730660141449,7.912270782479118,30.713654557433753,22.684146747048658,56.036913485288615,1.9455326110831601,180.0,54.09435934494124,756.2881171603362
2026-01-02 17:44:00,CYCLE_VENTILADOR_DEFECTUOSO,161.99009116254246,166.64469950649607,172.4852991586886,117.51695356157983,4.455402899726937,8.945364924297015,31.1729584842627,22.66636568553162,56.41067892985285,0.9058302854206666,180.0,54.56481958528497,758.68165441585
2026-01-02 17:45:00,CYCLE_VENTILADOR_DEFECTUOSO,160.07356190290855,166.92949094507875,174.86146753315333,121.02680428131917,5.461555584831643,8.353529429200602,31.45357468725268,22.873208240706482,55.60772260183366,1.2124648281433024,180.0,54.54384589223024,759.1691612539506
2026-01-02 17:46:00,CYCLE_VENTILADOR_DEFECTUOSO,163.19088305317243,168.149454627374,174.16517851325818,121.41741226564608,5.188912257320991,7.5483981955522745,30.10972898687044,22.723254072876518,54.52902199278925,1.5766678075157055,180.0,53.63032248885821,758.0872214947392
2026-01-02 17:47:00,CYCLE_VENTILADOR_DEFECTUOSO,162.97796041507058,167.0522040900877,174.56140305522055,121.65064018112008,4.870463008850767,7.1405450219855595,31.871825396028896,22.62686381017493,54.652438015660415,2.440549845392419,180.0,55.17106016229891,756.639339720249
2026-01-02 17:48:00,CYCLE_VENTILADOR_DEFECTUOSO,163.30873666099836,166.96947345387824,173.61990071213975,122.85583283437929,4.7854464832460675,8.088648606573654,31.701602488407264,22.734660739302754,54.690639799518365,2.516906107704491,180.0,54.75650389753447,754.4127264821872
2026-01-02 17:49:00,CYCLE_VENTILADOR_DEFECTUOSO,162.23630392424346,168.10930082998289,175.8087797093757,119.08395414103819,4.763004732647766,7.999464433231293,30.182309738176016,22.569200522231213,56.59531665542795,1.269685735745368,180.0,54.81429566653376,753.2683425406467
2026-01-02 17:50:00,CYCLE_VENTILADOR_DEFECTUOSO,163.00523060566067,168.3312873298773,176.6310909621656,123.54478685140747,4.883240784275955,7.240065981312245,30.72020350205282,22.847028296649277,53.37457544259848,0.8988694480775139,180.0,55.5347851311762,750.0502776782346
2026-01-02 17:51:00,CYCLE_VENTILADOR_DEFECTUOSO,165.06591017093191,168.99892517999174,175.60576172341038,120.35850686887838,4.918296982756399,7.972303237258832,31.6717325877632,22.39647426182066,55.017048305093084,0.810598964358531,180.0,54.89668687398489,745.226742066416
2026-01-02 17:52:00,CYCLE_VENTILADOR_DEFECTUOSO,164.96114153163037,169.1825381153172,175.7122447947184,123.33292711687803,5.318279880079407,7.7130326834629,31.353433567966913,22.523282599809995,54.86092152764322,1.7169385268938193,180.0,54.62755057316015,741.2453497040333
2026-01-02 17:53:00,CYCLE_VENTILADOR_DEFECTUOSO,167.43549073078697,172.3220892935323,179.23674873924506,123.64954793533107,5.541174501072394,8.004645034153347,30.379784932867064,22.249064730471737,54.51702378961598,3.1306359034390434,180.0,55.11903932058701,743.3192563488223
2026-01-02 17:54:00,CYCLE_VENTILADOR_DEFECTUOSO,165.54957062811786,172.78679299282564,177.88751985843186,122.11909070559298,5.019258512021207,8.3629618058242,31.038299847735484,22.429900072908,52.80881636242074,1.9145731161737374,180.0,55.35222301557677,742.8212803821973
2026-01-02 17:55:00,CYCLE_VENTILADOR_DEFECTUOSO,168.88325733300502,175.95589708789004,181.29098873467575,124.80018453383538,4.71462225429617,8.746304973732018,32.315600539230836,22.132526186922984,54.24433490909563,0.4440635474274992,180.0,54.96050996529285,745.1082440047232
2026-01-02 17:56:00,CYCLE_VENTILADOR_DEFECTUOSO,173.0322315779358,174.4687816198801,181.98708084831338,124.5548493994979,4.81345925337012,8.454444518184644,30.54768711022397,22.586820951950017,52.92467079411461,1.0421732008545272,180.0,55.14606322773379,739.5531258202622
2026-01-02 17:57:00,CYCLE_VENTILADOR_DEFECTUOSO,172.87817140839965,177.03129537048542,185.46822277644225,128.67845645261662,4.93111609504558,7.639279625084897,30.072039263747897,22.559893666388326,54.659764786325496,1.1118553455802989,180.0,54.71758067244015,737.5945478858199
2026-01-02 17:58:00,CYCLE_VENTILADOR_DEFECTUOSO,174.0763866304677,181.3842078303705,185.06724622685735,127.42102744507748,4.685872963707919,8.184457564414597,30.52184837070434,22.53239800754679,51.799935171068874,0.9750823592593195,180.0,54.73803620081182,737.5629241106465
2026-01-02 17:59:00,CYCLE_VENTILADOR_DEFECTUOSO,177.81812075395575,179.64228013399352,188.43438969435877,132.1757032102308,4.650093439532724,8.031553560746012,30.532830757160855,22.35025022274649,52.72781744869971,1.2735970034859938,180.0,54.82378121674442,734.0118569341811
2026-01-02 18:00:00,CYCLE_VENTILADOR_DEFECTUOSO,174.20949778247117,182.0642425766897,188.07279256265804,131.2191974244349,5.641780288744832,7.333935522684549,30.036418965769833,22.137359002968743,52.20146490547259,1.7958297161739212,180.0,54.37872210625944,735.3834579758743
2026-01-02 18:01:00,CYCLE_VENTILADOR_DEFECTUOSO,177.61106200116987,182.46734062450867,191.47401486990455,135.17528509119333,5.112292447684787,8.199116392346136,30.582099730059245,22.122072835776514,52.31069411994387,2.011453207421583,180.0,54.45897016594272,736.9919878359796
2026-01-02 18:02:00,CYCLE_VENTILADOR_DEFECTUOSO,179.66764221093842,183.8693327774929,194.31343874861355,135.0657402090692,4.780434714664793,8.928336168958857,29.530213634901227,22.556938698172143,51.72787949790106,2.2942726634768156,180.0,55.41936661504696,735.8853411012936
2026-01-02 18:03:00,CYCLE_VENTILADOR_DEFECTUOSO,182.70451731486756,188.87114250157245,192.09220670225235,134.53414858163163,5.284221990744197,8.016213302093503,29.849013191203316,22.506763412136817,50.0336631294954,1.9046878719516522,180.0,55.72153886807213,728.2813931401236
2026-01-02 18:04:00,CYCLE_VENTILADOR_DEFECTUOSO,184.19994446651577,188.69575541922396,195.20635568380638,137.7934069685184,4.694603347062817,7.202908660137299,30.668513062666253,22.212828045209985,50.8053097372935,0.19565351832165256,180.0,55.50050280179022,727.2595188918859
2026-01-02 18:05:00,CYCLE_VENTILADOR_DEFECTUOSO,183.51776539859375,190.06021696348682,199.569656889609,137.05228131690305,4.72816983501154,8.01513433555431,29.125633629134757,22.05384949200722,50.56631501502593,0.8150612909877107,180.0,54.029328001228144,729.0466325909359
2026-01-02 18:06:00,CYCLE_VENTILADOR_DEFECTUOSO,187.08016368519893,189.19134563552853,197.68405818611205,135.2616978049392,4.8249269939215695,7.393143900513375,30.68520773511285,22.399335479989126,49.492992996437366,1.435324724357821,180.0,53.96729138685685,722.496875239073
2026-01-02 18:07:00,CYCLE_VENTILADOR_DEFECTUOSO,186.6276873537057,192.88793907007317,198.91473264802468,138.40625502435753,5.57105996336834,8.431802753443144,28.900634362563288,21.955324824397874,49.780283416952834,1.6456513460526305,180.0,54.067840399742884,723.1170496448717
2026-01-02 18:08:00,CYCLE_VENTILADOR_DEFECTUOSO,189.6847121769167,194.96691300199308,200.91325356627294,137.53293326752475,5.007708224243304,8.262432495862564,29.03331329016673,22.108595080227527,50.02207474248907,2.137953058545249,180.0,54.716076150381,716.3487953447017
2026-01-02 18:09:00,CYCLE_VENTILADOR_DEFECTUOSO,187.98852218672252,195.95580564893737,201.02068921875338,143.15548189823278,4.3599264127740565,7.914544973262628,29.736778417167955,22.301806560788073,49.26120527828566,1.5736961281193211,180.0,53.22992068202177,716.9499945287376
2026-01-02 18:10:00,CYCLE_VENTILADOR_DEFECTUOSO,189.94371191159996,196.2439031682922,199.794101948422,141.27950609417576,5.464324553665467,7.834417867072089,30.172118305691612,21.832732300067075,49.36889420882365,1.5791632935543962,180.0,54.32499687924669,719.3289494113885
2026-01-02 18:11:00,CYCLE_VENTILADOR_DEFECTUOSO,190.2251521247679,194.8096653832021,203.93057361851046,144.66252791369678,5.018256629332068,7.893882849192226,30.758773176336994,22.13442961741904,48.87471379084083,1.7072084644633954,180.0,55.30777704528568,712.4169749813751
2026-01-02 18:12:00,CYCLE_VENTILADOR_DEFECTUOSO,192.65212149375492,197.1138060324158,200.74721137077844,140.12645935499776,4.56421490168524,8.00413724717116,29.961588354302616,22.04128692056043,47.19009494430057,1.3659289138215753,180.0,55.07999254378436,712.3518046100892
2026-01-02 18:13:00,CYCLE_VENTILADOR_DEFECTUOSO,191.1727801194444,197.95587012661522,203.0732205715551,141.91908244199928,5.032898521927725,7.613882489329229,29.742270894930623,21.89787123487885,47.0679330386125,1.6023387156196203,180.0,54.31848847370632,706.6481961902689
2026-01-02 18:14:00,CYCLE_VENTILADOR_DEFECTUOSO,192.00366002889473,195.25739426713295,205.28415069035077,141.7476817624363,5.293071002166206,7.306123459499282,30.200932889270327,21.675702484723956,48.734627601078984,2.319623372011365,180.0,54.34033866259191,714.8331410891519
2026-01-02 18:15:00,CYCLE_VENTILADOR_DEFECTUOSO,192.75380977524838,196.15770660461672,203.505815265392,142.89874940413435,5.266850848012612,8.569349473347325,29.293422706677426,21.69813574915606,49.088716213830615,1.486213255774284,180.0,54.82433672252886,711.0701700160892
2026-01-02 18:16:00,CYCLE_VENTILADOR_DEFECTUOSO,192.72664097307617,198.4972033066904,203.0353136382548,139.49122546958955,5.6940268566701535,7.807299511751521,29.862189812347555,21.869573200750303,50.34454250046004,1.5233947996917427,180.0,54.991769639952196,706.400649079323
2026-01-02 18:17:00,CYCLE_VENTILADOR_DEFECTUOSO,192.8999257677636,198.2473990087669,204.69350651481957,138.44092861193096,4.907538269017715,8.083521552084573,29.021256642716093,21.495704649646864,48.52367094411946,1.5218364571876637,180.0,54.24070695169135,705.5691187991365
2026-01-02 18:18:00,CYCLE_VENTILADOR_DEFECTUOSO,191.6914323692976,194.9418221455144,202.2269406367633,139.53464653137263,5.186250928736172,8.142640975583747,29.75267147638554,21.775244484675614,47.027786558791206,2.4405637774402784,180.0,54.372954867943356,703.5528282244882
2026-01-02 18:19:00,CYCLE_VENTILADOR_DEFECTUOSO,190.38238432382792,197.20182563287415,201.23519645659061,137.7987150484273,4.9712303739511405,8.161010239827608,29.58722137353196,21.82606923462863,46.85261828173135,0.7824582214039234,180.0,54.18971833493011,704.5455141174976
2026-01-02 18:20:00,CYCLE_VENTILADOR_DEFECTUOSO,189.7607099847287,195.65970712854232,202.33473811614502,142.71334143514585,4.727309554136487,7.413091001450788,29.144385819433552,21.88371095065106,50.15808565250925,2.77013823283503,180.0,53.78935790025423,697.6349478863325
2026-01-02 18:21:00,CYCLE_VENTILADOR_DEFECTUOSO,189.36489538113403,195.63777162962356,200.9469420508403,142.40033679423348,5.464491898952426,7.162079917724077,29.68761594446177,21.375852858396364,47.58661742778008,0.7333870682877162,180.0,54.32719536128551,699.3370043465652
2026-01-02 18:22:00,CYCLE_VENTILADOR_DEFECTUOSO,188.65438330557882,192.96139673819027,198.70221455737013,136.23427937741468,5.346680822872882,7.7056537376540035,29.645192137704196,21.887685486630364,48.35573572043803,1.093045276296488,180.0,54.270864380339084,698.5624259100249
2026-01-02 18:23:00,CYCLE_VENTILADOR_DEFECTUOSO,187.0769193349614,193.39717321098934,199.8650068745372,140.68219188332867,5.301669751906268,8.197855766208477,30.21663555467735,21.93247978584878,47.160883576462155,2.057653627184406,180.0,53.769994433461335,697.2215721515937
2026-01-02 18:24:00,CYCLE_VENTILADOR_DEFECTUOSO,186.06525537141036,192.42571120927855,198.4541234611649,139.24698978257382,5.353469539842193,7.636025066262843,28.50911816890104,21.64447266610453,49.80980295546653,2.2543269774779136,180.0,54.704573869038185,686.0924957239481
2026-01-02 18:25:00,CYCLE_VENTILADOR_DEFECTUOSO,182.91359411404605,189.68507994864117,196.16450834908298,133.73623908715786,5.02865689092606,7.822539323150383,29.387842453562975,21.323936997250758,49.26245532775412,0.574258104608228,180.0,54.60414037467693,688.8828583174978
2026-01-02 18:26:00,CYCLE_VENTILADOR_DEFECTUOSO,184.1450409990832,188.73937854841228,194.86392042672145,134.9779258004587,4.941456485405114,9.063648706874783,28.938130749465174,21.435103191041932,48.10075501381484,0.7902841716674233,180.0,54.69101742261349,686.0427189786291
2026-01-02 18:27:00,CYCLE_VENTILADOR_DEFECTUOSO,182.1046209387601,186.48439878276528,194.3284502128942,134.09553919417917,5.263325488119366,7.077288057597732,29.87680891588694,21.460462776171163,48.28912381199202,1.735043615186344,180.0,53.93953202486859,687.4860470844367
2026-01-02 18:28:00,CYCLE_VENTILADOR_DEFECTUOSO,181.58181739985233,187.73835589891553,193.6920878917526,135.66238737500592,5.609260962060029,7.622483002044751,29.767813826069613,21.49341579937266,49.199501473849956,3.160185613922927,180.0,53.3119222959624,679.9530852895516
2026-01-02 18:29:00,CYCLE_VENTILADOR_DEFECTUOSO,178.83788336410782,184.07165839572914,190.3898087415919,130.47241091992078,5.752186946840595,8.948302034286964,29.580565144233454,21.413148817969407,49.66043678330039,2.4042167785017274,180.0,54.51725315914807,678.1740714741567
2026-01-02 18:30:00,CYCLE_VENTILADOR_DEFECTUOSO,175.19255297684646,181.55197255937208,189.9631146552428,131.38881900937108,5.517259883114748,7.977700664002389,28.813768022658113,21.434508310666786,50.91417209473023,1.3714638863506774,180.0,53.931144464455606,687.7650946419983
2026-01-02 18:31:00,CYCLE_VENTILADOR_DEFECTUOSO,175.28943395975767,180.2418276795994,188.30405659404428,129.61330571287658,5.296248663970934,7.647007417250545,29.727445518788407,21.329746882807434,50.814445155587606,-0.12604244856812086,180.0,53.79721700828467,681.8946534395268
2026-01-02 18:32:00,CYCLE_VENTILADOR_DEFECTUOSO,173.93777133080005,179.71253906004745,187.14649149046664,130.51583834973061,5.3772977796284716,8.58438445850556,28.23804863053189,21.370641580109137,50.00430935946945,1.5979309866971005,180.0,53.59311309018835,678.8569471881092
2026-01-02 18:33:00,CYCLE_VENTILADOR_DEFECTUOSO,173.56145791657264,178.95817616713225,184.63816904327487,128.04764347619465,5.3087070234740885,8.027615218240555,28.074778002001256,21.1953471595928,49.775532376624156,1.7911144499681027,180.0,54.06280650545113,677.7932987084945
2026-01-02 18:34:00,CYCLE_VENTILADOR_DEFECTUOSO,168.72871723099144,174.99573579198426,182.04666747631492,125.42275531031402,5.006312128634635,7.825845802477997,28.31015668251991,21.189758702660917,50.958960401755284,1.2772456777023236,180.0,54.96770045536659,675.5050081081642
2026-01-02 18:35:00,CYCLE_VENTILADOR_DEFECTUOSO,169.8723768157512,177.42731363151213,181.20376357441623,125.61666010160943,5.330355608875612,8.096184463518755,29.01519129421394,21.1122524799673,49.86579256263382,0.9559722579626697,180.0,53.90462330083497,676.0530458800821
2026-01-02 18:36:00,CYCLE_VENTILADOR_DEFECTUOSO,169.1314591348453,174.27409717214016,180.8696627517317,128.69880541686857,4.931379615003888,7.670945595308617,29.399858189252395,21.58109288238279,50.889658739941126,1.6529959940394057,180.0,53.59050134928935,670.0253344190842
2026-01-02 18:37:00,CYCLE_VENTILADOR_DEFECTUOSO,166.50994936742774,173.25359765152027,181.43647035478048,124.94093873715673,5.303470757317511,7.491254468555961,27.16851434590861,21.4607312959274,51.137739613787815,0.8944859826383859,180.0,54.43916929061931,670.4851185725425
2026-01-02 18:38:00,CYCLE_VENTILADOR_DEFECTUOSO,166.29194141963572,171.47735372027012,177.57953108503364,121.85379188054378,5.840391723195305,7.943201536182626,29.707049179570493,21.24945153006643,50.50093264046036,2.83536372951407,180.0,54.17715472701076,668.8847496793237
2026-01-02 18:39:00,CYCLE_VENTILADOR_DEFECTUOSO,164.47072772828037,170.63935337589558,178.15427185056336,124.3364047362047,5.605284221719401,7.494501519961997,28.951240283293235,21.374032102670423,52.08196023044998,2.588695398926232,180.0,53.00839156365983,663.823413082701
2026-01-02 18:40:00,CYCLE_VENTILADOR_DEFECTUOSO,163.50142414312134,169.5935206840983,175.9559878553007,121.89454495033121,5.090356964481423,8.00534665589824,27.890983354717175,21.239380886083882,51.17959467802514,1.9944240172007262,180.0,54.37625813175138,668.2270845641033
2026-01-02 18:41:00,CYCLE_VENTILADOR_DEFECTUOSO,163.18287329982383,170.29035878026127,175.78567211422842,119.8485540812448,5.354430263727684,8.17720328373717,28.851197543690255,21.086806493098308,50.3901738791683,1.601101486251856,180.0,55.086112060601224,661.9993068471406
2026-01-02 18:42:00,CYCLE_VENTILADOR_DEFECTUOSO,162.26634711410065,168.50716740836506,176.92517464541766,125.81092625180705,5.134712355961934,8.426530228025806,29.405040507149952,20.72045156470306,51.147365796118,1.084399184074026,180.0,52.698155328720944,664.1253165566285
2026-01-02 18:43:00,CYCLE_VENTILADOR_DEFECTUOSO,163.54201947767288,169.04111968459992,175.63373819635075,121.41905344533563,5.375137383903178,8.563962492758414,29.06800357046209,20.940301126690812,51.45601723590727,1.5253013591942248,180.0,53.35686875492649,660.0597613003815
2026-01-02 18:44:00,CYCLE_VENTILADOR_DEFECTUOSO,161.60298709649777,167.3647719505479,172.9976683707647,119.64330372868821,5.715090124181697,7.797131749183874,29.32651882439679,20.897053469113118,51.531805233423654,2.669771342193937,180.0,52.52651151755265,662.3142809715404
2026-01-02 18:45:00,CYCLE_VENTILADOR_DEFECTUOSO,161.3281320356348,168.04833001874914,173.73434071892868,120.81683177701636,5.607526425585286,8.249707303969535,27.80598988252266,20.70893673646889,51.54466832031284,2.1380202204477037,180.0,53.88893244403331,653.6463807896886
2026-01-02 18:46:00,CYCLE_VENTILADOR_DEFECTUOSO,164.62417627864363,166.94137251684228,176.02720274923274,124.93076396324926,6.165733533183902,8.246261723103178,28.335928973166602,20.609978128451342,52.114540389802755,1.681519962214114,180.0,54.397345154997325,651.8381571406743
2026-01-02 18:47:00,CYCLE_VENTILADOR_DEFECTUOSO,163.91003057701008,169.62186920418537,174.95186002549897,119.12043977352212,5.787099794580559,8.163909357907992,27.9880469514231,20.977585829088326,51.72525615316121,2.177354101672506,180.0,53.93022909075931,650.6076417811013
2026-01-02 18:48:00,CYCLE_VENTILADOR_DEFECTUOSO,160.93855906147792,167.5782488785221,173.82561931631017,120.991912727211,5.4994229530195815,7.760270294524771,29.531881057283808,20.91595121292044,51.010066747867945,1.917388316400475,180.0,54.54856406293528,651.5997166229959
2026-01-02 18:49:00,CYCLE_VENTILADOR_DEFECTUOSO,162.82618529110218,168.761780089739,174.80040522459365,124.53114768693341,5.650234095804248,7.485966093767945,28.843366308063445,20.589760773573147,49.20665167097198,1.8144203622437103,180.0,54.24269121263051,653.534822472554
2026-01-02 18:50:00,CYCLE_VENTILADOR_DEFECTUOSO,164.75652987773293,169.49694771145866,177.35639601261263,123.29170839392071,5.395222416177246,8.25100094453328,30.1263196064452,20.646440113458475,49.66262535101237,2.2172427310881893,180.0,54.653103489751246,651.9630564917948
2026-01-02 18:51:00,CYCLE_VENTILADOR_DEFECTUOSO,165.7180727983538,170.31562865801752,178.57687708288736,122.06413973776348,5.126570359174284,7.146568718903475,28.09586753322372,21.000426100760105,48.56388427165547,1.8987970406041543,180.0,54.35651444547946,640.2277967772437
2026-01-02 18:52:00,CYCLE_VENTILADOR_DEFECTUOSO,164.53792407712294,172.60579175570012,178.4093484595927,122.72341168344427,5.865420871654476,7.866080283715845,27.89990684631988,20.565402693207286,50.57118319380327,2.1357509480849917,180.0,53.549083813847545,645.1108419770092
2026-01-02 18:53:00,CYCLE_VENTILADOR_DEFECTUOSO,168.83587365904015,172.47936477714208,182.48476676464017,126.85053256974734,5.7852516061157,6.723184492175701,28.20725680535344,20.748060946333,50.71147481208588,1.6547946893147605,180.0,53.75783351107553,634.5524753564202
2026-01-02 18:54:00,CYCLE_VENTILADOR_DEFECTUOSO,169.66491094653497,175.76258781815034,181.73980816958394,128.25407232157846,5.419104163526003,7.331798788320868,29.078176410970784,20.649107765183164,48.470943267187806,1.369084748656824,180.0,53.26381701715256,643.1164151461429
2026-01-02 18:55:00,CYCLE_VENTILADOR_DEFECTUOSO,170.57856865122054,174.43483103821129,181.79168165318944,125.91747106034369,5.582467413851581,7.561433030776287,27.989672011346567,20.76170570676492,48.78914717179704,1.16670087821942,180.0,53.5562844627444,642.245685307721
2026-01-02 18:56:00,CYCLE_VENTILADOR_DEFECTUOSO,173.03617750035775,177.02954843504114,182.52021685181745,128.43881751689563,5.881434713855608,8.548362103814641,28.242165173660965,20.46279260263304,47.4372489615724,1.0845529146783903,180.0,53.67575897311612,637.6033220872434
2026-01-02 18:57:00,CYCLE_VENTILADOR_DEFECTUOSO,173.42551229796896,177.37149099012677,183.81125249340715,125.81728570985591,5.771924650369958,8.344054012202134,28.183657458044607,20.62582765428755,47.297005550908466,0.43807274037386246,180.0,53.57539523417457,636.2313035904688
2026-01-02 18:58:00,CYCLE_VENTILADOR_DEFECTUOSO,174.94650718021205,180.33452504537695,186.91645361583303,127.74380055286757,5.087955112001229,7.723032658078878,28.107467736254744,20.615572142652287,44.52416403578535,0.915388876450303,180.0,54.26175825196775,634.5184750832439
2026-01-02 18:59:00,CYCLE_VENTILADOR_DEFECTUOSO,177.837039929416,181.37131042289786,187.49441880953663,129.93966715031354,5.608837758691072,8.364684897564876,27.650448060187497,20.602104402690177,45.64928374053106,0.8951459559057231,180.0,53.39810856337262,630.663351539241
2026-01-02 19:00:00,CYCLE_VENTILADOR_DEFECTUOSO,176.32146349687324,179.8139255463618,187.0084925047801,131.45993348496995,2.9497105423534906,8.443811481690199,27.91762535925378,20.546351640861342,40.127126422412026,1.54331330518665,180.0,53.06949069915406,1001.7268231412859
2026-01-02 19:01:00,CYCLE_VENTILADOR_DEFECTUOSO,175.55811799832094,182.99409690881902,188.32750111251622,130.01715527090272,3.3339002097416044,7.919667575812639,27.850051302724204,20.574159406475022,40.44515398419935,1.544214681903079,180.0,53.07285161140268,998.4460609464122
2026-01-02 19:02:00,CYCLE_VENTILADOR_DEFECTUOSO,178.87850957667268,182.33346511700026,188.87835521926306,131.14958860044553,3.3093128216347982,7.307810927893155,27.91169152466178,20.91852832217365,40.037184972414,1.544119480787538,180.0,53.80711411877284,1002.464621644157
2026-01-02 19:03:00,CYCLE_VENTILADOR_DEFECTUOSO,178.8381334776738,185.3390731047657,188.22045950807583,130.76409214445306,3.3955823484534133,7.896043844966943,28.440467054579113,20.967610522628384,41.24703765504323,1.542821766762923,180.0,52.74968699712768,997.6608467172354
2026-01-02 19:04:00,CYCLE_VENTILADOR_DEFECTUOSO,181.70603510727733,185.17829775092724,190.2943869990741,133.58163008946244,2.6646316983839378,7.951053797413932,28.8888742058579,20.302928368615902,40.04821854534181,1.54209832953976,180.0,53.32214244456799,994.043368350295
2026-01-02 19:05:00,CYCLE_VENTILADOR_DEFECTUOSO,183.0719362084237,187.63522224019238,194.00681303088925,133.24920655944587,2.7647665397831283,7.383772804584887,27.2863953174264,19.942791429557776,38.739037051691476,1.5388990648945478,180.0,54.05775385039242,990.7163839419612
2026-01-02 19:06:00,CYCLE_VENTILADOR_DEFECTUOSO,182.15661800943994,187.382088390519,193.14109934463298,134.58352500369648,3.3342247308406314,8.183523396464985,27.513641747010116,20.501459156220786,38.03527819517147,1.5384045722926656,180.0,53.511361790419286,988.7763095280184
2026-01-02 19:07:00,CYCLE_VENTILADOR_DEFECTUOSO,184.89074436180968,189.24193851981482,196.38352917608634,134.49822870533626,2.822506255397266,8.139905927151178,27.212040072445763,20.39578610259786,39.42314664863133,1.5384422173577628,180.0,53.29861113996362,1000.8557455481599
2026-01-02 19:08:00,CYCLE_VENTILADOR_DEFECTUOSO,186.46548081045736,191.04860072747343,196.71669708980258,139.13891450484118,2.5435701057257076,8.222521349947094,27.7775495490041,20.547178703251088,37.17760492000524,1.5383060815088958,180.0,53.28860412479904,993.148171988625
2026-01-02 19:09:00,CYCLE_VENTILADOR_DEFECTUOSO,186.61170668643126,194.31283391641193,197.19731637740006,135.2496933540897,3.1597789462842196,8.139461548583721,27.300557072219355,20.368645159640504,36.73871158375702,1.540286235860427,180.0,52.76221855844538,995.7077979612158
2026-01-02 19:10:00,CYCLE_VENTILADOR_DEFECTUOSO,188.36803298763547,193.11134570131827,197.14698168124403,135.3624609182116,2.835834467920208,8.364921517557491,27.725764247174578,20.30035302308342,36.46801630803887,1.540861141901342,180.0,52.81867288643365,1000.8612117709189
2026-01-02 19:11:00,CYCLE_VENTILADOR_DEFECTUOSO,189.67025919704028,195.68878384367903,198.59008925240929,138.49959268861323,3.5369372310925202,7.910335986063484,28.202427544295407,20.49164805464343,35.35591332340666,1.5413915937544314,180.0,53.11968848721161,990.8525536452365
2026-01-02 19:12:00,CYCLE_VENTILADOR_DEFECTUOSO,189.2291360673504,194.5302356944564,199.49342529027717,138.22543696690352,3.088855366196539,8.100892553685476,25.98316805426002,20.497131193185645,35.80270091361942,1.539748324719861,180.0,53.3227564637981,989.9700960486172
2026-01-02 19:13:00,CYCLE_VENTILADOR_DEFECTUOSO,189.94173338305697,194.20771291763714,200.9112606889684,139.4827319957826,3.0480777859924997,7.801129857877234,27.752205644023196,19.94384879522059,33.65886295651721,1.5393836826657439,180.0,53.630838983147946,991.3284186445204
2026-01-02 19:14:00,CYCLE_VENTILADOR_DEFECTUOSO,191.57793732479126,196.76505625764491,198.85494570976357,138.44788143232714,2.889226832515273,7.707750392189025,27.139555656411627,20.03590620035232,33.41895557372069,1.5388970198584202,180.0,53.17249359026424,991.3527490879353
2026-01-02 19:15:00,CYCLE_VENTILADOR_DEFECTUOSO,190.56783589987026,195.5244211464881,199.68461978896866,136.77612797070216,3.4772506001780914,8.669124815381037,27.65051550062971,20.156459839588734,35.329970788869524,1.5381109386596121,180.0,53.771856834426295,998.1641374986095
2026-01-02 19:16:00,CYCLE_VENTILADOR_DEFECTUOSO,190.15881757813347,194.14656251786485,199.97161618884286,140.92824993420282,3.1075663379669463,6.978115649236752,26.79504335048547,20.175904731389483,36.584034261967595,1.5373110579940987,180.0,53.867134275869645,996.2571575734103
2026-01-02 19:17:00,CYCLE_VENTILADOR_DEFECTUOSO,188.52251875543743,195.23689976228744,200.46742804023046,139.87577654427602,2.877450144553138,8.438379994577133,28.00941763170579,20.089950495769095,34.96750312137158,1.5355029350401572,180.0,53.4310453612511,991.858417244452
2026-01-02 19:18:00,CYCLE_VENTILADOR_DEFECTUOSO,190.07107895809392,193.91473404453816,198.17569053939997,139.54571656728473,2.761774888018366,7.6897295622771695,27.798443112481273,20.20121298373212,33.92005386689114,1.534227081835476,180.0,53.61459183065736,994.554776200844
2026-01-02 19:19:00,CYCLE_VENTILADOR_DEFECTUOSO,189.09936180390937,191.3163408292335,197.1232981131744,135.9902218991667,2.9779580836307344,7.624980911178439,27.55038192760908,20.293114680334803,33.43844146163366,1.5351011752382409,180.0,52.47524855381615,987.427683526981
2026-01-02 19:20:00,CYCLE_VENTILADOR_DEFECTUOSO,189.53086837720824,194.11354884788528,198.7991392388186,138.39394215500423,2.7067059488535583,8.130788742032703,27.644288667415026,20.418258835204675,34.97135172328647,1.5349582605462477,180.0,52.364326794118334,988.7219568196884
2026-01-02 19:21:00,CYCLE_VENTILADOR_DEFECTUOSO,187.1915091675882,193.44917578239455,195.3137159776882,135.79732285621878,3.308663232503683,7.255195193824498,26.680054754110525,20.16962685083702,33.521857508232294,1.5344518581279734,180.0,53.16605260974424,985.7053509380527
2026-01-02 19:22:00,CYCLE_VENTILADOR_DEFECTUOSO,183.96765258200014,193.35270281815167,197.68914803987553,138.01618324853382,2.4574973837927296,7.591988464026898,26.714822266743806,19.863812183967834,34.536340424195295,1.5344464467933205,180.0,52.20442135428287,981.1374742630421
2026-01-02 19:23:00,CYCLE_VENTILADOR_DEFECTUOSO,182.996814052789,190.54353152601723,194.84984777840342,136.35731058378465,2.958145791500079,7.575430176743504,27.497327890176166,19.985548758340848,34.546251937633585,1.5356138374720218,180.0,52.69762333166335,990.5034915124595
2026-01-02 19:24:00,CYCLE_VENTILADOR_DEFECTUOSO,184.69959570089878,188.51831067548807,191.9597414856578,133.57237337668377,3.1830400635263802,7.889300870907452,26.544602965679417,19.981012089570896,34.76328167247903,1.5356180479928976,180.0,53.19601284192552,987.2054017060682
2026-01-02 19:25:00,CYCLE_VENTILADOR_DEFECTUOSO,181.81576768276224,188.50198731285434,191.92349573671584,130.55336110984317,3.102635826032897,7.597931155919656,27.83210484758477,20.080385562058865,34.10167482225178,1.5361584221238285,180.0,53.484537627440616,984.5431511875435
2026-01-02 19:26:00,CYCLE_VENTILADOR_DEFECTUOSO,181.6251709474696,187.1208340845197,191.55599800582007,135.26906737595303,2.7848151080952994,8.800559342819634,26.730166074770317,20.03678547989383,34.465954036923534,1.5353118172814404,180.0,52.61800626484663,983.8549393658353
2026-01-02 19:27:00,CYCLE_VENTILADOR_DEFECTUOSO,179.77233408902714,186.60119233538802,188.99601361055832,131.74763874969636,3.1980776120119647,8.898508258248977,27.185172209759454,20.351247836151234,33.828530784105155,1.5346931873306935,180.0,52.38723553566175,977.2356741540202
2026-01-02 19:28:00,CYCLE_VENTILADOR_DEFECTUOSO,177.91846776103367,183.06512221458664,188.1427110608556,129.25360568553893,2.734188183484228,6.989003238625968,28.10342252377517,19.83120762495949,33.69072205644597,1.5350471642157573,180.0,52.83936478565078,978.7481908507209
2026-01-02 19:29:00,CYCLE_VENTILADOR_DEFECTUOSO,176.4522934063089,181.36923218193365,187.4560209878611,130.17846876167,2.993284603050957,8.272161352382868,26.38010281853481,19.983130006648008,33.424894875832685,1.5369398179240943,180.0,52.10912328310901,983.4021651450909
2026-01-02 19:30:00,CYCLE_VENTILADOR_DEFECTUOSO,173.9615325939458,179.14134669628984,184.75737159753496,125.44414394505732,3.1955524715941066,8.429331719538787,26.80518907300708,20.360122465793783,32.15562671362175,1.5383695927836092,180.0,52.52585349943303,979.3425296684051
2026-01-02 19:31:00,CYCLE_VENTILADOR_DEFECTUOSO,173.41313982430557,179.07702755505542,182.3076038392258,127.86418268642659,3.138873833847934,8.271492601195552,27.356672661590107,19.75547241613255,34.13718739651187,1.5389524208530654,180.0,52.57492946728709,979.9915892772459
2026-01-02 19:32:00,CYCLE_VENTILADOR_DEFECTUOSO,171.1799325183804,175.0234106358567,181.52254384088747,123.30757137382645,2.7974882965741594,7.670943253454153,27.255299846371585,19.88521309874994,36.301742661872204,1.539103854613226,180.0,52.53121508241646,979.8493769365685
2026-01-02 19:33:00,CYCLE_VENTILADOR_DEFECTUOSO,169.91803726022488,176.2960499318108,182.06255324812685,125.29085813744787,3.359248354969309,7.877952218920729,26.448359132875222,19.65121535679311,35.05442097724865,1.5405049239688533,180.0,52.5555794026258,976.9458497092141
2026-01-02 19:34:00,CYCLE_VENTILADOR_DEFECTUOSO,168.51057150021202,174.60435250010198,180.92102756826284,125.14983256198471,3.02600837144566,7.625862672611152,26.295673548199627,19.84095799325167,34.60392545332226,1.5412996022918983,180.0,52.060035914375966,975.214003880595
2026-01-02 19:35:00,CYCLE_VENTILADOR_DEFECTUOSO,167.22796807612156,173.20208424295006,175.0760885912693,122.9343035045895,3.2228986232817456,7.789867984420586,26.42664664229177,19.653189870262814,33.64248150709743,1.5390059402695278,180.0,52.079609711175564,972.0484925035805
2026-01-02 19:36:00,CYCLE_VENTILADOR_DEFECTUOSO,167.28982936342143,171.34909149941512,177.4924547066427,122.87414150781827,3.458730302001974,7.395017485666412,27.396216448952107,20.003632114610888,35.44977435722036,1.5379520094216725,180.0,52.03521023999227,977.3264537228732
2026-01-02 19:37:00,CYCLE_VENTILADOR_DEFECTUOSO,164.80729190957152,171.80261480165444,175.26321816385956,122.06830808697732,3.335256164632382,7.942605589182725,26.321173338910164,19.809122649772416,34.011483421548114,1.5382901497470305,180.0,51.564234779755445,979.8039869813331
2026-01-02 19:38:00,CYCLE_VENTILADOR_DEFECTUOSO,165.08127042174726,169.8992197763514,174.96160683278333,120.9488239586186,3.3360388218993133,7.248599144347465,26.496807069681665,19.578316987625378,35.78608117546938,1.5365031821814794,180.0,52.51056423222592,970.174528243994
2026-01-02 19:39:00,CYCLE_VENTILADOR_DEFECTUOSO,164.71017102596755,167.13625245472494,172.20415917205463,119.37053427210876,3.0578039789548415,7.899932722885931,26.155336554906825,19.919600410642406,33.45648539605856,1.5356055931767225,180.0,52.75220059852331,976.0749352615139
2026-01-02 19:40:00,CYCLE_VENTILADOR_DEFECTUOSO,163.0355525245008,166.30260408359624,169.88770273183164,118.02178525670497,3.238180536273153,7.375709155450117,26.79638256657439,19.773865576609268,33.58094422279302,1.5349057782330646,180.0,52.6681075401245,976.7203744262182
2026-01-02 19:41:00,CYCLE_VENTILADOR_DEFECTUOSO,161.93818037744325,165.24120955926347,171.998204681738,118.60615275029383,3.0640789723692947,8.103408180895702,26.42819185350859,19.915298828732205,33.414550185055745,1.5346496123268187,180.0,52.10364467312523,971.0648308494593
2026-01-02 19:42:00,CYCLE_VENTILADOR_DEFECTUOSO,161.12635090695292,166.3956922549034,169.60497954203345,114.92183601953919,2.637202659666476,7.660290219528554,25.694822547284772,19.482364542858154,32.33228933106875,1.5343621821185927,180.0,51.79419322954764,980.141809752288
2026-01-02 19:43:00,CYCLE_VENTILADOR_DEFECTUOSO,161.36621643985302,164.12761928350497,168.6618350712111,115.81645651459911,3.0908231377515127,8.14529017393727,25.67778113408969,19.773185264035057,33.010115089853926,1.5340730616914258,180.0,52.53652022878342,972.3432725615068
2026-01-02 19:44:00,CYCLE_VENTILADOR_DEFECTUOSO,160.1894044557914,166.38224214177592,168.50008991050774,117.07062238081552,3.0769082951215396,8.54079036418239,25.022295943326988,19.841975321842796,33.41998267913,1.5348983692086662,180.0,52.44835796901264,972.9168504950784
2026-01-02 19:45:00,CYCLE_VENTILADOR_DEFECTUOSO,161.18148381514862,166.58756797001465,170.7210965388984,117.70014416343334,3.1751188084565456,8.794723468052354,25.68524515556644,19.590883287232224,32.32104280707059,1.5346331453432156,180.0,52.202009008905286,972.1154920132353
2026-01-02 19:46:00,CYCLE_VENTILADOR_DEFECTUOSO,160.8190985358235,164.02735204673536,170.24951452871093,117.52638414789168,2.9616009074359813,6.735997705489755,26.623183341699857,19.412377098464837,29.350211290823662,1.5342485152111442,180.0,52.92972741923718,965.1191402024441
2026-01-02 19:47:00,CYCLE_VENTILADOR_DEFECTUOSO,159.89597743605643,165.10512774748148,171.2667452152425,117.69607597963379,2.7715633329708447,7.582902953063108,26.904053263331146,19.644843856791237,33.8518728504171,1.5328993431070008,180.0,52.008505216960195,975.681962394593
2026-01-02 19:48:00,CYCLE_VENTILADOR_DEFECTUOSO,161.80917331169607,165.7540974332076,171.53704256096833,117.32135181618928,3.196951824952568,7.848456961443993,26.484320321523448,19.888146719024025,30.73801512000229,1.5339236893089867,180.0,51.85729446121146,967.2727044802201
2026-01-02 19:49:00,CYCLE_VENTILADOR_DEFECTUOSO,161.406594142534,167.35759792792453,170.7916978578604,117.4067737517389,2.606018313824326,8.230163909190741,26.369164305923846,19.857440303639947,32.50556817883559,1.5332521917950392,180.0,51.749729773403644,969.5996927214686
2026-01-02 19:50:00,CYCLE_VENTILADOR_DEFECTUOSO,161.88226053409863,168.94083099396528,171.92505065458047,118.38086932355117,3.437645740756941,7.174822747922735,25.92408437028281,19.536673022311,31.451472797770887,1.532165161467038,180.0,51.132978308585045,972.390644005112
2026-01-02 19:51:00,CYCLE_VENTILADOR_DEFECTUOSO,162.293306091897,165.84215421293348,172.25102004983674,119.08977165200754,2.9305745816385023,7.508953796599892,26.42878306994691,19.356221550858105,33.78053565325102,1.532378252041907,180.0,52.20774783819756,975.3011287595559
2026-01-02 19:52:00,CYCLE_VENTILADOR_DEFECTUOSO,164.0520502352886,168.4710107568071,173.6004342904005,120.67811391171814,3.0736584516168506,8.065178601328554,26.099658896356612,19.517459583386646,32.00278383939137,1.5316113107795237,180.0,51.7878800798445,964.5986503100248
2026-01-02 19:53:00,CYCLE_VENTILADOR_DEFECTUOSO,166.15879604311272,169.64382086994473,173.80233521903986,120.24427834061022,3.1675674459844716,8.042444120763333,26.974846201205565,19.501235290888403,30.078119608394164,1.5310853580397294,180.0,52.05901975311661,966.5967179278217
2026-01-02 19:54:00,CYCLE_VENTILADOR_DEFECTUOSO,167.2499492223245,169.50241738974898,176.65180236826203,120.70150080235416,3.1772064134532574,8.188809203210047,25.797625631577965,19.67583525957777,29.660981081717097,1.5313438182140486,180.0,52.688313219941904,973.3800668212888
2026-01-02 19:55:00,CYCLE_VENTILADOR_DEFECTUOSO,167.9240725569508,171.91786797683517,178.79014489877812,121.42606751799242,2.5773047100144795,8.221837863444058,26.627248710181572,19.5575417965976,31.263575007379703,1.531017335590269,180.0,51.535209400435164,969.1765134162002
2026-01-02 19:56:00,CYCLE_VENTILADOR_DEFECTUOSO,169.618522722733,174.4122730870837,177.91901471807776,127.19439231441557,3.247225974163279,8.169297216557931,26.310902252117337,19.420267825365887,27.6820959252116,1.5333289449655696,180.0,50.524685242830685,969.4811924816058
2026-01-02 19:57:00,CYCLE_VENTILADOR_DEFECTUOSO,171.8907812342028,175.03033040096827,181.90226865885734,124.13514240210512,3.090946148512882,8.096827658315746,26.192932460313973,19.78453543148569,29.026382243435332,1.5332541164222504,180.0,51.89722462706825,962.0704703857674
2026-01-02 19:58:00,CYCLE_VENTILADOR_DEFECTUOSO,171.70136508832854,175.02777923540467,182.0175504335071,125.08691999978161,2.8094215846324175,8.027869886663185,24.510250933985184,19.584914864568486,28.473080156479703,1.5338719546411297,180.0,51.70301678593709,964.2403478192278
2026-01-02 19:59:00,CYCLE_VENTILADOR_DEFECTUOSO,172.0935690467489,181.88097228859706,183.72136782267214,127.63628811325292,2.775099914716226,8.332381544862182,26.240389047557912,19.63744549958557,27.074404897799212,1.5319302605936367,180.0,51.21615789792227,964.5717879299176
2026-01-02 20:00:00,CYCLE_VENTILADOR_DEFECTUOSO,176.56135582261427,180.31941343824502,182.96068457647098,127.65387080479972,2.8997840753829465,6.880338666717887,27.923495212654508,21.655002913173746,29.019255121252755,1.531069611461722,180.0,50.19863316781075,996.5684209706282
2026-01-02 20:01:00,CYCLE_VENTILADOR_DEFECTUOSO,170.78814852139763,176.4548262866187,179.04898946566803,124.87646502316943,2.589369090655508,8.830990272897381,27.548770153759232,21.363886521658863,29.58738962943631,1.5299826977668052,178.8235294117647,50.05691370627068,998.343738304027
2026-01-02 20:02:00,CYCLE_VENTILADOR_DEFECTUOSO,167.09309084337988,171.3999322412578,177.68633079781958,122.12736996100949,3.474663410573419,7.015406033383367,26.74050427613359,21.40996983530776,30.784289840777316,1.5290283180435027,177.64705882352942,48.8544261373312,1008.042039378391
2026-01-02 20:03:00,CYCLE_VENTILADOR_DEFECTUOSO,162.3358850085505,169.50123502338485,174.83313149264515,120.86644217819672,3.38282018745897,7.636889679783048,27.442025870879593,21.450109802273605,30.932742605815502,1.5294438560373396,176.47058823529412,48.840930707953774,1020.5432032185058
2026-01-02 20:04:00,CYCLE_VENTILADOR_DEFECTUOSO,161.8174104135424,165.53503628204209,169.52665836366455,117.60428915840816,3.0514764468474036,8.121913719321986,27.280635159771617,21.51022918671604,32.00868578776045,1.5304794211051171,175.2941176470588,49.39383904979841,1020.4047610891328
2026-01-02 20:05:00,CYCLE_VENTILADOR_DEFECTUOSO,155.8959405982738,160.08083118108442,168.85654748564906,115.78729515553613,2.82793845829065,8.630424092603745,26.29382909901196,20.775248104910137,32.74248889522016,1.5308240516097515,174.11764705882354,47.95851663547775,1030.7072476879068
2026-01-02 20:06:00,CYCLE_VENTILADOR_DEFECTUOSO,153.7190226554913,157.74751120962705,164.32622541967254,113.80539199180062,2.8148171834507143,6.855307731070781,26.006788198784793,21.411007387664313,32.559010800192084,1.5305974069861852,172.94117647058823,48.01652815501782,1030.9681844972542
2026-01-02 20:07:00,CYCLE_VENTILADOR_DEFECTUOSO,152.16930469389507,156.73884046904254,159.01642845314106,111.8674796734379,3.0803608883227787,8.397702543911436,26.997854041018044,20.97528967594226,33.57676617686392,1.5299665519474728,171.76470588235293,46.33485324050747,1032.235286728707
2026-01-02 20:08:00,CYCLE_VENTILADOR_DEFECTUOSO,149.2388813945809,154.93780569614444,156.8744115410612,108.6334582216178,3.359280842959829,8.866785755001985,27.044031481998168,21.06197496497654,33.34936383164429,1.5310801516986594,170.58823529411765,46.570001619207254,1045.4466105067086
2026-01-02 20:09:00,CYCLE_VENTILADOR_DEFECTUOSO,144.56341273954476,149.93120179436028,156.60806385967874,107.79562630328967,2.639805347868876,9.02667082272012,26.450304199734965,20.46146144569005,34.33809810744739,1.5331514071528143,169.41176470588235,47.053548664632785,1046.227455823176
2026-01-02 20:10:00,CYCLE_VENTILADOR_DEFECTUOSO,142.21976812433783,147.76413378143394,149.00903877487545,104.89017809714615,2.4546401535995575,8.239570464868917,26.841761294012297,20.58816694481769,35.357425734965844,1.533286462857598,168.23529411764707,47.25264936697767,1054.2675233969367
2026-01-02 20:11:00,CYCLE_VENTILADOR_DEFECTUOSO,138.43005884684447,143.26624585720762,148.06305610318122,103.64123022350458,3.233199795103791,8.496641180051896,25.91455556401095,20.35317363977567,36.58202146194065,1.5342258259216695,167.05882352941177,45.62150616740286,1051.1888721894672
2026-01-02 20:12:00,CYCLE_VENTILADOR_DEFECTUOSO,135.97538177755578,140.42360644546952,144.03417229037524,101.99100668778497,2.21175758338853,8.397808288494861,25.748901840401896,20.348411212190744,37.46002534560843,1.534569196271465,165.88235294117646,46.0036685856521,1064.6592268391303
2026-01-02 20:13:00,CYCLE_VENTILADOR_DEFECTUOSO,134.1678330664396,138.97126763613423,142.32408640082787,95.76907712870192,2.4243315138267274,8.568368555589899,25.04642183821771,19.986855171858206,38.812481470610685,1.5353247011779305,164.7058823529412,45.44239314631348,1069.8217755895719
2026-01-02 20:14:00,CYCLE_VENTILADOR_DEFECTUOSO,130.5187379107764,136.85113417389968,140.11161730401852,97.99687897858072,2.631824985187921,8.307616136400489,24.475619519350122,19.97699598297799,38.00125930371324,1.5341601543998205,163.52941176470588,45.77066167455507,1071.7473038715436
2026-01-02 20:15:00,CYCLE_VENTILADOR_DEFECTUOSO,128.156233464558,133.66868568966078,135.30196329578158,94.54188490046684,2.2167439092383225,8.437726859941012,26.33968803661827,19.951531500729033,39.516130109582946,1.5336720181196783,162.35294117647058,44.34908154061601,1072.4025637576012
2026-01-02 20:16:00,CYCLE_VENTILADOR_DEFECTUOSO,124.07529998515429,128.13596886550252,134.34095583488187,91.17034211032828,2.9975102650604666,9.158364931602419,25.720796236872538,19.449596673994755,40.74694594230811,1.5340674875597238,161.1764705882353,44.83688756367954,1080.4882335927125
2026-01-02 20:17:00,CYCLE_VENTILADOR_DEFECTUOSO,124.63009518724692,126.69898711081069,132.95357184202481,92.19636066819896,2.8999287240086726,9.06580768663637,24.021635316859772,19.47702027506936,40.52051203102763,1.5352799785038058,160.0,43.95886894221616,1088.1594503032388
2026-01-02 20:18:00,CYCLE_VENTILADOR_DEFECTUOSO,121.37305859063014,124.53045469415126,127.71340115154766,90.02501204358272,2.449410771331203,9.304616783207,24.765720052261795,18.89973847692528,41.85977410107447,1.5344618442821683,158.8235294117647,44.06109884434601,1091.6945826007545
2026-01-02 20:19:00,CYCLE_VENTILADOR_DEFECTUOSO,119.25463785523499,121.3571322181607,125.97620656470214,85.93137090514332,2.984724571887778,9.224654253673947,24.42736717132099,19.26655102398074,43.66787432210661,1.5324285451711281,157.64705882352942,43.6479109043055,1098.2026502801623
2026-01-02 20:20:00,CYCLE_VENTILADOR_DEFECTUOSO,117.44450956574386,119.65763137930455,121.77987655396412,85.25945218307605,3.014619661294257,9.528639888809092,24.138125524505533,19.365722424658884,43.4273388888312,1.5319302807446868,156.47058823529412,43.151421387298434,1104.8893197650655
2026-01-02 20:21:00,CYCLE_VENTILADOR_DEFECTUOSO,112.54822172096655,117.75141197776361,120.01807360673779,84.1992042554473,2.5248723349247455,9.674401116724555,23.872236350134564,18.574642202214967,44.09407446185248,1.532940411459035,155.2941176470588,43.18008239372293,1103.2885663276888
2026-01-02 20:22:00,CYCLE_VENTILADOR_DEFECTUOSO,110.79948874860365,115.5946171415147,117.34091863884987,79.55089921986075,2.4026146727800177,8.423259337125772,24.161534597424485,18.65399265547744,43.851568860419476,1.5313565158679472,154.11764705882354,42.626868383958204,1106.3040672640586
2026-01-02 20:23:00,CYCLE_VENTILADOR_DEFECTUOSO,106.69445063544056,114.08779235694347,116.11756758280637,79.65540122719187,3.194687331011819,8.925786351263408,24.23880447494675,18.69710466354417,47.07702361254017,1.5301795959758155,152.94117647058823,42.20250441198686,1115.8162313491327
2026-01-02 20:24:00,CYCLE_VENTILADOR_DEFECTUOSO,110.52207240168715,109.39088888245783,114.2644826295991,79.8752288714962,2.7121468659529775,9.296076727137335,23.80445991150096,18.376031393852973,45.74995507280552,1.5303355145618667,151.76470588235293,41.75456484223233,1119.6894307258651
2026-01-02 20:25:00,CYCLE_VENTILADOR_DEFECTUOSO,104.40503757850202,105.91782676184387,110.39320734347827,75.18282241737393,2.5516873118570427,9.459249472550447,23.305840235876683,18.251507305256627,45.76421887787132,1.5302195433091053,150.58823529411765,41.63543785033485,1129.1938058206918
2026-01-02 20:26:00,CYCLE_VENTILADOR_DEFECTUOSO,103.70670904726158,105.79900615123007,110.11836112434126,74.80237517683662,2.8628452965969258,9.194366477796866,23.098941280789695,17.989027002451575,48.54027481497738,1.5308140097906584,149.41176470588235,41.37152597575371,1126.7944434161548
2026-01-02 20:27:00,CYCLE_VENTILADOR_DEFECTUOSO,98.8939363273423,105.48921706162123,107.91361487772804,73.98401172905761,2.523352299744604,10.044247129611799,23.570491951498138,17.83033593593704,47.85825324036683,1.529585283030213,148.23529411764707,40.42979870785884,1140.2159812782234
2026-01-02 20:28:00,CYCLE_VENTILADOR_DEFECTUOSO,99.537785437199,100.55992402333277,104.93869527594374,73.84940979270445,2.2600785301065964,10.637033007674711,23.101596374634344,17.747367051635866,49.09041209056527,1.5292603044360442,147.05882352941177,40.41349967515896,1146.5909190264224
2026-01-02 20:29:00,CYCLE_VENTILADOR_DEFECTUOSO,98.57562908550068,99.90338479761635,101.19258497869265,71.40786710289422,2.4148042306672743,9.798963330732043,22.68226914000613,17.621779662579133,49.23315138461088,1.5304554898384473,145.88235294117646,39.724507868020545,1146.219707252007
2026-01-02 20:30:00,CYCLE_VENTILADOR_DEFECTUOSO,94.3197287461378,97.9032677385335,99.0104853500734,67.31160716068152,2.6813441853555844,9.806876398452047,22.432240734044974,17.22589662163412,52.374576878651986,1.5292625936448105,144.70588235294116,39.89604367516423,1151.503448704006
2026-01-02 20:31:00,CYCLE_VENTILADOR_DEFECTUOSO,91.26485004669365,95.32876582664173,96.74530527142717,67.87789723396253,1.7510838258935553,10.248257539316873,22.47606986879258,17.297719972558696,51.7372374589967,1.5307395059411208,143.52941176470588,39.283665830346095,1153.2323350034828
2026-01-02 20:32:00,CYCLE_VENTILADOR_DEFECTUOSO,90.43666011756899,93.17861105911904,96.87638627331533,65.59360180370902,2.241321870605208,8.949433063574753,21.80302440030971,17.473370653288082,52.714424714244245,1.5296720889552322,142.35294117647058,39.62908905298222,1159.1738942192296
2026-01-02 20:33:00,CYCLE_VENTILADOR_DEFECTUOSO,86.09506198547825,90.17321865841595,92.34136974614908,61.28675796121358,2.7216399086501117,9.955410940807441,22.392082954250473,16.924576602626757,53.34585669215847,1.5305214705326098,141.1764705882353,39.24392651408843,1164.753207899266
2026-01-02 20:34:00,CYCLE_VENTILADOR_DEFECTUOSO,86.92352693036783,86.69331792306639,92.70583903328135,63.47602515128908,2.13215376538623,10.489517912733758,21.068770577182995,16.60969186056793,54.61820667697973,1.5301485120223965,140.0,38.110054289646385,1177.200331699923
2026-01-02 20:35:00,CYCLE_VENTILADOR_DEFECTUOSO,86.19304134397977,86.28521367026373,88.73365704232802,63.416921632255985,2.728538450482364,9.737246530811209,21.282537858845995,16.67559913934389,56.088385386268726,1.5290036037647576,138.8235294117647,38.23414044494782,1176.183105092051
2026-01-02 20:36:00,CYCLE_VENTILADOR_DEFECTUOSO,83.44017165941798,85.37654861743725,89.19500170388672,62.557217514262454,2.6681206247995406,9.504366768872547,21.711201472393665,16.411699286314636,54.918239106101865,1.528506704717605,137.64705882352942,38.21841795348973,1176.2239132154566
2026-01-02 20:37:00,CYCLE_VENTILADOR_DEFECTUOSO,81.4528750353896,85.42388664998069,86.44077984840717,59.758002460872596,2.2030303409835668,10.083567783185405,20.479934177533654,16.135692979473426,53.92798867097944,1.529051633905784,136.47058823529412,37.47537105000202,1187.5760392171876
2026-01-02 20:38:00,CYCLE_VENTILADOR_DEFECTUOSO,80.77251431831125,82.281123990556,86.27068902601029,58.93969788666576,2.0311188808022074,10.204951401046097,20.030984790376685,16.279934532682656,57.361301584930295,1.5290447799108826,135.2941176470588,36.86278199389975,1194.9017991539513
2026-01-02 20:39:00,CYCLE_VENTILADOR_DEFECTUOSO,79.24396279705311,80.11503866841727,84.32635157550996,57.6814445819138,2.0944646066626724,9.839791506101093,20.8277625716441,15.958783928704237,57.83738172053532,1.5301632493223258,134.11764705882354,36.344554538498606,1196.5370099848985
2026-01-02 20:40:00,CYCLE_VENTILADOR_DEFECTUOSO,74.94035375075035,78.03604893794783,83.00030100522989,57.05439597428019,2.959048213146649,11.401021814496064,19.587167124138837,15.824636998562118,58.28110050271714,1.531598989383261,132.94117647058823,36.98175562952868,1207.5575260278156
2026-01-02 20:41:00,CYCLE_VENTILADOR_DEFECTUOSO,75.48465368847889,78.29442183520727,81.3874260101944,54.483126130110016,2.700982796264847,10.17241651537838,19.640885934795772,15.829004803808171,58.8003372180559,1.530415958717943,131.76470588235293,36.66984396910047,1209.832723744694
2026-01-02 20:42:00,CYCLE_VENTILADOR_DEFECTUOSO,76.7791176745396,77.57027422357379,78.19691272303544,54.00300863104848,2.155264350365551,9.893758559580833,20.689250588750916,15.340423904456946,58.4014077637091,1.5291596895730326,130.58823529411765,35.77837914173945,1207.5681909628015
2026-01-02 20:43:00,CYCLE_VENTILADOR_DEFECTUOSO,70.76316843527874,75.68264696703173,75.05730859181567,51.572640798750776,1.9141925899760617,10.482601105170577,19.927549013503786,15.147484389277507,59.58191742168426,1.5278548957994118,129.41176470588235,35.92928727965829,1214.6009914394901
2026-01-02 20:44:00,CYCLE_VENTILADOR_DEFECTUOSO,70.80267369885155,73.63180420968563,73.64064517570284,49.09614421378705,2.110742562775219,11.042165612969892,20.636838388312785,15.478712254026437,60.27610850891394,1.5269556997033638,128.23529411764707,33.72747876867077,1222.7536446214967
2026-01-02 20:45:00,CYCLE_VENTILADOR_DEFECTUOSO,71.80536226798698,69.66255975924938,70.88710495311379,48.501039688064274,2.127769926724525,10.655765948028527,18.95778366434509,14.807110590779553,61.26303813972726,1.5280599142241835,127.05882352941177,35.537726905186545,1220.2259993504144
2026-01-02 20:46:00,CYCLE_VENTILADOR_DEFECTUOSO,69.39984934489314,69.57048793000976,70.60975588569012,49.861103326093115,1.660605824095345,10.94867931296318,19.439426899948362,14.846681267661218,63.306687142270576,1.5286202761748502,125.88235294117646,34.45934272341183,1233.2782000591262
2026-01-02 20:47:00,CYCLE_VENTILADOR_DEFECTUOSO,66.0872091413321,70.918170175196,70.54211343203896,48.72551151873274,2.0366174227813847,10.328950585186364,19.550675101672553,14.530788395443322,60.5195533378398,1.5280752486019278,124.70588235294117,34.27256895266865,1229.9284602069476
2026-01-02 20:48:00,CYCLE_VENTILADOR_DEFECTUOSO,65.60737206667432,68.54574740728268,68.36721900585142,46.97993357642936,2.3883179360989812,11.567373634966463,18.42374146209072,14.642268504949563,65.26445273887458,1.528064146011305,123.52941176470588,33.70528735665441,1246.110540544947
2026-01-02 20:49:00,CYCLE_VENTILADOR_DEFECTUOSO,64.04189545966229,64.00089846156943,67.4312124459663,45.326310007923865,1.4307812309291754,11.163208455135692,19.56023361328801,14.673847043647882,65.46330873688697,1.529468451516471,122.35294117647058,34.227265505639636,1250.6879182685786
2026-01-02 20:50:00,CYCLE_VENTILADOR_DEFECTUOSO,61.85828756765255,64.45359551229367,66.87589305078073,48.425759051461114,2.1975550214739474,11.46502725502704,19.062709850908025,14.459442379662441,62.89647535462453,1.53137646236745,121.17647058823529,32.662911498946606,1254.1199657797947
2026-01-02 20:51:00,CYCLE_VENTILADOR_DEFECTUOSO,61.40498060790923,63.657755018979046,64.58511235299176,43.47559006331288,2.3410108195878623,11.182580316237585,17.60585631941611,14.764088963605744,64.94209830354845,1.5316358467008928,120.0,33.59437302044627,1254.439343685448
2026-01-02 20:52:00,CYCLE_VENTILADOR_DEFECTUOSO,59.9222506130823,61.03594694235238,62.296669663022456,43.6288951175173,1.7393958216817735,11.471265548276156,18.36390954412358,14.351836905070405,66.09311269058834,1.5289765655168455,118.8235294117647,32.7191438638339,1262.865685248034
2026-01-02 20:53:00,CYCLE_VENTILADOR_DEFECTUOSO,59.183116542493714,57.93420802284223,62.29880747918796,42.41000796281674,2.394807349306056,10.681120778984916,18.433254714024088,13.796961707279603,67.92681765597298,1.5292738526116054,117.64705882352942,32.49620605753891,1265.1733808062438
2026-01-02 20:54:00,CYCLE_VENTILADOR_DEFECTUOSO,56.96432149030708,59.604232497947784,60.030717396592394,41.61596173062939,1.6584450997528912,10.930765379890513,17.662772718572242,13.592521772143963,66.2180938245814,1.5302086007411466,116.47058823529412,31.68413721413386,1268.1456464532248
2026-01-02 20:55:00,CYCLE_VENTILADOR_DEFECTUOSO,55.169444072177036,57.34587021160605,59.55603053265565,41.71764801669772,1.9768626136841714,11.908534415425073,16.944013829803957,14.222009857102664,68.23791928736982,1.5304332330570027,115.29411764705883,30.85849544306862,1275.9559523226624
2026-01-02 20:56:00,CYCLE_VENTILADOR_DEFECTUOSO,55.51479078225658,56.18073374299879,60.289692306781,39.43116450225621,1.7314976063656167,12.073988620700804,17.814134097197858,13.741926165852554,68.7183271569121,1.5311597479757375,114.11764705882352,31.641725971003343,1285.1460033224391
2026-01-02 20:57:00,CYCLE_VENTILADOR_DEFECTUOSO,56.50885502982637,55.55001057965023,57.17593449020702,39.91316785785759,1.7104221012545802,10.77940837661105,18.78893064411912,13.496025181958116,68.5534995365788,1.531516813350198,112.94117647058823,30.996040310048443,1287.5702147545203
2026-01-02 20:58:00,CYCLE_VENTILADOR_DEFECTUOSO,53.45870243991197,54.693121277254235,58.47215488530069,41.964583526371946,1.596322884114603,11.536632739814259,17.045120464875133,13.241861118745646,68.94556277829828,1.530282167932716,111.76470588235294,31.185013409826677,1298.2398144864535
2026-01-02 20:59:00,CYCLE_VENTILADOR_DEFECTUOSO,51.893979065406235,53.74367352894728,56.93521734792568,41.74071924140807,1.9700768459392781,11.255116335051504,18.03398168356074,13.130334565595843,71.30661259860759,1.5293959294993527,110.58823529411764,30.071179066782907,1300.5421137545598
2026-01-02 21:00:00,CYCLE_VENTILADOR_DEFECTUOSO,52.150650518179965,51.617483657728314,53.415629150440814,37.00617265058675,1.9941374356387622,11.180896030023451,16.456189732153202,12.627955092802674,69.67767435477644,1.5290747773122224,109.41176470588235,29.622317083659784,1305.1557716589837
2026-01-02 21:01:00,CYCLE_VENTILADOR_DEFECTUOSO,50.03118917731186,51.35990974141941,51.69380112183536,35.99879080443159,1.6991607350848266,11.730655141795372,16.85201645663622,12.804517077736833,72.17702420033667,1.530140192090461,108.23529411764706,30.18984243764788,1301.1273190123018
2026-01-02 21:02:00,CYCLE_VENTILADOR_DEFECTUOSO,51.45936188092746,48.48287622929067,51.90278118226719,39.582433475288376,1.2894885274949563,12.217540289712115,17.00072864457609,12.636095018987602,73.7702205660907,1.5293743080221402,107.05882352941177,30.11561094779494,1311.4644078961855
2026-01-02 21:03:00,CYCLE_VENTILADOR_DEFECTUOSO,48.23026597555577,49.95393960879747,52.31041779007796,37.70765610327504,1.797421638225611,11.931713589583275,16.347892976887767,12.289760466673822,72.45081333772171,1.5298302106553079,105.88235294117646,28.828202999947568,1313.3895691817925
2026-01-02 21:04:00,CYCLE_VENTILADOR_DEFECTUOSO,48.11305847424846,45.162917193027916,49.32020429214151,33.41714427793227,1.7820664926971577,11.604949657393425,15.989425837562017,12.211622440378742,74.71902012416719,1.5301339032492292,104.70588235294117,28.111016209554638,1321.9570641117564
2026-01-02 21:05:00,CYCLE_VENTILADOR_DEFECTUOSO,45.42428238094418,47.273231243898024,50.001139398935194,33.3857938502268,1.5694392780966768,12.080960001732286,16.41886979012115,12.471102505579468,75.27785680072253,1.5317201005143082,103.52941176470588,28.556525885596454,1324.9579879412822
2026-01-02 21:06:00,CYCLE_VENTILADOR_DEFECTUOSO,46.01029586181133,47.773810121243415,49.385112702818105,35.49818055850256,2.173614764305503,11.70236485438602,16.933192396892622,11.991771738630103,73.45353929624706,1.5316784207361789,102.35294117647058,27.68811576733483,1331.2626894314658
2026-01-02 21:07:00,CYCLE_VENTILADOR_DEFECTUOSO,44.832516807631904,44.46932878490042,46.04983980352589,30.53573371801543,1.1232581953197198,12.147233620953536,15.79379753293474,12.279780478994018,75.02374650619687,1.5299236623179024,101.17647058823529,27.778623009339054,1342.0597769799156
2026-01-02 21:08:00,CYCLE_VENTILADOR_DEFECTUOSO,43.54905546748147,45.68918443463964,45.23081225748271,33.04089518874599,0.906243458352501,12.698232850227866,15.118935322653218,11.366149826988238,74.8986627757908,1.5305705327827992,100.0,27.013219155667766,1344.7581425731662
2026-01-02 21:09:00,CYCLE_VENTILADOR_DEFECTUOSO,42.147469626073764,45.32406228949979,45.97998156898442,32.112560252479014,1.3311696981579255,11.02024369976135,15.129846544635786,11.458599172838886,76.92472524868775,1.5327085879944333,98.82352941176471,27.588729698181535,1351.927617379792
2026-01-02 21:10:00,CYCLE_VENTILADOR_DEFECTUOSO,41.13454036482209,39.09381491019454,44.40863020234775,31.371508812055186,1.742539124933317,12.516273208093546,16.57064811679899,11.102308995632969,79.68194916163111,1.5334209713392997,97.6470588235294,26.120843482768766,1346.5384440345244
2026-01-02 21:11:00,CYCLE_VENTILADOR_DEFECTUOSO,41.407110208670595,42.02578885520556,42.5232878352455,29.213774135465535,1.1916499701143857,11.40694312745006,14.954893849634809,11.018619710902307,76.0811499354216,1.5326333097474893,96.47058823529412,26.374718612773584,1358.2150920637735
2026-01-02 21:12:00,CYCLE_VENTILADOR_DEFECTUOSO,41.00827613975043,37.91827189570288,42.06223427185545,28.340733064113447,1.1931036824253705,12.84945797291929,14.332427411105316,10.943602556347134,80.3222876457473,1.5315513638683105,95.29411764705883,25.55396834261503,1366.89203000962
2026-01-02 21:13:00,CYCLE_VENTILADOR_DEFECTUOSO,39.30301416508228,40.4064079007849,41.55628308703192,30.944397068932382,1.7516929554752951,11.975604842122392,13.817160930782745,11.021045118631429,79.38130137724163,1.530598395034803,94.11764705882352,25.321431593239193,1374.092410550305
2026-01-02 21:14:00,CYCLE_VENTILADOR_DEFECTUOSO,39.01884312388583,39.73563664165052,38.9365372707688,26.8978160466755,1.5841425280998291,11.744105487667344,13.223787074624873,10.860087923291708,80.60614357042104,1.532601706915185,92.94117647058823,24.920022592787777,1366.916890138709
2026-01-02 21:15:00,CYCLE_VENTILADOR_DEFECTUOSO,37.863248659542336,35.977750425964146,40.923631872591876,27.57108221399609,1.5374880207876793,12.759399319426727,14.35260434582032,10.51960412094843,81.16603871422672,1.5322743794746636,91.76470588235294,25.159219999433258,1376.745325959557
2026-01-02 21:16:00,CYCLE_VENTILADOR_DEFECTUOSO,37.277382537432665,40.49540562994158,38.637617256618256,26.72209126993523,1.6377900203774733,12.652673266865323,14.342365027627476,10.058641769204952,79.15481395543054,1.5316117360808357,90.58823529411764,24.912963070071974,1387.3301840069432
2026-01-02 21:17:00,CYCLE_VENTILADOR_DEFECTUOSO,36.18447737565701,37.773515487258,35.09512221276551,25.019522022446495,1.2547950551946052,12.029818313225054,13.526688174373817,10.64847975107702,81.6534660808335,1.5314532994367083,89.41176470588235,24.396516473289715,1387.4661808664014
2026-01-02 21:18:00,CYCLE_VENTILADOR_DEFECTUOSO,35.72757486185693,35.67173802413749,37.64647935668556,24.518462185376425,1.2476493155976685,11.96173541553345,13.570849681954536,10.144527729061638,82.28249661252268,1.5311363923881027,88.23529411764706,23.72752087166938,1389.6356402276908
2026-01-02 21:19:00,CYCLE_VENTILADOR_DEFECTUOSO,38.23947701214597,37.72454270691864,36.04046081320357,24.710867757773496,1.5832699162222088,12.553318079783772,12.692680957620102,9.827162134007,83.21647603617224,1.5327040427478902,87.05882352941177,23.5154681667613,1392.1193310171084
2026-01-02 21:20:00,CYCLE_VENTILADOR_DEFECTUOSO,34.68612896105639,33.10180995190451,38.22751046162631,25.301001987193846,0.9158616968580768,12.10383887785558,13.289841112509945,9.954145820079564,84.04840557777449,1.5316895652568738,85.88235294117646,23.5581044817087,1399.5665383991625
2026-01-02 21:21:00,CYCLE_VENTILADOR_DEFECTUOSO,34.41108278958847,33.08662819878575,34.784006413440295,25.560786402740707,0.6555033738115283,12.233969395891128,13.314107276373887,9.788788193768502,83.47288667285967,1.5328702084885342,84.70588235294117,23.23776503730128,1401.647754670283
2026-01-02 21:22:00,CYCLE_VENTILADOR_DEFECTUOSO,33.500839530392724,31.121702010329738,33.469714037173894,22.104524798004714,1.1473256722813914,12.881339806975424,12.519237574153198,9.532103362462193,83.19193494115646,1.5329923005849853,83.52941176470588,21.091836974239197,1413.6792199785966
2026-01-02 21:23:00,CYCLE_VENTILADOR_DEFECTUOSO,32.01195478174192,35.375750248307476,34.711176259176575,21.259288373171326,1.5355645077281106,12.399417124048922,13.669733786625454,9.475084354388805,82.22754888728126,1.5341993270984131,82.35294117647058,21.9647292502481,1422.0726357010979
2026-01-02 21:24:00,CYCLE_VENTILADOR_DEFECTUOSO,33.24560358606639,32.96050189313502,32.63801912301174,20.0,1.3119620273430996,13.154446115601507,11.968324439245968,9.06311167897722,82.59779495887936,1.5357819461421471,81.17647058823529,21.652576486633194,1418.4855127290714
2026-01-02 21:25:00,CYCLE_VENTILADOR_DEFECTUOSO,30.721983952152048,32.71361814345699,31.837944073111267,20.0,1.4714731655226188,13.745071797941739,12.455800248125675,9.294839711492441,84.14057396813841,1.5358667437760603,80.0,21.763197710634508,1429.6023475362726
2026-01-02 21:26:00,CYCLE_VENTILADOR_DEFECTUOSO,31.728822537806316,31.657369232167156,32.740980083244004,24.809169730727316,0.5883890177974199,12.984545821961474,12.609830667957217,8.792223219704088,85.94625277722652,1.535551680166461,78.8235294117647,21.05905156593454,1436.9945294959348
2026-01-02 21:27:00,CYCLE_VENTILADOR_DEFECTUOSO,29.465633770656158,31.37143104397919,30.250576523408004,21.081972052698905,1.2669179500600725,13.182722589816322,11.869592686464992,8.719222203393096,85.35497478494102,1.535617858998326,77.6470588235294,21.115894211483045,1438.6446288774807
2026-01-02 21:28:00,CYCLE_VENTILADOR_DEFECTUOSO,28.130929999046305,30.17598900909281,29.132966092976748,20.99464448120496,1.347419855594394,14.185518954653038,11.618006345638095,8.818835993482416,87.10887998148444,1.535523088326321,76.47058823529412,19.880837681711615,1437.2547018119276
2026-01-02 21:29:00,CYCLE_VENTILADOR_DEFECTUOSO,29.149623701874113,29.819170735570687,32.34817959916604,22.96867392550443,0.7250128740571304,12.641493558958384,10.688898797125159,8.778606919052468,86.7942858359287,1.5338661218705822,75.29411764705883,20.214060871175764,1450.2843420169693
2026-01-02 21:30:00,CYCLE_VENTILADOR_DEFECTUOSO,26.82558566710422,29.047086652118935,30.380135847996808,20.81718844405236,1.3678609746429549,13.889735244649193,12.175749435244894,8.703709535458007,86.60337910382262,1.5354186022443674,74.11764705882352,20.19800198638911,1453.5629248259843
2026-01-02 21:31:00,CYCLE_VENTILADOR_DEFECTUOSO,28.245540572120262,27.623427745150025,28.78765237957275,20.0,1.0547796251659092,13.888369975426828,11.074534667234737,8.446453765340374,87.93123647449674,1.5356643872617486,72.94117647058823,18.674573271223277,1458.1975108173613
2026-01-02 21:32:00,CYCLE_VENTILADOR_DEFECTUOSO,25.632673651578465,27.745196657595326,28.532456061175488,21.1045415261105,1.9886279012381027,13.838923375469244,11.314015893616357,8.019219176685024,88.47642450915342,1.5345012880766975,71.76470588235294,20.33245198620529,1461.6781972354456
2026-01-02 21:33:00,CYCLE_VENTILADOR_DEFECTUOSO,26.156820139884747,27.588261559873448,28.587303597206088,20.0,0.39304766672593716,14.116462160660433,11.210354981791715,7.624566495423605,88.42572765827435,1.5324337647564992,70.58823529411764,19.334938764752586,1469.2547127303062
2026-01-02 21:34:00,CYCLE_VENTILADOR_DEFECTUOSO,24.306365557223067,26.862567040022018,28.603379939602274,21.476460019259836,1.4359443943360386,13.669699247685191,10.244869644285144,8.062523722162597,88.97074575507048,1.5301061655235688,69.41176470588235,18.404037995770636,1475.9888514657205
2026-01-02 21:35:00,CYCLE_VENTILADOR_DEFECTUOSO,28.908875085729356,24.437469859955495,25.994547754494853,20.0,0.8859542517144465,13.296770546318013,10.318457627341235,7.9043912986213325,89.34854719791127,1.5308766459602563,68.23529411764706,17.653022837136916,1488.5541891759988
2026-01-02 21:36:00,CYCLE_VENTILADOR_DEFECTUOSO,23.040959745286784,24.088403630679334,26.81843988035131,20.0,0.4980477629789114,14.194345469139694,11.052790250782236,7.344596365967958,90.05520141673357,1.5302576683918492,67.05882352941177,17.643549861837936,1484.4829417189271
2026-01-02 21:37:00,CYCLE_VENTILADOR_DEFECTUOSO,24.553512820244258,26.503870877005014,25.259140969389833,20.0,0.804098330880082,14.272303458797625,9.396908291312036,7.511968900001888,91.86978332799258,1.529802767723744,65.88235294117646,17.436859162998942,1495.1201948921516
2026-01-02 21:38:00,CYCLE_VENTILADOR_DEFECTUOSO,25.43970508232717,24.348407982348256,25.13908422827038,20.0,1.0244202429894749,14.317362833099587,11.159103786030824,7.110035029449148,92.02131936310666,1.5302909219882828,64.70588235294117,17.279154807817786,1495.548667392531
2026-01-02 21:39:00,CYCLE_VENTILADOR_DEFECTUOSO,24.847179436182547,24.940865426981425,25.067705116156358,20.0,1.2314080680964035,13.845780452924325,9.250555320430871,7.325465460735961,89.25923930490544,1.529774873832181,63.529411764705884,17.473019500360266,1498.7615505549552
2026-01-02 21:40:00,CYCLE_VENTILADOR_DEFECTUOSO,24.170474563388943,22.460892482334916,24.3859944435592,20.0,1.4157489503051988,13.524255684369807,8.804894568032498,6.770976647351177,89.70846210030857,1.5303213982482347,62.35294117647058,16.148505387127315,1504.795870783114
2026-01-02 21:41:00,CYCLE_VENTILADOR_DEFECTUOSO,22.32291156109713,21.545546848238324,24.805738451428503,20.0,1.3047191871155044,14.03685759764404,9.407116504850094,7.118419333139954,92.784126898659,1.5304166623126112,61.17647058823529,16.331775086853508,1504.3567520002216
2026-01-02 21:42:00,CYCLE_VENTILADOR_DEFECTUOSO,23.888794641847408,21.852336812538546,24.04632145984891,20.0,0.5675282509315085,14.471115008783919,10.467866101461064,6.7286526809482226,93.66804624755224,1.5303325327294621,60.0,15.068071132985652,1515.5091553687223
2026-01-02 21:43:00,CYCLE_VENTILADOR_DEFECTUOSO,22.9364508782134,22.15815608924471,21.200283727843416,20.0,1.1751838614613472,14.570999424341748,7.811403631921988,6.779677036164088,92.32025460748395,1.5287597823237706,58.823529411764696,15.171350903341564,1511.3594708331514
2026-01-02 21:44:00,CYCLE_VENTILADOR_DEFECTUOSO,21.676840774459496,21.196707094089067,20.938281824715272,20.0,0.9325115375564299,13.902808995286232,8.688499812603661,6.1761481090952355,94.51658778611913,1.5279400509673318,57.647058823529406,15.230375230657364,1520.9190824676054
2026-01-02 21:45:00,CYCLE_VENTILADOR_DEFECTUOSO,21.301102247031388,23.126110018088053,21.690714221251767,20.0,0.5977367407801271,14.334157036298988,8.873994304471578,6.198652979712369,92.86134893523767,1.5285425863329185,56.470588235294116,15.051513598445576,1529.8511370784177
2026-01-02 21:46:00,CYCLE_VENTILADOR_DEFECTUOSO,20.246468888440127,21.376022204305507,23.90436273427273,20.0,0.7095360656542347,13.58090496540408,8.423551319659133,5.772530714952976,93.65945620674655,1.5278605645180545,55.294117647058826,13.993131660827352,1539.2297106053204
2026-01-02 21:47:00,CYCLE_VENTILADOR_DEFECTUOSO,20.0,22.975035980588007,20.272489811849564,20.0,0.5391480425027173,14.786592698561748,8.447640396959788,5.983923900844008,94.03414328940985,1.529065934073839,54.11764705882352,13.813217597372194,1545.2182959073211
2026-01-02 21:48:00,CYCLE_VENTILADOR_DEFECTUOSO,21.317945548591023,20.84565028571159,20.637489372099903,20.0,0.7422201395557263,13.961286798108056,7.602793596074787,5.843673852785914,93.94847412096638,1.5314123353978324,52.94117647058823,14.427757309388406,1543.5916288074866
2026-01-02 21:49:00,CYCLE_VENTILADOR_DEFECTUOSO,21.031093950868506,20.0,20.0,20.0,0.491186668925209,14.804392385668127,7.488906388239491,5.992009825657046,94.79784109824942,1.5320687206986736,51.76470588235293,13.942298847629143,1550.202701210895
2026-01-02 21:50:00,CYCLE_VENTILADOR_DEFECTUOSO,20.0,20.860034660377192,20.0,20.0,0.3806774082868689,13.895935946599037,7.574811957922965,5.457752497259058,95.54884451858754,1.5335615525900388,50.58823529411765,13.129438692559793,1558.559298617824
2026-01-02 21:51:00,CYCLE_VENTILADOR_DEFECTUOSO,20.0,20.0,20.0,20.0,0.8118029652255878,15.045119717922887,6.801058743897003,5.354902874114667,95.45832437116094,1.5342822798283349,49.41176470588235,11.570753053641742,1554.3458912574467
2026-01-02 21:52:00,CYCLE_VENTILADOR_DEFECTUOSO,20.0,20.0,21.022326718994837,20.0,0.8356779880073029,14.749152889129032,7.267305806194709,4.964657454111008,97.59986212425682,1.5337480178056628,48.235294117647044,13.60850745031559,1566.3248723742033
2026-01-02 21:53:00,CYCLE_VENTILADOR_DEFECTUOSO,20.0,20.0,20.0,20.0,0.5697713201405836,14.256379975720938,6.8759965212760905,5.015838899737132,96.5855017635247,1.5339481694704702,47.05882352941177,12.006840941860453,1566.4363276902006
2026-01-02 21:54:00,CYCLE_VENTILADOR_DEFECTUOSO,20.0,20.721583591258792,20.0,20.0,1.015337407987514,15.05156054348144,6.642342636806239,4.680324279270888,96.37426943534881,1.5359614904165677,45.882352941176464,11.524388739896894,1574.1026157876797
2026-01-02 21:55:00,CYCLE_VENTILADOR_DEFECTUOSO,20.0,20.0,21.567469900493492,20.0,0.5059044374968439,14.469525036450277,6.931799645878508,4.628214168575124,96.24114564322664,1.5354379366739401,44.70588235294116,11.083357852198988,1577.9958397711318
2026-01-02 21:56:00,CYCLE_VENTILADOR_DEFECTUOSO,20.0,20.0,20.0,20.0,0.4721928465463719,15.19830693048727,5.462226152819912,4.488684644914203,97.36384799189521,1.5343986093750621,43.529411764705884,11.196586879944089,1586.6153820880245
2026-01-02 21:57:00,CYCLE_VENTILADOR_DEFECTUOSO,20.0,20.0,20.0,20.0,0.7401635014263981,14.74529720348611,6.23229383712977,4.2320600337335295,96.3642726837884,1.5332644149519468,42.35294117647058,10.865560202148489,1592.117181082591
2026-01-02 21:58:00,CYCLE_VENTILADOR_DEFECTUOSO,20.0,20.0,20.0,20.0,0.4812807278783434,14.080652907773404,7.575286208948748,4.163849523510079,97.16641977596007,1.5330468855681132,41.176470588235276,10.811448390344768,1598.522297902867
2026-01-02 21:59:00,CYCLE_VENTILADOR_DEFECTUOSO,20.0,20.0,20.0,20.0,0.525439318707843,14.508791879759531,5.348334188204625,3.924940966057316,96.16431547669428,1.5320434134794703,40.0,9.536968917825494,1601.3927953138577
2026-01-03 00:00:00,CYCLE_VALVULA_OBSTRUIDA,20.0,20.0,20.0,20.0,0.4145091473635435,8.469305384846992,35.17989827847665,18.04614123129154,4.998742091228548,7.630798374517538,60.0,79.39080969862958,1299.956638641099
2026-01-03 00:01:00,CYCLE_VALVULA_OBSTRUIDA,20.0,20.0,20.0,20.0,0.653591718503858,7.553465721747515,35.20453751665404,17.88427423844424,3.7955988907937797,7.6313769670524545,61.008403361344534,80.01162581176949,1300.299393794305
2026-01-03 00:02:00,CYCLE_VALVULA_OBSTRUIDA,20.0,20.0,20.0,20.0,0.40826796243002844,7.751818435251999,35.16060841558168,17.89765994147719,4.010464264523532,7.631769151362496,62.016806722689076,79.42510061971913,1298.774119348169
2026-01-03 00:03:00,CYCLE_VALVULA_OBSTRUIDA,20.0,20.0,20.0,20.0,0.3149139405735972,8.267818794232582,35.3319935572391,18.176779891547827,4.254867403164921,7.632529980574018,63.02521008403362,79.88763929384592,1290.5390701069407
2026-01-03 00:04:00,CYCLE_VALVULA_OBSTRUIDA,20.0,20.0,20.0,20.0,0.5852222677817007,6.9652803703928745,36.377928739091445,18.318654111843276,3.3112682055044877,7.633811586015514,64.03361344537815,79.33150040766577,1288.8283515852922
2026-01-03 00:05:00,CYCLE_VALVULA_OBSTRUIDA,20.0,20.0,20.0,20.0,0.760751839134178,8.708291911672346,35.79219918781034,18.632693566704486,3.3118382336505263,7.63458606081044,65.04201680672269,79.48707046772863,1288.8176669636923
2026-01-03 00:06:00,CYCLE_VALVULA_OBSTRUIDA,20.0,20.0,20.0,20.0,0.7188255010337974,8.15169618759889,36.05770695863516,18.688687230795928,4.458316796562865,7.635449520286745,66.05042016806723,78.48443811529008,1284.4400073324755
2026-01-03 00:07:00,CYCLE_VALVULA_OBSTRUIDA,20.0,20.0,20.0,20.0,0.7998076275524135,8.076515876390575,35.702709256129715,18.625201871789468,3.277529224623225,7.633371559028573,67.05882352941177,78.89522254337962,1285.5953682808538
2026-01-03 00:08:00,CYCLE_VALVULA_OBSTRUIDA,20.0,20.667603928072232,20.0,20.0,0.43989356490401865,7.184743561179471,34.70291568848218,18.910376704437585,2.4166727289774155,7.633064573786648,68.0672268907563,78.305830581182,1281.5533922244472
2026-01-03 00:09:00,CYCLE_VALVULA_OBSTRUIDA,21.548684941509435,20.180311262750614,21.427677491112746,20.0,1.1636399676795766,7.3566954373001305,34.66797303872669,18.567605285245524,3.7274834830734163,7.634029150281318,69.07563025210084,77.87720813144509,1275.8057066756917
2026-01-03 00:10:00,CYCLE_VALVULA_OBSTRUIDA,23.192501090196952,21.647877001876047,20.988243099333474,20.0,0.607369777011858,7.800708167849569,37.09002212857889,19.055803511909456,0.9943950697425565,7.632860941545113,70.08403361344537,77.88877379205694,1267.3633707197728
2026-01-03 00:11:00,CYCLE_VALVULA_OBSTRUIDA,23.543805984436236,21.1459507105698,23.299848622147387,20.0,0.6954177415318126,8.4037149251478,35.60527638276042,18.766284005029267,4.42466280810933,7.632952612927951,71.09243697478992,77.87902195831376,1278.265033984953
2026-01-03 00:12:00,CYCLE_VALVULA_OBSTRUIDA,25.848527792789653,26.13643339648744,26.69206889166262,20.0,0.35650406757077413,6.961691993900708,35.63835255485338,19.256342267357386,4.35854244250256,7.633472077368564,72.10084033613445,78.60554054082286,1267.0035700018866
2026-01-03 00:13:00,CYCLE_VALVULA_OBSTRUIDA,25.97696088279008,26.213123446758974,27.732229137732983,20.0,0.7149526968082939,8.394182400388678,36.23983491961627,19.08976768183592,4.204637396279109,7.633914930862402,73.10924369747899,77.52965585067383,1268.6571253392235
2026-01-03 00:14:00,CYCLE_VALVULA_OBSTRUIDA,26.951374932999002,31.262159010878047,30.701401106833362,21.34733348012123,0.9537889681142787,7.819984337945817,36.506712375233256,18.776813252927745,4.081079469597788,7.634283727170361,74.11764705882354,77.01128869839029,1257.0395156780648
2026-01-03 00:15:00,CYCLE_VALVULA_OBSTRUIDA,29.96769887715383,28.691590743136132,30.00817095037133,20.0,1.0438792342279675,7.888288263629174,36.666621484081325,19.40653563448696,2.8645751215456063,7.6348826398894065,75.12605042016807,77.54473030788698,1262.1396076160368
2026-01-03 00:16:00,CYCLE_VALVULA_OBSTRUIDA,30.533102326643533,30.720921538329726,30.548288846962485,21.275273353538015,1.3047166749375472,8.126796470845402,37.40918893485406,19.506446967026204,2.8020573522136383,7.635063383784335,76.1344537815126,77.32551470008673,1260.0649133896673
2026-01-03 00:17:00,CYCLE_VALVULA_OBSTRUIDA,30.46005546038577,32.7068315371383,32.820851140125164,20.0,1.0132133258904954,8.134658618923206,37.32901325816619,19.33725541767371,1.6402192461483176,7.633600455576944,77.14285714285714,76.89683063685204,1257.7372654330477
2026-01-03 00:18:00,CYCLE_VALVULA_OBSTRUIDA,33.93432852833598,32.16514343500031,34.0567173952964,24.03885332270547,0.9612252192441126,7.643785705031702,36.026045107233514,19.438353126338004,4.61551561775126,7.634107411112347,78.15126050420167,76.89417818304332,1266.6770218703678
2026-01-03 00:19:00,CYCLE_VALVULA_OBSTRUIDA,33.88196338847432,35.3540784690204,35.55161934798823,26.398846117098472,0.7652711304112505,8.31245504423442,37.17787939951526,19.564729599485265,2.3270903154028355,7.634392157672901,79.15966386554622,77.29483623207392,1249.5763668409609
2026-01-03 00:20:00,CYCLE_VALVULA_OBSTRUIDA,35.1298974615415,36.40181274061251,37.164987905762345,23.573109103381245,0.7216459447569887,6.8403009300517805,36.45021771798108,19.29564190638231,3.127345391415272,7.6329424092220455,80.16806722689076,76.97400834488445,1252.8624888405998
2026-01-03 00:21:00,CYCLE_VALVULA_OBSTRUIDA,37.993222073762105,37.43219100431025,37.55349678130697,27.07854888675434,1.232251024988682,7.774790556716173,36.68220063569448,19.29176024773391,3.017277543855542,7.634322144433132,81.17647058823529,76.76270333873099,1249.1517533382491
2026-01-03 00:22:00,CYCLE_VALVULA_OBSTRUIDA,38.20974940602044,40.64013939219261,40.488342614332446,27.08352932114507,1.2475059794712524,8.076840881588453,36.1923459722275,20.1090646234244,1.3690986400380296,7.63485598213288,82.18487394957984,75.71068161614325,1241.8232591553801
2026-01-03 00:23:00,CYCLE_VALVULA_OBSTRUIDA,40.177829361394586,39.58491398998679,39.9373498635026,29.195968559675674,0.6600894670562927,7.827525342392763,35.91692939694485,19.767959575761584,0.9693783107421181,7.633475633811902,83.19327731092437,77.57772781237027,1245.239484335413
2026-01-03 00:24:00,CYCLE_VALVULA_OBSTRUIDA,41.900137762143096,42.4356927969568,42.2456183317684,29.758081923612504,1.2211304468183133,7.0865448480170095,36.9978696951097,20.38785954460435,2.671569176523568,7.632658408647931,84.2016806722689,76.49201265975896,1238.8385145716047
2026-01-03 00:25:00,CYCLE_VALVULA_OBSTRUIDA,41.561009709243166,45.28780522069875,44.44122022193558,31.283878747441705,1.220325191452366,8.379013689380235,36.52725118646771,20.374920696362235,2.1649552393845664,7.632094356606184,85.21008403361344,76.05683360932653,1240.4757627862732
2026-01-03 00:26:00,CYCLE_VALVULA_OBSTRUIDA,44.35709322510056,44.1306597736677,43.35047523896188,30.59356121332728,0.7120758218906997,7.375806093936474,37.741562156723056,20.49831301243378,2.534891720701064,7.631529593167383,86.21848739495798,75.04809621364173,1242.297632006292
2026-01-03 00:27:00,CYCLE_VALVULA_OBSTRUIDA,46.90937141690776,46.058740511363055,48.46279353420771,35.68343986592694,1.2293639321930558,7.966242996235855,37.10026061691314,20.13884777253178,3.655080230487591,7.631822643356202,87.22689075630252,75.93604993031664,1232.5359686717802
2026-01-03 00:28:00,CYCLE_VALVULA_OBSTRUIDA,45.53697426121818,50.66576697653857,46.55428275522204,32.956517371097505,0.773371356273105,8.076517298533812,37.538095307840514,20.031260939084472,2.7463673609787547,7.630846291605144,88.23529411764706,75.04355339190916,1228.2872637896087
2026-01-03 00:29:00,CYCLE_VALVULA_OBSTRUIDA,48.619356643415074,49.85706858833821,51.29963787256209,34.44956875541774,0.38045580717694505,8.009913576882683,38.25749024226523,20.219598328597094,3.280854248787059,7.631974428352266,89.24369747899159,75.02891501785008,1231.0969810377626
2026-01-03 00:30:00,CYCLE_VALVULA_OBSTRUIDA,48.478835838433156,50.11676014795836,50.4228259720157,35.15245223885512,1.0822213767327211,8.584505462931908,36.629831294292075,20.431717457930763,2.9550914347903774,7.633020231803633,90.25210084033614,74.11759355524768,1229.956360562897
2026-01-03 00:31:00,CYCLE_VALVULA_OBSTRUIDA,52.09460548364987,53.12374464180224,52.966359167530534,36.392366800240204,1.2286049157781773,7.973368720003156,37.17027158367691,20.130396070236596,2.146820522482646,7.633639549113234,91.26050420168067,74.16917442341631,1218.3157093382301
2026-01-03 00:32:00,CYCLE_VALVULA_OBSTRUIDA,53.477946106653015,52.91528047757739,55.55328284915927,38.81959734281494,1.1377476660980914,8.21372770234847,37.797605804991605,20.593990492427267,1.4547540262815668,7.633683790888627,92.26890756302521,74.84112198890936,1217.5159027342847
2026-01-03 00:33:00,CYCLE_VALVULA_OBSTRUIDA,53.23320374096627,53.1554914402731,59.046157972640565,39.83071287754703,2.0534093560807625,7.972047983424379,37.96062413319143,20.73277363819526,2.7091711172543858,7.634621238403779,93.27731092436974,74.9568988502403,1219.5084157764409
2026-01-03 00:34:00,CYCLE_VALVULA_OBSTRUIDA,57.70467607500611,58.11662509336195,58.02619739895923,39.55489387735902,1.3279410830562068,8.306478042083137,38.51924135790625,20.59825866282552,2.459524506985501,7.634345290680975,94.28571428571428,74.62816649561181,1213.7575862440553
2026-01-03 00:35:00,CYCLE_VALVULA_OBSTRUIDA,57.775803206453716,56.582515051865094,56.985367908316235,40.30723114966466,1.279436663436669,8.696747648523761,38.46146834801259,20.73307945093907,3.300080980147458,7.633620801819592,95.29411764705883,74.443056557195,1207.9473778304057
2026-01-03 00:36:00,CYCLE_VALVULA_OBSTRUIDA,58.69089876076427,62.28463912859761,61.98701813776379,42.980179232809554,1.3851799120026307,8.068770914736097,38.08337025947206,20.981090379797454,2.158242293449556,7.634810911465212,96.30252100840336,73.91719660345291,1211.4064767905732
2026-01-03 00:37:00,CYCLE_VALVULA_OBSTRUIDA,60.01804819704012,60.19178293782478,62.042346369215274,44.72193150019319,1.1449152230497186,8.3909251787915,38.29128649983735,21.18050100714105,2.0272524411501505,7.63512845422223,97.3109243697479,73.5781590973589,1209.4086479384575
2026-01-03 00:38:00,CYCLE_VALVULA_OBSTRUIDA,61.81275855587212,64.77529721603221,63.8826009168419,43.784910468944645,1.5771630463591542,8.727664467441098,38.391922845518664,21.01511277732432,2.0337878719863363,7.634444396581649,98.31932773109244,73.75789294993395,1202.864137648681
2026-01-03 00:39:00,CYCLE_VALVULA_OBSTRUIDA,60.832006519243556,62.00937212571248,65.94621304380169,42.4239373807345,1.4276283149455677,8.678592123487135,37.395483505565494,21.335761446285,1.3673196753876993,7.634026654214607,99.32773109243698,73.85608231281064,1201.9260673302324
2026-01-03 00:40:00,CYCLE_VALVULA_OBSTRUIDA,63.65503766920167,66.3187675212346,64.08438833609492,44.24886303753748,1.434887645621529,7.807355298194395,38.26751925140215,21.3887137394127,3.675653659647678,7.633290226230842,100.33613445378151,73.27974205183654,1196.8533715897618
2026-01-03 00:41:00,CYCLE_VALVULA_OBSTRUIDA,65.27606815661314,67.12424455507525,68.24075057810924,44.88417690307719,1.1741084709550444,8.518216177872583,38.59446208205876,21.454755323064184,3.3508768732194176,7.635312401089671,101.34453781512605,73.7143697074357,1192.257705758537
2026-01-03 00:42:00,CYCLE_VALVULA_OBSTRUIDA,65.73080756130915,68.96626630793841,69.21933816932899,48.55376508847219,0.9130538432417425,8.124385580023596,38.80454227997695,21.399008939934568,0.9694865865336846,7.635316499527121,102.35294117647058,72.83364183868022,1192.1293886323106
2026-01-03 00:43:00,CYCLE_VALVULA_OBSTRUIDA,68.16345630371688,70.55899589506231,72.65523720092408,47.6740520135426,1.252945517814628,8.558614998866958,38.05882731411277,21.346769458944184,2.9607605229504004,7.635474270838375,103.36134453781513,72.28296977604946,1191.8923680561657
2026-01-03 00:44:00,CYCLE_VALVULA_OBSTRUIDA,70.47846628401682,70.23647228609195,73.53963630616919,49.536013317374426,1.5091599047771274,8.284317291781475,37.9362002440793,22.036769387576786,0.30688242704204804,7.636195489886236,104.36974789915966,72.59986089578622,1183.1752733662236
2026-01-03 00:45:00,CYCLE_VALVULA_OBSTRUIDA,69.88904136128882,70.6995516562043,72.19276195927004,49.64587359437955,1.3119683073370205,8.137834038018093,38.64079304953117,21.907573788333504,3.12381364407941,7.63498012890363,105.3781512605042,72.48996092904575,1184.858570123731
2026-01-03 00:46:00,CYCLE_VALVULA_OBSTRUIDA,71.72458624927424,73.64546079997943,77.138379765872,55.50072271576246,1.5539047047420602,8.216986040173177,40.045965885142294,22.066692549099542,1.4026415704366921,7.636076676169916,106.38655462184875,72.227892529387,1184.3849339677492
2026-01-03 00:47:00,CYCLE_VALVULA_OBSTRUIDA,72.19992419780696,75.4105961952672,77.64072332529061,51.923051285008505,1.4176863949263019,8.127618978019466,38.458031324295575,21.93285389496499,2.4322579258037713,7.6354688300391285,107.39495798319328,72.74116811657558,1186.2912446825162
2026-01-03 00:48:00,CYCLE_VALVULA_OBSTRUIDA,72.43497088417065,76.013144150557,76.72266777899974,53.08132038579533,1.637577206732495,8.147166522568256,39.73797039379104,22.000808356926125,0.1284471054343499,7.637298846325243,108.40336134453781,72.33542409960572,1177.7412272194533
2026-01-03 00:49:00,CYCLE_VALVULA_OBSTRUIDA,76.9088074556801,78.34882026991399,80.12432589658017,56.474665226907,1.2363645269432881,7.920583819709045,40.068490844650604,22.215778994968606,0.827287074154206,7.6369861875952285,109.41176470588235,71.04923538804209,1171.4869788348572
2026-01-03 00:50:00,CYCLE_VALVULA_OBSTRUIDA,77.3379394283603,79.84770395291042,82.77727798546108,59.354284636088686,1.6082871716327514,7.874137829696242,39.228960588008825,21.834743002178456,2.471555988800753,7.638023827609992,110.42016806722688,72.36382216256133,1173.110939781142
2026-01-03 00:51:00,CYCLE_VALVULA_OBSTRUIDA,78.82064642586263,79.79651938942665,81.55669847819122,57.845973254466685,1.3791423275231525,8.881587464686335,38.877805524922216,22.062785591843657,1.2944440169004898,7.635527029492873,111.42857142857143,70.05786289815684,1169.1622942122112
2026-01-03 00:52:00,CYCLE_VALVULA_OBSTRUIDA,78.97415392658296,82.79891447308641,86.144708404739,60.8665731390426,1.1309520921507252,8.238763955555592,39.677439637354595,22.210192923553986,1.1177648033561118,7.634351896416787,112.43697478991596,72.33601638810693,1171.1162772454395
2026-01-03 00:53:00,CYCLE_VALVULA_OBSTRUIDA,81.33040917665963,83.44069231640283,84.15452554921671,59.781011016845454,1.563899141242748,7.7133475388843005,39.57077568786474,22.362868228096687,3.3394485358929678,7.634058289257789,113.4453781512605,70.94878421801148,1165.0349333164
2026-01-03 00:54:00,CYCLE_VALVULA_OBSTRUIDA,84.2636571016335,84.35776747437092,86.49827194263858,58.39991367660203,2.095349053658019,7.861291284285178,39.02235273793623,22.361875990156392,4.137821601150925,7.632027506259664,114.45378151260505,70.82958587957341,1153.0232797321703
2026-01-03 00:55:00,CYCLE_VALVULA_OBSTRUIDA,84.3434613018622,87.57899253026233,87.79436402859257,61.477957567480814,1.217889262520155,8.528129226723976,39.22656704367273,22.68841016454595,2.8253829955283694,7.632628390708506,115.46218487394958,70.72629440152159,1176.111035819917
2026-01-03 00:56:00,CYCLE_VALVULA_OBSTRUIDA,85.77222735050525,87.13815072013985,92.05619398541184,64.76973222281063,1.7122882633535539,7.6319066449556905,39.97803026422837,22.722171799833745,0.792930801098352,7.632941348833942,116.47058823529412,70.78083801053774,1159.3929825781283
2026-01-03 00:57:00,CYCLE_VALVULA_OBSTRUIDA,87.38097191738676,88.95893687606498,91.29271862009162,61.88339059414738,1.9367521105759062,7.258986159094494,40.349980211287686,23.06848890433683,3.6235947535767785,7.631950521184082,117.47899159663865,70.42003646659346,1156.6592870496377
2026-01-03 00:58:00,CYCLE_VALVULA_OBSTRUIDA,87.0430105729748,91.0297968139532,91.96462205720269,62.76735390232167,2.408496600501319,7.295775429698978,39.6802754590427,23.368701411254445,0.27190696832788785,7.631934562554218,118.48739495798318,70.18540324591751,1147.615872717054
2026-01-03 00:59:00,CYCLE_VALVULA_OBSTRUIDA,90.67130482709727,94.02890754829285,95.37231999153798,64.85068327671989,1.5916159035853215,7.135512199897606,39.91650305434448,22.705413145247626,1.4940979126129825,7.632741039784141,119.49579831932773,70.73849276812346,1145.4022271378344
2026-01-03 01:00:00,CYCLE_VALVULA_OBSTRUIDA,89.80989367538734,94.0474723065555,97.1095486019976,68.04067026135883,1.5709040202993785,7.350592570867771,40.44319994902934,23.071477849516377,1.845737855836426,7.630637990267271,120.50420168067227,70.19876442643005,1148.3716999676271
2026-01-03 01:01:00,CYCLE_VALVULA_OBSTRUIDA,91.58332385886338,95.8864752220345,98.59523920348451,67.86095846025229,1.431504946260237,7.409567030099595,40.022558289663706,23.15515559580946,3.6912114764140105,7.629364501251036,121.5126050420168,69.26849723247848,1147.5631727242046
2026-01-03 01:02:00,CYCLE_VALVULA_OBSTRUIDA,92.84653597670155,96.33175598964769,98.94665336790558,67.86637090735067,2.144675908857227,8.69261868980407,40.03048784963592,23.207244419660512,2.668525116402408,7.629029412951812,122.52100840336135,69.95016888994097,1146.5059355483036
2026-01-03 01:03:00,CYCLE_VALVULA_OBSTRUIDA,95.29005488266539,98.03113729337042,101.05576600386637,67.95167465954682,1.5633051129929836,7.976910393670366,39.84091315522249,23.077152732865727,1.269936893285085,7.629053136578445,123.52941176470588,69.67381820747401,1142.1262212175084
2026-01-03 01:04:00,CYCLE_VALVULA_OBSTRUIDA,96.47211274148847,99.50306997217707,101.4481096155921,70.16618582000824,1.7333588855934454,7.818368230431641,39.91454048647979,23.194711771375694,0.768764218713642,7.628994525156844,124.53781512605042,68.97106061620099,1133.9116933722016
2026-01-03 01:05:00,CYCLE_VALVULA_OBSTRUIDA,98.28831708287589,101.35008794539958,105.71621580903533,72.0357837249237,1.3108648552760185,7.2782934684907135,42.06351452888354,23.510265996332805,2.692964859722356,7.629883819942279,125.54621848739495,69.47169946528192,1126.1165873451923
2026-01-03 01:06:00,CYCLE_VALVULA_OBSTRUIDA,98.59821088022596,102.07935718429978,106.55756446234722,73.76140143422111,2.1517461746522972,7.92843680126433,40.428497491347514,23.357148472733513,1.1440907458945766,7.630361031187935,126.55462184873949,68.82877672459855,1133.2125559806384
2026-01-03 01:07:00,CYCLE_VALVULA_OBSTRUIDA,102.28584379943725,105.4789159443077,107.96213094325175,73.00759779073587,2.255040509443492,7.131335968717904,41.44928709374767,23.66210649527374,1.8588700401513685,7.631057666028505,127.56302521008404,68.62865906225677,1128.9565382923533
2026-01-03 01:08:00,CYCLE_VALVULA_OBSTRUIDA,103.4748136406531,104.85951440531224,109.09358634633641,75.78955392584228,2.182303947646738,7.8152914143568175,41.72468171679716,23.665095757376594,0.2703774066094544,7.629667790295701,128.57142857142856,68.44697201271211,1123.5211416749796
2026-01-03 01:09:00,CYCLE_VALVULA_OBSTRUIDA,103.66013548582333,104.69502233904696,110.24239166848737,75.52390958479333,1.467982247526658,9.032247194921837,40.688169954035196,23.82665090835535,2.203685821752627,7.6298126141505005,129.57983193277312,67.18930231606161,1129.3626530644897
2026-01-03 01:10:00,CYCLE_VALVULA_OBSTRUIDA,104.68940278449976,111.47146543631597,109.60354119675888,74.11141268728963,2.1527335475279097,8.331901789353182,41.10341082623733,23.691692847089584,2.0618330007044903,7.629505471641263,130.58823529411765,67.97194445117975,1117.2271047679858
2026-01-03 01:11:00,CYCLE_VALVULA_OBSTRUIDA,105.96294499550295,109.223664891718,113.33480213769062,76.23765686823808,1.489795523238262,7.895100919822735,41.027873643841666,23.997880403088757,0.34238098764939373,7.630967543522932,131.5966386554622,68.4238135118191,1123.476278719171
2026-01-03 01:12:00,CYCLE_VALVULA_OBSTRUIDA,107.68073113661625,112.62870887513867,114.19002340670504,77.19109196214617,2.030017132636079,8.349061802703178,40.08311075767202,23.87422965137191,2.582084198536368,7.63114193916031,132.60504201680672,67.88795404241367,1112.8468430579132
2026-01-03 01:13:00,CYCLE_VALVULA_OBSTRUIDA,107.76734199923955,114.17505195075933,117.0470065090154,80.23135629368359,2.0951367193732904,7.7392284109362155,40.20326997416371,24.166592903243988,2.0865175007978514,7.630472885225593,133.61344537815125,67.08849922204692,1116.502741296955
2026-01-03 01:14:00,CYCLE_VALVULA_OBSTRUIDA,109.69083864219864,115.05995792488665,117.97793710237845,81.5229843541832,2.1476768141719753,7.599661128560406,41.24779647510054,24.486366619445814,2.2583154443576166,7.6313253865015485,134.6218487394958,68.04534083768006,1117.181275439335
2026-01-03 01:15:00,CYCLE_VALVULA_OBSTRUIDA,113.26924303034671,115.12446589644787,119.14755512414837,82.92627722139939,2.236021211892081,8.852064814766422,41.0475728852382,24.354717778406574,1.1324069322581147,7.631888684297413,135.63025210084032,67.24565790342159,1109.57263648549
2026-01-03 01:16:00,CYCLE_VALVULA_OBSTRUIDA,113.99400468636769,117.14251815359252,117.94409327937377,82.42968138320342,2.0942285743944034,7.4288626730398635,42.52150282488489,24.45092869832535,1.6682229424976258,7.631067082624773,136.6386554621849,66.61610301097176,1115.1630406825652
2026-01-03 01:17:00,CYCLE_VALVULA_OBSTRUIDA,116.98769022936038,116.70548192835598,121.33642686892506,83.14540342084406,1.5289182050049637,7.822939382161325,41.32864447207734,24.634029538793627,1.5492402200334505,7.630718592922004,137.6470588235294,68.16182976024727,1113.5538982435505
2026-01-03 01:18:00,CYCLE_VALVULA_OBSTRUIDA,116.06225780909726,122.05946931788237,122.25182127741606,86.23544473608618,2.299191764824734,8.153016641181756,42.72517924698037,24.273910179844844,1.291955166463971,7.630387146462395,138.65546218487395,66.36417000527713,1104.3100445378936
2026-01-03 01:19:00,CYCLE_VALVULA_OBSTRUIDA,117.3822072598841,120.0855226012598,124.70219557476534,85.53020036609134,2.1889463078845433,7.531882897121276,41.35282062450354,24.98243977692948,1.618361484330843,7.631614607554675,139.6638655462185,67.16243483127312,1103.0058776168148
2026-01-03 01:20:00,CYCLE_VALVULA_OBSTRUIDA,118.72127556607182,122.2394064535685,125.37876301645973,87.44173563405323,1.9098863314961934,8.325302476815704,42.87000932799562,24.511571077107778,2.682311030453098,7.631817849428553,140.67226890756302,66.16996479831218,1102.5621631963586
2026-01-03 01:21:00,CYCLE_VALVULA_OBSTRUIDA,120.22248803877433,124.09926920308443,127.02435048732417,87.65053282360373,1.7308614459279252,7.846702737678874,42.110577387244035,24.98265488854942,2.481199335910227,7.6325446319071135,141.68067226890756,66.45446803913566,1097.976024817673
2026-01-03 01:22:00,CYCLE_VALVULA_OBSTRUIDA,121.20827174597208,125.28795552261033,129.38439058096938,89.90608742898354,2.68469573140756,8.331955163783428,42.22873143998373,25.040138299972273,0.20967168910049105,7.632051360185983,142.6890756302521,65.76739691327388,1095.026283794764
2026-01-03 01:23:00,CYCLE_VALVULA_OBSTRUIDA,123.72013356248455,126.06503309944117,129.79304863524402,89.62270468453953,2.6130876404788017,8.29299208987526,41.6677315419262,24.794356643665434,2.3651796073438778,7.632386160477123,143.69747899159665,65.43076807743039,1088.660024909904
2026-01-03 01:24:00,CYCLE_VALVULA_OBSTRUIDA,124.82460372854989,129.96288571043743,131.9355886954606,91.87871665664768,2.4764931045451775,7.878493934687085,42.40497383765398,25.26060075676512,2.5380549564710106,7.633689521380052,144.70588235294116,66.14345421351217,1081.485869416936
2026-01-03 01:25:00,CYCLE_VALVULA_OBSTRUIDA,125.57251258887777,130.8664117979363,131.44444905536787,91.11924056396352,2.0828243123438748,8.855329336295492,43.1584852027059,25.242419696139805,1.1834551907613162,7.6333284446148015,145.71428571428572,65.9169309868529,1080.153904061288
2026-01-03 01:26:00,CYCLE_VALVULA_OBSTRUIDA,129.0805198298183,131.54893111271977,133.74692602875018,94.14364814626138,1.5516240234121752,7.667332098283279,42.13999425986644,25.604886485182977,1.8323467201776684,7.63344359941864,146.72268907563026,66.11854320950448,1092.7227467459704
2026-01-03 01:27:00,CYCLE_VALVULA_OBSTRUIDA,131.24977178429106,132.1194086101114,137.011124557951,93.81555670969992,2.5571348450675453,8.674435235274368,42.10728628052793,25.34960012001616,1.807961563760494,7.632080293162402,147.7310924369748,65.36096029535626,1081.962104738783
2026-01-03 01:28:00,CYCLE_VALVULA_OBSTRUIDA,131.76849606710744,135.3124011332994,136.22570621371693,92.03457582377456,2.458745527954842,8.58746662131402,42.246900459877224,25.37324931688876,0.43711139993595904,7.6313147350724915,148.73949579831933,66.32025993067668,1077.1685265786364
2026-01-03 01:29:00,CYCLE_VALVULA_OBSTRUIDA,132.43308337923136,134.91430553753153,140.67487132332155,95.77610560556042,2.257349206438011,8.88544110383022,43.45105855964252,25.376039091055016,0.9016029617359826,7.630980292180494,149.74789915966386,65.17619014044121,1080.683561137312
2026-01-03 01:30:00,CYCLE_VALVULA_OBSTRUIDA,134.0721893781597,138.79253591504855,141.82734493300475,99.71924574273363,2.7281981945303717,8.08702801967151,43.07623593428469,25.2143541558138,2.003753168465119,7.629919452871542,150.7563025210084,65.15733692045053,1070.1114118060318
2026-01-03 01:31:00,CYCLE_VALVULA_OBSTRUIDA,136.78049547114665,138.47792861500182,141.81425426068066,98.28307593421475,2.666163966071208,7.605707144036005,43.51566681781208,25.583413310579182,0.7531173810791418,7.631241426549064,151.76470588235293,64.02666773038756,1072.9206683637703
2026-01-03 01:32:00,CYCLE_VALVULA_OBSTRUIDA,136.85991117177826,141.25659915856755,147.21267558613658,101.63405169146172,2.4856017557129526,9.038398292664773,42.919266063265354,25.675912758123015,2.201313862687439,7.630403419528823,152.7731092436975,64.23077296848915,1068.3759950249964
2026-01-03 01:33:00,CYCLE_VALVULA_OBSTRUIDA,136.64003611285972,141.08067474455854,146.5839834293968,99.53674138202763,2.4642990379663763,7.832649266011818,42.838717664486865,25.867537686931655,2.5259669477687323,7.63119021812094,153.781512605042,64.62958774941765,1067.3863284918093
2026-01-03 01:34:00,CYCLE_VALVULA_OBSTRUIDA,139.2077173110714,142.73949676420654,145.43118820437718,100.96664169679359,2.490080231246291,7.593228713647232,43.153526087307924,25.614539041689053,2.348731364141048,7.631377054358471,154.78991596638656,64.15956679106212,1061.6795706068583
2026-01-03 01:35:00,CYCLE_VALVULA_OBSTRUIDA,140.8832145414786,145.56056002928636,148.94379695330937,101.5173515394329,2.699780281178155,7.905106627047593,43.62528839795845,25.935390835073548,3.1622178278177158,7.631407906306982,155.7983193277311,64.12745501289547,1056.645424451511
2026-01-03 01:36:00,CYCLE_VALVULA_OBSTRUIDA,140.33279183647144,148.15916274747988,149.60548824489825,102.01926539758563,2.2595638187261793,7.509154641921461,42.918955945203585,26.182477169160727,1.0707237948099602,7.632894069951947,156.80672268907563,63.4572993406303,1054.6917089847523
2026-01-03 01:37:00,CYCLE_VALVULA_OBSTRUIDA,142.57926672605464,148.83529055609895,150.07246253272845,103.32301887767302,2.6656100625859316,8.263074412561673,43.972466700215755,26.286362439300184,1.3290631195457834,7.630633469655019,157.81512605042016,63.75845247833245,1052.3266480649083
2026-01-03 01:38:00,CYCLE_VALVULA_OBSTRUIDA,145.63638504040486,149.45180972812508,151.19869054640554,105.672383443347,2.282646246070888,7.697165809120744,43.45479245188658,25.86333108241959,1.4633231023291162,7.630437264758196,158.8235294117647,63.58868471050175,1052.9292952212998
2026-01-03 01:39:00,CYCLE_VALVULA_OBSTRUIDA,143.5224547125907,150.54278611419932,155.15451799651626,107.6911244759363,2.98079848429878,7.856257915047564,41.875560848274326,26.46060905282308,1.0704200632275784,7.629356884421631,159.83193277310926,62.77112702787251,1044.1956273453313
2026-01-03 01:40:00,CYCLE_VALVULA_OBSTRUIDA,145.6048628837134,150.66370537611724,154.7211759135465,107.80594353191435,2.760478907607024,8.48388943083248,43.93345740080093,26.354046561913517,1.6666909208398666,7.627395464012498,160.84033613445376,63.514552233264666,1042.909445203777
2026-01-03 01:41:00,CYCLE_VALVULA_OBSTRUIDA,148.28841981652002,153.06271730353387,156.7945233214962,106.09812462673436,2.4153802610041195,8.311846605088096,42.724011950026004,26.45039278248348,0.0,7.62620073227874,161.84873949579833,62.175177610574636,1045.920248450621
2026-01-03 01:42:00,CYCLE_VALVULA_OBSTRUIDA,150.31925493859274,153.0491804031898,157.28960831011406,109.04717606076626,2.6670358900660682,8.007792286284829,44.08693222783296,26.098525497457405,1.304972738927776,7.626217969813744,162.85714285714286,62.949261897441694,1042.3464426794872
2026-01-03 01:43:00,CYCLE_VALVULA_OBSTRUIDA,149.6604116331591,156.03217579418617,158.9751143756728,109.5902019015198,2.4077296322100756,8.08543676437349,44.19637298381686,26.954176417385526,0.0,7.625492622684536,163.8655462184874,63.57187197716485,1041.0970605908085
2026-01-03 01:44:00,CYCLE_VALVULA_OBSTRUIDA,152.53215460821056,157.54569583637533,161.19865333679058,109.24080890234423,3.1361078008900707,8.00612771531577,43.93743135674805,26.774855575321588,0.10212291801069728,7.6263892362743615,164.87394957983193,62.861283672270886,1037.6349519130877
2026-01-03 01:45:00,CYCLE_VALVULA_OBSTRUIDA,155.46355510022786,156.10101868355977,163.29485160459058,113.15567729764231,3.1927451482825395,7.784422466791318,44.14973795109073,26.517237326460165,1.7998831631757755,7.626175390426421,165.88235294117646,62.69009079948914,1045.3699184746117
2026-01-03 01:46:00,CYCLE_VALVULA_OBSTRUIDA,155.5561457449226,159.9369169941302,161.20106633350505,111.61836751901103,2.9357578610713753,7.998736669576107,44.56688549791647,26.98260334019338,0.8422399081664437,7.6258506520716995,166.890756302521,61.736160612105486,1033.280062979661
2026-01-03 01:47:00,CYCLE_VALVULA_OBSTRUIDA,157.99540187190274,161.82467835178562,165.80546556521213,115.65960484982892,3.2148961299602385,8.245420812746472,43.69422003436903,27.060492326824868,1.7238703162495088,7.625530371121194,167.89915966386553,62.90133774926551,1028.7357822423871
2026-01-03 01:48:00,CYCLE_VALVULA_OBSTRUIDA,157.55268933705526,162.66277445409042,166.3678810675552,115.25710860207337,2.814446347686961,7.9369189355105805,44.55168804792233,27.32013908268744,0.79589257885518,7.625431876715064,168.9075630252101,62.537098543099454,1028.135619578421
2026-01-03 01:49:00,CYCLE_VALVULA_OBSTRUIDA,158.68605719762215,164.6292826990637,170.42412594324276,116.71219705300199,3.018969736538994,8.209883815115138,44.857477847320446,27.097726111688047,2.10788469941279,7.625013398180121,169.9159663865546,61.25887725745977,1029.2899042036547
2026-01-03 01:50:00,CYCLE_VALVULA_OBSTRUIDA,162.0713371652231,164.02595521018682,173.75065841075423,121.26220637638377,3.1783417263208262,7.581665610788477,45.299747037514685,27.246096692779318,0.7601641524895135,7.624162144482557,170.92436974789916,61.27522342110936,1022.4905620727423
2026-01-03 01:51:00,CYCLE_VALVULA_OBSTRUIDA,162.89053835358038,166.14138254532065,171.26628487004848,115.29818718040103,2.8302096944544686,7.698053174427147,43.66426292080116,27.199169532389394,0.0,7.625151329366533,171.9327731092437,61.97186583758939,1022.9069806614358
2026-01-03 01:52:00,CYCLE_VALVULA_OBSTRUIDA,162.4194356457755,169.75074331756824,171.10880991558236,118.37636310779222,2.874272333665792,7.632839748363012,44.656874344875014,27.531354428680903,1.1862190343489807,7.624527234316144,172.94117647058823,62.07454427739367,1019.2312426811383
2026-01-03 01:53:00,CYCLE_VALVULA_OBSTRUIDA,164.2758728988214,169.945901330325,174.79380102878568,118.13309510266745,3.154046560260602,7.717434314103797,43.91890479989085,27.339100250992722,0.0,7.6241437076997975,173.94957983193277,60.37606034379939,1013.9643881127976
2026-01-03 01:54:00,CYCLE_VALVULA_OBSTRUIDA,168.50911063059752,171.7894679189065,175.88509794593676,120.64488055804568,3.0889073728720757,8.643590523353046,43.97747872215221,27.401233829357064,0.0,7.624573112779888,174.9579831932773,60.33848074959149,1013.0485452123345
2026-01-03 01:55:00,CYCLE_VALVULA_OBSTRUIDA,166.91687802107737,172.1621855582569,179.9752983965754,124.8111663757921,2.6893281704943064,8.36301939655518,44.87928220966208,27.650306038662503,0.051216014946518174,7.624891854026045,175.96638655462186,60.600375529351936,1016.4797220702137
2026-01-03 01:56:00,CYCLE_VALVULA_OBSTRUIDA,170.5422699236236,174.277801588818,181.08764930626975,123.26825138633072,2.280925978534526,7.461538440657828,44.79437264854155,27.502726405403102,0.0,7.623998415963699,176.97478991596637,59.41865466595101,1008.535338390236
2026-01-03 01:57:00,CYCLE_VALVULA_OBSTRUIDA,170.24198253398387,172.92839195450208,181.6042565353802,123.28306174650078,2.9053247744981965,8.218749148204228,45.51893366022244,28.15235901681709,0.37547934071801925,7.62475339790781,177.98319327731093,60.345657033886226,1001.0979327100384
2026-01-03 01:58:00,CYCLE_VALVULA_OBSTRUIDA,172.20672668565564,178.14241870654777,181.33983814965435,129.1408374602817,2.3499173428711018,7.804708843675715,44.7082605167981,28.301419732102996,0.0,7.625291068247648,178.99159663865547,60.760938983905746,1001.2429666948298
2026-01-03 01:59:00,CYCLE_VALVULA_OBSTRUIDA,173.95878000202015,180.73312159696442,184.33525540297174,125.43927389480723,2.7026947991683357,7.658807707264217,44.919569138281794,27.909281982915637,0.0,7.625469043081836,180.0,59.28068149188213,991.5430110010687
2026-01-03 02:00:00,CYCLE_VALVULA_OBSTRUIDA,172.47882254740045,178.7219789409424,185.31800763088194,130.2725089337271,2.737713912839885,7.257130267138747,28.12690255740291,21.722680998688567,2.4214227736731604,7.6250377262312545,180.0,50.06355348248754,1000.5495948270116
2026-01-03 02:01:00,CYCLE_VALVULA_OBSTRUIDA,174.81266614650204,180.43952832400333,186.8575147929741,128.7352298112422,2.829407306717962,8.485959346910121,27.524789825603108,22.098733507488795,0.705747610675094,7.624630995540733,180.0,49.748384151945906,1005.8765564221061
2026-01-03 02:02:00,CYCLE_VALVULA_OBSTRUIDA,178.22227498481098,183.64773124015136,186.24879954398492,128.38293731475488,3.2461314432490624,7.31806842516643,27.64992777252387,21.96640473501456,0.0,7.624429198437731,180.0,50.89850956093606,995.890922120466
2026-01-03 02:03:00,CYCLE_VALVULA_OBSTRUIDA,178.76608583908356,186.40391006423232,190.90940932176858,132.66526758871754,3.311303862219078,7.974018410995063,28.795302235776045,22.32916168318044,1.9605529998229487,7.623197366496604,180.0,49.832902893101526,1002.4835764827199
2026-01-03 02:04:00,CYCLE_VALVULA_OBSTRUIDA,182.29694720046652,186.09853286527743,191.23041964011045,134.5261639954475,3.1526222159421624,7.526844377137565,27.838129590148135,21.968181476343446,1.6825085020271595,7.623158098048006,180.0,50.91655033926493,1006.4542664472292
2026-01-03 02:05:00,CYCLE_VALVULA_OBSTRUIDA,180.57265494295825,186.024818375025,192.3789903829465,131.17524103890185,3.1897520928185417,8.387921973534961,28.918829764841586,22.265878943308973,2.400630968233398,7.624050200088454,180.0,49.89757154338973,1007.5047119073625
2026-01-03 02:06:00,CYCLE_VALVULA_OBSTRUIDA,184.49508485189668,188.56643810042164,193.09659099037648,133.1120130878988,3.1968361369105938,7.832824086843025,28.61554962651823,22.211115731698168,4.420758735088878,7.624926571278288,180.0,50.62112015621528,1008.8866358608622
2026-01-03 02:07:00,CYCLE_VALVULA_OBSTRUIDA,183.38549363089768,188.80104059900873,194.08461929579883,135.52466925935042,2.2509510026337227,7.932768672239828,27.364434173217166,22.084375689254173,3.7187082865604566,7.624545719507012,180.0,50.40072370874358,996.9212765022759
2026-01-03 02:08:00,CYCLE_VALVULA_OBSTRUIDA,185.7246463891876,190.34455683071837,196.5278826796957,136.38102390085126,3.003059304602135,7.949632868534984,28.652938588431937,22.298914252826425,3.434592996689905,7.625609802779737,180.0,50.24481626438942,1007.0403944183862
2026-01-03 02:09:00,CYCLE_VALVULA_OBSTRUIDA,185.85800159853866,191.77040559664024,195.03625955339453,136.80151974010985,2.4610623836489984,8.151285167467892,28.689921147130534,22.457847473878672,5.445162203303018,7.6275157073342665,180.0,49.95787064512884,999.6242380587324
2026-01-03 02:10:00,CYCLE_VALVULA_OBSTRUIDA,190.27329691333202,191.87519155087662,198.93777956834663,138.72944123123813,3.152741842701462,8.006502381991655,28.671871018177388,22.33070278772184,6.585495414763558,7.627199499799003,180.0,50.55384318929817,1002.2783792497694
2026-01-03 02:11:00,CYCLE_VALVULA_OBSTRUIDA,187.09579126907497,192.76969499562955,197.4382553402442,139.3677451412193,2.372067555804091,7.978363405519442,28.37462256614166,22.36393265973685,6.380715356420685,7.627891014505436,180.0,50.21116419774716,1010.180718068006
2026-01-03 02:12:00,CYCLE_VALVULA_OBSTRUIDA,189.11937610998447,194.355288544694,196.79543092098095,136.87327632128765,2.9458684393947903,7.740799012372611,27.937292461022107,22.201007287231157,3.7685783702860194,7.625628204542744,180.0,50.1256584541885,1008.1521825012647
2026-01-03 02:13:00,CYCLE_VALVULA_OBSTRUIDA,187.6000106333829,194.9302569855718,201.8584883901183,139.49488693206897,3.164330932805876,7.212635313328954,29.350589949404792,22.635433872568036,5.507853901983344,7.624370057814563,180.0,51.24598364966311,1011.0482786430158
2026-01-03 02:14:00,CYCLE_VALVULA_OBSTRUIDA,191.83731257700882,193.20905202993896,198.88812397130943,138.6466471287952,2.6646726155051064,7.440724520229073,28.523384361015946,22.64646696306683,7.145068319038913,7.624461178843896,180.0,50.82243666920184,1005.0485152945379
2026-01-03 02:15:00,CYCLE_VALVULA_OBSTRUIDA,190.48153889941264,195.4756580670112,199.13340900617396,137.88187251071776,3.2885147881539663,8.359239869340323,28.095694163959703,22.386341448727013,7.181596567796035,7.623454445781378,180.0,50.90950646324279,1015.2804803430654
2026-01-03 02:16:00,CYCLE_VALVULA_OBSTRUIDA,190.08219613804252,194.45950779476644,201.2792744277338,140.48806109416137,3.151986650985524,7.847090268336851,28.941556198517215,22.47441725938942,7.542227542874708,7.6254936478261,180.0,50.430866908515384,1012.7594605383304
2026-01-03 02:17:00,CYCLE_VALVULA_OBSTRUIDA,191.44138953815715,195.5365278392702,201.89753109162703,140.11541236691298,3.114247408751373,7.66799511113876,28.26267097883838,22.812861909343205,7.2435869008883635,7.626091527513397,180.0,50.57261751909111,1014.1822768963489
2026-01-03 02:18:00,CYCLE_VALVULA_OBSTRUIDA,189.44275467413445,195.20244476925274,197.4262458501032,138.18311843239465,3.2094004762531596,7.297135927790977,28.180073641371827,22.33396273816396,7.229817057236469,7.627057359160255,180.0,50.58021782601236,1006.9222117706829
2026-01-03 02:19:00,CYCLE_VALVULA_OBSTRUIDA,188.96666749200833,193.04973244749297,197.5557801923382,138.4174290100235,2.8922399736700033,7.140176429954824,28.565345794195043,22.71210517083107,11.131737725967504,7.627028332754095,180.0,50.9119816257351,1016.545045383598
2026-01-03 02:20:00,CYCLE_VALVULA_OBSTRUIDA,188.14845140244475,193.72735828961186,196.93116647017388,137.17709129130284,3.0455756591270426,7.648396559935901,28.432408104680192,22.510001963285912,9.50955226727922,7.626025124734231,180.0,51.103074051122405,1011.210055142504
2026-01-03 02:21:00,CYCLE_VALVULA_OBSTRUIDA,187.81161610615595,191.1309076679856,198.257016910859,137.96567620324717,3.0030154716702597,8.444026427022628,28.325227614395423,23.00771934107507,10.63846349108253,7.625506314452056,180.0,50.80580854768853,1010.643689403211
2026-01-03 02:22:00,CYCLE_VALVULA_OBSTRUIDA,185.5562427214554,192.73568685756325,198.11413093567634,135.2807137414455,2.9962353166151567,7.721464903188841,29.39725053779968,22.695069184526382,10.305219805304972,7.6257606949316825,180.0,50.46332300430673,1016.202906366822
2026-01-03 02:23:00,CYCLE_VALVULA_OBSTRUIDA,184.77981432654687,189.0779956543551,193.74065602148917,133.44880257907136,2.7983906770058766,8.200242762620723,28.885837141636884,22.96462385980295,10.920578993596175,7.625122779593274,180.0,51.27858897147924,1016.6448545538666
2026-01-03 02:24:00,CYCLE_VALVULA_OBSTRUIDA,184.78918033853606,189.24007831473773,195.51447318994897,136.51641248473845,2.627240365583188,7.698470085301021,29.746127515968954,22.590338484250363,11.183831278399264,7.625793971585001,180.0,50.95360850703279,1011.5341178388619
2026-01-03 02:25:00,CYCLE_VALVULA_OBSTRUIDA,182.83284754186948,187.2748690264269,191.6491590661656,134.96741139039926,2.8989424952131575,8.319433348014424,28.522570493772122,22.522836749472514,10.616459036276645,7.626505386554205,180.0,50.25503342069515,1023.7543467469213
2026-01-03 02:26:00,CYCLE_VALVULA_OBSTRUIDA,180.9639569492145,184.88077622905192,191.5043971296717,129.56136662543906,2.88241562784172,7.824124599095666,28.03914265987926,22.7555071330778,10.743899901581827,7.6265103678581445,180.0,49.946289101742714,1023.3925915424751
2026-01-03 02:27:00,CYCLE_VALVULA_OBSTRUIDA,177.95462804638737,185.71635382976658,188.10951047631085,129.30163024805196,2.7789807037449332,7.384057877224752,29.205226633706566,22.884585552896834,12.9677787017241,7.624684732771128,180.0,51.20130738683677,1019.1596069256008
2026-01-03 02:28:00,CYCLE_VALVULA_OBSTRUIDA,179.9163357037103,182.38171719162625,187.972358865968,130.4076786354609,3.2556161345430072,7.865523466050278,30.269714540861738,22.75946097153301,13.35718210805933,7.626399517704794,180.0,50.67597930754386,1019.063521507595
2026-01-03 02:29:00,CYCLE_VALVULA_OBSTRUIDA,175.7741820170739,179.52784035104088,186.43459169212758,127.58624104011024,2.648338014643316,8.917000209140204,29.514755266641547,23.042691182038123,14.674224825205123,7.626186844848104,180.0,51.344537399043745,1019.2615924404064
2026-01-03 02:30:00,CYCLE_VALVULA_OBSTRUIDA,176.1846846861031,176.54158396419837,184.62181003242168,126.73591875447488,2.9485472523326277,8.894942157775427,31.16529249522749,22.87832066814961,15.05661912871637,7.628896121496576,180.0,50.77941766484756,1012.3410331584222
2026-01-03 02:31:00,CYCLE_VALVULA_OBSTRUIDA,173.6429774330109,177.38201941767167,183.89403822856886,127.90054745135522,3.3499019134683756,8.243266651389682,29.475072709761733,22.53316030645118,13.825520157219536,7.629548657192927,180.0,51.2719681904127,1019.58878810957
2026-01-03 02:32:00,CYCLE_VALVULA_OBSTRUIDA,170.3291840104578,178.5324147408924,180.6728875999106,127.29152973527665,3.2727388057798654,7.931470592293149,29.456797913727186,23.088996562931605,16.04919374024253,7.629338702116195,180.0,51.054248671843226,1020.130165131898
2026-01-03 02:33:00,CYCLE_VALVULA_OBSTRUIDA,171.8674756574125,176.87403124538017,179.30427712655157,121.34973843373203,3.3648881655291847,8.151950901047542,28.061734078346415,22.830758677454728,16.17121793387464,7.629786523992693,180.0,52.157407270801635,1018.0202284697639
2026-01-03 02:34:00,CYCLE_VALVULA_OBSTRUIDA,169.20439912954248,173.036632271046,179.42439692780226,123.80836395625009,2.822765826787732,8.158426169366646,29.651056653640378,22.963619476147908,16.76375684305314,7.627767238475615,180.0,51.79452307873619,1019.6769261513026
2026-01-03 02:35:00,CYCLE_VALVULA_OBSTRUIDA,169.10241442808447,172.05065410235838,179.1104423971709,124.57102599534227,3.235286437718312,7.980056623816449,29.534672454192776,23.375074469620554,18.767609608602708,7.628793380878851,180.0,52.03085069941928,1011.9769073938561
2026-01-03 02:36:00,CYCLE_VALVULA_OBSTRUIDA,165.9643307747298,170.62532552494568,176.15584478275542,122.95068520502532,2.6811088809065606,8.22047200996131,29.22804549181599,23.44735176145155,19.044802751986712,7.63136032211638,180.0,51.40697941475568,1017.6983814405806
2026-01-03 02:37:00,CYCLE_VALVULA_OBSTRUIDA,165.8079023805776,168.36292233007762,175.5674458327717,121.91197157971465,2.917237813255038,8.104113431076781,29.429295827038427,23.005859353206517,18.248610390259,7.629271088642537,180.0,51.84380323319643,1026.3577523751371
2026-01-03 02:38:00,CYCLE_VALVULA_OBSTRUIDA,161.73779508422504,167.71422937189107,174.7625236301959,123.02216108414567,2.945473256765942,7.842013807317843,29.509202001203107,23.26450697768009,18.542493879649182,7.628983679632711,180.0,51.51602666496209,1030.1757227936837
2026-01-03 02:39:00,CYCLE_VALVULA_OBSTRUIDA,162.26448604806328,169.04212450765672,173.86135131073598,120.00677601810298,2.827247936340597,7.402371600308179,29.480634070779885,23.0663049323288,19.295162436851676,7.628878341509919,180.0,52.24248548343934,1020.0553506969037
2026-01-03 02:40:00,CYCLE_VALVULA_OBSTRUIDA,160.48202694455588,167.6142843888887,170.86538927222946,120.01625732699775,2.8914558035746425,7.7699703788899175,30.88077555017878,23.147009589474568,18.113810049476943,7.629753570139083,180.0,51.5088039392466,1025.1355932044519
2026-01-03 02:41:00,CYCLE_VALVULA_OBSTRUIDA,160.8470775153149,166.62452476559685,170.3644058591151,116.8579333442916,2.851987221750794,8.399759424536798,29.442605952358598,23.110663270891017,18.57229351080802,7.631859545813248,180.0,50.883640165727535,1029.3703768532134
2026-01-03 02:42:00,CYCLE_VALVULA_OBSTRUIDA,161.30032634298007,164.13197632157966,169.90606274284045,117.73035787989254,2.705281856669491,7.984268887752318,29.804705400572605,22.914189268010105,20.407700929190717,7.632242427935844,180.0,50.62027632836378,1023.4658973903254
2026-01-03 02:43:00,CYCLE_VALVULA_OBSTRUIDA,159.60228988380794,165.4486298458337,172.6421465500657,117.07445147140905,3.2569240518017373,8.150143445793752,29.498583747457584,23.305109879200508,19.094283577446003,7.634384219760059,180.0,52.490845002095114,1028.8188586712781
2026-01-03 02:44:00,CYCLE_VALVULA_OBSTRUIDA,161.11878208184245,162.3175576060903,170.6920030964822,119.39971567616509,2.945264999137719,7.858492236147794,30.24859942872604,23.370569652292474,21.20593192857591,7.634554652236944,180.0,51.932941838301886,1026.542951968775
2026-01-03 02:45:00,CYCLE_VALVULA_OBSTRUIDA,158.97206482773998,166.01136322951265,170.55597886446202,117.47093380565335,3.0604309631751856,7.470201247494687,29.922020218941512,23.205366638385264,20.730341942136896,7.63500607605574,180.0,52.00271371040834,1032.001037938074
2026-01-03 02:46:00,CYCLE_VALVULA_OBSTRUIDA,161.14445550585586,165.39246145036046,170.52165447329637,118.49530987997124,3.0491330613578564,7.880685142564088,29.685237796577155,23.583544209123094,20.11604753008697,7.6353343116219,180.0,52.512198140042074,1022.6679591485171
2026-01-03 02:47:00,CYCLE_VALVULA_OBSTRUIDA,161.89949458804176,163.71350704647313,168.74283390464953,116.6234298888359,3.0164179275330065,7.488772049625324,28.734622291931906,23.304972997801425,21.509080719375945,7.636554611404906,180.0,50.97818666057523,1023.9347393770726
2026-01-03 02:48:00,CYCLE_VALVULA_OBSTRUIDA,161.95038361768187,167.67386292456075,173.05998082050513,120.35518974641863,3.0278413638169286,7.456855413198224,30.07299963158011,23.290730007845088,22.69122117641324,7.636132290346795,180.0,51.66132215580748,1030.023377121874
2026-01-03 02:49:00,CYCLE_VALVULA_OBSTRUIDA,160.88379127316526,164.14142054435868,171.87184317230532,119.25823339652636,2.9083748339906936,8.602818304434704,29.777869250312712,23.54923238217729,22.176034789690497,7.636950577105557,180.0,51.759042941318896,1029.8390496165102
2026-01-03 02:50:00,CYCLE_VALVULA_OBSTRUIDA,159.45907462570045,167.64598636193296,172.87741107841936,117.50946014202891,3.4255190605544588,7.789956997532892,29.96355560586774,23.160926732736677,22.11385292402038,7.635719780499301,180.0,52.284554778428955,1029.7747044140267
2026-01-03 02:51:00,CYCLE_VALVULA_OBSTRUIDA,163.56334548046058,168.53095120715014,170.7461195376768,117.03971641891683,3.2282234284906077,7.629257637269983,29.326690894654284,23.676098263984358,22.571763726432813,7.635435276394649,180.0,51.6033183263905,1032.8458215858402
2026-01-03 02:52:00,CYCLE_VALVULA_OBSTRUIDA,163.70254596018071,167.3652230906161,174.7884002406729,120.64734893088517,3.005514609831306,8.808979842190453,30.932077341124636,23.439391912757642,23.143297745827294,7.63479853277171,180.0,51.38505258141651,1027.359022304157
2026-01-03 02:53:00,CYCLE_VALVULA_OBSTRUIDA,163.78896937646428,169.91762007564498,174.53558596446396,121.55227862303482,2.8658836692101812,8.40749251770212,30.62186908749303,23.742506248004656,22.369827093366766,7.634886494330328,180.0,51.41654365214517,1026.139605283315
2026-01-03 02:54:00,CYCLE_VALVULA_OBSTRUIDA,165.5156863377684,169.21902780502944,174.5958816459414,123.6494311856038,2.964353747181276,7.814245387249081,31.001730778500367,23.826854508392582,23.432538599063744,7.634570414580924,180.0,52.63228083116155,1030.149175266625
2026-01-03 02:55:00,CYCLE_VALVULA_OBSTRUIDA,169.2213103797337,169.08435082040776,176.3554836009538,122.83319882248324,3.1252864549115236,8.213818162776183,30.86674372052868,23.721590662843155,22.348095257649316,7.635702548273382,180.0,51.72203264078558,1031.125227866109
2026-01-03 02:56:00,CYCLE_VALVULA_OBSTRUIDA,167.53414211313077,172.61749888154495,177.3810773037189,124.20101093774782,3.4499820277608935,7.882105840869649,30.568956578249853,23.45524524537795,22.479561072940903,7.634823880178209,180.0,51.85288771566446,1032.0685042303692
2026-01-03 02:57:00,CYCLE_VALVULA_OBSTRUIDA,170.92671609512126,174.6247951536614,178.82660405023827,121.574363239753,2.588085736600487,7.6536601603602,29.562964006172656,23.39129804808551,22.6604261768883,7.633092564242399,180.0,52.48161198296602,1038.8011855165435
2026-01-03 02:58:00,CYCLE_VALVULA_OBSTRUIDA,172.1428744484985,177.65443205470658,181.9539820221707,128.91555505361964,3.197932427592533,8.237345612242502,31.38888656918084,23.37821513591858,23.72893982783835,7.631735280422687,180.0,51.850223145162126,1037.3244830482627
2026-01-03 02:59:00,CYCLE_VALVULA_OBSTRUIDA,173.00320785338928,178.51296275305816,182.9679577045072,127.49138723218114,3.3380170910335902,7.8378490573398985,29.760543598838208,23.908914160642823,23.5942733643483,7.6327294484689885,180.0,51.382418891977785,1036.8898298171823
2026-01-03 03:00:00,CYCLE_VALVULA_OBSTRUIDA,175.77343922477564,180.11225455126336,185.40088323459366,128.2620948960047,2.5539844590284306,8.037749004499702,30.190096434724918,23.684407742381687,23.3827362381262,7.6317598911256725,180.0,51.479101911835286,1036.1551135160657
2026-01-03 03:01:00,CYCLE_VALVULA_OBSTRUIDA,178.52662125969346,180.3506210010745,188.5790979942964,130.25045301463015,2.9456547369806176,8.510681617449835,30.809040868238615,23.61428890562584,24.446676703886496,7.632157735541193,180.0,52.27646817431958,1034.0367386750747
2026-01-03 03:02:00,CYCLE_VALVULA_OBSTRUIDA,177.76350955760296,182.48266179741674,187.9632709059136,128.38352573510443,2.680644608075088,8.455606551897688,30.872320931761944,23.730208494189345,24.1443896879778,7.631862948037945,180.0,52.58831328648547,1032.8601662646088
2026-01-03 03:03:00,CYCLE_VALVULA_OBSTRUIDA,179.34343777793165,183.5193429837812,186.9413877628741,128.48734874269022,3.12915888350311,7.724953354071962,30.79497025077864,23.994963434814046,23.61043890197542,7.632687192092698,180.0,52.27315932742777,1031.9857935364105
2026-01-03 03:04:00,CYCLE_VALVULA_OBSTRUIDA,181.8475275321252,184.6310808377012,190.8106997922796,135.0886674637727,2.8924947202933344,8.243015801143542,30.244418032315785,23.956520519291676,22.98667805852949,7.632456426387582,180.0,52.62398972241311,1034.4908394148158
2026-01-03 03:05:00,CYCLE_VALVULA_OBSTRUIDA,183.60189138572198,186.78756068761527,193.93207332367743,132.71941737845188,2.960958279935962,7.436071876927122,30.153122587786065,23.9101227996953,23.19356056207904,7.635220774903699,180.0,51.636687444480955,1037.5875355095463
2026-01-03 03:06:00,CYCLE_VALVULA_OBSTRUIDA,183.6635301358087,188.9061936465027,193.71365141739088,132.57963616313677,2.876683257816458,8.225207080657853,32.07041550015844,23.971360004880715,22.537584362632895,7.637118891919517,180.0,51.70464157167798,1033.6255025841908
2026-01-03 03:07:00,CYCLE_VALVULA_OBSTRUIDA,184.6705106120705,189.34979287207383,196.87215587981294,134.92693159659436,3.2160490298304807,8.074247652900553,30.5582423877959,23.900887334659846,24.333249635711674,7.636803681739111,180.0,53.63829562386398,1039.4055402943836
2026-01-03 03:08:00,CYCLE_VALVULA_OBSTRUIDA,183.48599655729723,190.75896917885098,196.6907022939263,133.90551461581217,3.0687098881794417,8.189489681181715,30.51661958517712,23.946051063299542,23.398368268178164,7.636351547150016,180.0,53.1615992148202,1038.4274837304638
2026-01-03 03:09:00,CYCLE_VALVULA_OBSTRUIDA,186.20164422078435,192.96915268871788,194.92933123434736,135.164338674277,3.0692780292118966,7.851277622677884,30.217113566731356,23.95031132375883,23.731615045672356,7.639483873300825,180.0,52.96341543737449,1038.0895182732463
2026-01-03 03:10:00,CYCLE_VALVULA_OBSTRUIDA,186.62320705028552,192.38947575433772,198.12187975729262,138.59388069305163,3.048186547524436,9.042035636826245,30.82332463487801,23.92627085781396,24.401421169216512,7.638405022339496,180.0,52.282630488212526,1044.793967986378
2026-01-03 03:11:00,CYCLE_VALVULA_OBSTRUIDA,189.52473186021325,192.10242190745353,199.05958341775667,136.9957421693901,3.1717472641356412,7.549350146189843,30.826317559077484,24.096830530683814,25.83838609289051,7.638349998791578,180.0,52.52689190950573,1030.7700836920687
2026-01-03 03:12:00,CYCLE_VALVULA_OBSTRUIDA,188.9731642061063,194.9419919703488,200.56227470595567,136.59523929955034,2.921408443543103,8.485775855484231,30.728452698492177,24.03797750158163,25.598677878403873,7.6383724477112835,180.0,52.67829531632818,1039.5379081745816
2026-01-03 03:13:00,CYCLE_VALVULA_OBSTRUIDA,189.33258808436037,194.99123358921702,201.85577789694096,139.85835802549357,3.510232436262278,7.484150840115834,30.997608683554358,23.808832990398198,24.832262082893198,7.638370109813469,180.0,53.36938074017385,1032.1188406497065
2026-01-03 03:14:00,CYCLE_VALVULA_OBSTRUIDA,189.9069609141765,195.31221982833085,201.00709905417452,138.95628711040274,2.6295615746344443,8.25217208731466,31.856775863518873,24.10969233928172,26.333583144067752,7.636631398092939,180.0,52.9465054732132,1042.9340511225198
2026-01-03 03:15:00,CYCLE_VALVULA_OBSTRUIDA,188.95578823584952,195.75100638904286,200.52857575686465,140.13817172677545,2.4822244655491055,8.287894988625892,30.471395500971653,24.07199189921323,23.219593579048002,7.6371280005026145,180.0,53.04080806574191,1045.4751332039884
2026-01-03 03:16:00,CYCLE_VALVULA_OBSTRUIDA,191.7817250545506,195.46579826329364,200.72925435641812,138.48658620525916,2.457395829417428,8.027487935781142,30.883740963852485,24.16313082057598,27.362585300332768,7.636157650411222,180.0,52.7265894217019,1037.463935961113
2026-01-03 03:17:00,CYCLE_VALVULA_OBSTRUIDA,191.23004670504304,194.70668844197266,199.4706058432676,138.00310505011362,2.3761235642122696,7.752337794728148,30.498331840863116,24.037990111348062,26.491357728633464,7.637593639535391,180.0,53.23914178709136,1038.4133833503363
2026-01-03 03:18:00,CYCLE_VALVULA_OBSTRUIDA,191.20757588408452,197.1355909398498,197.5103943402584,137.0875577229399,3.2019509444460756,8.07056744537265,31.092693526181023,24.23883781074296,25.802600961679673,7.636137674492956,180.0,53.02618763393203,1036.944918318443
2026-01-03 03:19:00,CYCLE_VALVULA_OBSTRUIDA,189.52328254212568,192.16121936907666,198.75297716810644,137.87613598960763,3.165410309784792,8.133505166715087,30.603306647654286,24.081538389932124,25.671756078353557,7.6361971404203315,180.0,52.92907728797199,1044.4203931980367
2026-01-03 03:20:00,CYCLE_VALVULA_OBSTRUIDA,187.95500731874026,192.2866803225803,198.42872944971728,136.74020977911917,3.3623329475326784,8.89496824315314,30.65731350704906,24.255595751075145,26.32278858430085,7.63398101977338,180.0,52.56738417536923,1043.2255364238276
2026-01-03 03:21:00,CYCLE_VALVULA_OBSTRUIDA,189.0729300792325,193.29605615323803,195.69086576452992,135.15894952030732,2.6830085355883435,7.563829857349852,30.124730254088462,24.036191901296625,27.447284740437542,7.631826636067039,180.0,52.91381944345938,1043.8920452562613
2026-01-03 03:22:00,CYCLE_VALVULA_OBSTRUIDA,185.33001217906536,191.31827593267562,197.73911834956087,133.78045039179554,3.2236384364236503,7.722043251842999,31.08665709229883,24.06636582966434,27.949127940785615,7.6309872841087465,180.0,52.46233477473944,1043.947816781162
2026-01-03 03:23:00,CYCLE_VALVULA_OBSTRUIDA,183.99150832054326,190.94646673619636,196.2434523139618,134.6845442070803,3.017047218644792,8.142367778534668,31.313045887681557,24.28021904762411,28.24760080183336,7.630289074026409,180.0,53.01334225201652,1041.9333654606069
2026-01-03 03:24:00,CYCLE_VALVULA_OBSTRUIDA,183.09496496666327,189.02048649983135,192.17066508604168,134.23094544444504,3.0499759497467576,7.871973104802374,32.198338783018535,24.109104707924867,27.329505073805038,7.631754800439399,180.0,53.108990947247335,1050.7582906621315
2026-01-03 03:25:00,CYCLE_VALVULA_OBSTRUIDA,183.12744552029716,189.14886786139198,194.13899874654786,135.52093441769924,3.1876868686048825,7.9499794811347,31.39028533454179,24.63192323905929,27.32052877512449,7.631714208603137,180.0,51.89321055424601,1047.7181204079448
2026-01-03 03:26:00,CYCLE_VALVULA_OBSTRUIDA,180.18652341407184,184.89203661937717,190.73107240308525,131.2233987984207,2.773115474681267,8.53517591768188,30.864963355324967,24.319017063443187,29.266810194008812,7.633006615504049,180.0,53.011043512128275,1042.28295329244
2026-01-03 03:27:00,CYCLE_VALVULA_OBSTRUIDA,179.44880732976264,186.2462067829123,188.70106503748224,132.65213586735229,3.776174740621346,6.589866748285383,30.344812596891106,24.2253258192647,29.85597815202732,7.6326268289093715,180.0,52.56882387494459,1044.6071134792114
2026-01-03 03:28:00,CYCLE_VALVULA_OBSTRUIDA,176.19644900960463,184.5238711541115,189.4138085935622,130.56400597034937,3.399564091282606,7.701025327491094,30.453347468697498,24.398583715729927,29.552044208357906,7.633232914092252,180.0,53.4364396115018,1044.3035199835817
2026-01-03 03:29:00,CYCLE_VALVULA_OBSTRUIDA,177.14524414752867,180.11558001193833,186.5066616537027,127.14368097394187,2.840488213801392,7.1288153868743755,30.43389289708127,24.152377046920623,31.90341349571178,7.632507438775333,180.0,53.535859195444395,1053.792760125359
2026-01-03 03:30:00,CYCLE_VALVULA_OBSTRUIDA,173.17947595938026,180.7567984918652,187.27902238500425,126.50180762097801,2.6727785826829957,7.4020917815479645,32.36289319876942,24.446670595011653,30.57023547769378,7.6317139657062345,180.0,53.03407033281826,1051.3858967532283
2026-01-03 03:31:00,CYCLE_VALVULA_OBSTRUIDA,172.31347978514677,178.3804251323013,182.4086073983211,127.99914292077821,2.9736287514585924,9.202312246036236,31.43319748107004,24.454311970045193,31.11519097603852,7.629893115567317,180.0,53.55151189811993,1048.401709916023
2026-01-03 03:32:00,CYCLE_VALVULA_OBSTRUIDA,173.34192519960956,176.15342621479073,179.80333560896642,124.33361777698137,3.0546775330746128,8.299084066976379,30.934817104977682,24.538809743108207,32.349791938331414,7.630228869561168,180.0,53.60209279478579,1056.0978372878378
2026-01-03 03:33:00,CYCLE_VALVULA_OBSTRUIDA,171.78112706475912,173.09840205671452,180.02821914697643,122.96159280594203,3.319684577912493,8.475782462529052,30.732406534006287,24.212417712144962,33.60304727080235,7.630490952975868,180.0,53.221055914817114,1055.4330088372706
2026-01-03 03:34:00,CYCLE_VALVULA_OBSTRUIDA,169.34812606131882,172.68597394852225,179.8460173527356,120.92861419604911,2.649383726529502,7.959735175106784,30.818020258604047,24.0681463662586,31.31758884265124,7.631268265863154,180.0,54.1322060552007,1049.0524308660388
2026-01-03 03:35:00,CYCLE_VALVULA_OBSTRUIDA,167.8307962980823,173.34973456822152,176.38742841735737,121.5941309079462,3.08564608295975,8.379356912415956,30.98910263507787,24.20241028688012,31.654854991283923,7.631483184150295,180.0,53.03146625916146,1048.6779727882301
2026-01-03 03:36:00,CYCLE_VALVULA_OBSTRUIDA,165.54606963902782,172.1598307387256,174.58710075625305,121.46194215028791,2.5412954926755633,7.116717746239876,32.16706483176115,24.27949625294698,32.86952131303804,7.63350938012749,180.0,54.15841838127003,1049.2102197065315
2026-01-03 03:37:00,CYCLE_VALVULA_OBSTRUIDA,164.03555650812652,169.71018832792578,175.23775378786047,119.93956134347293,3.1309072780233356,8.519149205884801,31.381604703712807,24.680276964305037,36.96647483940709,7.633685407764167,180.0,53.33865648658058,1047.1825751953363
2026-01-03 03:38:00,CYCLE_VALVULA_OBSTRUIDA,163.41813758053027,169.83320978961106,172.0964029656381,117.5858745279797,2.9677487338625848,7.59007794072005,30.552977190277655,24.796478745557714,33.73981807159424,7.634677234478505,180.0,53.05790080634859,1058.257753403499
2026-01-03 03:39:00,CYCLE_VALVULA_OBSTRUIDA,161.048360075021,168.99905717784875,173.23277632391188,118.6112173364946,3.581003928685729,7.7343420903370435,32.829243672854,24.436678223415658,34.235923809065156,7.634353125395506,180.0,53.33188289095209,1047.6188716080012
2026-01-03 03:40:00,CYCLE_VALVULA_OBSTRUIDA,162.3125572091778,167.19518689358503,171.6008712817596,120.59215081506174,2.536199236734097,8.252575535227326,30.780004931518214,24.379519412341605,35.50248601388359,7.633444655361204,180.0,52.98583929206808,1055.4347414887761
2026-01-03 03:41:00,CYCLE_VALVULA_OBSTRUIDA,161.3554154851311,165.43001778674076,171.89017792138387,116.65343775301801,3.4111825144470314,8.158223379291108,31.13035405852644,24.317179795771764,36.38625630127643,7.634162350531391,180.0,53.95547152832062,1055.0350011908467
2026-01-03 03:42:00,CYCLE_VALVULA_OBSTRUIDA,159.61404673552036,166.26341719095146,169.07355769086317,115.97001219466904,2.4888505994501346,8.042310024196775,32.291313352755786,24.561242542585614,35.64584599529368,7.634073202543571,180.0,52.78924699977831,1051.3589368897376
2026-01-03 03:43:00,CYCLE_VALVULA_OBSTRUIDA,162.21020429160257,165.91216763818358,171.88558177072562,120.68473722706585,2.6018369176780487,7.318451923209841,31.77430358782541,24.84278545736352,36.91606625711239,7.634905245589501,180.0,54.31265317282666,1060.1183875385573
2026-01-03 03:44:00,CYCLE_VALVULA_OBSTRUIDA,160.81046802182036,165.89090483789627,169.86253018748346,118.28722624052459,2.49687163245835,8.049906834410821,31.262860517150333,24.77062427532084,34.77383455456968,7.635258182131345,180.0,53.17690953623383,1046.9358294695467
2026-01-03 03:45:00,CYCLE_VALVULA_OBSTRUIDA,160.83021016481064,166.0384839240027,170.91622720148578,118.3971482062072,3.0751057825353163,8.480280676741614,30.825205941097174,24.649053225342747,35.38630010959005,7.634465168804555,180.0,54.089939233101404,1053.1416262473865
2026-01-03 03:46:00,CYCLE_VALVULA_OBSTRUIDA,159.4973636582289,163.44757408317042,171.23402212301775,117.13064751326974,2.64789035677388,7.733756451950103,31.002832975602637,24.653739838509455,37.999115032867394,7.635539506682232,180.0,53.710268405423285,1051.7865449546027
2026-01-03 03:47:00,CYCLE_VALVULA_OBSTRUIDA,160.32618989536132,164.715870894554,168.93885204615376,117.01105433143942,2.5955005484158384,8.657468522670149,31.057377414162893,24.602779159217267,36.82523270569035,7.6346683167284475,180.0,53.85987792448291,1057.861498885215
2026-01-03 03:48:00,CYCLE_VALVULA_OBSTRUIDA,161.4869994597976,163.4558066407473,171.79286126710238,117.90238001319601,3.060830280487014,7.5636540320429955,31.62352728857381,24.433712179778777,35.99538620325095,7.635293642991743,180.0,53.455533662513616,1055.703886605462
2026-01-03 03:49:00,CYCLE_VALVULA_OBSTRUIDA,161.48015697588124,167.19321338138738,169.58673800518775,116.20565025262934,3.1355326157624073,8.003273945859187,31.751581526557054,24.302327986452458,35.45154846647972,7.636575254103269,180.0,53.95281306159248,1047.644985828158
2026-01-03 03:50:00,CYCLE_VALVULA_OBSTRUIDA,163.93189988495726,166.75484520565692,170.36545365192154,116.67069827834784,3.0119547912450977,8.767663866688306,31.5649890533916,24.451555308956134,36.24937729161669,7.636190659264853,180.0,53.86951697227559,1059.770645233542
2026-01-03 03:51:00,CYCLE_VALVULA_OBSTRUIDA,162.6202000010757,168.3817219692127,175.22154416756192,121.94102268687917,2.951334255293534,7.6593000436501955,31.647490214381328,24.545878756749282,36.96516386372675,7.6373466537185255,180.0,53.09846053338078,1057.007124432737
2026-01-03 03:52:00,CYCLE_VALVULA_OBSTRUIDA,163.24735497915577,167.0820131200109,175.18705166039504,120.74937246176644,3.5486728897311535,8.526992741688536,31.05701868923741,24.175988080776012,37.874780031588486,7.637744270552579,180.0,53.37131621241232,1051.1698216474583
2026-01-03 03:53:00,CYCLE_VALVULA_OBSTRUIDA,165.72414435638282,171.64421792424878,177.45143791513763,122.92868312248717,3.043750879872591,8.987326181110905,31.879364002974313,24.441039215971543,36.43260656286185,7.638596214330976,180.0,53.60702266035627,1054.1535186694541
2026-01-03 03:54:00,CYCLE_VALVULA_OBSTRUIDA,164.66564448886908,169.75001421806977,175.7389643788834,121.58378686041833,3.2417074421766747,8.085522034462075,32.4874171256552,24.310967093323374,37.695403857840695,7.637759458639873,180.0,53.52465377762842,1050.5870494934068
2026-01-03 03:55:00,CYCLE_VALVULA_OBSTRUIDA,168.60915631876975,173.42947596525894,177.6229143968936,123.64535460781948,3.042876637706988,7.736491506308346,31.636646696939067,24.683054985499822,36.38763635399495,7.637973758871927,180.0,54.552990127095555,1055.331473487366
2026-01-03 03:56:00,CYCLE_VALVULA_OBSTRUIDA,167.3380961931526,174.04049055893404,179.53177604996583,123.46111307147527,2.6706371135235947,7.613630598524988,31.639755934109882,24.37408659586868,38.129288843046695,7.636565677561902,180.0,53.954282153802204,1056.837391238953
2026-01-03 03:57:00,CYCLE_VALVULA_OBSTRUIDA,171.13104668364602,175.13741375134435,180.3501104044631,124.13973154841975,3.164966304570605,8.652301351673662,31.81332370704861,24.553021608849445,39.44645807778659,7.638276978077212,180.0,53.585386093117606,1055.1142575027177
2026-01-03 03:58:00,CYCLE_VALVULA_OBSTRUIDA,171.10339637272637,176.55713250979895,180.9859614128985,123.98486773891645,2.8032608065590625,8.638347099669824,32.44842839680556,24.350329964270813,36.429965355411284,7.636262979755628,180.0,53.753038380433935,1054.8607242147575
2026-01-03 03:59:00,CYCLE_VALVULA_OBSTRUIDA,174.00397402736525,177.66639743980582,182.35677141352912,124.27586668143513,2.972704158588229,8.724654561434338,31.254239840375156,24.812437115843718,37.28591997390011,7.6359082279359995,180.0,53.76964663457689,1050.4151431243706
2026-01-03 04:00:00,CYCLE_VALVULA_OBSTRUIDA,176.08881153527315,181.55423541228086,185.2566346793947,126.62142104802368,3.091620804568028,7.983580824672027,32.674734466619896,24.15491543376376,36.67850590884368,7.6349765193418,180.0,53.9010602358722,1058.412356823722
2026-01-03 04:01:00,CYCLE_VALVULA_OBSTRUIDA,176.7520323836195,181.5830623502375,185.28769513902003,127.87291060235361,2.417574579934007,8.518903470763552,32.06969465772625,24.59201046688384,36.59541977089804,7.635651219757002,180.0,53.530377545144134,1049.5566013235248
2026-01-03 04:02:00,CYCLE_VALVULA_OBSTRUIDA,176.6791302202976,181.59560952584255,186.80483917142618,126.83997185067582,2.5171493628324813,7.975580304436965,31.84648640754759,24.242772147913488,37.2887435812087,7.637575165702931,180.0,53.68378303182646,1057.5634879248732
2026-01-03 04:03:00,CYCLE_VALVULA_OBSTRUIDA,178.55912462221562,184.17450267318242,190.10754132900973,129.26958756808367,3.272837751749269,7.55847243919582,32.569118044706364,24.39734394311128,36.82290633463315,7.638230080801619,180.0,54.49650604568641,1050.4209978444867
2026-01-03 04:04:00,CYCLE_VALVULA_OBSTRUIDA,180.22665867689642,186.2550564787805,190.98685842435424,133.63998077388206,2.800876066020317,8.562088392556177,31.14341302286476,24.541039951246443,35.672252555489315,7.641191364498571,180.0,54.22807442305627,1057.9917735698048
2026-01-03 04:05:00,CYCLE_VALVULA_OBSTRUIDA,180.22599172768264,188.57736633773436,193.624647524698,133.863724125017,2.815103403267342,8.816935139139103,32.17693062690309,24.551071406263368,37.21515013842753,7.6398134243220115,180.0,54.08117928824263,1057.9310735589931
2026-01-03 04:06:00,CYCLE_VALVULA_OBSTRUIDA,185.1697522148654,188.09123511976642,193.30688509228767,133.41649454068275,3.049931519211246,7.48969901360934,32.132518383218496,24.54565597872862,36.35983546298271,7.638512240189483,180.0,54.1803482154989,1059.7283695384322
2026-01-03 04:07:00,CYCLE_VALVULA_OBSTRUIDA,185.16908819829047,189.39162722841743,194.33945195541224,138.06942349357715,2.8842982208634393,7.480284518549665,31.323264081002268,24.52956030140335,35.709350908040086,7.637619125957868,180.0,54.177687391207,1061.7171996617844
2026-01-03 04:08:00,CYCLE_VALVULA_OBSTRUIDA,184.7845507279341,191.17529093473777,196.65543645740345,133.40579808269248,3.1252765144928367,8.019990967115062,32.170698485264936,24.369854829226785,38.3849282093218,7.637740370653163,180.0,54.11707407514425,1062.6050878613935
2026-01-03 04:09:00,CYCLE_VALVULA_OBSTRUIDA,188.88206474457422,193.18336469956097,196.1608250661596,137.68418041276666,2.9846634633800866,8.4780643028705,32.073650155383284,24.464031726897282,35.63205265916684,7.63671344827788,180.0,54.50110349426126,1052.1148353188212
2026-01-03 04:10:00,CYCLE_VALVULA_OBSTRUIDA,187.14878733660075,191.3478756140513,197.20062778609852,136.3654642586752,3.0595808850541344,7.433090403123023,31.805347531121264,24.501393624306463,36.499154645506735,7.635961785523575,180.0,54.484780814694425,1058.4560318314961
2026-01-03 04:11:00,CYCLE_VALVULA_OBSTRUIDA,189.00386885152886,194.30960742182913,197.96103659618373,138.4067209899996,2.789442482927324,8.113507868477953,32.43877523162509,24.53196933000331,36.05002178241374,7.636582269047502,180.0,53.49770610771164,1066.8600340155435
2026-01-03 04:12:00,CYCLE_VALVULA_OBSTRUIDA,188.27552309019185,193.7089727082729,199.01420521687265,137.86257190871495,3.058078446984278,7.7047865229701245,31.586096451500158,24.477197928296533,36.0154450002516,7.635343097164389,180.0,54.2379290420651,1059.413637317712
2026-01-03 04:13:00,CYCLE_VALVULA_OBSTRUIDA,187.25030182701224,194.2828949129089,201.79913786296214,136.26870350531314,3.331526726050633,8.3504145499125,32.09897517938299,24.63329562665014,36.65204050244552,7.634209901151419,180.0,53.570657502930395,1055.7263439169492
2026-01-03 04:14:00,CYCLE_VALVULA_OBSTRUIDA,188.2804997599026,197.3197193246798,198.26568184057552,137.4313906776402,2.8296755351657406,7.601056589252055,31.86497987880883,24.502705670330208,34.97120946854698,7.633811362398428,180.0,54.66094617391881,1058.840957718473
2026-01-03 04:15:00,CYCLE_VALVULA_OBSTRUIDA,189.4618114829603,194.76423693053817,201.55460909854094,139.77764050860094,3.274595490081645,8.38590150013709,31.581935268575954,24.520551946810517,37.032965616476964,7.63350691932759,180.0,54.74631331378913,1057.726636674452
2026-01-03 04:16:00,CYCLE_VALVULA_OBSTRUIDA,190.99578467597138,195.8234609308944,200.803172538072,135.8031346495487,2.9845319045032053,7.9208925945911455,32.25882014292322,24.399623094579326,34.64360004220104,7.634516935044811,180.0,54.07614395139847,1054.6505073492506
2026-01-03 04:17:00,CYCLE_VALVULA_OBSTRUIDA,190.0880537871902,195.5349106156511,201.5525886278511,142.28320425409947,3.2203444967933814,7.531429738159479,31.838349913476282,24.2611409765219,35.313849896555126,7.633616295296832,180.0,54.3419370137883,1062.9212871811146
2026-01-03 04:18:00,CYCLE_VALVULA_OBSTRUIDA,189.4340938958328,192.8498190475091,203.02987100241404,140.54835452696182,3.0386313955059334,8.031844977713444,31.084654930032183,24.497520646666164,39.09119180334686,7.632896015312712,180.0,53.363108001882345,1061.8642923119703
2026-01-03 04:19:00,CYCLE_VALVULA_OBSTRUIDA,186.29114871734515,191.48870867437154,200.42092548958445,139.18316293707798,2.989976723970622,7.0310133427558235,30.892851399570795,24.702900045115598,36.42269734352173,7.633477685428991,180.0,54.92346214234243,1054.264329647575
2026-01-03 04:20:00,CYCLE_VALVULA_OBSTRUIDA,189.51448443398272,193.9755595676669,199.10118139425603,136.18452834757377,3.10491890462291,7.72045271394753,32.451522062323015,24.544490372967804,35.409425838138226,7.634279079752774,180.0,54.80986949106754,1059.2982153868288
2026-01-03 04:21:00,CYCLE_VALVULA_OBSTRUIDA,187.4036705514189,190.83499948468602,195.56025929367422,136.7046194774521,3.364079268690675,8.168700535162332,31.249887794076223,24.28613884271766,36.887109728872375,7.6357078042199005,180.0,55.04776583005889,1057.4678632794562
2026-01-03 04:22:00,CYCLE_VALVULA_OBSTRUIDA,186.00387117829032,189.15015283667566,194.72370566834766,136.63287548367938,3.070829188264523,7.114122610484053,32.15360213303838,24.606118314084203,40.33919726383411,7.636176924574765,180.0,55.23340994897163,1053.3832014968705
2026-01-03 04:23:00,CYCLE_VALVULA_OBSTRUIDA,186.39586682736953,191.2683537531959,195.46918731662112,135.84778539045382,3.1435592492725193,6.714431573447294,32.022229045074724,24.369293768407655,36.556197754665185,7.636307288634727,180.0,53.89522093907284,1054.1795908035635
2026-01-03 04:24:00,CYCLE_VALVULA_OBSTRUIDA,185.31377485266904,187.5934667038564,191.77908740688363,133.26150696390522,2.8894545259269897,6.830316340093416,31.77098784753055,24.57201012838274,38.26089510407446,7.636882327041473,180.0,54.96815736314932,1054.8177644104949
2026-01-03 04:25:00,CYCLE_VALVULA_OBSTRUIDA,183.88550829713103,186.57297902917873,193.23852710154947,132.52363396307425,3.4712659421985075,8.663564277750185,33.1685192133475,24.347698729842346,38.11648826563718,7.636614914235585,180.0,55.28036809133464,1059.6840530715033
2026-01-03 04:26:00,CYCLE_VALVULA_OBSTRUIDA,180.80454585009306,188.47029743224417,188.53914337722378,130.49290035831206,3.1921011332789013,7.961620493618636,32.1042957314717,24.48411538504866,39.081805130245385,7.636340146641209,180.0,53.80972744766261,1058.115557805118
2026-01-03 04:27:00,CYCLE_VALVULA_OBSTRUIDA,178.4310830426832,182.64357248196637,191.01793497830178,131.05648242307953,3.023312538007502,7.733767302996406,32.451406331072164,24.301369711640344,40.241834372827014,7.6345660363289305,180.0,54.48743019307021,1056.1336417735602
2026-01-03 04:28:00,CYCLE_VALVULA_OBSTRUIDA,179.30538286283692,181.61113211257813,187.7326349879461,131.00675012888493,2.9632038983235978,8.472577367833415,32.17001246310327,24.297693973249373,40.56588825053677,7.63545945228562,180.0,54.40707213680519,1058.419308890007
2026-01-03 04:29:00,CYCLE_VALVULA_OBSTRUIDA,174.92986161733035,181.01628917804612,186.71984328357905,127.66057916089194,3.293372480781933,7.797775158765445,31.86085702359156,24.07390828844746,43.182715278681805,7.6356709112306715,180.0,55.031958332800876,1062.9868500493126
2026-01-03 04:30:00,CYCLE_VALVULA_OBSTRUIDA,177.33670808639718,179.71169179219874,184.10195324429546,128.70355657957742,2.818138776886422,8.134230949933366,31.988546749858436,24.480056254570115,40.555581908284864,7.63644795049704,180.0,53.422427129384396,1061.4267843890882
2026-01-03 04:31:00,CYCLE_VALVULA_OBSTRUIDA,173.46567250521872,177.35957871244406,181.15384135871815,124.39598527898332,2.4651374951186003,8.012877675461631,32.87490633685834,24.44177968945093,42.304796886265784,7.633632140002563,180.0,55.5422618263167,1064.0041853924183
2026-01-03 04:32:00,CYCLE_VALVULA_OBSTRUIDA,170.6082635308941,175.4909385209461,183.3629589727667,126.04733813341578,3.021719879827337,7.764500289623511,32.65198590945964,24.442764882984353,43.30236869105868,7.633585038294669,180.0,54.59261389734396,1059.0735895496136
2026-01-03 04:33:00,CYCLE_VALVULA_OBSTRUIDA,168.88650281938786,177.1767382736941,181.96758675832143,126.3392147355042,3.3570013719343033,8.147072941944552,33.16921810047609,24.401900756361048,41.77915625957924,7.632729156788291,180.0,55.12124231672404,1066.3806223846705
2026-01-03 04:34:00,CYCLE_VALVULA_OBSTRUIDA,167.3658245649957,174.21453370278863,178.47716503561853,122.21161937436048,3.4773926433554023,8.386630610710073,32.129476576179165,24.18337234947687,44.04132871498836,7.634230519293112,180.0,54.64710153530354,1061.3396893407255
2026-01-03 04:35:00,CYCLE_VALVULA_OBSTRUIDA,167.66843548806503,173.20220249305106,178.29431547768084,124.18794356940063,2.967811816969836,7.907546691491506,31.46835589959785,24.517621067619345,43.53286748968069,7.634844736208596,180.0,54.93701920510226,1057.962102391909
2026-01-03 04:36:00,CYCLE_VALVULA_OBSTRUIDA,166.17555043154118,171.0185510037427,175.71415151136043,122.39860713248648,3.013076299182535,7.769722213422693,31.7277967470972,24.511248877104602,44.94666334336404,7.635078971619406,180.0,53.543694715463054,1060.2534109444578
2026-01-03 04:37:00,CYCLE_VALVULA_OBSTRUIDA,163.4799342964061,170.3103868432481,175.30922871773663,120.53563992915065,3.1558591297547864,7.828743796000273,31.27659099381868,24.14293212538056,44.779103160852415,7.634647038650065,180.0,54.525119633740616,1054.846564823108
2026-01-03 04:38:00,CYCLE_VALVULA_OBSTRUIDA,163.42508067397202,169.9723096111706,174.76379465654324,122.37652396422828,2.9206951743408704,6.851043733607134,32.446197914323186,24.394527729822286,43.06810357528453,7.635044246960197,180.0,55.15430739980957,1058.5648310099791
2026-01-03 04:39:00,CYCLE_VALVULA_OBSTRUIDA,161.2232226210662,166.6691862669214,173.53084699386446,119.74212575275106,3.1549217845173447,8.141529773254456,31.630698068765973,24.450263163786083,47.332899542268684,7.634116061330818,180.0,54.88736714648437,1061.4536147970912
2026-01-03 04:40:00,CYCLE_VALVULA_OBSTRUIDA,162.71678111036647,167.32742213905502,173.61878247932466,121.55126232006157,2.9743794746795196,7.395444355505724,30.144896813681388,24.168047976496304,48.10093970649714,7.634016335983133,180.0,53.93686203511239,1062.1179917544907
2026-01-03 04:41:00,CYCLE_VALVULA_OBSTRUIDA,161.23130621602576,167.1320689114505,171.9194749462074,121.4306045401337,3.303410477157054,8.314859362059462,33.45175648139954,24.18930599106706,46.0523610096181,7.633437972596146,180.0,54.79798330853332,1057.9617170446988
2026-01-03 04:42:00,CYCLE_VALVULA_OBSTRUIDA,160.28006924847176,167.5879090712338,170.767853796019,117.60237844252926,3.216894153929347,7.954787949662353,31.626098122164922,24.341426242020518,45.377781043597366,7.635704462251127,180.0,54.369593911060896,1070.4624437889593
2026-01-03 04:43:00,CYCLE_VALVULA_OBSTRUIDA,158.7820531129119,167.66525516475505,169.41408322754003,117.96248621812491,3.2430683496907298,8.05256054826522,31.61703680659429,23.918275168151002,47.91419392490171,7.637174410007318,180.0,54.33765487172487,1058.7560394556654
2026-01-03 04:44:00,CYCLE_VALVULA_OBSTRUIDA,159.72198484920858,165.166003325854,169.50796511308718,116.23132665159494,2.9384047065593735,8.350164585303101,32.96005634744817,23.988024621780585,49.032853255428805,7.638237457491301,180.0,54.041121291726355,1052.6427638092066
2026-01-03 04:45:00,CYCLE_VALVULA_OBSTRUIDA,159.5023265423844,166.36636673962457,170.97206167607,116.41076128893388,3.5777781961506783,7.536738116829532,31.225802491902044,23.992811698535746,46.839873866672654,7.636747146469147,180.0,55.1216274932218,1064.1143692037424
2026-01-03 04:46:00,CYCLE_VALVULA_OBSTRUIDA,160.4634436109274,161.87797004943005,168.27997974677893,116.33031591628789,3.145173582713842,8.18462422167548,32.62594768020192,23.816196113708717,48.00694982903735,7.637611303581431,180.0,55.37929431425681,1061.588271439629
2026-01-03 04:47:00,CYCLE_VALVULA_OBSTRUIDA,160.52820756273326,167.19052548024496,171.65475475308827,116.44544582898435,3.0741882160460494,8.133810526281332,31.584316965822556,24.376796497819583,47.0261320753608,7.637798970256573,180.0,55.89307207716596,1059.9784917619754
2026-01-03 04:48:00,CYCLE_VALVULA_OBSTRUIDA,161.6846243780679,164.86309186150774,170.39677978435526,116.56451086863461,2.7717171058299086,7.907609583678603,31.13487173615664,23.746190277645795,46.12750043940685,7.639022430396089,180.0,54.105891609771696,1057.0775514793543
2026-01-03 04:49:00,CYCLE_VALVULA_OBSTRUIDA,160.7153262831549,166.0075011965755,170.31449105007152,118.66741791899419,2.970878453955434,7.535906899618231,32.94451535531377,24.196108337173,47.38033317802671,7.639344825491215,180.0,55.23621844795595,1060.389656541409
2026-01-03 04:50:00,CYCLE_VALVULA_OBSTRUIDA,159.7771251405976,167.53894432447382,170.69114993109562,117.07622771001898,3.034313928210791,8.297619182027582,32.46644857117274,24.27315649270608,49.16217424884739,7.639338107825178,180.0,55.27843528719884,1065.1649210280189
2026-01-03 04:51:00,CYCLE_VALVULA_OBSTRUIDA,164.05405653629342,167.68061424359715,173.6739864271538,121.1945721460614,2.76369681107271,8.351727272209658,32.455667638464014,24.035100909222702,47.38256999314679,7.639571892121514,180.0,54.580614596240245,1059.3615374656854
2026-01-03 04:52:00,CYCLE_VALVULA_OBSTRUIDA,162.72958860218125,169.08857167332084,173.8352579932751,120.46794809365473,2.9123048562692735,8.056801012988942,32.11490893956591,23.94281622304328,46.31260246153632,7.637766258829892,180.0,54.42079461698907,1052.534599825146
2026-01-03 04:53:00,CYCLE_VALVULA_OBSTRUIDA,163.6347404409988,171.8682724664885,176.8695591724929,124.60019970404959,2.9502599945690973,7.464848792142678,32.243998099485154,24.105399984218398,47.32712533082283,7.6369988555577235,180.0,54.34512852834049,1044.454640461827
2026-01-03 04:54:00,CYCLE_VALVULA_OBSTRUIDA,166.13148136147638,170.7221571611977,174.66753043498178,121.77336987182551,3.0167761982769656,7.736275483537273,31.1350378296657,24.041214726911853,46.56276441880512,7.637372191096427,180.0,54.632437431378726,1059.6532279102714
2026-01-03 04:55:00,CYCLE_VALVULA_OBSTRUIDA,167.86272461554543,171.19569142019932,176.80620365232576,124.09414780652996,2.471187902987519,7.969833638789967,31.93066981950307,24.22324345842065,47.1801242734428,7.638511579454834,180.0,55.005237199944126,1054.0118954123036
2026-01-03 04:56:00,CYCLE_VALVULA_OBSTRUIDA,168.2619466670054,176.07510698262126,178.7882849641101,124.17567572500268,2.9594188377887205,8.344247274991046,31.295392466920127,23.478213234097602,44.962450991446914,7.637961086338521,180.0,55.59149225889685,1057.3909031382764
2026-01-03 04:57:00,CYCLE_VALVULA_OBSTRUIDA,169.71831386661404,175.9968621447814,179.46251699161186,124.62922167699574,2.8867961450760204,7.208255299443442,31.007810431269938,23.801234501389963,45.334480397775,7.637920279458657,180.0,55.47131231375273,1054.381310648563
2026-01-03 04:58:00,CYCLE_VALVULA_OBSTRUIDA,171.4120930564149,179.18801140810973,181.88866703470373,127.49768039071925,2.99373475511253,7.718098267847812,32.07584998855309,24.078036457124757,46.4927493390655,7.636319287013982,180.0,54.11783815863954,1053.9155339151378
2026-01-03 04:59:00,CYCLE_VALVULA_OBSTRUIDA,175.13192147217694,179.46842894367984,183.8154739706838,128.37149510350054,3.3105829698540767,7.798663720028899,32.51185104746084,23.956245242472452,45.92286968053521,7.637778597827336,180.0,54.53772466158222,1054.1933231778316
2026-01-03 05:00:00,CYCLE_VALVULA_OBSTRUIDA,174.99678629493022,178.41168672958383,185.58138108695567,128.6343729615013,3.6157186476363616,7.958389210298486,31.574204770643775,24.076689938778845,45.388400381756746,7.638892339559569,180.0,55.588261890130426,1054.3638895380432
2026-01-03 05:01:00,CYCLE_VALVULA_OBSTRUIDA,175.40637154166066,182.34238855512305,188.37532750607616,130.22586785848557,3.203513159893388,7.349337357987577,31.663865904637618,23.95851027277655,45.496262836941725,7.639544442178136,180.0,54.57888607742499,1059.9710485545065
2026-01-03 05:02:00,CYCLE_VALVULA_OBSTRUIDA,176.9693353339828,181.93793768320728,186.55450844772844,129.9577239140937,2.6296733483800994,7.891233610813333,31.0946150939001,23.858681039192,44.97049192137188,7.639951248365767,180.0,54.9216612068777,1058.9571573867952
2026-01-03 05:03:00,CYCLE_VALVULA_OBSTRUIDA,179.3341939001253,184.64417307855177,190.04056729954652,130.41538082057957,2.8963779144502397,7.844758217843705,31.76785336346964,23.804395174941753,44.28702465333833,7.6415037974309135,180.0,54.10285426952283,1051.620890846009
2026-01-03 05:04:00,CYCLE_VALVULA_OBSTRUIDA,181.3864791669706,186.01019236180767,190.32471826263117,130.8158677202847,3.1787889926493276,7.481204064255172,32.20517362540061,24.30879379657055,46.03113029847736,7.640698786439599,180.0,55.53709021432886,1051.9499804640454
2026-01-03 05:05:00,CYCLE_VALVULA_OBSTRUIDA,183.08077619435946,185.55880343444036,193.01601605602832,135.75903415852892,3.144987148928707,7.941016207915658,32.20923834802547,24.129410823359834,45.85275971085465,7.639785624883272,180.0,54.008968181848935,1057.5313132077097
2026-01-03 05:06:00,CYCLE_VALVULA_OBSTRUIDA,183.96576910900376,187.84140619691297,194.33437740801077,137.2753934365465,3.2961977206359223,7.729415451607249,32.04621164893157,23.89987358183881,44.63548015756836,7.640847144669529,180.0,54.14839948688259,1059.9965986150373
2026-01-03 05:07:00,CYCLE_VALVULA_OBSTRUIDA,184.02671107428242,192.68318385557384,193.85265583550412,132.8296436830544,2.9707947017128213,8.247793071254854,31.33242363892326,23.794531971712896,43.82705022726456,7.641841458051237,180.0,55.499369239226986,1059.7008005282562
2026-01-03 05:08:00,CYCLE_VALVULA_OBSTRUIDA,185.63844282268795,191.43322526797027,195.06578957099998,134.12845903879364,2.8909499266903484,7.557336219497831,31.29737518029771,23.864251434367812,44.040889614839564,7.640647962465148,180.0,55.93784066279868,1051.3001537321893
2026-01-03 05:09:00,CYCLE_VALVULA_OBSTRUIDA,188.01594437386174,191.92453955402866,197.74922659178768,138.6782505108187,3.5257272011748118,8.044917061064227,32.148261186680486,23.899500208106595,44.51873558978637,7.640116602583571,180.0,54.83604634010225,1059.0225232686396
2026-01-03 05:10:00,CYCLE_VALVULA_OBSTRUIDA,186.61507070422283,195.16584932069566,198.0184664696595,137.70269715365976,3.017601181010891,7.595805581385366,32.14138118990044,23.795133101962623,42.611472484069125,7.641805695714648,180.0,54.96115526273423,1047.7076489212807
2026-01-03 05:11:00,CYCLE_VALVULA_OBSTRUIDA,188.14427779294604,193.22769949255598,198.43963565576107,138.37808343759187,2.6949976871936654,7.700122880920594,31.533747444929137,23.53805599562525,44.782148574509854,7.642217363042865,180.0,55.441653761972844,1053.742628874784
2026-01-03 05:12:00,CYCLE_VALVULA_OBSTRUIDA,189.98280317388492,194.15614331006435,200.05543194015726,139.87280998544884,3.4425400971098763,8.148645813852703,31.363605065324666,24.02193182213053,44.15331629632088,7.643004524560882,180.0,55.13485754949005,1056.237728918396
2026-01-03 05:13:00,CYCLE_VALVULA_OBSTRUIDA,190.72255172296929,195.8611774383545,200.55027618204164,138.54993641595217,2.5511713525816666,8.117358866421078,32.30162334167619,23.690706034933196,43.24565970352724,7.641845478018353,180.0,54.805836397564356,1045.703906231965
2026-01-03 05:14:00,CYCLE_VALVULA_OBSTRUIDA,189.68632998521446,194.4369454721845,199.28227229528207,138.5531541476726,1.9514864332534183,7.79148890871082,31.366877842069705,24.020425910001574,43.41116197423458,7.64250212254289,180.0,54.751722564117,1062.1141333107066
2026-01-03 05:15:00,CYCLE_VALVULA_OBSTRUIDA,189.506551827315,194.104175112777,198.977536234829,138.24191592930035,3.2308160274112723,7.865294690833666,32.01158543146774,23.630989471747192,44.89049201779346,7.64108258099712,180.0,54.212746202461126,1058.7671721832085
2026-01-03 05:16:00,CYCLE_VALVULA_OBSTRUIDA,188.3312869007916,192.21332073209126,198.40352565831893,136.08389474682596,3.2732102913073895,7.2731967774452375,31.462708412010002,23.520097732801645,44.393214150049914,7.639102759631519,180.0,55.11400368788876,1055.7602306433153
2026-01-03 05:17:00,CYCLE_VALVULA_OBSTRUIDA,190.30750460805433,193.54515969830996,199.7083789882471,138.85988112795238,3.125108420538354,8.702467600836286,30.89669413963777,23.812798349974884,43.62386926943746,7.639829583591699,180.0,54.9553673539201,1049.01809429364
2026-01-03 05:18:00,CYCLE_VALVULA_OBSTRUIDA,190.85742874615292,193.12410177596416,197.5500954778455,139.140754025732,2.611072250712278,8.345899090030885,32.47261400418967,23.56288162593025,44.1042682349674,7.641264028761334,180.0,54.785887300581635,1052.3059863043234
2026-01-03 05:19:00,CYCLE_VALVULA_OBSTRUIDA,191.7949348042829,193.88369288928797,198.8105561135086,137.6183779599614,2.985052657292143,8.328980362073361,31.556893581919645,23.495738785266532,45.15961504222302,7.641010242685585,180.0,54.50707923203728,1055.4345093462634
2026-01-03 05:20:00,CYCLE_VALVULA_OBSTRUIDA,188.4722072360872,192.24480579134206,199.4346653384689,138.19479320822143,2.9201675797536244,7.2068256737056355,31.037655227204905,23.195538302231874,43.21357217118058,7.64046369200373,180.0,54.56058902881264,1047.4708779590671
2026-01-03 05:21:00,CYCLE_VALVULA_OBSTRUIDA,187.09681278252515,194.70859604546382,196.69120335627187,136.5623000292684,2.843335986507016,7.707682231485036,30.608484707350655,23.533028991201924,43.985493454331305,7.642174540659977,180.0,55.322602317801504,1050.9226246952846
2026-01-03 05:22:00,CYCLE_VALVULA_OBSTRUIDA,185.07053578502823,189.8584796460523,195.47984744350217,134.8565631063361,3.429048056972463,7.839239658813804,30.647456561699926,23.268535318522947,46.564362895037284,7.641979757290862,180.0,55.45649666980186,1054.9633910088742
2026-01-03 05:23:00,CYCLE_VALVULA_OBSTRUIDA,182.81398962731424,191.69494076314712,197.4065130547231,137.02160652942973,2.692331948095119,7.042067372804545,31.175823929490694,23.243203039186273,44.971674766747256,7.641913988567305,180.0,54.85404936999857,1045.0151815721197
2026-01-03 05:24:00,CYCLE_VALVULA_OBSTRUIDA,184.06531140227276,189.05443163743772,195.59658123139818,134.17990256780553,3.1020676395714917,8.45365861240553,32.532389032128215,23.200059952949594,46.07265866342232,7.643607945793745,180.0,54.80300192612418,1051.9893743742027
2026-01-03 05:25:00,CYCLE_VALVULA_OBSTRUIDA,185.36111115215775,188.4388218131146,191.54666285231764,135.1673947251051,3.3663549366932912,8.73671125418749,31.003885144577154,23.35055761376476,47.08576598654874,7.643254360980717,180.0,54.59374368268007,1043.3011555582407
2026-01-03 05:26:00,CYCLE_VALVULA_OBSTRUIDA,182.6712512194726,186.96370979344198,191.2280657933901,133.53053799558143,3.1234778371451766,9.041821933461165,32.20015786224812,22.922045718793076,47.28769414733129,7.642600333371372,180.0,55.48999553524537,1046.1998874202914
2026-01-03 05:27:00,CYCLE_VALVULA_OBSTRUIDA,181.02488162608284,181.93755257623343,189.9858891694225,130.25743474831785,3.382285429253024,7.488997987246426,31.229864095936396,23.150778532946763,47.19031276219974,7.643415841595509,180.0,55.037793124593875,1047.6064640337695
2026-01-03 05:28:00,CYCLE_VALVULA_OBSTRUIDA,178.46767102003278,183.06573610784093,188.31530826551673,132.90871166698562,3.1799688721880366,8.071687094968366,30.575906601873807,23.352571005494305,47.284193368935355,7.6427039854411305,180.0,55.20664749818307,1051.3231749988975
2026-01-03 05:29:00,CYCLE_VALVULA_OBSTRUIDA,177.0581497084227,181.2109208080427,188.69379551524716,130.61209970054367,3.140563894561913,8.675519926672376,30.97658446984398,22.873834067786902,48.810769188364965,7.642559383903008,180.0,55.202026027371,1046.1045113336886
2026-01-03 05:30:00,CYCLE_VALVULA_OBSTRUIDA,172.1548208749128,178.59483757344125,185.04895633287867,126.53687593585425,3.122713992018895,7.888386998169624,30.467475223257324,23.12042921126498,49.5237331815065,7.641240225301296,180.0,54.86872645250643,1049.0432132278136
2026-01-03 05:31:00,CYCLE_VALVULA_OBSTRUIDA,174.41492609452303,178.93477924607717,183.657055396716,128.85310984563046,3.1976010493192426,7.7327877262676985,30.697688829586145,22.924512710514833,48.458911106196275,7.641425622389672,180.0,54.43937604051559,1045.420135960234
2026-01-03 05:32:00,CYCLE_VALVULA_OBSTRUIDA,171.2584789906383,178.8890716305816,182.64403991988104,126.90917033785854,2.8988108780554662,7.084358291962728,30.654670834971235,22.93374261869429,48.54699698285505,7.641493719876875,180.0,54.523161067009866,1045.6693279929912
2026-01-03 05:33:00,CYCLE_VALVULA_OBSTRUIDA,169.59955799463123,172.10178298887223,181.72498930460304,122.75641809291625,2.6248149896722546,8.584763803166783,30.018337729014,23.306738886715227,50.5857620673164,7.642461740151599,180.0,55.58403491083463,1052.4119467736862
2026-01-03 05:34:00,CYCLE_VALVULA_OBSTRUIDA,168.5924504261498,173.19897268337235,179.95158998099612,123.50094198853024,3.3024947066280297,8.009907641790162,32.0424514705922,22.61341815852119,51.44799128438422,7.643318996688261,180.0,54.655807669417726,1042.4206947265814
2026-01-03 05:35:00,CYCLE_VALVULA_OBSTRUIDA,167.1575257183787,170.94321020694534,178.07008237054046,123.45952115669684,3.3657089112957137,7.65595253589125,31.235194063961252,23.056859148416766,51.75192930820544,7.64387051469673,180.0,54.81171978833241,1049.6653735832072
2026-01-03 05:36:00,CYCLE_VALVULA_OBSTRUIDA,165.41251230074158,171.204227874342,174.23318210910494,117.43098855635019,3.0936844023707435,8.163637555833146,30.670285927732294,22.773199417272348,51.344461914454016,7.644264770389511,180.0,54.44765051618357,1046.2265390246473
2026-01-03 05:37:00,CYCLE_VALVULA_OBSTRUIDA,165.07466387649768,169.5039122954432,174.29369632870996,120.78205983642621,2.854482611163566,8.099297043053985,31.1882387623986,22.726517189865138,50.03460875835401,7.644191516275758,180.0,54.4044513685283,1043.5255469624467
2026-01-03 05:38:00,CYCLE_VALVULA_OBSTRUIDA,163.28239367743356,168.05437555649874,174.7485737924466,120.87427642098328,2.5525847000499318,8.108009353187885,30.526691986421792,22.573729064044983,51.237299215710905,7.644801072244754,180.0,54.625235295094896,1040.549612009465
2026-01-03 05:39:00,CYCLE_VALVULA_OBSTRUIDA,163.08915449610208,168.61725753570113,173.07368428007044,117.91340500773983,3.046546502940786,7.916416216393186,29.397807099299982,22.90666104735702,51.16957547674069,7.643688740071085,180.0,55.85104920473606,1040.4217189494311
2026-01-03 05:40:00,CYCLE_VALVULA_OBSTRUIDA,160.33355012036697,168.89488442519456,172.9054540957786,119.5902534813575,2.6170238075033248,8.837229772484141,32.7465942818455,22.681955760899616,52.76050203026864,7.641339773999231,180.0,55.33258713132805,1041.634109429612
2026-01-03 05:41:00,CYCLE_VALVULA_OBSTRUIDA,161.15301605497092,169.40899210152523,173.46191823432238,119.62596765542952,2.5759171980822853,7.960306272017184,31.058148274485173,22.619581376115725,50.98983392808262,7.642501691670444,180.0,54.736592196791655,1043.5656075982995
2026-01-03 05:42:00,CYCLE_VALVULA_OBSTRUIDA,159.53618748209226,164.76193264482743,169.21831726745566,115.25283649859072,3.017298528423902,8.837882622355982,30.562466686096787,22.66681247715477,53.700793964601665,7.643175852132692,180.0,55.53753898853569,1046.1521561899103
2026-01-03 05:43:00,CYCLE_VALVULA_OBSTRUIDA,159.68015943071325,163.05481423759042,171.58581908971075,119.74435085063068,2.795291674427151,8.311365492940364,29.72669202538699,22.573734069403287,52.338448986222296,7.643048865698412,180.0,54.91576128245012,1042.1046566462123
2026-01-03 05:44:00,CYCLE_VALVULA_OBSTRUIDA,160.38088549480867,165.6620298645113,169.57429633843415,118.62207269728509,3.1289199295879335,8.205977546667068,29.961400841445677,22.173695518411602,51.74325657081538,7.644123424306858,180.0,55.66458746535487,1041.9351173704395
2026-01-03 05:45:00,CYCLE_VALVULA_OBSTRUIDA,158.2063608657613,166.83814791989144,171.00700074007852,117.3940056797869,2.9784429199248867,7.974840544193061,31.821122282479134,22.434814650147313,52.41605769660672,7.643391926889912,180.0,56.08848637929461,1042.0904459779035
2026-01-03 05:46:00,CYCLE_VALVULA_OBSTRUIDA,159.2309634099913,165.96090943079057,169.9133076673812,117.08440909501344,2.8451457687816126,8.519541713151035,31.699816491332545,22.67116527061104,53.73406380722162,7.642686434357828,180.0,55.49160333868711,1043.8869111965569
2026-01-03 05:47:00,CYCLE_VALVULA_OBSTRUIDA,161.1507466338132,167.15445600065723,172.7568124586098,120.32508268362797,2.516566152384652,8.090144695713008,31.220501717080996,22.15811232747687,51.644339578632994,7.641842296634134,180.0,55.019397196245265,1044.1078017090106
2026-01-03 05:48:00,CYCLE_VALVULA_OBSTRUIDA,159.18306491812515,165.3593654784403,170.7628976350303,117.5443972306301,2.773078776809181,7.56866864991318,30.069142200668868,22.202494959389785,49.75731794403035,7.64240991860925,180.0,55.31607439012678,1035.524964453434
2026-01-03 05:49:00,CYCLE_VALVULA_OBSTRUIDA,163.57950746626173,165.45786969858557,170.39686215507555,115.4086870911477,2.785008805497908,7.553073607516864,31.61348827151685,22.29543333927739,50.724084848084786,7.640826960532035,180.0,54.96795180203005,1039.4842593419864
2026-01-03 05:50:00,CYCLE_VALVULA_OBSTRUIDA,163.60867994293105,167.0374265864295,172.3781496125235,120.13104877950933,2.663161988413693,8.248147459528955,30.946391996202046,22.198182936121377,52.16630748779449,7.640059998925254,180.0,54.03611329140541,1045.0574524509232
2026-01-03 05:51:00,CYCLE_VALVULA_OBSTRUIDA,162.4296067251487,167.35410947721226,173.11417757617593,118.41021993802794,2.9329455398504125,7.584301151524506,31.038202130305528,22.297673771146933,50.29933824570596,7.640349713948489,180.0,54.62019614550607,1034.4142321045392
2026-01-03 05:52:00,CYCLE_VALVULA_OBSTRUIDA,163.0709928243873,169.53131232448635,175.07526531870803,120.22166108917251,2.6883877690256788,8.00796051116744,30.88138498262637,22.049031533401376,50.3336222412699,7.639145562872566,180.0,54.46481010695078,1039.502487801202
2026-01-03 05:53:00,CYCLE_VALVULA_OBSTRUIDA,165.37270831028482,171.00627778262248,175.35344548387778,123.49299851483887,2.984345080145656,8.568753754475171,29.677638440120138,22.14978914074802,50.81772631708233,7.638485252466905,180.0,54.595008702168165,1038.04408524825
2026-01-03 05:54:00,CYCLE_VALVULA_OBSTRUIDA,164.61812871862017,172.31718082086252,179.002060036549,123.0002865955027,3.106495806388564,8.19323201969273,29.830799388546627,22.178322966405716,48.003501302868536,7.636273684889791,180.0,55.822740135472614,1035.978737025175
2026-01-03 05:55:00,CYCLE_VALVULA_OBSTRUIDA,165.27381363141558,172.98571407609074,177.2110963244484,122.31868998397545,2.7874259939261607,7.6812649411271225,30.211150664354335,22.277152228917327,49.880929829538324,7.636879491539193,180.0,55.47918199442431,1044.1223540671638
2026-01-03 05:56:00,CYCLE_VALVULA_OBSTRUIDA,168.52865579598927,174.06368368036107,178.6202077340559,124.34533667171495,3.163804107023436,8.748411577645502,30.87077494563311,22.35590691743535,48.79908736099591,7.63619165634585,180.0,55.130455383699115,1037.41621005217
2026-01-03 05:57:00,CYCLE_VALVULA_OBSTRUIDA,170.38931684533716,176.18454730932666,179.47690317723973,125.09062890386868,2.6286786947784955,8.318440885880719,29.62336896526602,22.020372288032796,47.908822724286246,7.635092375095709,180.0,55.30779414099569,1042.8190035069558
2026-01-03 05:58:00,CYCLE_VALVULA_OBSTRUIDA,172.18459027749657,174.3889682097624,181.81696802968446,124.51166859904421,2.7043373745888664,8.554485206531348,30.313188610482985,22.405016974002177,49.017459015654154,7.633797352369751,180.0,53.946880113361985,1036.2984557127202
2026-01-03 05:59:00,CYCLE_VALVULA_OBSTRUIDA,172.8888599719572,178.54473547836017,183.5382054152088,126.85384907140158,3.004929942775269,6.912894986870589,30.278933793764633,21.958225118069137,47.692378971646306,7.633379138857546,180.0,55.24804811432788,1037.614516055208
2026-01-03 06:00:00,CYCLE_VALVULA_OBSTRUIDA,176.72773442545815,179.91969485654099,185.16233408786937,128.4691381529651,3.2459119975842383,8.213186043152549,30.82678482276644,22.118763428691775,48.859479372431174,7.631798983270654,180.0,55.34449374962979,1032.9582291018405
2026-01-03 06:01:00,CYCLE_VALVULA_OBSTRUIDA,174.97728039869702,181.67708827547924,186.46945364452807,129.28080793655246,3.300924070419373,8.469923967757058,30.721927610735314,22.296804124538003,49.12325568479567,7.633741362947802,180.0,53.74524000320166,1032.4924956393697
2026-01-03 06:02:00,CYCLE_VALVULA_OBSTRUIDA,176.96080452995434,182.86373562142217,187.20381142011243,130.00953647762893,3.525325932574807,8.900074816262043,29.676718713306446,21.905399484087546,47.235896228393585,7.631356618330633,180.0,55.23787140881005,1035.8802041820613
2026-01-03 06:03:00,CYCLE_VALVULA_OBSTRUIDA,180.43178448241042,185.00043368580123,188.39019831284244,134.63153577167486,2.929536621437233,7.319106648583462,31.116345213100903,21.569155975827872,46.453526676626204,7.630905999180847,180.0,54.13306385045488,1035.4357925016623
2026-01-03 06:04:00,CYCLE_VALVULA_OBSTRUIDA,179.92416189255962,185.25522198168147,190.45980276024966,130.05023390860893,3.005167426233941,8.655158680802186,29.5156222997232,21.818161764451066,46.52692007248556,7.631012906110138,180.0,53.84965463206041,1035.595441220968
2026-01-03 06:05:00,CYCLE_VALVULA_OBSTRUIDA,181.28122725632514,188.6958676200918,193.67482680919568,135.2574946046566,2.7345197010869833,8.875376974601478,30.83389980520056,21.64128920265454,44.983328098854386,7.630237527106002,180.0,55.487082867419346,1034.18505524872
2026-01-03 06:06:00,CYCLE_VALVULA_OBSTRUIDA,184.19093902377224,189.22234168539282,195.24594005688857,136.8645005128422,2.6690969981500183,7.045627788657301,29.813220240906947,21.668680968982706,44.62840968445267,7.630449658843295,180.0,54.30937632358515,1026.8039239907234
2026-01-03 06:07:00,CYCLE_VALVULA_OBSTRUIDA,184.00338912951503,190.05170895631537,194.7416233345644,135.52461666194577,3.1147030616005296,8.294653277777599,30.206178754046732,22.073323524856555,44.025943931471446,7.629650057268349,180.0,54.44361605313009,1028.3918730229511
2026-01-03 06:08:00,CYCLE_VALVULA_OBSTRUIDA,186.22265093694213,190.14082299223153,194.8103145383082,134.1821476203088,2.8142745238233458,8.365253575559013,30.207700513555103,21.404930042144077,44.26278289535389,7.631180151732022,180.0,55.28479262179159,1034.4813921069826
2026-01-03 06:09:00,CYCLE_VALVULA_OBSTRUIDA,186.5351296020957,192.94104933606988,196.8269083321505,138.8121317227909,3.4176542716173524,7.8940247826086445,30.154790127426764,21.664941115877266,46.5311235489018,7.630061274717912,180.0,54.6254853769109,1022.708623483409
2026-01-03 06:10:00,CYCLE_VALVULA_OBSTRUIDA,187.2006098605548,193.06253051651834,200.28546136099536,135.03069216329743,2.6101293300068944,7.813566829447389,30.404699519060742,21.395093798632768,44.117921606703426,7.627710050776564,180.0,54.67585012439323,1031.1704289660224
2026-01-03 06:11:00,CYCLE_VALVULA_OBSTRUIDA,186.42916333263534,192.61750327731528,199.68304508192188,136.84823106028745,3.1956555492694667,8.393626461670381,30.198490713220682,21.46808514979785,41.89973582086739,7.62641155092611,180.0,54.65243271005234,1029.0067048206317
2026-01-03 06:12:00,CYCLE_VALVULA_OBSTRUIDA,189.68659415519795,194.01549904181422,199.70386082216754,140.13222826085263,2.7489323538318957,7.75329407386709,30.397204174329183,21.63554002049464,43.87397246517247,7.626798045700924,180.0,54.91453489033831,1032.3035479159923
2026-01-03 06:13:00,CYCLE_VALVULA_OBSTRUIDA,188.43337933763132,195.24150196574155,200.60057779236956,138.12626024924555,2.805424123400326,7.953245731909292,30.1689750356833,21.513181822592948,42.52851774035414,7.6266801213213755,180.0,54.61454458109359,1030.0195306364262
2026-01-03 06:14:00,CYCLE_VALVULA_OBSTRUIDA,189.978253793222,195.39084915211507,201.53567027803135,141.82366705541693,3.214196820962507,8.469173292076237,29.09451098512394,21.368112105696927,44.07177230207711,7.627432254229357,180.0,54.77146902451747,1025.1418409883577
2026-01-03 06:15:00,CYCLE_VALVULA_OBSTRUIDA,189.65231281869094,195.39228689973913,198.38174250503934,135.37922230825856,2.8506036085094717,8.941062812373644,29.97784144369298,21.246340333630442,43.88709029652504,7.627933998846069,180.0,54.449040024444585,1024.4020298311664
2026-01-03 06:16:00,CYCLE_VALVULA_OBSTRUIDA,189.9413801465682,194.83348590234496,199.20858256798167,136.4784092965388,2.8995370570408205,8.334118869027158,29.440218775236513,21.396727146961904,44.03442768600835,7.627297718496343,180.0,54.86286188916015,1024.5869768591078
2026-01-03 06:17:00,CYCLE_VALVULA_OBSTRUIDA,189.76848763844987,195.70456091606312,198.7949700644953,137.09719470751983,2.8115293061862667,8.13295442600934,29.07536691074494,21.630278859532254,43.66543765151687,7.626808635002548,180.0,54.829727547268725,1028.434118151822
2026-01-03 06:18:00,CYCLE_VALVULA_OBSTRUIDA,189.77860841156263,195.54931067745719,199.7236270668031,139.03454092463605,3.5915902906907164,7.809098881517635,29.529213230653912,21.081628385581897,43.28271411215266,7.6264233062268945,180.0,55.60732485726522,1016.3379027756833
2026-01-03 06:19:00,CYCLE_VALVULA_OBSTRUIDA,188.11480015865746,194.38281979526784,198.64457701229537,137.23387359323098,2.8717399978376275,7.563083049068428,29.775064528462657,21.592940758082396,42.366320869113416,7.628307652310391,180.0,54.45305539783817,1025.6063653130523
2026-01-03 06:20:00,CYCLE_VALVULA_OBSTRUIDA,189.77106897747748,192.07703398212004,198.6432367174809,137.0805186790172,3.0733560943464058,8.624257635690366,29.77675158909587,21.415312109972632,44.16258063526957,7.628998474625078,180.0,54.53662114938907,1020.8720602356386
2026-01-03 06:21:00,CYCLE_VALVULA_OBSTRUIDA,185.21234967795516,190.65391897341814,196.2682922406689,137.9581954257184,2.998220886987201,7.993829034922386,30.222206409623286,21.4100853195423,45.476126155779056,7.630890161524257,180.0,54.73286429947951,1024.5922146293158
2026-01-03 06:22:00,CYCLE_VALVULA_OBSTRUIDA,186.1737605650606,190.27952644369975,197.53083702085945,138.93789008270974,3.126124623543748,8.646991043365128,30.334447817191357,21.164673057521053,46.25607533121327,7.631730940896599,180.0,55.080144487680236,1024.6289263331396
2026-01-03 06:23:00,CYCLE_VALVULA_OBSTRUIDA,186.34345648198303,192.16317263822185,194.6871008564855,134.50906304658213,2.876182958891636,7.907948912579969,29.713131645728282,21.29482862738543,43.68957575376051,7.631667357501677,180.0,54.03633604381131,1016.0211408773932
2026-01-03 06:24:00,CYCLE_VALVULA_OBSTRUIDA,184.69644875267204,188.93338298960902,194.37959569061692,132.15131256190935,3.001263410573868,7.74916596644313,29.78276203694436,20.83148774531632,44.40679594406452,7.630647996014692,180.0,54.61784740391594,1021.1800074530781
2026-01-03 06:25:00,CYCLE_VALVULA_OBSTRUIDA,181.64226290262224,189.82704296502294,193.65987007558576,130.62727214173293,3.18059872158949,8.28529518708333,29.490657218086596,20.860030701334686,44.732792416101134,7.63084951568584,180.0,53.29580637401038,1022.124358399919
2026-01-03 06:26:00,CYCLE_VALVULA_OBSTRUIDA,180.44774333878263,185.72886806918555,192.16060113460745,133.22016778395528,2.804415515445358,8.037713218581308,29.854623467477012,21.101657437272536,46.52711603972437,7.630788646513624,180.0,54.397344584368525,1021.2661232204096
2026-01-03 06:27:00,CYCLE_VALVULA_OBSTRUIDA,178.7482148184383,184.0934786097484,189.78567134858108,132.28553596313154,3.3910186017896486,7.474302331456074,29.647144564283405,20.972258407657474,44.801328974634764,7.630694999228286,180.0,55.05259730205406,1019.8354714022536
2026-01-03 06:28:00,CYCLE_VALVULA_OBSTRUIDA,179.1633821828445,182.79535128037148,188.81533402579848,130.92619936368644,3.4207708884686387,8.986836244198301,29.28277373063965,20.84804559454322,46.15594254932836,7.6304859001513865,180.0,54.13601911511451,1014.848448725059
2026-01-03 06:29:00,CYCLE_VALVULA_OBSTRUIDA,176.01017482835164,181.2196054783909,188.36738215465272,130.00749647077814,3.2479790585587174,7.765745637967496,30.56702677739486,20.35216451077835,44.876936208521784,7.62843343744381,180.0,54.57010021410119,1014.863046435298
2026-01-03 06:30:00,CYCLE_VALVULA_OBSTRUIDA,175.64082674907843,178.83064999456107,185.32180392263913,127.17808504824448,3.0878987237449866,8.544118730986357,28.9083579594347,20.717172626198327,46.450713708330355,7.629694277260345,180.0,54.19955546057679,1013.0288303714815
2026-01-03 06:31:00,CYCLE_VALVULA_OBSTRUIDA,174.08843648098124,176.8092298813496,182.2579998433789,127.4509284557334,2.1706599121596275,8.502336730643426,30.068837343049353,20.536187074359155,47.4281710186612,7.6296438237711275,180.0,54.01637101590364,1020.1586298187242
2026-01-03 06:32:00,CYCLE_VALVULA_OBSTRUIDA,175.06712122249579,177.23544700587732,182.27850802275623,129.14532962148047,3.196032224372274,7.452762479033943,28.343551431981727,20.823340327094886,44.935543468509046,7.628229570655099,180.0,54.91361728037193,1016.8796244494418
2026-01-03 06:33:00,CYCLE_VALVULA_OBSTRUIDA,171.08889370879228,176.3798880243815,180.01355016361646,121.46178466593113,2.952250300962222,7.582385484728815,29.60413434602779,20.65311686681953,45.76283271628734,7.628711333364173,180.0,53.88678669216453,1016.5324534051829
2026-01-03 06:34:00,CYCLE_VALVULA_OBSTRUIDA,168.27834733859163,176.57893365691373,175.7709115664402,121.91732679316063,2.996671637060566,7.933910082732929,29.937620293497165,20.531231603771847,47.05845376560667,7.627855497195566,180.0,54.53718133523038,1009.3132154615364
2026-01-03 06:35:00,CYCLE_VALVULA_OBSTRUIDA,166.1051121777242,171.722293917584,177.73998023530436,121.33656912435173,2.502245299283929,7.652926925839771,27.89094473780533,21.129868106004505,47.704316061075964,7.628417637818537,180.0,54.52589936721813,1015.3947315171064
2026-01-03 06:36:00,CYCLE_VALVULA_OBSTRUIDA,166.21401314002622,170.49952770035142,176.00480463549047,119.61989180022377,3.2204395821579785,8.950063829614209,29.078129892492477,20.781401443284413,48.26360998414086,7.62929929427905,180.0,53.92659222204066,1017.455941517822
2026-01-03 06:37:00,CYCLE_VALVULA_OBSTRUIDA,165.1864757654577,168.77380248361354,176.02836490327115,120.02096510460677,2.6386932603025812,7.987833270821545,29.38338225506075,20.748224408418917,48.331653428415024,7.630318930769719,180.0,54.41084794163512,1006.9446491564178
2026-01-03 06:38:00,CYCLE_VALVULA_OBSTRUIDA,161.5708487464985,169.93668092878718,172.6263579347084,119.87350088714139,3.1096994761030325,8.53388105617377,29.06458164291946,20.93417942410512,46.71385999370525,7.630158014043064,180.0,53.84579100530797,1011.5594271716594
2026-01-03 06:39:00,CYCLE_VALVULA_OBSTRUIDA,162.38350334332696,168.5724540891933,170.72755622837414,118.99050272942671,3.346473894833513,8.346910674812776,29.09946652695035,20.626247401734155,49.417295367403604,7.629744236315045,180.0,54.55416813574019,1006.8071979576133
2026-01-03 06:40:00,CYCLE_VALVULA_OBSTRUIDA,162.74634793570402,165.68376516740815,171.8777187463778,121.2620177269455,2.935182733820241,8.223188650356786,28.913380660697037,20.28511237112326,47.87664274544577,7.629118697954781,180.0,53.615555679199815,1010.793573150146
2026-01-03 06:41:00,CYCLE_VALVULA_OBSTRUIDA,161.04241996189387,164.93739181677986,171.41473380533756,118.57603807064261,3.4417012437389856,8.112423476774339,28.13408066569955,20.226590468675166,44.69588398885374,7.62839614186632,180.0,54.08273260326586,1008.2554728324639
2026-01-03 06:42:00,CYCLE_VALVULA_OBSTRUIDA,162.2854521190467,166.5971250150363,170.5044746278836,115.61285615947804,2.853693150663246,8.71191367084483,30.170352613636165,20.54985726592725,46.90898884390244,7.628378911802109,180.0,54.105408254982706,1012.7665142097098
2026-01-03 06:43:00,CYCLE_VALVULA_OBSTRUIDA,158.85123226573006,165.50432008295377,170.0063792802619,117.10535944991379,3.258824725099647,7.681887275828908,28.406216243288853,19.928530273372928,46.809055069625614,7.628169568739717,180.0,54.76728384228392,1011.3020426728806
2026-01-03 06:44:00,CYCLE_VALVULA_OBSTRUIDA,161.29242765383623,165.70568040096222,168.44946212827304,114.89443060816089,2.688163614597735,8.958686863270644,28.927571730131753,20.276887507456813,47.85308136099046,7.627344264923895,180.0,54.25959461784028,1015.1721424255023
2026-01-03 06:45:00,CYCLE_VALVULA_OBSTRUIDA,161.49918707978236,163.65086386522844,169.47908237247304,115.76262101343823,3.3898430083943962,7.4529930633362405,28.23763405390967,19.83657689681794,46.9132959865553,7.626200480170093,180.0,54.645603033430476,1009.1697565052119
2026-01-03 06:46:00,CYCLE_VALVULA_OBSTRUIDA,161.63700942021165,162.53583143538097,169.30588754391178,118.37058020442143,3.344205530718973,8.488445961945434,27.218814200237226,20.240803446306057,48.5463145618156,7.626091724077834,180.0,54.42372280877214,1010.1189329221618
2026-01-03 06:47:00,CYCLE_VALVULA_OBSTRUIDA,158.86032309690836,163.98150133493627,171.25285948075327,118.4468551703554,3.2228203307892516,7.396193614710268,27.988154565487836,20.35198221691415,47.48312508404218,7.62565752645989,180.0,54.39856907800945,1005.9121044194644
2026-01-03 06:48:00,CYCLE_VALVULA_OBSTRUIDA,161.52770306987694,166.2598893609079,170.8231857282471,119.20222921556842,2.965232250870936,7.942008214112614,27.632768918892133,20.20618115473408,45.21333527244193,7.624516159486609,180.0,53.93625209432914,1003.107735408944
2026-01-03 06:49:00,CYCLE_VALVULA_OBSTRUIDA,160.9149233421853,168.52724840240674,170.5930846581026,117.5676795821594,2.663521842781592,8.147601404802513,29.11468912550616,20.298971557306082,45.37179441546318,7.62534673050003,180.0,54.59023509865796,1010.2352787683324
2026-01-03 06:50:00,CYCLE_VALVULA_OBSTRUIDA,160.7473808516788,166.1881665118464,173.70416389677484,120.97718598428354,2.967834473199135,7.8586842069032095,28.053993043443942,20.46294975097301,45.08261585174252,7.627118823250855,180.0,53.87902432664407,1011.2447280102475
2026-01-03 06:51:00,CYCLE_VALVULA_OBSTRUIDA,162.79775934300693,170.2864201620363,172.16395900775015,118.63324195483072,3.4190232584443554,8.012282542055457,28.06797844976608,20.021666924479575,44.9314644010255,7.628081411464839,180.0,53.16928963862062,1008.4691215960639
2026-01-03 06:52:00,CYCLE_VALVULA_OBSTRUIDA,163.20103224593237,169.53600302159953,174.140094854333,122.07724678082343,3.1258242051455998,7.410717548444442,27.69611294576702,20.557418398557477,43.94427880810253,7.627361223453163,180.0,53.90366869494344,1005.5455830924572
2026-01-03 06:53:00,CYCLE_VALVULA_OBSTRUIDA,166.50664237456286,167.97553748869922,174.37667850513884,121.54665404653991,2.621829102776077,7.611562983593998,28.34937402773959,20.022916998458978,44.95684956411113,7.627310993768573,180.0,54.214429030169576,1000.4979176097169
2026-01-03 06:54:00,CYCLE_VALVULA_OBSTRUIDA,167.2421208251529,171.12094083048095,177.7505674674735,122.68667160686297,2.7512264277587755,8.355506017099652,27.821286968300484,20.131515330745504,43.72190825509373,7.628851422720261,180.0,53.160776774290916,1008.3339438654665
2026-01-03 06:55:00,CYCLE_VALVULA_OBSTRUIDA,166.56481292596783,173.21439180695126,177.21021499780156,122.9180270140415,3.4654946777953883,8.122295021536369,28.804756663719846,19.797448783882814,43.194921561809046,7.6276777230774835,180.0,53.497709140437344,1005.4581946371246
2026-01-03 06:56:00,CYCLE_VALVULA_OBSTRUIDA,168.4821537547392,170.66273721181906,178.64065072715536,123.64894775016002,3.236827621133017,7.763280541682827,28.348726208770294,20.194333658822543,45.75618638016964,7.628460318204168,180.0,53.300910303502334,1010.6120536610698
2026-01-03 06:57:00,CYCLE_VALVULA_OBSTRUIDA,170.36469984088376,175.80919647345326,179.79492398667026,126.98864135863141,2.7211582972276194,8.771768881704354,27.782547564877845,20.0501892549025,42.0473397448335,7.627012234996024,180.0,54.285282448645525,997.2669497437281
2026-01-03 06:58:00,CYCLE_VALVULA_OBSTRUIDA,172.25575281797492,177.95644371646506,181.71118231475515,126.30174862492535,2.562513422552166,7.500749995690345,28.59390951063564,20.100341993796295,39.83040574074693,7.628696272623456,180.0,54.70385142153582,1004.706811197991
2026-01-03 06:59:00,CYCLE_VALVULA_OBSTRUIDA,175.10556402754716,178.57531212624835,184.4615818561809,127.87287519007018,2.9056547689794705,7.931005658299357,28.046651450278926,19.795188470415326,42.458600778370965,7.628265958098705,180.0,53.737845245597896,1002.824733066474
2026-01-03 07:00:00,CYCLE_VALVULA_OBSTRUIDA,176.2992985283489,179.58727553685029,185.60109604543808,128.32486147068218,2.5386643349174616,7.8600581976880886,28.01289814341397,19.511073534577655,42.04816743933747,7.6304950018232285,180.0,54.08351492941018,998.6318911990078
2026-01-03 07:01:00,CYCLE_VALVULA_OBSTRUIDA,177.1044797381315,181.0184997024433,186.1837218311689,130.39010602713003,3.0482261382672835,8.421490596203782,27.08053192129586,19.809389417187646,38.57536364529257,7.63222306562187,180.0,54.045346267612295,1004.8270324738377
2026-01-03 07:02:00,CYCLE_VALVULA_OBSTRUIDA,178.28530185851412,182.49591688542858,189.7383889878273,132.32090053944702,3.8313686347752216,8.139139073437793,27.873578640795383,19.36296962906303,39.36148147996916,7.632116635112289,180.0,54.54410552585454,1000.3528354006968
2026-01-03 07:03:00,CYCLE_VALVULA_OBSTRUIDA,177.9911578799915,182.8756511308582,190.25698121604637,131.0908827925247,2.6176987384695254,8.062060050147833,28.06728374727829,19.593333321716486,40.22622733267166,7.631397229739179,180.0,53.41533643273371,994.3677823414657
2026-01-03 07:04:00,CYCLE_VALVULA_OBSTRUIDA,183.13989729315938,184.92433669096783,190.1453958669096,130.48063251439416,3.0418824001723586,7.195119767027448,28.632637478402213,19.66359721081214,39.71549435339943,7.631592005211069,180.0,53.60586634466696,997.0141047111505
2026-01-03 07:05:00,CYCLE_VALVULA_OBSTRUIDA,182.456457268007,186.64514645169632,190.40976557232685,130.90554049135218,3.492172609688545,8.55083080482305,27.33951999708623,20.052640453827234,38.6569876378421,7.631411846244423,180.0,53.519403314220185,993.0644073970109
2026-01-03 07:06:00,CYCLE_VALVULA_OBSTRUIDA,186.1800829481192,188.5947749696992,192.8809658520371,133.90146347384868,3.324225532534145,8.01048610263707,29.115703095914053,19.626683151926425,38.11138251084799,7.631010279280837,180.0,53.70124371270135,994.3585059666992
2026-01-03 07:07:00,CYCLE_VALVULA_OBSTRUIDA,185.77430881093645,189.0073280193978,195.09120129244735,137.35737249237357,3.0557814985593215,8.178314964404086,28.041168201586867,19.562018762520665,36.88052325633247,7.629352166026259,180.0,54.88928337457859,998.421012786501
2026-01-03 07:08:00,CYCLE_VALVULA_OBSTRUIDA,189.08405468727665,189.73950758772892,196.41805652272095,136.18645912581084,3.05740364990355,7.747288291097872,26.753641501050453,19.493126958351148,35.08482740621037,7.628837612442604,180.0,53.62588963707894,998.9364255809979
2026-01-03 07:09:00,CYCLE_VALVULA_OBSTRUIDA,188.3739047002086,192.679013906503,198.31648386438727,136.6096617729739,2.755439854181582,7.669740965282211,27.11644787827461,19.21809971024081,38.79527749542436,7.627727133320848,180.0,53.15628389498231,995.2383505360466
2026-01-03 07:10:00,CYCLE_VALVULA_OBSTRUIDA,186.787544133621,193.06389544639393,196.2232096484226,133.47202389266533,3.0228205958622363,8.873384671474527,28.434485645459475,19.462440764143835,35.51046086353311,7.628278781027274,180.0,52.97934360879607,990.7279926975826
2026-01-03 07:11:00,CYCLE_VALVULA_OBSTRUIDA,188.48599261241978,192.68162770714366,197.7184992586999,139.46210215179883,3.177054079090888,7.2382069486514125,28.28618888380597,19.436499648885167,36.52684362550071,7.629269852343871,180.0,54.15566742178197,994.6302046520095
2026-01-03 07:12:00,CYCLE_VALVULA_OBSTRUIDA,189.5875178054899,194.49564686022674,197.3910003683732,138.0319471850332,3.4364604657560225,7.598812169437168,27.509523154679083,19.202326023936028,35.668027276927724,7.630010536347794,180.0,53.072271905075795,995.3736045379724
2026-01-03 07:13:00,CYCLE_VALVULA_OBSTRUIDA,189.1528292501208,193.74743315196048,197.5999988179053,138.42367636339182,2.919778253674315,8.86724320520903,27.54708833209749,19.13198633825771,36.65798520074935,7.630352911437422,180.0,53.80605027903266,983.9686186729829
2026-01-03 07:14:00,CYCLE_VALVULA_OBSTRUIDA,189.99903284332404,194.60925874264856,198.69480982917185,139.40278065983895,3.0497849402646495,8.448455764919753,26.716901721514773,19.238687207394733,35.52332756184424,7.629500004370281,180.0,53.106574053100275,991.700933386379
2026-01-03 07:15:00,CYCLE_VALVULA_OBSTRUIDA,188.89787309289466,195.78254880576836,199.96631861994283,138.24881968955083,2.82287597241163,7.966436754095152,28.16712778398028,19.31521489408925,35.15667698532955,7.629705405142883,180.0,52.785043428173495,989.8531729039888
2026-01-03 07:16:00,CYCLE_VALVULA_OBSTRUIDA,190.467416740811,193.8025787221877,200.36590571218073,139.07951600961363,3.176142108455733,8.753551622656623,26.74026476107091,19.18750273539133,32.511963836785405,7.630498170286527,180.0,53.692768732196534,993.8087202186721
2026-01-03 07:17:00,CYCLE_VALVULA_OBSTRUIDA,190.50435381256284,192.87130334843187,198.05261307584752,139.9202731610846,3.344582927641217,8.354768969256238,27.79850570539572,19.046618297934717,34.27116793424411,7.629911934712128,180.0,53.046386599273816,990.917672240271
2026-01-03 07:18:00,CYCLE_VALVULA_OBSTRUIDA,188.61268460829734,193.6944131749892,197.80916066694732,137.54060295498516,3.2992480345324426,8.248754402591379,28.061700162856184,19.275623336909444,35.50133424597989,7.630030921133523,180.0,53.54587483775929,990.6945279307477
2026-01-03 07:19:00,CYCLE_VALVULA_OBSTRUIDA,191.58777785910945,191.66649443876616,196.0778581130339,137.64807771745663,2.7602020458257144,8.246290810701314,27.2382639710152,19.29639591809189,35.55513834290926,7.629885459544253,180.0,53.55402129030848,986.2129157117287
2026-01-03 07:20:00,CYCLE_VALVULA_OBSTRUIDA,188.62741050236994,192.25365710245725,197.75408779848013,138.55199766003068,3.156221669250292,8.367214356303288,27.748920056402284,19.19002966940258,33.63927872535483,7.631547826213863,180.0,53.5485470032087,987.5319054194642
2026-01-03 07:21:00,CYCLE_VALVULA_OBSTRUIDA,186.72050209811832,191.39144786072217,195.75919235803877,136.8288504083681,2.909873485893258,8.388526943890703,28.236010859229246,19.033116268040384,32.951424085087815,7.632399374349128,180.0,53.11219331273251,990.686145395423
2026-01-03 07:22:00,CYCLE_VALVULA_OBSTRUIDA,184.76158413381899,187.78045301711052,197.6413341937928,136.41505054773899,3.4172867870191106,9.234752665235892,27.24737779908382,19.228118872740183,35.065742958892855,7.633008533960876,180.0,53.56003338543853,986.0394288614796
2026-01-03 07:23:00,CYCLE_VALVULA_OBSTRUIDA,185.68327216405055,190.26016653887478,195.02327384573832,135.25630913040737,3.0664825034461454,8.040405178497512,26.94068507982651,19.052604645640226,31.39271308580106,7.63129184022691,180.0,52.7261650502819,986.3866707682115
2026-01-03 07:24:00,CYCLE_VALVULA_OBSTRUIDA,184.08309683617685,188.1807399747302,193.1016081160131,135.17816367944704,2.659926856760828,8.056913435805681,26.965128736809675,18.836872260501927,33.29091564040997,7.631464677553678,180.0,51.93071433842805,978.9347775763405
2026-01-03 07:25:00,CYCLE_VALVULA_OBSTRUIDA,184.02307606968424,188.49820831704918,191.21724934371903,134.13181745103435,3.05074458450578,7.521575881640363,26.518931077986664,19.23607275964923,35.92974357256049,7.631309664124753,180.0,53.48135344022237,984.1966971485399
2026-01-03 07:26:00,CYCLE_VALVULA_OBSTRUIDA,181.51695499888586,185.93636425897492,188.79004967167452,133.01079465780194,3.255131704902711,8.115159227561147,26.464970441896813,19.081200240752622,35.83226582817195,7.631146007014184,180.0,53.18067914483853,975.8168108906597
2026-01-03 07:27:00,CYCLE_VALVULA_OBSTRUIDA,178.79526473739182,185.09140510045017,187.47243310605862,130.9536591623094,3.1916962910408326,9.073636816290001,27.149479634138505,18.966731137140073,34.79802962499017,7.629582593541442,180.0,52.76265197760259,981.1959541602133
2026-01-03 07:28:00,CYCLE_VALVULA_OBSTRUIDA,180.72053236794417,184.11688542992425,186.84675057254685,130.9680974372689,2.965860205957345,8.635521313280856,26.745502918932544,18.66627659251896,34.561864963354786,7.628494824919144,180.0,52.301754624066284,982.9121544142394
2026-01-03 07:29:00,CYCLE_VALVULA_OBSTRUIDA,177.69219454446284,180.97677367686148,185.19990787935092,128.04533539030894,2.944721531046542,7.872530385671799,27.000378337086413,18.79987363623005,32.615358492198574,7.6284268074312385,180.0,51.988516499476944,985.1256756425731
2026-01-03 07:30:00,CYCLE_VALVULA_OBSTRUIDA,175.30110997589622,179.56266306389722,183.26767821034844,126.42308274902615,2.824956766497938,8.160470385416042,25.86997033258867,19.30220935191901,33.83945683087967,7.62954116320943,180.0,53.00198875557273,977.4623405636952
2026-01-03 07:31:00,CYCLE_VALVULA_OBSTRUIDA,174.24020240831376,176.1042157368129,183.34729117867775,128.35191460298978,3.003687737817187,7.498315960908838,26.66859146769544,18.608281145165165,34.64997018846444,7.62895063863959,180.0,53.76966034604355,982.3571780159963
2026-01-03 07:32:00,CYCLE_VALVULA_OBSTRUIDA,173.0652607949713,177.92590814927297,181.95716783639153,125.38039248756394,2.8663134719149848,7.663060922098118,27.302604123099947,18.82457202778149,33.68020318694876,7.628550699912486,180.0,52.844979856154545,986.1419748131335
2026-01-03 07:33:00,CYCLE_VALVULA_OBSTRUIDA,169.26972564684198,174.74379008533023,179.26913072837192,124.16437848166778,3.4149474956808663,8.223426616100065,25.973693752833228,18.84681926450363,34.36092151046107,7.630331791907772,180.0,52.7024250718541,977.1127493224201
2026-01-03 07:34:00,CYCLE_VALVULA_OBSTRUIDA,169.7123146067315,172.242699237428,180.67189762953788,127.10338556580949,2.854485020563134,7.9025641839289165,26.61562765919347,18.8887040029673,36.204753501844955,7.630034969518604,180.0,52.839588134261966,972.8974654738005
2026-01-03 07:35:00,CYCLE_VALVULA_OBSTRUIDA,167.58850571073518,172.9350361911297,174.85070934693545,123.34699183142415,3.1624161144462257,7.628577036195869,25.453762615279754,18.521805889202916,34.00600744589763,7.629906179994751,180.0,53.90990109065186,979.6572828555104
2026-01-03 07:36:00,CYCLE_VALVULA_OBSTRUIDA,167.42515776683118,168.11159665596276,175.6958225141326,122.41064026785988,3.1429264846904115,8.39688275879996,25.744224575897384,18.817719726575323,34.79867269424717,7.629790935212698,180.0,53.164626424912676,973.1445388127742
2026-01-03 07:37:00,CYCLE_VALVULA_OBSTRUIDA,164.7125218533269,168.98876837123848,174.1395693124628,120.25242358235428,3.4112400860129313,8.111922778650287,26.97323338533296,18.443689150947066,35.48344190719912,7.628445430066294,180.0,52.290113878445155,974.0535584969979
2026-01-03 07:38:00,CYCLE_VALVULA_OBSTRUIDA,163.7694073397347,169.4804010647247,172.62683124522786,119.53960205095629,3.455254876289916,7.370358081677366,26.264367078203815,18.761334276326785,32.99713437303202,7.629017228189709,180.0,52.73903419206113,980.4424125796837
2026-01-03 07:39:00,CYCLE_VALVULA_OBSTRUIDA,165.5069350404394,166.87382272281025,171.45841438790777,120.64567109001939,3.3381399105417495,7.1176452299849275,27.504652156784005,18.598788862548464,33.77782823290234,7.628364352071125,180.0,52.85913711092684,983.6787236634199
2026-01-03 07:40:00,CYCLE_VALVULA_OBSTRUIDA,164.13798077985348,165.67920012625086,171.42815183548447,119.06895499773078,3.2361319684993366,7.87129840932763,26.632519293951386,18.538342660487444,33.83833899426029,7.6283342814540855,180.0,52.132543461945204,971.5930409500861
2026-01-03 07:41:00,CYCLE_VALVULA_OBSTRUIDA,157.99793473673648,165.32526356634344,170.4490895273191,116.82829972681088,2.816564159639027,7.363257032439929,26.653234229891993,18.840883566099098,34.44443922753438,7.628778654418503,180.0,53.007935424928625,972.0734735043143
2026-01-03 07:42:00,CYCLE_VALVULA_OBSTRUIDA,162.78257934164083,162.8468119890905,169.68282524077998,119.78714736246215,2.8114015151007132,7.2240193464713025,25.650993603802767,18.61878415552359,34.217842133171054,7.630721212007538,180.0,52.186979074973976,972.6937666564604
2026-01-03 07:43:00,CYCLE_VALVULA_OBSTRUIDA,160.9042389543693,165.70767862137487,168.18426727774627,117.13143807716959,2.8792598334476525,8.724045095953608,26.028012376404018,18.734077187207582,33.515901346808654,7.629403441962992,180.0,51.80779126206344,971.6949018235587
2026-01-03 07:44:00,CYCLE_VALVULA_OBSTRUIDA,159.9017111806575,164.4527704967081,167.55140227184214,115.49620979606875,3.3594479172204585,8.111790495865854,25.781877574031725,18.72167157396487,33.126751492966385,7.630268424148058,180.0,52.5685780867415,981.0550593041526
2026-01-03 07:45:00,CYCLE_VALVULA_OBSTRUIDA,159.46527109358595,164.18801630897298,169.06076514650238,117.84669795734251,3.156775133762221,8.029008197231684,25.544772957311462,18.84769183958168,32.51646666373597,7.631137147404233,180.0,52.45654922380305,970.6382986968761
2026-01-03 07:46:00,CYCLE_VALVULA_OBSTRUIDA,159.6216338817498,164.27131873411392,169.00266119381536,118.5781231163638,3.396277865462645,8.068613923814999,26.545151735178237,18.361115690604578,33.93434223369023,7.630498932631453,180.0,52.46410292165013,970.6512302347038
2026-01-03 07:47:00,CYCLE_VALVULA_OBSTRUIDA,160.1947890112674,164.85297491484147,169.49036673939426,115.96550779727417,3.437426051492948,7.594986202039823,26.628506459984994,18.745682400421643,32.64438689783823,7.631098436479505,180.0,52.0491513624031,978.1116640005561
2026-01-03 07:48:00,CYCLE_VALVULA_OBSTRUIDA,160.06904200091384,166.02331393143245,169.99885111383705,117.4386514572017,2.9197041990620956,8.370475805489328,26.312347620093608,18.557888301767854,33.16535271268983,7.632741872630797,180.0,52.085652451693996,973.4014848000543
2026-01-03 07:49:00,CYCLE_VALVULA_OBSTRUIDA,160.36327007760784,165.7361223803373,170.06088037383157,117.4490681587343,3.1480166053739724,8.100723005161909,25.539544669603846,18.466515608118513,31.235751329454594,7.631976901421584,180.0,52.92904469044595,974.4893717148885
2026-01-03 07:50:00,CYCLE_VALVULA_OBSTRUIDA,161.45765698752953,164.8741792431953,171.1418151163798,119.2577066820667,3.135400741456686,7.78845428608441,26.19843802105848,18.304478075726344,31.574580280646195,7.63221837121872,180.0,52.55185650451111,966.3755485079105
2026-01-03 07:51:00,CYCLE_VALVULA_OBSTRUIDA,163.95383462553818,168.0506322513685,171.22361622937805,119.94821625391636,3.0418670761294444,7.864429717357551,24.816227296119123,18.619768260928613,31.274514752618625,7.632623172582659,180.0,51.8193149668879,967.3367963222748
2026-01-03 07:52:00,CYCLE_VALVULA_OBSTRUIDA,164.61847540098233,168.9431227315462,175.06068773655977,120.38458892635867,2.9806550646142425,7.555600148559839,26.721697523732306,18.31556996143409,30.989353907875007,7.633157351437613,180.0,51.288598079128306,964.7595060068963
2026-01-03 07:53:00,CYCLE_VALVULA_OBSTRUIDA,166.3401309411124,169.6984284503411,173.37849790756013,118.30722753287334,3.4974391099499194,7.967293514261005,25.113286712630828,18.571764354053375,31.517359469317263,7.633926643198329,180.0,51.772883308161916,971.5876984543427
2026-01-03 07:54:00,CYCLE_VALVULA_OBSTRUIDA,166.8181623929685,171.95900959519284,175.1092095779756,123.11915914352315,3.1585085148961993,8.051686455866601,25.184417430620936,18.8224572783688,29.755700272684606,7.634092948026582,180.0,52.27477474562102,972.751365132394
2026-01-03 07:55:00,CYCLE_VALVULA_OBSTRUIDA,166.65109247740875,172.0186968862842,175.9986386997828,120.35717921380298,3.147764971404426,7.956444177238812,25.89061922168201,18.629051395824746,30.689956933098042,7.634606384212929,180.0,51.84608403071974,964.9225604223724
2026-01-03 07:56:00,CYCLE_VALVULA_OBSTRUIDA,170.21590982601248,174.71158779860087,177.3734577853347,123.73625710496349,2.903892770330863,8.201248566020524,25.90892953917185,18.692164469035728,29.692110232354793,7.633694910562806,180.0,51.77304271701238,965.3395417537823
2026-01-03 07:57:00,CYCLE_VALVULA_OBSTRUIDA,169.88727100345778,176.52912811146282,179.75354027705717,124.39276957475056,3.3481943398704397,8.135500880514789,25.70801732952041,18.28078979468719,28.720909975631535,7.633858914056445,180.0,51.79900105508669,964.9930370687175
2026-01-03 07:58:00,CYCLE_VALVULA_OBSTRUIDA,173.38993754362696,177.05257356503816,181.1138889315881,126.10950910005484,2.8450028984499305,8.291226447773905,25.051068964672897,18.546123079016663,27.57610900397624,7.633382572790764,180.0,52.02283875572661,959.5682899658214
2026-01-03 07:59:00,CYCLE_VALVULA_OBSTRUIDA,172.77016748071821,177.00376983276905,182.23198596124726,128.86619263507,3.283911345309686,8.648476142448335,26.36288410679126,18.174118316729686,29.066036908668032,7.6321527438856105,180.0,52.41701785235595,962.5478413484007
2026-01-03 08:00:00,CYCLE_VALVULA_OBSTRUIDA,174.91674917137192,179.30901792919664,184.00711422184543,132.24658247325428,3.2930130326277762,8.474524808140014,26.98843047935845,20.6416167770732,28.16378671383647,7.631643599336173,180.0,50.44482307186084,1003.0930648590544
2026-01-03 08:01:00,CYCLE_VALVULA_OBSTRUIDA,171.86181618810699,177.3954849462456,179.82259334078694,122.48078808203645,3.004485844407759,8.715216964746343,26.9251646561511,20.862660144650462,29.162540990406566,7.631913055728371,178.8235294117647,50.142580344675835,1001.5403427889423
2026-01-03 08:02:00,CYCLE_VALVULA_OBSTRUIDA,169.7296840474113,170.62787374792356,177.5829225976072,124.85667528066533,3.203432118153386,7.87396390453576,27.56606243766765,20.271051539472072,29.932438796989906,7.632348853004742,177.64705882352942,49.66576081205893,1010.4559610622654
2026-01-03 08:03:00,CYCLE_VALVULA_OBSTRUIDA,165.82618731575607,168.54261411456204,176.0554088507718,121.72229789652646,3.14373349610538,8.103432547362246,26.68683776215387,20.44405323217724,29.897588682736693,7.631080393883819,176.47058823529412,49.1950917380063,1009.8939745223115
2026-01-03 08:04:00,CYCLE_VALVULA_OBSTRUIDA,162.40182807086921,165.25961431639192,169.10001475944995,119.19084126753648,3.056120575542591,8.744447311337257,27.994079367446226,20.27614976892483,30.01151489631008,7.630142717167094,175.2941176470588,49.55846974982695,1019.5920635823753
2026-01-03 08:05:00,CYCLE_VALVULA_OBSTRUIDA,161.47030140844805,161.35996621084442,167.2540567968481,117.90145881082697,3.0517080916228077,8.81329678003802,26.36870147085309,20.137424989042426,29.969455156242972,7.630867373446788,174.11764705882354,49.149129508172415,1022.9567994152693
2026-01-03 08:06:00,CYCLE_VALVULA_OBSTRUIDA,153.89824994294932,160.24013449911322,163.5360858586858,115.40100024992614,3.046255579130896,8.198156610511235,27.824972593847196,19.5483733827089,29.1428687625179,7.631375521539403,172.94117647058823,49.46714759316667,1025.365414905201
2026-01-03 08:07:00,CYCLE_VALVULA_OBSTRUIDA,151.81581631192603,156.50534275922814,161.05328829885843,112.03743728769918,3.046590668568056,8.903167857128247,27.32695565240412,19.735054176724493,32.52930098207903,7.6322626242014495,171.76470588235293,48.4163689436116,1038.4556620316791
2026-01-03 08:08:00,CYCLE_VALVULA_OBSTRUIDA,148.7864701477816,152.125042375004,157.9224081573723,108.10074976346831,3.005585910763156,8.185518810872107,27.262041844665895,19.45778945776736,31.102208147560727,7.633630454628626,170.58823529411765,47.52845879359657,1043.7226438985856
2026-01-03 08:09:00,CYCLE_VALVULA_OBSTRUIDA,145.04263294643013,150.69340524415244,154.23324251446925,108.23748261855064,2.6362501788900032,8.957721706223674,27.46839804355346,19.541823695208794,31.4752177202867,7.634168341738216,169.41176470588235,46.99191946002853,1041.4999964115602
2026-01-03 08:10:00,CYCLE_VALVULA_OBSTRUIDA,143.44773641600528,146.82719148483787,150.90327632252627,104.9537994429547,2.9016422852455657,8.763954718677658,26.19999725865914,18.878637273941504,31.85870884108341,7.633753534111046,168.23529411764707,47.58729690502276,1049.5554342104522
2026-01-03 08:11:00,CYCLE_VALVULA_OBSTRUIDA,142.33920995510096,143.06030379745917,147.45654168103098,102.36556581246411,3.006686285499911,8.14479399211501,25.358601797129875,19.10844165492434,33.464647803932266,7.633868383569128,167.05882352941177,46.36990999259522,1055.6394596062394
2026-01-03 08:12:00,CYCLE_VALVULA_OBSTRUIDA,138.064404120261,140.44377417293845,144.1479688128001,99.54256943973962,2.936284458296239,8.679883858146175,25.71970787958083,18.93297534323863,34.49465190725032,7.635528280670055,165.88235294117646,46.84885093809464,1053.2451545321608
2026-01-03 08:13:00,CYCLE_VALVULA_OBSTRUIDA,135.6918473571556,139.05154258698548,142.09770197842653,100.28438891946827,3.1731190521465953,10.047963648831328,25.256639292216807,18.36938635848957,32.714768417623596,7.638292729667841,164.7058823529412,45.73060475797063,1059.957847581819
2026-01-03 08:14:00,CYCLE_VALVULA_OBSTRUIDA,131.39686446892586,136.94116291672847,137.87912576156882,98.2169860297002,3.0529160857714923,9.118128900343779,24.98624994237412,18.427392806271214,32.50448523107245,7.638755826033583,163.52941176470588,45.9517201068939,1075.7333730395846
2026-01-03 08:15:00,CYCLE_VALVULA_OBSTRUIDA,129.93484590357065,132.5721871311059,135.9722301320955,92.75231815101084,2.5856633829993165,10.226872682258112,25.31740281838662,18.10219302926956,32.009989166765855,7.639291380172394,162.35294117647058,44.9138444676504,1071.36974451483
2026-01-03 08:16:00,CYCLE_VALVULA_OBSTRUIDA,127.81653259196484,131.2063324496845,135.3336302860054,94.81080901907302,2.776694245692541,8.414593403919165,24.854994278198042,18.16007916859396,31.670801035097508,7.640017088539391,161.1764705882353,45.50024191233295,1085.7050013405697
2026-01-03 08:17:00,CYCLE_VALVULA_OBSTRUIDA,126.67339834174462,129.9014090328208,131.4993316028566,91.04047604234054,2.713177516668305,9.571836540146304,24.40581704655266,18.25000430451271,31.308616622140285,7.640040881385211,160.0,44.160042567495616,1080.3326310167524
2026-01-03 08:18:00,CYCLE_VALVULA_OBSTRUIDA,121.47554406287401,123.99546265960414,129.88205029768574,87.73047594189653,2.785170101307908,7.989206522868525,24.52502747201067,18.03557734985749,33.012025207182674,7.641204735287554,158.8235294117647,44.579936220086914,1093.39161362957
2026-01-03 08:19:00,CYCLE_VALVULA_OBSTRUIDA,120.57228719458142,123.48713406869771,128.05707289401667,89.0152277464521,2.7654763619380556,9.316165851272391,24.816782036505415,17.88251727716505,31.54596049685005,7.642212780580286,157.64705882352942,44.011116748303394,1094.5531068976898
2026-01-03 08:20:00,CYCLE_VALVULA_OBSTRUIDA,120.1042319106386,121.66169939520528,123.61553238258709,85.03241734953032,2.9297234172552216,9.691801257513143,24.87637133235898,17.50879768933492,34.760944306475466,7.642567157027435,156.47058823529412,43.82751909411335,1100.1572710578364
2026-01-03 08:21:00,CYCLE_VALVULA_OBSTRUIDA,115.99559336974436,118.20463627839324,121.66197807415159,82.22625410572545,2.779361560019212,9.85504659114332,23.155892710908937,17.763815276442646,34.42043353989475,7.642249137121429,155.2941176470588,43.24529311850272,1113.3060965953125
2026-01-03 08:22:00,CYCLE_VALVULA_OBSTRUIDA,111.76756570964106,117.50696365780907,118.68589679503418,81.15073496494364,3.0752226872330364,9.096375656312679,23.750852457446573,17.403451589957555,33.59602563288851,7.640728440734052,154.11764705882354,42.90014422198138,1105.9076232106245
2026-01-03 08:23:00,CYCLE_VALVULA_OBSTRUIDA,113.66373245094054,116.40914432262971,115.75659038382386,79.45650185982367,2.7582562615627815,10.075464704548953,23.663093236379044,17.26548388472051,34.871509549600084,7.641460854281667,152.94117647058823,42.853743957755086,1118.345579339666
2026-01-03 08:24:00,CYCLE_VALVULA_OBSTRUIDA,110.8780688776779,111.9784152977011,113.31943775857786,78.27135955560944,2.416674298756492,9.348971088495938,22.853513196747457,17.286752282713497,33.16136407110485,7.6416737125968925,151.76470588235293,41.94186332678861,1123.2223620155758
2026-01-03 08:25:00,CYCLE_VALVULA_OBSTRUIDA,108.95100152887336,109.12730785084334,113.25275644067298,76.9283394709904,2.5055634034008114,9.593688817919787,23.30632782067978,16.7793998635109,33.616234383509145,7.640935944866238,150.58823529411765,41.60550064508352,1139.4687137247327
2026-01-03 08:26:00,CYCLE_VALVULA_OBSTRUIDA,103.7698698096756,108.46566360763086,110.31503627691646,75.93305015392059,2.806780445264407,9.51898530875537,23.282074676648385,16.859134808690957,32.33115355647036,7.639806024601244,149.41176470588235,41.59681608618098,1126.7839136938624
2026-01-03 08:27:00,CYCLE_VALVULA_OBSTRUIDA,105.67430550006138,106.23296134035768,110.14910311854024,75.65179931956968,2.1212893792867753,9.22736071802522,23.31970408851313,16.74807120068267,35.130941804331115,7.640467457450628,148.23529411764707,41.24393492622401,1133.6305146074988
2026-01-03 08:28:00,CYCLE_VALVULA_OBSTRUIDA,100.96976757196434,100.17170438583851,107.01200264621946,74.85551845680789,2.1816718688040697,10.640324162059517,22.86982422714371,16.420583921560365,34.29212039830045,7.63886622112901,147.05882352941177,40.606550924264646,1144.4401597315655
2026-01-03 08:29:00,CYCLE_VALVULA_OBSTRUIDA,99.36525077920152,101.20459113895505,102.92340595019584,72.69451099734422,2.568541289963254,9.939382251885826,22.110085816186338,16.496268680667118,34.64131172009251,7.639165862316454,145.88235294117646,41.23793566270749,1145.4174319581505
2026-01-03 08:30:00,CYCLE_VALVULA_OBSTRUIDA,97.25182613112,98.78881538878565,102.80666821713197,71.81471651090182,2.830504897975637,10.518941507593805,23.66099952914815,16.316661792958726,35.74083204055644,7.6400094127256235,144.70588235294116,40.27517076711769,1149.4083003747537
2026-01-03 08:31:00,CYCLE_VALVULA_OBSTRUIDA,97.38894856598529,97.83288815423747,99.47077028375342,69.25866203918024,2.9172350265993523,10.55754691410449,22.766383625998166,16.062307492511067,35.96778658981307,7.640559305612039,143.52941176470588,39.99565553491877,1160.132566961696
2026-01-03 08:32:00,CYCLE_VALVULA_OBSTRUIDA,94.23241343799901,95.25817794295794,99.37605357409264,68.69412345132542,2.4398888074999596,9.6111301610434,22.4156654602353,15.909796216461562,34.699593122649674,7.640168565837682,142.35294117647058,39.11180163351536,1160.278264069911
2026-01-03 08:33:00,CYCLE_VALVULA_OBSTRUIDA,93.2591053356403,93.56049447239427,95.45070783858297,65.52872657224748,2.803165272295858,10.763072866973392,22.502058418072107,15.884877495456614,35.090484502658725,7.638919191353207,141.1764705882353,40.47796288388953,1162.819118340323
2026-01-03 08:34:00,CYCLE_VALVULA_OBSTRUIDA,91.04147009638804,90.83660776626762,92.92859455164324,63.84655004892971,2.486493173724364,10.466625339869953,21.861051217372,15.787456187210621,33.95189679287377,7.639506210593002,140.0,40.32225781444426,1174.3334120476193
2026-01-03 08:35:00,CYCLE_VALVULA_OBSTRUIDA,89.14148624324663,91.00049919514846,91.43170933959428,65.01467397394933,1.9852844407143277,9.754376260816546,22.301192296019057,15.506369804135332,36.189345549659734,7.640706733684955,138.8235294117647,38.38510398754795,1177.9717402674055
2026-01-03 08:36:00,CYCLE_VALVULA_OBSTRUIDA,86.45958095369978,90.38779997715478,89.72525811940804,59.98039088770583,2.4221821090373883,10.559161583681444,21.378660985297508,15.556090033730307,34.12049855787844,7.640134000330212,137.64705882352942,39.054925627418,1180.2612186595927
2026-01-03 08:37:00,CYCLE_VALVULA_OBSTRUIDA,88.14479072640987,85.70256829771904,87.87915974013634,61.73779531390396,2.218828767188036,9.883161200534358,21.160712341710727,15.324222040265408,34.83639883757506,7.6406409085305045,136.47058823529412,38.06255490504799,1185.1134157736994
2026-01-03 08:38:00,CYCLE_VALVULA_OBSTRUIDA,82.62225736717616,83.39594544467383,86.50455329460556,59.79068615848934,2.6598666033114258,11.257783301915412,21.35592700324111,14.7246875652235,34.409195921006884,7.642222423649237,135.2941176470588,38.57692555340667,1187.9370122357
2026-01-03 08:39:00,CYCLE_VALVULA_OBSTRUIDA,83.31405678475053,83.48295006836165,86.55881603548106,61.30980290139591,2.3565908956553585,10.921356465344841,21.73573049416111,14.649863132048615,35.660969736989784,7.642561270745678,134.11764705882354,37.60973646028362,1199.5390428826463
2026-01-03 08:40:00,CYCLE_VALVULA_OBSTRUIDA,81.74459818860188,81.84429313920806,86.05930343065793,57.7649466305098,1.9608156763883655,10.538797786745977,21.512271185980303,14.983051347837701,34.59764923677146,7.642164390600801,132.94117647058823,37.15808016155046,1200.24024099989
2026-01-03 08:41:00,CYCLE_VALVULA_OBSTRUIDA,81.18266741592268,81.73604750856506,80.71454522919676,56.89878961555147,1.874171299676341,11.266682851907786,20.775876626182885,14.57273473754707,34.832260003776945,7.643205244140864,131.76470588235293,35.5251434674408,1203.6433054613356
2026-01-03 08:42:00,CYCLE_VALVULA_OBSTRUIDA,79.99889790615939,77.33998658185932,82.26647841953069,58.072053475965156,2.2976878903181754,9.903196195405126,20.545261232793138,14.503110108611429,34.818349510145865,7.642467683166705,130.58823529411765,36.00205441062007,1206.6224852135856
2026-01-03 08:43:00,CYCLE_VALVULA_OBSTRUIDA,76.73435643185996,76.68475424446981,78.6486006807247,52.222476736887046,1.5578127706982008,10.379428342654576,20.468045614725117,14.537859664025609,33.998799398792,7.641169491151652,129.41176470588235,36.11819689220421,1218.3753401207111
2026-01-03 08:44:00,CYCLE_VALVULA_OBSTRUIDA,76.13138732410091,73.2988810477869,78.14231712837095,53.10069086395678,2.108324559781344,10.687798106802111,20.456918766489355,14.180556777457209,35.360872367357906,7.641981812342799,128.23529411764707,35.87384884385205,1219.8144075801463
2026-01-03 08:45:00,CYCLE_VALVULA_OBSTRUIDA,76.23750104331258,76.10184456738689,74.27367835456167,52.4641743637016,2.312979379046169,11.991759283342756,20.459911432555508,14.043294468511721,33.94313399080133,7.641575650079315,127.05882352941177,34.833678020614705,1218.8400550465647
2026-01-03 08:46:00,CYCLE_VALVULA_OBSTRUIDA,72.69462704583336,73.35755503787625,75.45143899265258,53.490927325085124,1.9064614647003113,10.398584467150997,19.353847868925424,13.730732393248212,32.7276258717561,7.641259129065311,125.88235294117646,34.74328827332858,1227.1196979506676
2026-01-03 08:47:00,CYCLE_VALVULA_OBSTRUIDA,70.17416717439968,71.13451321692001,71.00969177298774,50.17393655715676,2.5016586975821196,10.140081921675062,20.101761143650332,13.814382838962423,32.69813393118832,7.640632188429761,124.70588235294117,35.05097670637546,1236.0404021733304
2026-01-03 08:48:00,CYCLE_VALVULA_OBSTRUIDA,69.70086094506594,68.76574051239456,72.41517594217446,51.44439990694981,2.5406606500293307,10.331451110253964,19.33184748861085,13.709312086419834,33.85343501255418,7.640159371034207,123.52941176470588,33.7492269929667,1241.1946560630204
2026-01-03 08:49:00,CYCLE_VALVULA_OBSTRUIDA,67.3317073736197,67.56525152408035,70.99786963061237,47.851278829872804,1.858244533872139,11.5666607770636,19.331735444088206,13.349569603078885,34.42980884052557,7.641562404461733,122.35294117647058,34.17427637977847,1246.0846545279292
2026-01-03 08:50:00,CYCLE_VALVULA_OBSTRUIDA,68.10469619058092,68.2552550521476,69.5968174429599,46.43409227196184,2.0537377020323806,10.876365682149071,19.585472113928798,13.141367681965228,34.665364781210116,7.643224903227517,121.17647058823529,34.39296744374456,1250.5698158898642
2026-01-03 08:51:00,CYCLE_VALVULA_OBSTRUIDA,67.72273082477896,65.17193640447812,67.19132751307352,47.56517281726602,2.4214550342813697,11.153827460191893,19.019665921482975,13.650837500992106,31.364597076439996,7.645019881863662,120.0,33.63330465263927,1251.2394422519114
2026-01-03 08:52:00,CYCLE_VALVULA_OBSTRUIDA,65.11210633899142,65.39422005767582,67.46486852613205,45.35474871400847,2.102550963202004,11.674696088171142,18.936151959740442,13.005041490846255,32.74012059289427,7.646110002484839,118.8235294117647,33.274892369749665,1258.6866798529836
2026-01-03 08:53:00,CYCLE_VALVULA_OBSTRUIDA,62.14876460291013,66.51483679582658,66.03300801651713,44.670281119942295,1.6644957846424264,11.274146428312644,17.968029552299456,12.751781083279743,32.63361203107248,7.646576273744612,117.64705882352942,31.76365243366113,1271.9619987022388
2026-01-03 08:54:00,CYCLE_VALVULA_OBSTRUIDA,64.18053902907056,62.464887458325585,64.09556018293911,46.607362575094484,2.019739172096428,11.515171019503327,18.915793648938884,12.863461376751443,32.687686753721444,7.645143988152679,116.47058823529412,32.02935093012439,1276.4138200704374
2026-01-03 08:55:00,CYCLE_VALVULA_OBSTRUIDA,59.70722497560726,60.57123782065063,63.96251068060343,44.74993062208584,1.7867531305705846,11.740614266011848,18.24934479975492,12.579788355850557,33.29981145408751,7.644956463449779,115.29411764705883,33.13398739521219,1279.622731499124
2026-01-03 08:56:00,CYCLE_VALVULA_OBSTRUIDA,58.89096177860251,61.050146467467655,61.87483028454813,42.34491081005608,2.354987130780704,11.317577471184594,17.722698254233713,12.2452674144019,32.46421972566251,7.6471132179384025,114.11764705882352,31.473884679727025,1284.3109515926335
2026-01-03 08:57:00,CYCLE_VALVULA_OBSTRUIDA,59.46204707785165,58.01085206029119,61.48132627304053,42.02082707792071,2.184203524743917,11.50966611215756,18.122829506085445,12.389836906864186,30.889474824522605,7.64667759635965,112.94117647058823,32.07228290335685,1291.0139816154554
2026-01-03 08:58:00,CYCLE_VALVULA_OBSTRUIDA,58.93029650333995,60.458665227784145,59.57645610416085,42.87332606954008,1.888192947460454,11.77371131824061,18.830009223026046,12.000280099965577,30.068372261488214,7.648191740834422,111.76470588235294,30.801203513988504,1287.9537958399476
2026-01-03 08:59:00,CYCLE_VALVULA_OBSTRUIDA,58.108650910932006,59.01425590639758,58.89126640407058,41.761309542155225,2.0048605693927564,12.146732228564414,16.391082273696753,12.302989964008813,31.203033631676114,7.648246776653453,110.58823529411764,30.634292867995242,1297.6107050636665
2026-01-03 09:00:00,CYCLE_VALVULA_OBSTRUIDA,56.51763741347947,56.09002100108286,58.24712525589208,39.03009909746492,1.5496758271356001,11.37636693490518,16.425323451456116,11.960463558494922,31.906892082923573,7.645568634267599,109.41176470588235,30.697575701510054,1298.0399398007735
2026-01-03 09:01:00,CYCLE_VALVULA_OBSTRUIDA,57.724921462613636,54.188824648475226,56.02825301050626,36.89242191209023,1.6958751972536645,10.322172581038316,18.33387226093178,11.675227083465243,30.922843392496684,7.646209119831268,108.23529411764706,30.15670794691363,1303.151367331023
2026-01-03 09:02:00,CYCLE_VALVULA_OBSTRUIDA,54.72731900644663,53.754195083379756,53.99503646774827,41.070461372144685,2.367888325722298,12.232161091603729,16.79383203143304,11.602672878529644,28.837332227887906,7.647475374527446,107.05882352941177,29.96369682450049,1314.0773017677946
2026-01-03 09:03:00,CYCLE_VALVULA_OBSTRUIDA,54.94693048283414,52.93042277422744,54.79798396641538,36.89011320931792,1.8978550997820522,12.41613645124365,16.46746298364953,11.604971648193164,29.058246574324414,7.647426378558806,105.88235294117646,29.030324631719786,1321.4340605800728
2026-01-03 09:04:00,CYCLE_VALVULA_OBSTRUIDA,53.725438103945905,52.78574085360027,54.90572791748369,39.39292269688354,2.1407225800391636,12.112204547891395,16.098835781893456,11.330118215339974,30.383184694008953,7.648659429563292,104.70588235294117,28.53796382443223,1321.913679092562
2026-01-03 09:05:00,CYCLE_VALVULA_OBSTRUIDA,50.32455699569787,52.63297892163524,52.8695016412789,39.238871300675534,1.9111968997177646,12.206243051262277,16.70825487789379,11.541898702504776,28.928320700597702,7.646991602048875,103.52941176470588,28.32974227205468,1334.327094165813
2026-01-03 09:06:00,CYCLE_VALVULA_OBSTRUIDA,50.78599590770293,49.22087923967479,51.94422816953431,36.756054261144,2.2157736606978156,11.849850469671624,17.365067713017265,11.2180051193644,29.444048839593787,7.645606037784975,102.35294117647058,28.173098168602074,1333.6202465518797
2026-01-03 09:07:00,CYCLE_VALVULA_OBSTRUIDA,52.669691627183624,50.77597636269176,50.58324791674119,35.169528690464105,1.2017339826027942,12.44200610246687,15.214332253711254,10.956273021239848,29.724129553648346,7.645810902093061,101.17647058823529,27.99119570838788,1334.707983920754
2026-01-03 09:08:00,CYCLE_VALVULA_OBSTRUIDA,48.66650930821872,49.420824313789545,50.611267090484006,33.347553918719925,1.7248161017704602,12.678406776499202,15.370445392257826,10.552602574119545,27.19930202878139,7.646288016820878,100.0,28.291053249819825,1338.5102286496483
2026-01-03 09:09:00,CYCLE_VALVULA_OBSTRUIDA,47.62982693844314,47.205115120058714,48.610338230336374,32.07210902662067,2.2546120054346805,12.33998051232405,15.033261201850877,10.554588358455783,27.842897861818336,7.647644595689471,98.82352941176471,27.482665447595764,1351.9716856006044
2026-01-03 09:10:00,CYCLE_VALVULA_OBSTRUIDA,47.82895817025521,45.663039306722474,47.41620382860314,34.17177344631858,2.027925676831559,13.617265481576142,15.498542515503331,10.526504235837061,27.488871520089866,7.64828352015622,97.6470588235294,27.347872430920862,1353.4550129335476
2026-01-03 09:11:00,CYCLE_VALVULA_OBSTRUIDA,46.26383837861078,46.276607675128474,48.43257050989874,36.10893994207966,2.1185814583940252,11.64967974769452,15.607385642422276,10.14594414996063,27.822635244333178,7.647089891066854,96.47058823529412,26.84295354603996,1360.6873827899888
2026-01-03 09:12:00,CYCLE_VALVULA_OBSTRUIDA,45.09196211719402,44.05270199953691,45.632436232876444,31.62494209940787,1.6988365372536227,12.572940101916084,15.66163530145197,10.390512437375081,28.07462117921848,7.647302936688929,95.29411764705883,25.88101507306883,1352.3933570422205
2026-01-03 09:13:00,CYCLE_VALVULA_OBSTRUIDA,44.69902212078817,45.75639846800321,46.51649470332712,31.813351788912374,1.5196301253201567,11.964191760286953,14.964232650244437,9.833812695813288,25.129823700430755,7.647903664134216,94.11764705882352,26.113946122919373,1369.045915028144
2026-01-03 09:14:00,CYCLE_VALVULA_OBSTRUIDA,46.24780344377646,42.39944471127818,45.9731230514515,33.62812748665461,1.3525088466313955,13.051200178381755,15.830927405838606,9.753289890234498,26.57248223323858,7.64602943013552,92.94117647058823,25.837281575095645,1371.062146943494
2026-01-03 09:15:00,CYCLE_VALVULA_OBSTRUIDA,43.63142680622312,43.64148629095041,44.53952845639882,30.373562025053502,1.3114758916329228,11.880448477339922,13.789601991588157,9.624989895633988,26.81372045486288,7.645985796665782,91.76470588235294,25.818431290753857,1372.5762223605343
2026-01-03 09:16:00,CYCLE_VALVULA_OBSTRUIDA,41.48288378745997,42.13931613787747,41.589750152718224,29.87105832589921,1.8625686223875335,12.064134394959863,13.448855500473151,9.72149807004123,23.803983872645514,7.645650214121844,90.58823529411764,24.570754805344794,1382.9425479391305
2026-01-03 09:17:00,CYCLE_VALVULA_OBSTRUIDA,40.55859581323436,40.83048159549456,42.366707593324875,29.81223011416943,1.7543099034448355,12.474410671001811,14.646312458342665,9.297082022926784,25.277524585178536,7.644995521048098,89.41176470588235,23.75142256767568,1392.6025482522648
2026-01-03 09:18:00,CYCLE_VALVULA_OBSTRUIDA,44.331581172478145,40.66205143061592,41.35248906967205,29.14496404543635,1.5602706881130737,12.983829201161814,13.653531324530912,8.97398213566867,23.663306971683816,7.64549429809985,88.23529411764706,24.526339067918432,1402.3422240700486
2026-01-03 09:19:00,CYCLE_VALVULA_OBSTRUIDA,40.74044222969159,41.378378788281694,40.275616629832044,28.606418790253425,1.712596053961288,12.613086396861007,12.569393789144108,9.358994864618541,23.667047408267862,7.644344616573292,87.05882352941177,24.281711321210697,1399.2879373603826
2026-01-03 09:20:00,CYCLE_VALVULA_OBSTRUIDA,40.868975586955614,37.963068064532614,40.33289106552312,31.326745721937634,1.582770519815004,12.67801043484997,13.020446250630975,8.938199641347568,21.71997914982867,7.644761496085296,85.88235294117646,23.681673077341312,1400.524758177969
2026-01-03 09:21:00,CYCLE_VALVULA_OBSTRUIDA,38.774587471432966,38.22469780527454,40.389950848868786,29.307552208010577,1.8085964371128327,12.940194813644174,13.178605276491977,8.683183833554178,25.0928335479002,7.645320987214505,84.70588235294117,23.45195509094656,1405.325351118464
2026-01-03 09:22:00,CYCLE_VALVULA_OBSTRUIDA,39.451620013985355,37.15654151048481,38.236194961153124,28.958003719767117,1.7856332877590406,12.969428936534165,12.452587191709368,8.599114041817757,22.97035465995023,7.646404750524765,83.52941176470588,23.543909989957893,1417.2979075995213
2026-01-03 09:23:00,CYCLE_VALVULA_OBSTRUIDA,40.196990029948196,37.36519540663239,37.91430110062689,25.877485429492815,1.1599611657347386,13.894182685181878,12.046665772617196,8.907864995704463,21.996394373169004,7.645281331261973,82.35294117647058,22.54170017248606,1414.4998984813717
2026-01-03 09:24:00,CYCLE_VALVULA_OBSTRUIDA,37.05532576521796,35.95609568163759,37.17785141904522,28.024644806089576,1.5417133267147305,13.553322525814801,12.346010753378591,8.334839301642235,22.78555634947458,7.643776097043618,81.17647058823529,22.29836169975385,1426.019121282817
2026-01-03 09:25:00,CYCLE_VALVULA_OBSTRUIDA,37.79321664564119,34.03519296109163,38.22430726495855,28.02701622358226,0.938855640009171,13.107987571045696,11.646994233497258,8.291014913777543,21.11653922144806,7.644055000650957,80.0,22.14377950322339,1429.746153331267
2026-01-03 09:26:00,CYCLE_VALVULA_OBSTRUIDA,34.97325141399816,34.28263595800253,35.892783354349085,23.115269008342842,1.4593180210881762,14.378690871502524,12.481918959522593,8.091393146062082,20.48419776516279,7.64376872941709,78.8235294117647,21.16093310141512,1434.3458509456827
2026-01-03 09:27:00,CYCLE_VALVULA_OBSTRUIDA,38.516929325206256,36.918487938134085,34.10649146749079,25.72495098053245,1.5805992181650752,13.635924478281423,10.749683478418914,7.807943026617805,22.35053006296292,7.646671379679583,77.6470588235294,21.361470988559248,1432.382987825351
2026-01-03 09:28:00,CYCLE_VALVULA_OBSTRUIDA,35.85293508731927,34.665849899007696,33.098698117356804,23.192978775411806,0.9850882654102533,12.965521838154345,11.785347393754044,7.7564312407697384,22.36644168340666,7.647129878155827,76.47058823529412,21.072127102499348,1442.2696461826913
2026-01-03 09:29:00,CYCLE_VALVULA_OBSTRUIDA,34.48815578974715,34.05316605749803,34.83344546305742,22.395089189999684,1.2341613828035538,13.638168710764742,11.857924420259938,7.514617261572383,19.51194880742255,7.6471880398675305,75.29411764705883,21.589099028409915,1442.9068646328888
2026-01-03 09:30:00,CYCLE_VALVULA_OBSTRUIDA,34.090250866552985,32.8994670719255,32.9087565738523,23.791704253822356,1.341854251201346,13.837577088159177,11.307019793966099,7.783964861613901,20.76507507935885,7.647015211911854,74.11764705882352,20.288099252518876,1451.428522999775
2026-01-03 09:31:00,CYCLE_VALVULA_OBSTRUIDA,33.310985868921655,32.62839504394299,34.0592548261247,24.922999409414725,1.3890669475410242,13.285917431153546,11.832404326477818,7.488517640947702,19.558355097913836,7.645797150066415,72.94117647058823,20.203741861388664,1462.4920840578468
2026-01-03 09:32:00,CYCLE_VALVULA_OBSTRUIDA,32.85858810572337,31.637551570628553,31.106094855609484,22.651260555909303,1.2152074962551587,13.163384310238902,10.169259898132982,7.780288306734117,17.355897692733013,7.64636103161937,71.76470588235294,20.22962420419463,1468.7897778319098
2026-01-03 09:33:00,CYCLE_VALVULA_OBSTRUIDA,29.969208560593604,32.25962547614696,31.51496193093522,22.053121113718273,0.9269982960948098,13.792777285620843,10.386068988249962,7.061512975575285,17.26026017846955,7.646281886593099,70.58823529411764,19.018152198927872,1469.7633576231735
2026-01-03 09:34:00,CYCLE_VALVULA_OBSTRUIDA,32.29603776807001,31.23304536076875,30.034162385839075,21.257046193002747,1.242378715834036,13.629345829904304,10.423827951745263,6.894460815379274,19.301545776868316,7.646203572909669,69.41176470588235,19.7913439151045,1471.6682177821967
2026-01-03 09:35:00,CYCLE_VALVULA_OBSTRUIDA,31.763385855961936,29.20187229446399,31.63242845586151,26.253465344783475,0.7428039409211218,14.608929634742744,10.864609531561548,7.188071456245035,15.963851285988222,7.646298016235168,68.23529411764706,19.651987997778377,1485.343993968097
2026-01-03 09:36:00,CYCLE_VALVULA_OBSTRUIDA,32.04531612775244,30.417521235687566,31.3802014022663,20.68480448765414,1.1485807145923739,14.29985257751518,10.383205391963806,6.962104365083196,19.036504287619234,7.646519228765086,67.05882352941177,18.422183898008733,1481.6992509103536
2026-01-03 09:37:00,CYCLE_VALVULA_OBSTRUIDA,30.36866321232336,26.678344330991166,30.509042127624888,23.038916584000535,1.0658571960815402,13.668796003387136,11.353246480401753,6.700585610837596,15.945282071380182,7.644779973119168,65.88235294117646,17.8334981711867,1484.5328842848648
2026-01-03 09:38:00,CYCLE_VALVULA_OBSTRUIDA,29.618334268434786,29.651164849209056,28.310879954031503,20.43264010812332,1.137885712752395,14.262061670862419,9.398881402992135,6.28998061657879,17.32467259033399,7.645616996125539,64.70588235294117,18.58335007419491,1496.9035789304905
2026-01-03 09:39:00,CYCLE_VALVULA_OBSTRUIDA,30.09082023870374,26.99871666200564,28.240392276216095,20.0,0.9902649561351182,14.742565661708195,8.860485652448245,6.667635457888779,15.095131617461652,7.644770551750723,63.529411764705884,17.834184958467123,1500.990600035825
2026-01-03 09:40:00,CYCLE_VALVULA_OBSTRUIDA,27.73111651634167,28.119601538956214,28.947578369830083,20.407029698491748,0.6856534325245651,13.4720083423537,10.586058431776642,6.199771064799635,15.57395651343038,7.644632519553254,62.35294117647058,17.143933284498292,1502.0313770285654
2026-01-03 09:41:00,CYCLE_VALVULA_OBSTRUIDA,29.412919507242616,26.355552832293846,26.181790493182636,20.0,1.0079508223881737,13.71743041976735,8.469215942077543,5.995824317176884,15.745245442446835,7.645918424473919,61.17647058823529,17.482949752057557,1509.6445983972699
2026-01-03 09:42:00,CYCLE_VALVULA_OBSTRUIDA,26.590340837932075,27.355855604395817,27.4677849962116,20.0,1.3769959906698246,14.283144206579161,9.552694769696568,6.141031423993255,15.12352467163905,7.647697873066189,60.0,17.096603096607684,1516.0543542411212
2026-01-03 09:43:00,CYCLE_VALVULA_OBSTRUIDA,29.761894788099585,27.618699185405543,29.136694684020185,20.822389234403733,1.4560843289488723,14.366438474129144,8.370781168064129,5.791626133600516,12.583737302461346,7.6459973786275635,58.823529411764696,15.934557685437241,1520.1424464566442
2026-01-03 09:44:00,CYCLE_VALVULA_OBSTRUIDA,28.838922125253738,28.30920582216302,26.668727943269985,20.0,1.7893425059616128,14.382447712402897,7.531518233188865,5.446449584779156,11.720070229426087,7.646027623455238,57.647058823529406,15.893630249149256,1526.205503719018
2026-01-03 09:45:00,CYCLE_VALVULA_OBSTRUIDA,26.515583008551594,24.245803221875093,24.67550672574776,20.0,1.5449334794587342,14.313066850698188,8.363365017829706,5.525370857237718,12.18296256288343,7.646300536640404,56.470588235294116,15.724240726545988,1527.3889052596426
2026-01-03 09:46:00,CYCLE_VALVULA_OBSTRUIDA,28.03773008709357,26.86401306338947,25.318592397986286,20.0,0.6582531135326058,14.365334253823718,8.943061322024109,5.238592106931676,10.25867849968089,7.644793006614212,55.294117647058826,15.116788657610261,1536.5587616895634
2026-01-03 09:47:00,CYCLE_VALVULA_OBSTRUIDA,27.003522433918434,25.457062826006112,24.88483533264536,20.0,0.8746993457448412,14.780402458418243,7.485424741874138,4.698545147687105,11.317961152332487,7.64559559797863,54.11764705882352,14.073567507297524,1539.5660296696608
2026-01-03 09:48:00,CYCLE_VALVULA_OBSTRUIDA,25.292051882751245,24.373164515261973,27.812504298268347,20.0,0.9702910702689076,15.215153641784715,8.37927028226505,4.943732945774947,9.753061258254856,7.645711860656045,52.94117647058823,13.966452210983862,1542.650573039905
2026-01-03 09:49:00,CYCLE_VALVULA_OBSTRUIDA,23.71622828005512,25.447963876488057,26.853530489983157,22.003195153291898,0.9313549450437328,14.467614975078618,8.306457632510192,4.869271252725749,11.043393446508786,7.64590602025174,51.76470588235293,13.423029730186201,1548.59629288384
2026-01-03 09:50:00,CYCLE_VALVULA_OBSTRUIDA,26.171716846227117,23.882920092713263,25.350366840149224,20.0,0.9577790288763126,15.987199987465859,6.900851461306902,4.618094568084186,8.899261223007517,7.644988467333397,50.58823529411765,14.015202434511645,1554.2302413957982
2026-01-03 09:51:00,CYCLE_VALVULA_OBSTRUIDA,24.494514405744184,24.664524020357675,23.687864975518085,20.0,1.6390925909653142,15.80825500770839,7.342334823411232,4.7916147598023136,7.129015737249908,7.645401353976779,49.41176470588235,12.8431432845211,1553.8823521979732
2026-01-03 09:52:00,CYCLE_VALVULA_OBSTRUIDA,26.424467518753932,22.257628928826026,25.17424603662512,20.0,0.5720958353569296,15.552446079585973,8.24036254045512,4.410288562201134,9.801261453218718,7.646239577933169,48.235294117647044,13.198107638575015,1562.1592453666615
2026-01-03 09:53:00,CYCLE_VALVULA_OBSTRUIDA,23.544455377421084,23.242881545082433,23.11718950405255,20.0,0.4119910793037776,14.958300490810192,7.499599269457237,5.003248265376976,7.407519802445463,7.646366875816895,47.05882352941177,12.932758635826655,1570.007521222035
2026-01-03 09:54:00,CYCLE_VALVULA_OBSTRUIDA,22.360388174306802,24.79727991951042,25.42192268050333,20.0,1.09818979583345,15.709876406176255,6.767474269153547,4.509638573734741,6.627416002880754,7.645852939915932,45.882352941176464,12.39455736136363,1569.3859518248312
2026-01-03 09:55:00,CYCLE_VALVULA_OBSTRUIDA,25.036323429045577,25.116881244314275,24.903452527626573,20.0,0.39923921051992217,14.619648199853238,6.9886730870716764,4.786885801023232,7.112410194834881,7.645416870597885,44.70588235294116,10.425829491659057,1577.3522381258508
2026-01-03 09:56:00,CYCLE_VALVULA_OBSTRUIDA,23.256299990452167,22.96861850739144,23.275134491842024,20.0,0.6810994051847481,14.407227205769589,6.143463863657225,4.198485007271746,6.3780231692542175,7.645637266305012,43.529411764705884,10.36905262595903,1594.4125294933192
2026-01-03 09:57:00,CYCLE_VALVULA_OBSTRUIDA,20.0,20.0,24.497506555292933,20.0,0.8524140176831515,14.61936691147448,7.037965306190678,3.8342149265251493,4.241099243723157,7.645686063683392,42.35294117647058,10.284010695473093,1585.39893292727
2026-01-03 09:58:00,CYCLE_VALVULA_OBSTRUIDA,21.371498751147392,22.144197040955643,22.27427813111852,20.0,0.6669581083809534,14.439705069043194,6.852829988341115,4.398713021234325,3.9196132114118747,7.646590885802511,41.176470588235276,9.751622609171827,1593.4227275426756
2026-01-03 09:59:00,CYCLE_VALVULA_OBSTRUIDA,20.0,22.11783833888961,20.979889483280367,20.0,0.5575296899307477,15.060900661156685,6.072543549051633,3.8288212392537657,2.676142308122934,7.646110627514988,40.0,9.173092811339133,1596.665130885885
2026-01-03 12:00:00,CYCLE_NORMAL_2,20.0,20.0,20.0,20.0,0.7490628164119166,8.665128889578114,34.400512293080425,18.000674398441973,16.584612515466066,12.837772951084421,60.0,79.79274752876684,1300.1303322819983
2026-01-03 12:01:00,CYCLE_NORMAL_2,20.0,20.0,20.0,20.0,0.3558179288149676,9.11906596021356,34.507184420736294,17.995707704519244,15.492584395151702,12.836356164437305,61.008403361344534,79.85010224324802,1301.571521289091
2026-01-03 12:02:00,CYCLE_NORMAL_2,20.0,20.0,20.0,20.0,0.23780933847518831,9.265262344560137,34.635332344720005,17.94917101067496,16.150746504678246,12.835090062103655,62.016806722689076,79.21449083394003,1294.1463406245932
2026-01-03 12:03:00,CYCLE_NORMAL_2,20.0,20.0,20.0,20.0,0.6731637058000424,7.405881956745,35.39341301386013,18.178500852312652,14.89124076482567,12.83548503346523,63.02521008403362,79.60485175334486,1296.0796482821556
2026-01-03 12:04:00,CYCLE_NORMAL_2,20.0,20.0,20.0,20.0,0.43771520773359995,7.408468496790665,34.12034182092783,18.11541466194433,17.562131594692005,12.834210429692238,64.03361344537815,78.75562747804034,1280.0065928148047
2026-01-03 12:05:00,CYCLE_NORMAL_2,20.60443771149696,20.074551377181326,20.0,20.0,0.6141391783617143,7.777785001637144,35.41640302374812,18.060879011244968,14.468396734608163,12.834075069651607,65.04201680672269,79.29398927046373,1291.8406618105696
2026-01-03 12:06:00,CYCLE_NORMAL_2,20.0,20.0,21.97281603407059,20.0,0.7212329022472943,8.06435760062992,36.34938731054475,18.896880196940685,14.408305178092409,12.83544634104791,66.05042016806723,79.8625217908491,1279.713637211393
2026-01-03 12:07:00,CYCLE_NORMAL_2,20.421272927805525,23.563897900304067,23.477885351381374,20.0,1.0196310827258293,8.793325999921791,35.98833091492603,18.598016653972728,16.274961717934982,12.8353950329235,67.05882352941177,78.19519659245603,1278.0611822841572
2026-01-03 12:08:00,CYCLE_NORMAL_2,23.645861805381028,22.929551772297494,24.227652020491433,20.0,0.9040384199077561,8.313620610545478,35.46183234099555,19.19056228180885,14.599132842680117,12.83461722013534,68.0672268907563,78.644182126736,1277.013462815144
2026-01-03 12:09:00,CYCLE_NORMAL_2,27.28957373530926,25.075530956095637,25.48654322253622,20.0,0.48477272841990976,7.39835643516375,35.33734927275853,18.588444833673908,15.112379641411295,12.834742629808053,69.07563025210084,77.67841442896062,1281.6463452530736
2026-01-03 12:10:00,CYCLE_NORMAL_2,24.15900310720311,27.16553860021104,28.324218142510013,20.0,0.3665773622861783,7.694171295762835,36.32376530531979,18.75457441271298,15.461110628211426,12.834673956953985,70.08403361344537,77.90285072204723,1271.232716569808
2026-01-03 12:11:00,CYCLE_NORMAL_2,26.106358191820146,27.04914892896178,27.595892579257946,20.0,1.243306768401124,7.978999896017243,36.10800296753052,18.76929594554774,16.029074763970677,12.835126614592788,71.09243697478992,78.50223509007141,1269.6453524460796
2026-01-03 12:12:00,CYCLE_NORMAL_2,29.95791812929697,27.19513165873765,29.645743322061712,21.540153336120287,0.277302938743831,7.255420010927253,35.86054388979489,18.880252148345985,15.068400494754874,12.836745759146607,72.10084033613445,77.76787897641586,1265.9011482875608
2026-01-03 12:13:00,CYCLE_NORMAL_2,29.63544528977049,30.488241622734503,30.86298446810211,21.47564562785879,0.6373583893901638,8.006834228770456,35.739018447446234,19.267157723631804,16.766744434956458,12.837142528005444,73.10924369747899,78.1863311198044,1268.2484699597403
2026-01-03 12:14:00,CYCLE_NORMAL_2,32.49191288580159,30.623590947338627,34.236914788917105,26.426685570234362,0.9876910931554587,7.405782204470377,36.22230038204766,19.289735381488168,14.924808112446817,12.83917631051721,74.11764705882354,77.82500050286778,1267.6803156924918
2026-01-03 12:15:00,CYCLE_NORMAL_2,32.103931552576285,34.588691360111184,34.701511284850234,27.82064715013603,1.3067544245051776,7.174639433221314,36.07868214328848,19.435586086764225,15.77189344209145,12.839631612420687,75.12605042016807,77.44673246096865,1269.0021720126224
2026-01-03 12:16:00,CYCLE_NORMAL_2,34.630616489598516,33.742724256323626,34.51560229325533,23.481846140249125,0.7792359962442541,7.526507360265192,36.81516555707608,19.61299213355644,14.870082172504354,12.83886428112798,76.1344537815126,76.79621807238617,1269.2631355453655
2026-01-03 12:17:00,CYCLE_NORMAL_2,37.904974222970985,38.302125522292734,36.07086450725974,24.274744975882076,0.8653457554241253,8.205510527446167,37.173272886158664,19.650042437404924,16.34363542969234,12.84115258412221,77.14285714285714,77.48560125210591,1259.743580155609
2026-01-03 12:18:00,CYCLE_NORMAL_2,35.729441571883044,37.90599768122702,40.91104729664387,29.555217068475002,0.6156430340249741,8.20205785549326,35.69225514531118,19.31090709312841,15.248646605854958,12.841027766104864,78.15126050420167,77.12685678019213,1256.0844654869734
2026-01-03 12:19:00,CYCLE_NORMAL_2,39.74280575627495,39.37696848428992,41.39748741517196,29.23285130483464,0.9371444975061076,8.04832695834372,35.861146911944886,19.49187494272838,14.079816868117605,12.839972873872972,79.15966386554622,76.04270248507095,1247.2314814077017
2026-01-03 12:20:00,CYCLE_NORMAL_2,40.681284575869576,38.3222121589908,42.542163424405906,31.204193985326146,0.575121873436627,8.495806830270439,37.489505981496805,19.704968830921892,14.68918243555693,12.842296602536603,80.16806722689076,76.15639266554321,1257.217044547697
2026-01-03 12:21:00,CYCLE_NORMAL_2,39.42988695439327,42.26581521033258,42.98167638487997,30.15265115164974,0.7160909846226394,8.442791617106717,36.86419724795132,20.51027255130558,13.47577400049298,12.841563485650422,81.17647058823529,75.08607379451843,1247.9204359667474
2026-01-03 12:22:00,CYCLE_NORMAL_2,43.23900432000297,43.38877445793161,46.211824912990664,31.610817580131656,1.191352040191124,8.102190671035139,36.16974911372502,20.003219524224594,13.339818570628745,12.840791096218386,82.18487394957984,75.61970760526148,1243.3815557584198
2026-01-03 12:23:00,CYCLE_NORMAL_2,44.007034681948866,43.31909381873651,44.51224825080649,30.799764167907732,0.8531202322523467,8.033190925012851,37.522724073240084,19.954110870925057,12.26307394557739,12.84023962571034,83.19327731092437,75.97776565100241,1243.5669337989034
2026-01-03 12:24:00,CYCLE_NORMAL_2,45.38032377501111,46.37573296967081,48.174571977760024,33.95222832156876,1.2793763572881898,8.064773352610048,37.221817782622374,20.151461667038227,12.504226637883432,12.840404252123664,84.2016806722689,75.438458734448,1236.9503954097484
2026-01-03 12:25:00,CYCLE_NORMAL_2,47.026175678657566,47.18651365261327,48.173759724418176,33.23282335665635,0.9791579460388802,7.926177410031459,38.42278779328939,19.980217525252282,15.271562811624197,12.841335113521113,85.21008403361344,75.38248602970425,1227.624103658801
2026-01-03 12:26:00,CYCLE_NORMAL_2,47.55325922141744,48.79688618657531,49.84169291779679,36.375171852797656,0.6355664595337136,6.912828636686162,37.043692943220506,20.23735905178029,11.852964010145378,12.838686321907424,86.21848739495798,76.32553717962823,1236.7409931963393
2026-01-03 12:27:00,CYCLE_NORMAL_2,49.409160621248176,50.48109998515015,52.44598898831616,34.30316217750932,1.417736473469693,8.56774242240991,37.934129961266436,20.459839999987224,12.244756816111076,12.839612822392736,87.22689075630252,75.97659153596861,1237.3026685169793
2026-01-03 12:28:00,CYCLE_NORMAL_2,50.96612841636653,51.277307117195015,52.837449829233705,38.52673212262516,0.6936374686020808,8.198761415946839,36.48364051299093,20.347142039562318,12.708210672028338,12.839058287790406,88.23529411764706,74.94678355317852,1231.639455246686
2026-01-03 12:29:00,CYCLE_NORMAL_2,52.9229986687817,53.531810427791044,53.92275597743223,34.78586446603093,0.9287074448208072,7.39183627708647,38.27459132001411,20.285664139106526,12.551482069786914,12.838645393347246,89.24369747899159,75.52281923736933,1226.8624397825142
2026-01-03 12:30:00,CYCLE_NORMAL_2,51.54647953786626,54.525206199098804,55.28488360021445,38.35631134033972,1.070342376258893,8.713908309636219,38.087504438288036,20.50543359282541,12.886821739820702,12.840360585158168,90.25210084033614,75.5654196197294,1224.422834908725
2026-01-03 12:31:00,CYCLE_NORMAL_2,56.27947948951019,56.589405242451406,54.93013485244084,38.15693199633367,1.4530090903994428,7.705010065893615,38.567650477082985,20.54112669508749,11.859762188513828,12.840573893318036,91.26050420168067,75.09919021217944,1222.5378584866635
2026-01-03 12:32:00,CYCLE_NORMAL_2,54.695411637850675,56.78068387008869,59.66427105931919,38.74512727282639,1.0143234607559521,7.946115498670689,38.35542382075734,20.41765014631792,12.716685175658903,12.841021594665902,92.26890756302521,74.77131248101675,1219.8943479767913
2026-01-03 12:33:00,CYCLE_NORMAL_2,58.3470578422983,57.530199981801886,58.97514759796408,38.098360730206885,0.9152621621833448,8.511787797784127,37.71368033217207,20.658798811658958,13.322175404411785,12.840973034551082,93.27731092436974,75.00294305146426,1216.5639174191535
2026-01-03 12:34:00,CYCLE_NORMAL_2,58.87978144025086,59.350471753664415,63.84787194124799,42.30202477856626,1.2630876357538332,8.110069679194794,37.154466918720736,20.57858029987677,13.290868699778473,12.841736677134964,94.28571428571428,74.670473275693,1214.3870858035896
2026-01-03 12:35:00,CYCLE_NORMAL_2,58.59840334556597,63.325312412879875,62.70732256381309,43.34731440177261,1.1711044006790732,8.667687920957949,37.57994473036981,20.693817492489032,11.475797100520746,12.843354687707919,95.29411764705883,73.51109992704482,1217.9847568441148
2026-01-03 12:36:00,CYCLE_NORMAL_2,62.120909156370104,64.13429442417339,66.05846234966045,44.74701447259919,1.116085341296655,7.823949250478605,36.968519851714746,20.79702118646032,12.263112152686677,12.840879622424847,96.30252100840336,73.85511370496329,1211.1327903363779
2026-01-03 12:37:00,CYCLE_NORMAL_2,61.70399026149198,65.83619985431179,63.75097432264031,42.757211064919204,1.3422565313161015,8.845586605640168,37.55670427876877,21.299933957124164,10.363143220589057,12.841964240415582,97.3109243697479,73.50547806451223,1207.1432770117285
2026-01-03 12:38:00,CYCLE_NORMAL_2,65.47237653051624,67.31241194746467,68.23426815643207,49.37812558999865,0.9372404631131528,7.611098550083739,38.448794120449435,21.49111032359627,10.659483180540986,12.843511273479457,98.31932773109244,74.1896821201148,1206.8385882574526
2026-01-03 12:39:00,CYCLE_NORMAL_2,64.68816369392648,66.60658383152013,69.97743237914214,46.34253534572431,0.8027755688027329,8.658811164654809,38.24865919707464,20.970094988962103,10.20410937075988,12.844012336727358,99.32773109243698,73.15516712586779,1204.3178682160406
2026-01-03 12:40:00,CYCLE_NORMAL_2,65.0985258188024,68.91415012508567,71.79011883049951,50.26802022691926,1.9819551666342585,6.8674453905503015,38.227190453735794,21.677381271070026,11.158483676170553,12.843334974304653,100.33613445378151,72.90121843871482,1202.9436557166257
2026-01-03 12:41:00,CYCLE_NORMAL_2,70.0844668977733,70.04319290848063,69.82687291105248,47.58395462317155,1.3926003658235993,7.449903974332925,37.969516401692005,21.220059316668397,10.23908641671039,12.842182701856753,101.34453781512605,73.6225847347148,1193.6110098148536
2026-01-03 12:42:00,CYCLE_NORMAL_2,69.81278481301493,72.13664263824035,72.25193404302632,48.52627254587888,1.4346072057651515,8.14898306924466,37.46597235819091,21.678787783500354,9.419644864204567,12.844544547543666,102.35294117647058,73.07101197855411,1192.1955354342322
2026-01-03 12:43:00,CYCLE_NORMAL_2,71.9871693942451,72.39120481572104,75.22168531997215,51.26424439473712,1.168764530334692,7.799777286928446,38.722695246093615,21.665157092304522,10.49806660271872,12.843639563857044,103.36134453781513,73.8290004190133,1188.342408838685
2026-01-03 12:44:00,CYCLE_NORMAL_2,71.27611742462837,74.24278600097495,76.142680720412,53.49976608072703,1.693679400947363,7.962625690048719,38.92497510707783,21.82464930053921,9.013229124248321,12.8451572054281,104.36974789915966,72.1739212554035,1192.1425219460757
2026-01-03 12:45:00,CYCLE_NORMAL_2,71.37905467088346,75.61095308807693,77.75125888600991,51.41285195304085,1.2853325732167504,8.020825460080356,38.18657446901399,21.548363994479825,11.954099656318823,12.845547716752575,105.3781512605042,72.17755682518296,1189.4261057463677
2026-01-03 12:46:00,CYCLE_NORMAL_2,77.01081385963953,77.5559524972997,78.40156035709633,55.10366316610897,0.6305422482876886,7.404548695936473,38.54548205638916,21.503074761952973,9.925266927668318,12.84759354755859,106.38655462184875,72.82989143173913,1178.9406419552888
2026-01-03 12:47:00,CYCLE_NORMAL_2,76.34420241192034,79.09710858515433,82.12953959126857,55.18173714047868,1.317284955830604,7.442035192563717,39.87485990438643,21.78899814990626,11.346684390719041,12.84727528739428,107.39495798319328,71.46129015050394,1183.075956293298
2026-01-03 12:48:00,CYCLE_NORMAL_2,78.29288049533223,79.81566346114421,84.83341676027175,57.23116098708022,1.4239794379672028,8.11606102440421,39.729312217522335,22.118987175370282,9.791334410417397,12.845667706470664,108.40336134453781,72.59261928820663,1184.480532110127
2026-01-03 12:49:00,CYCLE_NORMAL_2,79.84251679485477,81.24505746568249,83.2627111002811,58.371831007944415,1.4783866834055286,7.66683352408911,38.226992321786156,22.509027893920702,8.97471437605893,12.84566987731786,109.41176470588235,71.16097819126065,1175.529257680396
2026-01-03 12:50:00,CYCLE_NORMAL_2,80.00347623031892,82.76035645216952,85.11671765521072,62.07494038983046,1.4907166692438523,8.670516929480584,39.150898839930456,21.995735952731692,11.228206275685704,12.84418342967996,110.42016806722688,71.9017504370677,1175.205472927638
2026-01-03 12:51:00,CYCLE_NORMAL_2,82.02876458687726,85.8581508344863,86.07478162448602,58.278919096517505,1.3779541863356886,7.904026422283607,40.15868769513764,22.26594678838462,9.947287127492213,12.846860490211167,111.42857142857143,70.5070459153388,1174.3505142398692
2026-01-03 12:52:00,CYCLE_NORMAL_2,85.02137587654606,83.19930208262588,88.98283017772978,62.773583854718794,1.3699806568789057,8.359375621553415,39.23989530077515,22.21993205945774,11.83730772997707,12.847489988435248,112.43697478991596,71.28306912167483,1163.625330067615
2026-01-03 12:53:00,CYCLE_NORMAL_2,84.42104692668522,85.50469414121237,89.87158260911525,61.62345890816673,1.5240517781136513,8.221425834653553,39.29241559956074,22.45033627604977,9.330173457743115,12.848268118884603,113.4453781512605,70.4076717300975,1166.9945072578132
2026-01-03 12:54:00,CYCLE_NORMAL_2,86.94184161684478,88.86973555287643,89.0316633523771,61.296575904138926,1.1408109554018309,7.699419471413657,40.19345770209627,22.15165805384449,9.149312569233908,12.849046889167628,114.45378151260505,71.8875073664049,1168.9540109774534
2026-01-03 12:55:00,CYCLE_NORMAL_2,84.77316729690544,89.77807161821576,91.01075459368194,64.37895413568612,1.068183296730787,7.009835606523814,40.21409028606092,22.92145740657378,10.51673426797602,12.848353299487005,115.46218487394958,70.22048726461065,1158.9717025480693
2026-01-03 12:56:00,CYCLE_NORMAL_2,89.86252006512615,91.16264010225747,91.96951782380268,62.79732859657057,1.7058872352111858,8.592470683810523,40.267064360169535,22.71068956859844,10.41951738638191,12.848221268994488,116.47058823529412,70.17380678962724,1162.1533939808
2026-01-03 12:57:00,CYCLE_NORMAL_2,88.0389457869368,93.04134554299999,97.84913774317857,65.2916977865966,1.731899453876136,7.510545461651429,39.63272511688208,22.97334909918377,9.435040866768624,12.848331633625847,117.47899159663865,70.68788104537832,1156.4111674369599
2026-01-03 12:58:00,CYCLE_NORMAL_2,92.42798516918506,93.89015271876004,96.81240205397667,67.80128259789355,1.9823075689741825,7.7981209722606275,40.27168238959696,22.827509175158113,12.539536486970793,12.850275522089268,118.48739495798318,69.95162202588777,1151.0834940365073
2026-01-03 12:59:00,CYCLE_NORMAL_2,93.03679568068728,94.35523257534001,96.76988141148067,69.57112982314757,1.6628262052080962,7.924578779216713,40.85483050165045,22.9961088085027,8.864382947973978,12.849118430290686,119.49579831932773,70.43401029195498,1150.8744699984231
2026-01-03 13:00:00,CYCLE_NORMAL_2,93.80427704065798,97.17395282007655,98.10871940319683,69.15542928579367,1.4024160377484138,7.97449421594816,40.01209258764155,23.26779130525204,7.7100845072623505,12.84838984640093,120.50420168067227,69.56052129722173,1146.6349841019744
2026-01-03 13:01:00,CYCLE_NORMAL_2,95.15121962229802,97.83745675001308,101.32033634864115,67.88834186399254,1.199618560482627,8.48097933126951,39.88400464737987,23.152393784786913,7.909961373474603,12.848026915294705,121.5126050420168,69.35392368136259,1142.6652312279066
2026-01-03 13:02:00,CYCLE_NORMAL_2,96.31879181151963,98.6683098422143,102.87463996980605,70.1058711891679,1.5354621856163015,8.002912028961639,40.94812761706723,23.243625298436534,8.563692496109308,12.847353268635594,122.52100840336135,69.56605257973283,1142.6800999017842
2026-01-03 13:03:00,CYCLE_NORMAL_2,96.98860933601703,101.4268455088428,104.18114201505061,73.31731687104562,1.9502853349819618,7.9363229548703345,41.5213815287971,23.135329438533727,10.199510616014217,12.845894342181076,123.52941176470588,68.80329945240227,1141.4501758377799
2026-01-03 13:04:00,CYCLE_NORMAL_2,99.07758486079413,102.77266369175526,104.14742089810387,74.51438454993915,2.2769724861487273,8.509227978272506,41.6471541906437,23.271266548168384,8.399792450365592,12.84318963766065,124.53781512605042,69.44188066132533,1137.9912446546787
2026-01-03 13:05:00,CYCLE_NORMAL_2,103.32577092396198,103.64215315420537,106.45977907091476,74.39481111550906,1.8817718423188492,8.300326185943392,40.23747797408461,23.259621746381395,10.078717550149895,12.84136279319498,125.54621848739495,69.51427951203571,1135.0729594569973
2026-01-03 13:06:00,CYCLE_NORMAL_2,103.59021171969366,106.83798665154545,107.66054178391204,73.88307093794398,1.5224776547479062,7.632214777009673,40.381794337696824,23.398614969699025,8.776496402842092,12.842461823127561,126.55462184873949,69.1840613452063,1134.5174289100137
2026-01-03 13:07:00,CYCLE_NORMAL_2,102.33358348832594,107.76264605094387,107.83860818896008,77.13030028622987,1.643586844458563,7.426422311260583,40.01275470095841,23.88049792293317,9.351476291074336,12.842453604226582,127.56302521008404,69.06113623400846,1133.2180608747142
2026-01-03 13:08:00,CYCLE_NORMAL_2,105.0513558211465,108.76569290455164,109.2850049935692,75.75256574190229,1.6739596513521333,7.58815011240004,40.78511710893459,24.076007576287143,8.578605020792716,12.843289143142837,128.57142857142856,67.6090009614459,1123.9950476400697
2026-01-03 13:09:00,CYCLE_NORMAL_2,106.19664957003836,112.03611326152513,112.3258326276064,76.79999251945775,1.82778325146333,7.975390124905893,40.15384796885658,23.548864350805214,8.403091161430451,12.842706629546928,129.57983193277312,68.17253747160828,1125.0408366905447
2026-01-03 13:10:00,CYCLE_NORMAL_2,107.26206607834393,110.17372879422494,113.50189284054126,77.35295216678674,2.3068568627925785,7.376973112414789,40.56637287615197,23.961387298183826,8.816559909494266,12.842608293886668,130.58823529411765,68.1217615348252,1115.6352481247304
2026-01-03 13:11:00,CYCLE_NORMAL_2,107.58082877779145,111.18473478391044,115.36485056543374,77.795264607174,2.3512694737024966,8.045376523581234,41.387064433519285,23.90284827658176,7.421597251106022,12.844221451387627,131.5966386554622,68.7944532266541,1120.3596699252078
2026-01-03 13:12:00,CYCLE_NORMAL_2,110.67058306332528,114.16794120072133,117.08473312798976,85.24756132407808,1.9609282735843407,7.935400845104829,41.28440661415087,24.32981388141038,7.279955643089186,12.845774173993284,132.60504201680672,67.60850596969557,1119.0895111422697
2026-01-03 13:13:00,CYCLE_NORMAL_2,112.50213507325576,114.22535462643172,119.36944159768855,84.65994993790795,2.0885344784122304,6.728740483844719,40.04802099841239,24.16142582514819,8.148610027665798,12.846716146125877,133.61344537815125,66.58022519057971,1118.2455066032835
2026-01-03 13:14:00,CYCLE_NORMAL_2,111.83751433107895,115.93583934526983,118.07377415648651,80.73176296165401,1.815354480877456,7.296912406866353,42.16066277392262,24.21699225400981,9.639693519663037,12.846918563913167,134.6218487394958,67.06104045658562,1114.0617973772457
2026-01-03 13:15:00,CYCLE_NORMAL_2,116.53618608970703,116.13143243005962,121.19581982743044,86.73586770862568,1.5626577187947286,6.557124878157923,40.65032335611232,24.15356714597141,6.116272327483629,12.847436533340717,135.63025210084032,67.06436137449938,1113.1170723241162
2026-01-03 13:16:00,CYCLE_NORMAL_2,117.36728392384353,119.43553804068328,122.77325193792862,85.930334414542,2.6331401615010086,7.828048469477845,40.80999426752133,24.080198614030255,5.468907375714586,12.847807171639362,136.6386554621849,66.1486496893387,1108.664261271215
2026-01-03 13:17:00,CYCLE_NORMAL_2,117.55002233130325,118.33534829924997,122.93433383219791,85.95754895938306,1.4209009436454676,8.537006822673,40.72723494423545,24.622775931844014,7.242051166433397,12.847640244845708,137.6470588235294,67.5431747897647,1103.1802794284467
2026-01-03 13:18:00,CYCLE_NORMAL_2,116.76550365316008,121.37784143097142,124.88980311664578,85.12734171695514,1.5879033668855085,7.054671022285998,41.15785184560109,24.625217563689787,8.390174416236919,12.847235875036267,138.65546218487395,66.10596628642848,1098.8976038642563
2026-01-03 13:19:00,CYCLE_NORMAL_2,120.076601283345,122.86815071381129,125.83437399746158,86.4492051238867,2.6985856220941127,7.338856590103318,41.10057163498538,24.71414429028896,7.323164839475757,12.848358242981568,139.6638655462185,66.9456998497463,1099.7883253052996
2026-01-03 13:20:00,CYCLE_NORMAL_2,121.28462816984178,123.75634129039396,130.1432296946597,89.70783450566425,2.1856568903086973,7.91813106636341,41.199229010916916,24.602823655098533,6.03747861676571,12.847062615432673,140.67226890756302,66.00842348589121,1095.2542229174646
2026-01-03 13:21:00,CYCLE_NORMAL_2,122.91338453522751,123.56394049337152,129.17342143229465,86.534065976386,1.8639062001424949,7.468123485573286,40.32815945803676,24.777568999973624,7.260048525764713,12.848549973709922,141.68067226890756,67.14004680550129,1095.3194428692073
2026-01-03 13:22:00,CYCLE_NORMAL_2,125.55749896631389,124.94805119370353,131.0240813033532,90.16663934669275,2.4275001649570456,7.465663616466604,41.9687127377533,25.048970499743724,5.36589358989923,12.848274530903174,142.6890756302521,66.0804105460689,1091.3098029104199
2026-01-03 13:23:00,CYCLE_NORMAL_2,124.78911660982715,127.56321192069427,131.60017098573312,91.10519598047743,2.47561347080539,8.27079705308658,42.11402901665573,25.17121244191261,7.603424123489014,12.846960477398476,143.69747899159665,65.8108643407745,1092.4326265712646
2026-01-03 13:24:00,CYCLE_NORMAL_2,128.80902100675488,130.49848950568247,132.77606763166705,94.31246870813096,1.8649001888086179,7.75255227771354,43.405467572147096,24.82312920622806,6.532113632961254,12.84641497254078,144.70588235294116,66.1464801645048,1088.431114215476
2026-01-03 13:25:00,CYCLE_NORMAL_2,128.19077796216138,131.59134924736588,133.2239028862602,91.57694196266445,2.1258606727734133,7.256637556301009,42.43466174145648,25.016187528756863,6.690408892578316,12.845540564653687,145.71428571428572,65.21063547202533,1087.5042630593148
2026-01-03 13:26:00,CYCLE_NORMAL_2,128.70576057197624,132.61792728550574,137.54082539910684,96.1715252219769,2.5695964481873466,6.956142054971449,41.928937344471635,24.948914071888094,7.133615270461202,12.844964890301585,146.72268907563026,65.83399172434206,1084.9628162040226
2026-01-03 13:27:00,CYCLE_NORMAL_2,133.28491266661834,132.96915383534966,138.57778501544655,93.1197779283816,2.0826593685258277,9.104203885031865,41.590495382663846,25.351177252266574,6.86906820078134,12.844370936782896,147.7310924369748,65.13731694808595,1079.9535767326972
2026-01-03 13:28:00,CYCLE_NORMAL_2,132.75287393439567,135.83302898655154,138.72902125437713,97.96443804327588,2.433388617382469,8.564154527281335,42.337192107313726,25.571825645613924,5.9965454704859535,12.843737242011521,148.73949579831933,64.91278311030841,1077.6779151245164
2026-01-03 13:29:00,CYCLE_NORMAL_2,132.56266662582348,134.65784548985908,139.44457007316237,95.2283930834452,2.797191555069546,7.774183326968991,42.748225330274195,25.423248493228773,7.57892612753459,12.843429284943381,149.74789915966386,64.9982324515807,1077.6366700541257
2026-01-03 13:30:00,CYCLE_NORMAL_2,134.56075083270906,135.33383154712695,142.1755811576775,98.57609171524113,1.6730108530586734,8.043929005831968,42.261016038492606,25.43045388388409,7.289244724227094,12.843364511611322,150.7563025210084,64.32911436183859,1082.8929994201756
2026-01-03 13:31:00,CYCLE_NORMAL_2,136.57331418799967,139.31101536698287,142.79713172755118,99.63393425712194,2.3093902100837247,7.7557344689515055,42.683668439338554,25.579998452768354,4.559890541556423,12.844128371246502,151.76470588235293,64.61043651064784,1066.6317107063753
2026-01-03 13:32:00,CYCLE_NORMAL_2,136.98134496543273,140.340449874792,144.56259378188324,100.3718976608845,2.5112639088139446,8.255228365395626,43.86950489341008,26.192355099970086,6.041261273874574,12.843883418614515,152.7731092436975,64.70755764961172,1068.2342328427142
2026-01-03 13:33:00,CYCLE_NORMAL_2,138.67441127622993,143.60452739055296,144.74744989985254,100.25208949837244,1.9161666968220197,7.57289281614106,42.58465997419667,26.053511670404877,5.060031103209337,12.844209439421142,153.781512605042,63.215377199800784,1060.763385098499
2026-01-03 13:34:00,CYCLE_NORMAL_2,138.8844211447816,143.97131266917097,147.95888229928784,100.34777400826563,2.315906498890646,7.728413391761588,41.767094330990055,26.045359098411478,4.83140020527489,12.844216970733191,154.78991596638656,64.74733443703771,1062.941560685802
2026-01-03 13:35:00,CYCLE_NORMAL_2,139.19417566800828,147.1556248103109,149.41747961403092,101.72442876048403,2.809147912570275,8.227700420097248,43.507285349745786,26.047206856427458,6.509106707950897,12.844757551503683,155.7983193277311,64.4416025104421,1057.8079580660549
2026-01-03 13:36:00,CYCLE_NORMAL_2,142.69545592807233,145.90989465834411,151.8814202018663,106.43374741506972,2.305512178065909,8.726929552223204,43.25581975824534,26.064678597832494,5.56271431037941,12.84480422684334,156.80672268907563,62.93825763120421,1057.5035676331022
2026-01-03 13:37:00,CYCLE_NORMAL_2,144.0871297632506,148.5448897930728,151.82153982755375,104.21885018145204,2.092517195284693,8.370707547331053,42.125865297446936,25.969934071382603,5.7319688538793905,12.844157405068023,157.81512605042016,62.69226284375232,1056.083426209741
2026-01-03 13:38:00,CYCLE_NORMAL_2,145.90298352224985,149.05104079041502,153.0368317064025,105.90076157681362,2.8980730763604434,8.616956938795465,43.49188032401283,26.02295603278545,5.1613403754745875,12.843239205415381,158.8235294117647,63.95036507750648,1050.9836120208925
2026-01-03 13:39:00,CYCLE_NORMAL_2,145.9303559996539,152.4048473171387,153.00367060884065,103.80344284917457,2.713182440832239,7.84379133124441,42.72060960160979,26.205745595789793,6.07584895302191,12.843449435013886,159.83193277310926,63.743603992073155,1043.2851333624774
2026-01-03 13:40:00,CYCLE_NORMAL_2,146.3644621305334,151.8949334141,157.62761375535072,109.9377169273103,2.5801834486830675,7.688494796311528,43.66815478595646,26.212605368577407,6.370127055965866,12.844722813503786,160.84033613445376,63.50479468792007,1053.6013023724768
2026-01-03 13:41:00,CYCLE_NORMAL_2,148.16608155608628,154.55809238929135,158.81252532631814,107.59257660267778,2.5923311913633915,7.030809430459038,44.63175306350577,26.365832365579223,7.758664370140101,12.844493688876778,161.84873949579833,62.31174818228246,1048.7352591797014
2026-01-03 13:42:00,CYCLE_NORMAL_2,151.9425750637918,153.632671798155,159.21030068527216,111.73099584937161,2.9513418841886256,8.036099178670641,43.46524697082263,26.551049446204658,5.405140603987701,12.843792825222948,162.85714285714286,63.7714639690146,1042.3349059414995
2026-01-03 13:43:00,CYCLE_NORMAL_2,151.22722461673578,155.82056968629308,159.01541425928175,108.5484938941502,2.7522240437212564,8.18952351567822,44.30542490429585,26.65040186716136,4.049015434728,12.843536654547677,163.8655462184874,62.31157519684434,1036.7572024609394
2026-01-03 13:44:00,CYCLE_NORMAL_2,152.84800464422125,157.61098306620616,160.58773605654665,112.77221757322552,2.878557593460395,7.849997302136397,43.0024034076079,26.615419543242435,4.91688840529439,12.842975260036775,164.87394957983193,62.64074667387047,1038.1552244115521
2026-01-03 13:45:00,CYCLE_NORMAL_2,154.35494918638932,160.62094651094202,162.82331834846948,112.7213568425761,2.4981124344990513,7.611649336950133,42.9118779239621,26.922571322692747,6.159627130270906,12.842308279517663,165.88235294117646,62.47883068739001,1036.7380729472245
2026-01-03 13:46:00,CYCLE_NORMAL_2,155.33805769564339,157.86123143624457,166.0727932827609,113.80260886519437,2.1516842536604974,8.621701719921566,45.117985308647484,26.86976175078041,4.586113502833303,12.840864684936163,166.890756302521,62.98133952597851,1035.853156506736
2026-01-03 13:47:00,CYCLE_NORMAL_2,156.60067974154904,161.49169273218686,166.69760456354507,117.57438710435433,2.9344732697264018,8.315902138598327,44.17628564678927,27.0345363648911,3.7531092381815383,12.8406202766499,167.89915966386553,62.079390372660946,1033.7009894979394
2026-01-03 13:48:00,CYCLE_NORMAL_2,157.73852809282874,162.84410021867657,165.9918477437312,114.85301298374912,3.099185939525065,8.656412725259505,44.45763221679765,26.92671217511413,4.421194931499567,12.840856053803744,168.9075630252101,62.05666017363558,1031.9337976582224
2026-01-03 13:49:00,CYCLE_NORMAL_2,161.81600789567207,162.18451844598363,169.7036076370438,117.06666694484095,2.7225473760848096,7.523210452491898,44.85087724725345,27.29823837644822,4.629703210976029,12.839774149646546,169.9159663865546,61.64210933018052,1018.2466452756335
2026-01-03 13:50:00,CYCLE_NORMAL_2,162.30268446200262,165.51305406242827,169.6462544136527,119.0145194882064,3.0772513448859535,7.645882936725989,43.927008593112824,27.136728258941282,3.9685977459503072,12.838895809896279,170.92436974789916,60.91430534766095,1021.4705027741675
2026-01-03 13:51:00,CYCLE_NORMAL_2,164.33529220557227,165.61410672036246,171.46125260597742,116.73329709684343,2.7313689351561687,8.601588621625798,44.822800908294575,27.649441939784708,5.2396200447715255,12.83794774790179,171.9327731092437,60.18520751690755,1024.1404705093373
2026-01-03 13:52:00,CYCLE_NORMAL_2,165.9284586213459,166.05912140661468,174.68866986195226,117.17728881125075,2.8257314280750467,7.976326460122104,44.81589120326765,27.36676643506412,4.905445905636398,12.836561069934744,172.94117647058823,61.19276052563228,1013.9525320129775
2026-01-03 13:53:00,CYCLE_NORMAL_2,162.7207387924742,169.93415248853273,175.87586611659742,122.87680714345503,3.3996782163481143,7.715447944160722,43.71891542685832,27.47686150702883,5.652523767922377,12.835605477831106,173.94957983193277,60.30222181608715,1020.0031207288948
2026-01-03 13:54:00,CYCLE_NORMAL_2,167.30408375562834,171.28656404023002,177.70365804458515,121.57817136988804,2.8075019670813486,7.75024248811858,45.48762311962072,27.698549630041555,4.35835783223558,12.835407621402279,174.9579831932773,61.01542474211072,1019.8465524773598
2026-01-03 13:55:00,CYCLE_NORMAL_2,167.53986746031757,172.74100418811105,177.79885493142783,124.21728396941269,2.810795568788604,7.994459736932848,45.447981855806205,27.826235584909487,5.30182995439193,12.834065563596234,175.96638655462186,60.7466439511551,1014.849050891282
2026-01-03 13:56:00,CYCLE_NORMAL_2,170.93479703002046,174.73138868520778,180.32092159290252,124.8859699882665,2.375980932953772,8.501475907917705,43.97766881624123,27.93181789570213,4.1791308914561425,12.833928021128768,176.97478991596637,60.56641852869595,1010.2093868384969
2026-01-03 13:57:00,CYCLE_NORMAL_2,170.05620364870626,174.7656929047409,179.99260557608164,122.75837941795963,3.1650051412716085,7.9197435739542055,44.952104637986324,28.187050379712037,3.5156044500122823,12.833224554336308,177.98319327731093,59.80967214405028,1003.2519918972713
2026-01-03 13:58:00,CYCLE_NORMAL_2,171.03233302076177,179.36300661119998,181.82156694020517,126.5676353997384,2.7660391870023635,8.395266415088889,44.77731854440685,28.04834349123543,3.9718310884269696,12.832295572277488,178.99159663865547,60.68633926507144,1003.6475476183527
2026-01-03 13:59:00,CYCLE_NORMAL_2,171.9278013314154,178.56703688777463,183.17377116158002,125.91948905323471,3.044167503303808,8.233688888423025,45.850984481955564,27.986602702231057,2.889681464652985,12.832672781093862,180.0,60.23738554861481,994.6156214051175
2026-01-03 14:00:00,CYCLE_NORMAL_2,174.6367901068254,181.54371655567374,185.02863802186937,126.34525892359221,2.9054882737701844,7.560830479909513,27.153632796328832,21.894070816919637,6.205029664982347,12.832032655488547,180.0,49.409150108467706,996.875557341633
2026-01-03 14:01:00,CYCLE_NORMAL_2,177.66586126404877,179.55204785922834,185.0241376454403,126.83621033630438,2.8662621853524173,7.560435316006439,30.2033361509913,22.00464944306845,5.058364281394815,12.83156264162248,180.0,51.073543296404694,997.7850931169289
2026-01-03 14:02:00,CYCLE_NORMAL_2,178.42607602249996,182.11723978215613,187.84866947851833,127.48142148530249,2.964681153041507,7.7748667040342605,27.979079177910304,22.35962853669412,4.502598450204159,12.83286064843248,180.0,49.9731409277667,1001.5044354888653
2026-01-03 14:03:00,CYCLE_NORMAL_2,178.19207699746084,185.45883268167728,191.3772436774467,132.59083289548894,2.9877442981321773,7.331581172668866,28.568710136021227,21.81683219607036,5.26580615471245,12.831940592798738,180.0,49.450655573838645,1000.3159364829745
2026-01-03 14:04:00,CYCLE_NORMAL_2,183.68424055457123,185.82917251532345,189.79001585196326,130.53404368509769,3.3528237178905673,7.742930572100303,29.00000161411848,21.961809172157608,3.6107922858721806,12.83350646734633,180.0,49.77787780325973,1003.5589390502323
2026-01-03 14:05:00,CYCLE_NORMAL_2,183.27944636738988,186.21218473515245,190.90481446170196,132.4374817174873,3.4560635570077736,8.756716708365692,28.09174421906969,22.113178950116573,7.907271285709532,12.833158676217279,180.0,49.441853648012035,1006.6514646740856
2026-01-03 14:06:00,CYCLE_NORMAL_2,184.7496709232963,186.61042290601418,192.3183527911924,133.2149609318817,3.195214530732476,7.984304832086315,28.182196946760087,22.021853919910484,8.214852478511347,12.832022541584406,180.0,50.915245712391666,1000.9285210002738
2026-01-03 14:07:00,CYCLE_NORMAL_2,186.5789936882001,190.91680350207133,198.23119042827244,135.60166876701035,3.381466774041257,7.616773666956274,27.99125425221935,22.13787359440843,7.244621567300963,12.831468593243343,180.0,50.81497506297682,1004.988696199406
2026-01-03 14:08:00,CYCLE_NORMAL_2,184.17891367580998,191.92909508809953,196.70499475920536,133.53023459772623,3.2562442412240147,8.95787232591024,27.80343199765059,22.612151194797338,7.819730962152061,12.831537368149966,180.0,50.68369238501475,1003.3567946406672
2026-01-03 14:09:00,CYCLE_NORMAL_2,186.04153394931876,192.42723974532728,196.81093645441456,139.952811386021,3.148384230580746,7.534691340136898,28.53954874194969,22.222522354257713,6.608157229302091,12.832791872009807,180.0,50.62870588058225,1006.4071487737396
2026-01-03 14:10:00,CYCLE_NORMAL_2,188.9779946850757,192.3952936278235,198.07236555237634,137.213701467601,3.4365428805880334,7.519058516597306,28.33695384496564,22.39566279694335,7.0724157369482565,12.833590696818371,180.0,51.016466559047416,1009.0163981889065
2026-01-03 14:11:00,CYCLE_NORMAL_2,187.73029587101325,192.36747383148327,198.9763491437352,140.33161083884679,2.607457610722403,8.61474284090335,28.154124082976168,22.012836356712448,6.95760932926563,12.833654603668206,180.0,50.310434722778645,1010.5811721929408
2026-01-03 14:12:00,CYCLE_NORMAL_2,188.93583157772125,194.20226989655126,198.49730777355205,139.261299187702,2.794661339625229,8.33065902980016,28.230754565436996,22.1550765189382,8.79371699581705,12.834914559649695,180.0,50.6818726383321,1010.2012104910305
2026-01-03 14:13:00,CYCLE_NORMAL_2,189.57892522760955,193.09383168663263,199.0515539125562,137.43344548381174,2.753729541943172,7.934970573736807,28.888602362073105,22.59312963491161,10.442681284671181,12.833033522601827,180.0,50.10367651378325,1009.7988768617743
2026-01-03 14:14:00,CYCLE_NORMAL_2,188.3849419641682,194.0159275338466,199.7286086718817,138.37992302016988,2.9095836250081626,8.415954449994581,28.10579399663932,22.77116333514717,9.326745766511692,12.833282964131888,180.0,50.47194727923466,1003.0841286216665
2026-01-03 14:15:00,CYCLE_NORMAL_2,189.56701938143962,196.51350069767946,199.13029389411813,138.18458822193165,3.2057701074252885,8.150300000614584,28.477558999125588,22.512735405922015,10.300191288338963,12.833592903858513,180.0,50.81272557387288,1005.0610041842303
2026-01-03 14:16:00,CYCLE_NORMAL_2,191.0152322913463,192.6968255147664,199.4415069020987,141.1114146732549,2.6654689643439755,7.406903792130587,29.206275421937875,22.438071699408084,11.48924096435666,12.833915046326092,180.0,49.086094755933225,1006.7094116837642
2026-01-03 14:17:00,CYCLE_NORMAL_2,190.54755867878848,195.4852474032875,200.09592390380348,139.8796424863753,3.1508397590433317,6.801207646492847,28.85667424331991,22.6292501009829,9.09808287811819,12.832304895160103,180.0,50.355751304815406,1012.0595652464051
2026-01-03 14:18:00,CYCLE_NORMAL_2,190.60146533878827,196.0588828861663,198.06926392888317,136.31740584266458,2.8238817244787286,7.716327424146355,28.119789698527732,22.041189999129703,12.889555731025034,12.831287982758425,180.0,50.78699972957501,1006.0788592255813
2026-01-03 14:19:00,CYCLE_NORMAL_2,189.91503291318799,194.6826935278982,201.83512116977644,140.0239998351873,2.895880784043917,8.542462417949139,28.776306720268323,22.63707176126292,12.628758745109101,12.831121508336267,180.0,50.70460413651393,1013.209529735419
2026-01-03 14:20:00,CYCLE_NORMAL_2,188.4774297676097,193.46823651087837,198.89416898983,138.86987892167835,3.060124699030157,7.785764955826693,29.09385973595682,22.412502597890636,12.404781194527017,12.83223629984123,180.0,50.55597416232839,1013.5325784775962
2026-01-03 14:21:00,CYCLE_NORMAL_2,187.52726911359585,191.57896750021888,195.61115322940904,133.95224606985676,3.5043744417184497,8.230048599174623,29.466136280327916,22.810922362169553,13.276981478122655,12.834151564336945,180.0,51.11551020224805,1005.3458380617138
2026-01-03 14:22:00,CYCLE_NORMAL_2,186.45116929428883,190.37210671684008,193.17368817124017,134.95442790553346,2.7862958843237617,8.092242724222533,28.460176280395682,22.243920057157123,13.746234633428111,12.833487129085363,180.0,50.50578931479302,1009.3506409195692
2026-01-03 14:23:00,CYCLE_NORMAL_2,184.2845024946781,187.33920205610687,194.21195515321753,136.47748414277905,2.9759719819519694,7.153249852692801,28.61901599669364,22.586872960993084,13.612045003069442,12.832177282293392,180.0,50.287350012972695,1018.4875097541418
2026-01-03 14:24:00,CYCLE_NORMAL_2,182.5808451159224,188.86118680070788,194.6380115639158,133.15182415010435,2.6765324323208834,7.796802153146841,28.577663555427304,22.734408786320987,14.98939182053494,12.832993043729816,180.0,51.5287896260734,1017.7110298234709
2026-01-03 14:25:00,CYCLE_NORMAL_2,181.67248318465616,187.0173114615251,193.08856387334015,132.37060475665874,2.7834156850965837,8.179439665223288,28.64796406077501,22.620184249346178,13.576203433438844,12.835607413741117,180.0,51.49677587304924,1012.1275667173715
2026-01-03 14:26:00,CYCLE_NORMAL_2,180.70981446626806,185.26340835571875,190.9680314337187,133.8795982165065,2.6737975695226575,7.606426872247817,29.318682111879333,22.727262144480395,14.955695528262321,12.836714354374418,180.0,50.71436192798125,1011.9957452952582
2026-01-03 14:27:00,CYCLE_NORMAL_2,178.84826378193287,184.6111576809694,188.91352396225253,130.1983232771691,3.0734355263899715,7.818730921486024,29.472657902087107,23.012935731442766,16.201759060302617,12.835965721650425,180.0,51.01801151426318,1006.9380796220394
2026-01-03 14:28:00,CYCLE_NORMAL_2,178.6152734484471,183.19351873851198,187.03371771347608,128.18782313955026,3.1275926308466335,8.195873546048556,29.786669283507738,22.85670810503284,12.632391879181597,12.838826860943643,180.0,51.513711050661236,1023.2270985675535
2026-01-03 14:29:00,CYCLE_NORMAL_2,176.81020120829194,180.80525819217436,186.08482726368342,130.1915947408208,3.2061148040171483,8.03631499957149,29.141458223578883,22.704913535790215,16.283645106869145,12.83951366056411,180.0,51.151023497710895,1018.1066650090894
2026-01-03 14:30:00,CYCLE_NORMAL_2,175.37118819846427,181.93569694017214,183.78514403140687,128.2527888021322,2.7739050867280977,8.523454870462357,28.392874204632104,23.108391394913255,16.813468412878727,12.838722647350519,180.0,51.4323306227152,1026.0759158838778
2026-01-03 14:31:00,CYCLE_NORMAL_2,173.85376273008416,179.30879638592015,182.95341974353508,126.84403612970104,3.1523829235635077,8.191835456581739,29.67751933586676,22.999643912618733,14.926404523790158,12.840656949516857,180.0,51.443158701028565,1018.3708742099951
2026-01-03 14:32:00,CYCLE_NORMAL_2,173.31612136307507,177.95685890778157,183.478465760721,128.59744831553087,3.0339300234744053,7.522075000798991,29.410952793998884,23.036931663010005,17.361422927741454,12.839786957705458,180.0,51.08386432724687,1020.8623559998733
2026-01-03 14:33:00,CYCLE_NORMAL_2,170.35445761351127,175.2407817440085,179.43925732527651,126.03821303572062,2.982674250824602,7.761226643035232,29.390933368570767,22.828763884238537,16.852289658047322,12.839165869186797,180.0,51.53940886700568,1023.8894691004318
2026-01-03 14:34:00,CYCLE_NORMAL_2,170.10899367446456,174.5124332325764,179.6320078935254,124.1897190293745,2.6275731517476872,8.010148142113138,28.624246096300524,22.5264176179508,18.437685569670325,12.839892490009138,180.0,50.836893436814556,1027.4696935840327
2026-01-03 14:35:00,CYCLE_NORMAL_2,168.11990242957503,171.42515447928176,178.41610857558106,126.30833466233491,3.0459760497954345,8.669207538257021,29.315970280017996,22.883221982241405,18.558589982397557,12.839867584691248,180.0,51.55433940836465,1023.5061636066557
2026-01-03 14:36:00,CYCLE_NORMAL_2,167.53878145957503,171.9827314639133,174.8876996333698,123.69413694743017,3.0554869859733493,7.763237184858847,28.75630533906328,22.891215701020236,17.982942891261825,12.839904591823252,180.0,51.35790670199031,1022.0971020328338
2026-01-03 14:37:00,CYCLE_NORMAL_2,166.90059670588101,169.71775777584062,173.9509946551457,117.7316888913764,3.0305185333626703,7.133715598800986,29.800542140341324,22.998298648788936,20.582351719234886,12.839943283324896,180.0,51.25226254768136,1022.7822778535694
2026-01-03 14:38:00,CYCLE_NORMAL_2,164.54480711381396,167.62644737582187,175.13555974222322,119.46110279014509,3.120015227183163,8.220283451745594,29.29212592858611,22.98057851835526,19.586775815181106,12.841057763250765,180.0,50.84683369142984,1019.0675927782985
2026-01-03 14:39:00,CYCLE_NORMAL_2,162.9892669839822,167.8374250789127,171.75382823679496,115.5300578483712,3.2083786977208293,7.622200875828001,29.276870924720388,23.199299532222724,20.577981786936242,12.838733372611054,180.0,51.573519430202076,1022.3013419706242
2026-01-03 14:40:00,CYCLE_NORMAL_2,162.1263883241654,166.65915410693356,171.94063604418045,118.39923558083693,2.670593007312684,7.357349340212516,28.704653282449783,23.380559679463428,22.0645211547646,12.83901788649694,180.0,51.56435011070296,1024.6090765230085
2026-01-03 14:41:00,CYCLE_NORMAL_2,160.73261883988678,169.08450132802608,173.7447987219632,117.8527048256127,2.9349911740714942,8.00940150641292,30.28138069085203,23.447050639341306,19.898905399789044,12.83872768311986,180.0,51.16256660483005,1030.504423036031
2026-01-03 14:42:00,CYCLE_NORMAL_2,160.12962567968142,166.2566253537486,171.90995096404635,117.3484392840682,3.154730280469273,8.486433820904152,29.54797838752268,23.426500375762124,21.43646255557441,12.837975187087329,180.0,50.82115118088135,1023.826584719979
2026-01-03 14:43:00,CYCLE_NORMAL_2,161.41032658496678,167.2234469499308,170.4300625310756,119.58393560001092,2.919481553737499,7.7130597301694905,29.793112859691963,23.106573839291425,21.14136513031836,12.837220050669396,180.0,50.834451891997126,1030.3644845442348
2026-01-03 14:44:00,CYCLE_NORMAL_2,158.92576721853885,166.43971609710638,171.09104825891342,115.3066980355806,3.2878270671185534,8.248286943591316,29.337246662324176,23.324716733567207,21.759083064065543,12.834582941000177,180.0,51.56665310644668,1026.35075870604
2026-01-03 14:45:00,CYCLE_NORMAL_2,161.93772716267466,165.045336719757,169.93289349762318,117.94835410964016,3.0270535490077695,8.340956831521217,28.825616962978195,23.6526001570815,24.650074928904196,12.833784522896575,180.0,51.88383410509836,1032.2136642227024
2026-01-03 14:46:00,CYCLE_NORMAL_2,159.90010366599105,164.54970852595983,171.30404976932005,118.38775758674532,2.4135232076629345,8.395898246833314,29.534208787573093,23.04903900024109,23.312785834813127,12.835074985621516,180.0,52.69236001604676,1030.5046520830833
2026-01-03 14:47:00,CYCLE_NORMAL_2,163.7622794607403,163.23951409155254,167.87226747137717,116.77050509704029,3.2518286757593082,7.6338638451906995,29.66727825681259,23.661835050105495,23.62492722525434,12.835907040499542,180.0,51.78147670991295,1030.7898273435487
2026-01-03 14:48:00,CYCLE_NORMAL_2,159.90241374337717,164.689019994775,170.56703305992275,117.99339826743376,2.964869031943401,7.439458971033307,30.102670708955767,23.218951705538956,23.966942469485137,12.835715658737149,180.0,51.02792973763416,1032.8205270860851
2026-01-03 14:49:00,CYCLE_NORMAL_2,161.59704483933737,167.09212228466603,168.7932102474496,113.72739979637426,2.469086750062414,7.507623447520702,29.750595567927082,23.502684816072488,23.886447317541304,12.834304403015308,180.0,51.773618772003275,1032.7868648620524
2026-01-03 14:50:00,CYCLE_NORMAL_2,161.58739981893532,166.64706248108857,172.20324516911163,117.73556304215516,2.9243130419139605,8.395487336061235,29.56899068418163,23.55202015412499,21.973700167689454,12.835126272787567,180.0,52.53909961108492,1034.2552535828154
2026-01-03 14:51:00,CYCLE_NORMAL_2,161.91304417452383,168.3157294752619,172.58133160644852,121.52119030761135,2.619490686415616,8.333696577335406,29.134162024716083,23.53274506495769,26.184353970430813,12.836436121199228,180.0,51.60824063469032,1039.0695407819846
2026-01-03 14:52:00,CYCLE_NORMAL_2,165.12938803889352,166.41649743622227,175.48570343380987,119.49123846616494,3.225939385678246,7.521424699649833,30.10118013474617,23.96552032307703,22.936885613827332,12.837470315870025,180.0,52.54504124187435,1037.5491994077836
2026-01-03 14:53:00,CYCLE_NORMAL_2,163.63637587133974,170.50725872353397,175.8172337469343,123.74485116186112,2.9892477059561506,9.066322013171819,29.62988706572419,23.484482652631577,25.91707745657544,12.836501590315038,180.0,52.10958033416122,1033.4830446664605
2026-01-03 14:54:00,CYCLE_NORMAL_2,165.3719318072438,172.49899908425203,175.55191599056482,119.24910994822962,2.7228763905594704,7.461818016706418,30.935791100175404,23.241330828242024,24.83473540291299,12.835636711634177,180.0,52.381012570285975,1030.3826202639252
2026-01-03 14:55:00,CYCLE_NORMAL_2,168.20358365069782,170.36909005223245,177.01254049210291,120.29687386964281,3.243254417088858,8.499732042350363,30.26864413686297,23.664849387877094,24.928973441027512,12.83729262289302,180.0,53.02272668678916,1034.144013259665
2026-01-03 14:56:00,CYCLE_NORMAL_2,169.79290332700222,174.3448270414911,179.35578619013867,122.68694967773047,3.1375576997988746,8.759832719602606,30.55082790099317,23.583631906978717,24.21994834964799,12.836083351851522,180.0,51.21026450414123,1025.4987100519666
2026-01-03 14:57:00,CYCLE_NORMAL_2,168.69448257890278,176.97698666870596,179.67767237331188,125.82051664458734,2.9292705788923925,8.054878802996683,30.099060311635018,23.752424631026226,27.068403592127776,12.836561565217039,180.0,52.612614999106185,1037.040949121132
2026-01-03 14:58:00,CYCLE_NORMAL_2,172.5793368999921,178.897428616941,181.84247729407218,125.08108180211447,2.6263207681390917,7.6151380782095845,30.403622444598472,23.841448716960375,25.08760842512626,12.834783829069965,180.0,52.15234529033892,1030.0026812827714
2026-01-03 14:59:00,CYCLE_NORMAL_2,173.58675294708476,177.82787416595562,185.012110728403,128.3127843253431,2.7472578619390218,7.626060986275827,29.782695499908563,23.681594085961667,24.884789553713468,12.834483513702592,180.0,51.76030283667879,1039.2467954444587
2026-01-03 15:00:00,CYCLE_NORMAL_2,173.89873197056616,180.93591641353385,184.00504377976355,127.3980392574807,2.7427626270881884,7.868954899818563,29.64420971376813,23.79862985095018,24.194962329208312,12.835068664103325,180.0,52.21963518023618,1043.1882712723113
2026-01-03 15:01:00,CYCLE_NORMAL_2,175.62126910661215,183.28367473302131,186.03071770986713,128.5783918323233,3.2239491609793167,8.540435389034016,30.393978146271596,23.762980850979417,24.028013099194006,12.835038698146183,180.0,53.15035734425308,1029.9697551271975
2026-01-03 15:02:00,CYCLE_NORMAL_2,175.67853364872832,183.60033303120287,187.74975654772723,131.5253232874706,2.495730814306732,7.400062093650076,30.760631452570145,24.115002413312066,24.93377460000639,12.835562611467239,180.0,53.007122061180695,1036.074729306912
2026-01-03 15:03:00,CYCLE_NORMAL_2,181.69618822898127,186.17734802242035,193.42494302704694,134.79542381070357,2.985829555031075,7.080616983793612,29.284141152574957,23.70472684244968,23.867951471681785,12.834336406391586,180.0,51.37392471875732,1032.5167718085088
2026-01-03 15:04:00,CYCLE_NORMAL_2,182.3195541441094,186.058015662131,191.83094084114558,131.1405957885029,2.924914682768374,8.181027495284653,30.185129026630815,23.663358522617795,25.725108091689517,12.833516404427089,180.0,52.02384851750066,1030.3556269609526
2026-01-03 15:05:00,CYCLE_NORMAL_2,180.9530259877861,187.97317697252493,193.85848200685737,133.35176282655198,3.310661705332625,8.29080637562954,31.622554828932387,23.998567749175777,24.389087758549625,12.833998222805588,180.0,52.91455332526946,1037.3339368581749
2026-01-03 15:06:00,CYCLE_NORMAL_2,184.77546799173723,188.07084771263243,194.73852963864115,137.4376712300595,3.0698209673025962,8.983984723399635,30.83723248999673,23.65794683032689,26.25342334670927,12.83469511094764,180.0,52.46642130327052,1040.7861075333155
2026-01-03 15:07:00,CYCLE_NORMAL_2,184.3481322826433,189.83943890617437,196.03943173456526,135.95324998015928,3.1605630855431004,7.3088405123666345,31.5044183711101,23.943284424676964,26.230911163910847,12.834914923800703,180.0,52.50232099577825,1041.7450629807133
2026-01-03 15:08:00,CYCLE_NORMAL_2,187.24494502578057,191.66763178601258,196.71546062695967,134.01847615255792,2.8423919988809945,7.932596694018881,30.23325544488727,23.851710621106427,25.18149651999614,12.835861981542362,180.0,51.76104385085553,1039.8209394896676
2026-01-03 15:09:00,CYCLE_NORMAL_2,186.5399666326333,191.29931172556928,197.57357795569513,134.49090451696213,2.6307005437484214,8.58091871606024,30.370504002297945,23.88584214062023,26.080773789134476,12.83420477360379,180.0,52.20619107027572,1033.0217836929648
2026-01-03 15:10:00,CYCLE_NORMAL_2,187.55435614263703,192.72207740899768,196.24948747140434,137.40558949351728,2.9023572072370523,8.060431083801365,31.256562417642137,24.413744031741505,26.163874172621657,12.833738575653443,180.0,51.93338995006278,1040.6413514313447
2026-01-03 15:11:00,CYCLE_NORMAL_2,188.3571651433298,194.61623028177516,199.13261933225053,138.83017138000136,3.2331487157779297,7.902280405469238,31.081616091957635,24.192973102902005,24.04065798944399,12.83556125942667,180.0,51.819236265830206,1034.6423661159774
2026-01-03 15:12:00,CYCLE_NORMAL_2,188.47702133443372,196.72891678423863,199.13583543355577,136.41421432591474,3.2324671893455306,8.394952748464771,30.681557678078942,24.170036987005435,27.173081913414062,12.836844728255663,180.0,52.050264983196215,1035.36487332349
2026-01-03 15:13:00,CYCLE_NORMAL_2,191.35133966128703,192.21288782102877,200.32676229442646,140.00386547958914,2.870823728665291,7.700305517896701,30.011063209920525,24.091090124714984,25.976175700920763,12.83747836642067,180.0,52.24815880459242,1037.5413108791984
2026-01-03 15:14:00,CYCLE_NORMAL_2,190.99606082222186,197.28972043131242,199.83279743055556,140.9565359152177,2.7417768586054327,8.425705420977074,31.492764539389608,23.865614637889156,26.47277936604367,12.837322999447316,180.0,52.36455735553661,1046.1790451963157
2026-01-03 15:15:00,CYCLE_NORMAL_2,190.13193824599995,194.6881538826927,200.91579715127358,141.21026742959137,2.682996262527844,7.373218403904862,32.33456401326282,24.074838823284914,27.04228666846908,12.838357815075666,180.0,52.3567863040678,1044.607428253919
2026-01-03 15:16:00,CYCLE_NORMAL_2,191.1473102273071,196.07570827335698,201.04574751590312,141.65367472307645,2.9590120191820315,7.240284148358551,29.91477100555316,24.157512986958693,23.84828742514928,12.838786956595326,180.0,53.320644925969454,1044.1587235694988
2026-01-03 15:17:00,CYCLE_NORMAL_2,187.71972795271256,196.06552525099718,196.1776219814322,136.8888844452888,3.0409653515158,7.863205990543835,31.72921240224311,24.098628580098943,25.881975039934062,12.83726951623072,180.0,52.38923715116114,1039.8551569625545
2026-01-03 15:18:00,CYCLE_NORMAL_2,187.79169721016606,196.14324387315597,198.74517636262814,137.21211185227557,3.4419574538927273,6.718355106551717,30.634893824091225,24.095439813458324,27.567264526302434,12.838265278677776,180.0,53.58811860630921,1042.1870161110792
2026-01-03 15:19:00,CYCLE_NORMAL_2,189.27264757946858,192.82962762696326,196.47431757757326,135.84805168388533,3.0369992272856625,8.04234981835645,30.74430715785605,24.014330240347473,27.43591828041073,12.837399235263455,180.0,52.665077982804675,1038.6853352025557
2026-01-03 15:20:00,CYCLE_NORMAL_2,188.87302492373604,192.72005548702523,198.27711452233697,137.35728639292648,3.1841297981421413,7.133719328647644,31.134362994432575,24.16551154369129,28.276700054172725,12.838158923513472,180.0,53.15852559133782,1050.045894836212
2026-01-03 15:21:00,CYCLE_NORMAL_2,187.47054397113112,192.07093959688072,196.77440486219942,135.03246931319404,2.7658596036287344,8.141210260283188,30.277130311037837,24.022371934196023,27.968206738647222,12.836542950724727,180.0,53.20617685520963,1053.7956962081087
2026-01-03 15:22:00,CYCLE_NORMAL_2,183.88793877206695,190.71825177116412,197.77416654686485,135.82003432980719,3.0125103014787373,8.092729719058473,31.005697155640394,24.28450127639758,29.492908770154468,12.838141970056828,180.0,52.55317941623302,1047.6460969953978
2026-01-03 15:23:00,CYCLE_NORMAL_2,183.7621576661776,191.61947226518984,195.28565268954392,136.8841122516222,3.0420235366610595,7.9660188069175915,30.08843193785727,23.75665430275056,28.446884036571458,12.837867073678026,180.0,52.86936647250615,1048.75477856212
2026-01-03 15:24:00,CYCLE_NORMAL_2,184.3166890241921,188.72458554317336,193.23414281263067,131.51267538791947,2.9578408416466866,8.218204333769046,31.36770246497008,24.447208099963802,30.368071882323797,12.836757737345804,180.0,52.8130633497947,1045.5949540097017
2026-01-03 15:25:00,CYCLE_NORMAL_2,185.41176674708953,185.55774280222997,193.6262858478147,131.9952176398244,2.993454360939022,8.102098734307043,32.448817068605784,23.928433519736082,28.625918132270954,12.836069232112735,180.0,53.281690102954585,1040.150948232785
2026-01-03 15:26:00,CYCLE_NORMAL_2,182.56254484420717,185.34143305936055,190.71920669674412,133.525741316468,3.037865540286032,7.853499698334364,30.75105493580516,23.99227706127347,29.709402699920602,12.83573238301542,180.0,53.0617910369696,1043.6457482770415
2026-01-03 15:27:00,CYCLE_NORMAL_2,181.52802007378918,182.741174883588,189.03765784855185,130.67465544074668,3.144311043928295,8.915503490238565,31.059374046527733,24.302111959158196,29.834605080603033,12.835726613298993,180.0,52.7825648402734,1045.5477625468075
2026-01-03 15:28:00,CYCLE_NORMAL_2,178.52634586889474,182.84466881823437,188.5910258598366,127.61555156640684,3.3507354130241285,8.196655346776222,31.114432766453135,24.342591926449092,31.00018013541022,12.837044758935333,180.0,53.2466490930731,1046.2507710394007
2026-01-03 15:29:00,CYCLE_NORMAL_2,176.96691612596203,182.3749865584963,188.50349261694214,130.12995712370181,2.320335662508087,8.385954043655438,31.80315105715906,24.664168724196802,30.603499894181763,12.83711490155181,180.0,53.387087365233874,1045.7074739971856
2026-01-03 15:30:00,CYCLE_NORMAL_2,173.7598174392927,179.21462799323558,186.0242622898878,128.0711344981118,3.334121254241606,8.536539871986296,31.47941139893087,24.321324537026875,31.34524987920236,12.834943984754087,180.0,54.172262580922215,1048.732032896783
2026-01-03 15:31:00,CYCLE_NORMAL_2,174.57425951464714,177.9484334934237,184.11239020932297,126.80132682758772,2.486757565104607,8.334074689521044,31.812718789125377,24.26717397351392,31.271464540426468,12.833714246241918,180.0,53.31106408260692,1045.5069913895852
2026-01-03 15:32:00,CYCLE_NORMAL_2,171.7935065946844,176.55160628692778,185.1824628779596,128.64793961180268,3.0926288463110256,9.031416459462402,30.980855635413395,24.32636280726086,31.940896910259283,12.836471781034335,180.0,53.31156350002252,1057.939849030501
2026-01-03 15:33:00,CYCLE_NORMAL_2,171.19602393493224,175.53363607697807,179.4858530407444,122.39682940946186,3.706688690726542,8.083003442410599,31.568463699990126,24.618677170672232,32.75798792632262,12.836607169829998,180.0,53.550113139753,1044.1633383964888
2026-01-03 15:34:00,CYCLE_NORMAL_2,168.93577397732014,174.51824968822567,177.9932889495325,123.2561531411303,2.9872379134722653,7.99651932708197,29.311001523078883,24.797573015219022,31.11501420504266,12.837557959944007,180.0,52.89036138621744,1053.5245126186962
2026-01-03 15:35:00,CYCLE_NORMAL_2,167.8349421097009,173.46870651352248,177.67468337652772,122.57985843162673,3.0540057418243927,7.675213956096693,31.755159814975116,24.28748115493883,31.210321954616813,12.837249613804515,180.0,52.53124892714696,1049.2728152360778
2026-01-03 15:36:00,CYCLE_NORMAL_2,166.07794747605456,173.88984159513674,178.0012528765386,122.86911904537197,2.90692208582386,7.871863031720009,30.646636076730903,24.444376839375952,33.700732362109335,12.836245002490307,180.0,53.26668448378304,1052.5108679111684
2026-01-03 15:37:00,CYCLE_NORMAL_2,165.23259054200466,170.11123602181726,173.83301773306366,117.79476909728064,3.200178704179481,7.634387715474419,31.2030144430475,24.331956807235578,31.716890528253877,12.835763720267925,180.0,53.987305750161056,1053.0260210479225
2026-01-03 15:38:00,CYCLE_NORMAL_2,165.05291948689342,169.73577928261477,175.9583147349148,120.75103769502715,3.1086625657919225,8.33860595650077,31.86860770582855,24.33862307148139,34.56001499833318,12.835892046351983,180.0,54.09633983954592,1051.950028530113
2026-01-03 15:39:00,CYCLE_NORMAL_2,161.3452696494927,165.95967698716186,171.13779809708572,118.35723318737689,2.797185826566279,7.5438418763406805,30.521314208443833,24.743555887259816,35.243593657620266,12.835431810014757,180.0,52.567964775988536,1047.1110386298383
2026-01-03 15:40:00,CYCLE_NORMAL_2,160.2181120316553,166.5545993605548,171.864157282368,119.36974276449756,2.9656940834445535,8.036896084949063,32.11776129407097,24.192494945965187,36.260682154650354,12.837350277781287,180.0,53.86857364617947,1050.633365225586
2026-01-03 15:41:00,CYCLE_NORMAL_2,161.80785562852768,165.9723178632065,171.50497693416338,121.36851041618776,2.6644690488668363,8.279773467151188,31.410272357707523,23.920305120089942,35.354154540133784,12.83673402498706,180.0,52.470793593712195,1052.9492097560087
2026-01-03 15:42:00,CYCLE_NORMAL_2,162.46284141306182,164.51337438878818,169.67499395599123,118.89959547086299,2.9643175736303053,8.07516194329761,32.3770960119478,24.459793344352754,38.06344030532581,12.83567918937681,180.0,53.82022176623224,1053.0041361437684
2026-01-03 15:43:00,CYCLE_NORMAL_2,162.35907952915423,164.68459471135188,169.58230475107428,118.31586234341412,2.874188343924979,7.5520425622150364,30.983507312838498,24.645270484717628,37.513810400728616,12.836487992136512,180.0,53.81752855239057,1048.7856792247715
2026-01-03 15:44:00,CYCLE_NORMAL_2,158.6128793082238,164.95318990828915,171.0381281446787,119.77011456422743,3.040962285477215,8.349472457002992,30.457141682316692,24.45743342233339,35.305976623784694,12.837419994640356,180.0,52.78285312234929,1058.337064590039
2026-01-03 15:45:00,CYCLE_NORMAL_2,159.51655139751716,164.39440395100223,171.72986689101347,117.92317582987013,2.7870258308574183,7.957330145732026,31.54665806755065,24.521898613063183,36.83849729428497,12.837449971761895,180.0,54.17163561874427,1043.4860977476312
2026-01-03 15:46:00,CYCLE_NORMAL_2,158.307113264142,168.20437259488168,167.54463913448066,118.22651075903795,2.93567049297414,6.563643891776775,31.935092681666,24.579558008512063,38.146491600008716,12.836847828139355,180.0,54.57007342553851,1052.7422060633062
2026-01-03 15:47:00,CYCLE_NORMAL_2,159.66705203732835,165.94251639888617,170.54406965154408,119.42820529904168,3.0026318325564434,7.508324154708307,32.003837248894904,24.458499396648367,36.53655722187617,12.834947169325181,180.0,53.69323011745687,1050.333851263389
2026-01-03 15:48:00,CYCLE_NORMAL_2,162.08156996963194,168.1353795422039,170.59818157123374,117.47241867365967,3.023525309386997,8.700566118201367,30.93801532830774,24.55443183361015,36.97073114008148,12.836167890847626,180.0,53.82105528564078,1055.018284813398
2026-01-03 15:49:00,CYCLE_NORMAL_2,161.28134799509087,168.08799954996175,171.4256937621097,121.36226653202391,3.0822851147117527,8.742160920757343,30.662164594116327,24.557560010691347,38.63125354675976,12.837036451757548,180.0,54.51596716291937,1058.6210699668418
2026-01-03 15:50:00,CYCLE_NORMAL_2,161.56097004768486,166.24252358309295,171.62949917249398,119.30077302438445,2.947749700415704,8.2630556050326,31.466787446229468,24.063997207373824,37.227400524880125,12.836596563437798,180.0,53.23886381095617,1049.1848514138478
2026-01-03 15:51:00,CYCLE_NORMAL_2,163.51884799206923,167.90981764527956,171.3161607209082,122.04116905940249,2.763991902320491,8.392034488479165,31.98088489702128,24.48418421506897,38.770831086622486,12.836656135916229,180.0,53.276877338653996,1064.4796984701925
2026-01-03 15:52:00,CYCLE_NORMAL_2,162.89876511006773,168.3310380725496,175.70358399149265,121.52655934325608,3.024621981794873,7.610853009371068,31.966924675617793,24.15215829392777,36.8508976938827,12.836429458733706,180.0,53.43287446191935,1056.1191836431415
2026-01-03 15:53:00,CYCLE_NORMAL_2,166.87461494247535,169.76885359347352,176.35423642261395,121.18312748454302,2.9463426523212712,7.86992779063047,32.646758141123264,24.4639950608233,34.7929411957026,12.838058188974992,180.0,53.89601976801667,1057.0791310489815
2026-01-03 15:54:00,CYCLE_NORMAL_2,166.19196318230266,170.0115008125864,176.05843418893664,120.60962831623044,3.307393692632163,8.61768330022982,31.495032822702555,24.377097374473742,39.05259837095232,12.837020270672038,180.0,53.91935995882289,1050.0275718119055
2026-01-03 15:55:00,CYCLE_NORMAL_2,167.01784690844812,171.97015760499573,176.914024145032,121.8217751339354,3.345222450273108,8.212957621281037,30.627383843053995,24.68708900415976,38.0808424626709,12.836400209178018,180.0,53.6499395167636,1055.8285568364981
2026-01-03 15:56:00,CYCLE_NORMAL_2,169.60316943561773,174.33037301170287,178.16762159905593,122.57572488177894,2.5883758693688934,8.032474191943527,32.46712782093811,24.53291082814202,37.88883495656823,12.835683482938954,180.0,53.80053485614968,1060.123618655585
2026-01-03 15:57:00,CYCLE_NORMAL_2,171.49188847662901,175.7644915527064,177.2619612145984,125.12494477496152,3.185146364525325,7.906595728553491,31.880640264283354,24.582016111670896,36.205971940921124,12.835993644225397,180.0,53.704937649462174,1057.2925324261282
2026-01-03 15:58:00,CYCLE_NORMAL_2,173.79649492591267,177.1854090359931,182.30590872725645,126.29426267205257,3.2453232483269723,8.587236000617354,31.94681822725047,24.452043879265478,36.20133679566704,12.836049773679095,180.0,53.752523286745145,1057.2233645091567
2026-01-03 15:59:00,CYCLE_NORMAL_2,173.18011036347536,178.3604632611249,184.36846135934857,124.9586362933194,2.596250611240758,8.561016076775074,32.251327875302295,24.703333503172807,38.32520543636082,12.836249841842557,180.0,53.637617446211124,1056.6586663258618
2026-01-03 16:00:00,CYCLE_NORMAL_2,176.30326782723242,181.03289091028427,185.16548253933166,128.60601204452482,3.173841845673814,8.32483587538438,32.562412219401814,24.175601752966134,37.099605731663225,12.835369234717016,180.0,53.66486510263764,1051.5513906110555
2026-01-03 16:01:00,CYCLE_NORMAL_2,176.6893808832948,181.25947531772056,186.4643232274951,129.24705447228197,3.26878647532989,8.03313753304128,31.803149323574985,24.317741901090777,36.87141189696374,12.836854131547426,180.0,53.067570330040134,1051.7195850267228
2026-01-03 16:02:00,CYCLE_NORMAL_2,177.38501933709796,184.78853816998034,188.2787355724503,129.45814603365886,2.7151060086364227,7.821621757116606,32.53520897012511,24.755485105923235,36.73334383268305,12.836400086440205,180.0,53.97891103993613,1062.116478358487
2026-01-03 16:03:00,CYCLE_NORMAL_2,178.70308108081915,182.41813784720316,188.61138373871512,130.9431112513926,2.9290975130636885,8.346506859842357,32.17245650119284,24.412080773381813,38.6281210458327,12.837587676389601,180.0,53.13541292899566,1061.146767964389
2026-01-03 16:04:00,CYCLE_NORMAL_2,179.78466951377737,186.8892228749079,190.50158337329256,131.67740713268418,3.0558959807460666,7.44904507751276,31.459300832405834,24.070636209475364,37.19011749821092,12.840726790386883,180.0,54.51068243072652,1061.9108386977287
2026-01-03 16:05:00,CYCLE_NORMAL_2,181.60996720133303,188.0860453346968,192.30040036612138,133.9573633326316,3.1711374180297836,7.552715076206729,31.723760221855166,24.790528255322776,35.94000290658047,12.839853454333069,180.0,53.87738913944015,1054.6642694021257
2026-01-03 16:06:00,CYCLE_NORMAL_2,185.1556267304992,188.00729891568523,194.65279067410495,135.69484728835744,2.703468176865719,7.27445431960753,32.244379058553626,24.7151898247815,35.19070170844809,12.84019583923294,180.0,54.11933201748319,1057.4847186230422
2026-01-03 16:07:00,CYCLE_NORMAL_2,185.88501061752612,189.61068186315654,196.691589143337,136.6104799060629,3.3471020093446837,8.617614888996563,31.459242261092207,24.641404354530398,37.05327531014249,12.840064235594683,180.0,54.01386295311873,1063.1952575385826
2026-01-03 16:08:00,CYCLE_NORMAL_2,184.65771839503054,191.70492150909172,195.87219497059334,133.48008113742583,2.3911955609803193,7.639666687935327,32.426191072774515,24.517104882991813,35.322293462994836,12.842095117149606,180.0,54.09958273983596,1053.500112873351
2026-01-03 16:09:00,CYCLE_NORMAL_2,185.03958581136627,193.23437721220267,195.8815122705457,138.66929471271857,3.39712366467765,8.202003893375812,31.998577148263315,24.828991795146784,34.94676285015409,12.841814463222121,180.0,54.87423848270588,1063.074535346538
2026-01-03 16:10:00,CYCLE_NORMAL_2,186.65562926981085,190.89102525476923,198.03315720568267,134.58260229859866,3.1650802403369753,7.937221239645236,32.141561346395115,24.74679050688318,38.03091050985082,12.84206315469964,180.0,53.58745261580682,1056.3427776735327
2026-01-03 16:11:00,CYCLE_NORMAL_2,187.77109841474245,194.45707714582412,201.11697119974573,138.5869351568489,2.813468546657159,9.448769495060967,32.78538789261698,24.802468464409937,37.09545107130405,12.842290023019151,180.0,53.471929133154006,1055.3953372755652
2026-01-03 16:12:00,CYCLE_NORMAL_2,188.90192889173488,193.71666632175823,198.1164800222668,135.65770331898378,3.259321752812124,8.220952727017918,32.14308912946047,24.629434118947376,36.89971219115463,12.842189624249203,180.0,54.3633962983517,1058.8095698444952
2026-01-03 16:13:00,CYCLE_NORMAL_2,191.07965023861752,196.02256174016534,200.73522290756645,139.66082737744438,2.685660286919361,7.068929620377328,31.979629544226157,24.511936712703466,35.01122336512392,12.84294509801707,180.0,54.07562734073112,1054.5837288417072
2026-01-03 16:14:00,CYCLE_NORMAL_2,189.2605681998445,192.7106981739447,201.52098109786883,139.4332334210155,3.0344808163181627,8.587717878298292,31.894431070417145,24.404195302097058,38.80019726999112,12.843038494417526,180.0,54.52296953286293,1051.572187846242
2026-01-03 16:15:00,CYCLE_NORMAL_2,192.01659995221272,197.93435875814544,199.56798216820943,138.3117310584168,3.0715514621425783,7.806424518197158,31.86995918651211,24.22650198479302,37.236986338902966,12.84352034615557,180.0,54.72076865523464,1059.5654191823041
2026-01-03 16:16:00,CYCLE_NORMAL_2,187.90158855973846,193.8544605109072,199.07695893726125,139.95422487536126,3.0708404441877044,7.8995360990254735,32.14446895037412,24.576562687334896,36.80428693576058,12.843733948860427,180.0,53.82836177193673,1061.493403059305
2026-01-03 16:17:00,CYCLE_NORMAL_2,189.25385498609234,196.3881674351547,200.362162030407,140.25001124040338,2.7480847328653963,7.663743868494978,32.78098515235562,24.588700828803905,36.27674497417161,12.843129411134717,180.0,54.70201091308807,1064.3060311188367
2026-01-03 16:18:00,CYCLE_NORMAL_2,190.20850614739098,194.1828262007479,199.6897078717923,137.86994223695712,2.851176848292727,8.097806259319231,31.60139304905741,24.396758594138205,37.43048720284738,12.842860449074992,180.0,53.90785640698371,1061.9547809315548
2026-01-03 16:19:00,CYCLE_NORMAL_2,189.71982816747874,192.72078177999887,199.5369108702241,139.40947716661947,3.0380234598452445,8.09125656883741,31.561016779199008,24.584147041946338,37.300025312861166,12.843415871927734,180.0,54.47435483076548,1067.4639546753544
2026-01-03 16:20:00,CYCLE_NORMAL_2,187.58752430910053,193.3085178632243,200.47883237455437,140.74850683912769,2.7819768771100266,7.677261411175686,32.74911151859191,24.389282560501893,40.030624619365014,12.843967232229637,180.0,53.836575759144935,1065.1156136250422
2026-01-03 16:21:00,CYCLE_NORMAL_2,188.33735903616528,193.3702054495719,197.33571077967613,138.43726234356114,3.0814358382829825,7.745927739756786,31.64255969449719,24.62312316923001,37.571936078733486,12.84521224127845,180.0,54.53879507778579,1062.6860328829312
2026-01-03 16:22:00,CYCLE_NORMAL_2,187.12180811316915,189.2839266212672,194.71650256341357,134.95801974865157,2.8157622095320263,8.050643066544158,32.11562835680964,24.26674885029194,37.8257320560428,12.847071485426287,180.0,54.47969923834213,1061.6640468563942
2026-01-03 16:23:00,CYCLE_NORMAL_2,184.21842150420784,190.87886571452728,195.11692709798496,132.56162177737863,3.300000007823173,6.828634256744969,31.634179430008313,24.225294874964703,40.3237169448415,12.846550416549047,180.0,53.955810841258156,1064.7592773657605
2026-01-03 16:24:00,CYCLE_NORMAL_2,184.1946929465204,188.8021645859986,194.10664693743357,134.87483161494632,3.4688054851712806,7.279251264748149,30.98441623869921,24.380963586842952,38.72188743163049,12.846685290707327,180.0,53.844929591656225,1051.0295152603821
2026-01-03 16:25:00,CYCLE_NORMAL_2,183.34433594089222,188.1924528990796,194.0206023645059,135.21589719470305,2.910760747602822,8.834996048049009,32.11345325499347,24.58721498192204,40.34828479501255,12.846491884897775,180.0,54.9160351611739,1057.9975439202226
2026-01-03 16:26:00,CYCLE_NORMAL_2,180.3684079250496,186.11422007494377,190.86493237162375,130.87654864272523,3.2760776282910316,8.16391047216012,32.665592056811064,24.18169700415138,40.802106150454314,12.845384577260376,180.0,54.33051615683804,1052.5134456180886
2026-01-03 16:27:00,CYCLE_NORMAL_2,181.66844545594725,183.94901230911867,189.14437351518978,131.31349015233351,2.93630863752702,7.73754550662961,31.960793330387293,24.61500658276705,40.657287087071936,12.84594913239918,180.0,55.07905128010924,1062.6227841514883
2026-01-03 16:28:00,CYCLE_NORMAL_2,177.11624102632527,181.7829274606202,186.47324256686653,129.00338785257634,2.719070640977597,7.151958584231583,31.11012759594565,24.067786845666397,40.33928555652579,12.846726969563186,180.0,54.317076263507566,1057.0157854988472
2026-01-03 16:29:00,CYCLE_NORMAL_2,176.74083840896824,182.37510108347126,187.2248222994918,131.5663439797736,2.872284677833451,7.971841917526762,32.0652230272923,24.337812186747747,41.29360751652962,12.845649978337,180.0,55.25531726851473,1072.0753227312828
2026-01-03 16:30:00,CYCLE_NORMAL_2,173.50026722029662,180.80072639063863,189.0178486226468,132.76558108888537,3.025670922226864,8.492596045890553,31.546429166812764,24.095026065317356,40.65050187629955,12.845275478997824,180.0,54.145202885062524,1057.9282968073169
2026-01-03 16:31:00,CYCLE_NORMAL_2,173.55610528938033,179.22679974821423,183.16496387018051,128.5369676274574,2.4639127006718784,9.31960305232497,30.428077627514593,23.845765889650217,42.27908105034045,12.844803389475395,180.0,55.37065625695621,1060.4221628214607
2026-01-03 16:32:00,CYCLE_NORMAL_2,170.6008367784486,177.3944402210623,182.42367058315995,125.7948108127411,3.1876970284336488,8.946028212497849,31.95059250086526,24.43076670068721,43.61730099392355,12.84329496477217,180.0,54.736068360970286,1058.37777487174
2026-01-03 16:33:00,CYCLE_NORMAL_2,170.01179011478067,176.49838373058316,179.70734566039783,126.06238300085764,3.025806254680909,7.556530989935732,32.308636757795746,24.31127242240846,44.9066572473272,12.843258587442005,180.0,54.86309348609982,1058.0150686693685
2026-01-03 16:34:00,CYCLE_NORMAL_2,166.99503328027765,175.58623348958653,177.36140844986795,123.57121194821443,3.3001631872407464,7.752100234307854,32.703114607274586,24.056402569575432,42.45000672849831,12.842113345765567,180.0,54.175207847427124,1054.9612822706063
2026-01-03 16:35:00,CYCLE_NORMAL_2,168.4597760803909,170.24829858311222,178.02108312704067,123.0682127673584,3.1824412661314074,7.264250384881664,33.04863098299558,24.22111844312367,44.61954327067768,12.842272339456821,180.0,55.05556427107781,1054.7971744455106
2026-01-03 16:36:00,CYCLE_NORMAL_2,166.61075727530286,168.37306428297,176.21704715573756,125.04957496045604,3.0359844951491666,7.579172466688024,32.382668320144994,24.40105806247201,44.922621172625014,12.842541460981781,180.0,55.08636791097671,1051.1636316966044
2026-01-03 16:37:00,CYCLE_NORMAL_2,166.2679335689812,172.0245777364727,172.10037593293816,118.48836913863943,2.893249519395161,7.893578418437624,32.54939835406119,24.226949685016844,45.049679734282215,12.842934483765086,180.0,54.55534339137836,1062.0207178446813
2026-01-03 16:38:00,CYCLE_NORMAL_2,163.43546142027128,167.24357180033687,175.78486207672725,122.10285681865501,3.4568585165108963,7.816431501686928,31.21523216695118,24.248366708438617,44.49052424954917,12.843375805942816,180.0,53.66342909813737,1058.0909844888583
2026-01-03 16:39:00,CYCLE_NORMAL_2,164.225361924633,166.56125314022827,173.36390233598036,121.24329154181504,3.6509618060508098,9.027283653289716,32.955343339340075,24.195573612647877,45.39327201544381,12.844906746659413,180.0,54.18633669017084,1067.4682307803553
2026-01-03 16:40:00,CYCLE_NORMAL_2,162.05675451770725,166.66448176898353,172.09829360335777,118.53132640021727,2.8982551784820565,7.342321528761892,32.738503690416024,24.145607204879056,44.756978750504885,12.844098100518599,180.0,54.19854225077979,1054.6947529858273
2026-01-03 16:41:00,CYCLE_NORMAL_2,161.4326190866755,164.31205224090527,170.79044589845023,118.98834538896797,3.312688042110765,7.977452775406052,31.75322177142167,24.12944567396731,45.71164574557302,12.843339618702581,180.0,54.991947270365685,1065.5076240166436
2026-01-03 16:42:00,CYCLE_NORMAL_2,163.271016245995,165.27624821880352,171.2205051881644,120.0801761657214,2.7879751023104093,6.968270118851678,32.37745488043062,24.109664087119015,46.41203053984882,12.843994782599756,180.0,54.546448904231575,1065.815919420275
2026-01-03 16:43:00,CYCLE_NORMAL_2,159.7461748310666,164.19005957604574,170.86946113189217,118.30708147799257,2.823694213893282,8.165445390243868,32.31163227195494,24.069712546819247,49.148370073155796,12.84386280107444,180.0,54.56755963917547,1064.5530430942886
2026-01-03 16:44:00,CYCLE_NORMAL_2,161.5551224068617,164.8021625258395,170.56375721794794,118.75207817591479,2.8841265145504504,7.329147329662025,32.83921743818219,24.002269146549224,47.826784566254446,12.8449881276815,180.0,54.51831229345401,1060.2955292196414
2026-01-03 16:45:00,CYCLE_NORMAL_2,160.57562192865714,165.33580956588852,171.28159165340418,118.4493653830944,3.205404806281905,8.551313154191396,31.860088699084624,24.114824236566093,47.56258577992253,12.845549816473865,180.0,55.54692132117921,1057.9084775348308
2026-01-03 16:46:00,CYCLE_NORMAL_2,159.3958856987813,164.6699256989604,171.63649705007592,119.50573639964902,2.6775260116982826,7.854487053492354,31.496244565662014,24.04747381620821,49.14678432018635,12.847467927802159,180.0,54.845463072703915,1064.2640330119793
2026-01-03 16:47:00,CYCLE_NORMAL_2,158.74895692043674,164.85492924651632,172.73449766533497,118.47284925020904,3.46498926810127,7.299007865858553,31.64278341008016,23.94546881687895,48.28154482056889,12.847376599352385,180.0,54.931870677876184,1055.8858839068037
2026-01-03 16:48:00,CYCLE_NORMAL_2,159.4944501950261,166.04374721172266,169.72994163663424,116.80793875431345,3.2813616772119087,6.948649123221021,32.46722659293307,24.29701957155552,48.23150983980801,12.8458945597804,180.0,54.533221049924165,1060.0200654255043
2026-01-03 16:49:00,CYCLE_NORMAL_2,162.6536278927864,167.54996829290093,170.60871231884033,118.26367619005387,3.1984545616286644,7.5106812556951645,30.769162452401485,24.374013398870073,47.059856069275,12.846235221200379,180.0,54.83771303883911,1058.6412786932149
2026-01-03 16:50:00,CYCLE_NORMAL_2,164.09089837543775,168.93317615953939,172.44303754368335,121.23280871663898,2.9118556001991935,8.119690445371418,30.114346339389122,24.110799258834355,46.702651509350005,12.846163547042464,180.0,54.37400493063578,1055.1231885932443
2026-01-03 16:51:00,CYCLE_NORMAL_2,162.974472968228,167.6024991795731,171.92983605389043,116.38653605186747,3.2488462769570225,8.210756823578231,32.440216451935775,24.10711469769152,46.47885173109771,12.846698034528979,180.0,55.04272927362821,1059.667193605462
2026-01-03 16:52:00,CYCLE_NORMAL_2,164.0254857329844,171.04269460014694,173.1112095309924,118.45093412692725,2.1247911416090806,7.750781009413363,32.05919888998582,23.93797695481561,46.50394910192959,12.847360641715653,180.0,54.306307020707216,1061.3820871787618
2026-01-03 16:53:00,CYCLE_NORMAL_2,165.8947850244049,171.0150891063306,175.53331640242507,124.8411968474227,3.1322704090477496,8.462898521716484,31.89561512142045,24.272237765429267,46.95944230594293,12.846826093200558,180.0,55.260109611623534,1054.5447439568222
2026-01-03 16:54:00,CYCLE_NORMAL_2,166.27118365083672,169.70481107084507,177.2642320415887,122.84878779566077,3.0480366202988236,7.432128553552465,31.09100466772145,24.388484349808227,48.022758156426036,12.845817087542033,180.0,54.52863791672295,1059.9554704161815
2026-01-03 16:55:00,CYCLE_NORMAL_2,168.8196400455644,170.9865500932636,179.03111354333464,123.17950438522466,2.4341353304346316,6.536470078745715,30.8377694463991,23.989783720132237,47.46174083075349,12.84567114419202,180.0,55.378122808510255,1049.0394368277448
2026-01-03 16:56:00,CYCLE_NORMAL_2,169.2488970546588,173.2062049331398,178.66781305735387,124.84690949297588,3.1218758948196506,8.14127682537125,31.471932817091723,23.89962815649869,46.73112100694077,12.843289952656246,180.0,55.865083382484436,1053.5931326436187
2026-01-03 16:57:00,CYCLE_NORMAL_2,170.52739466075872,177.09826986440746,180.92052864062134,123.9078594511525,3.177267517762822,8.645047906341691,32.05819180232958,24.053271049810558,45.394720264566246,12.843370619915031,180.0,54.919193700510256,1055.7882382491048
2026-01-03 16:58:00,CYCLE_NORMAL_2,171.04226922074062,176.27968385905493,182.1726339208061,122.697105671262,2.4438801765497464,8.649666836828871,31.477824562467944,23.991507289149222,47.01201656063814,12.842963181839895,180.0,55.581354191845314,1058.8685187997885
2026-01-03 16:59:00,CYCLE_NORMAL_2,172.29775255561722,176.16124486157764,183.45326198520115,127.2761568968243,2.6439685747043757,7.350095379692332,32.357021434210324,23.8461246588261,46.257588392326774,12.843824856884389,180.0,55.30787076037518,1060.7316787095128
2026-01-03 17:00:00,CYCLE_NORMAL_2,171.20909438374568,179.7253389493347,184.02078900175036,125.7966223574573,3.6193167455552855,7.727653406339221,31.23179045996844,24.020522273545943,46.39436343524243,12.841839008350846,180.0,54.222050683457795,1057.3946825423648
2026-01-03 17:01:00,CYCLE_NORMAL_2,178.04886710894505,179.1912405879423,185.43607364197177,128.8492552366211,2.94409393616926,8.361910007870254,31.47946659614259,24.093737799006597,44.35991854618217,12.841845353660647,180.0,54.99989638248178,1059.1324875385353
2026-01-03 17:02:00,CYCLE_NORMAL_2,177.94274689599956,181.8526925859421,188.9186850982135,131.0907900231751,3.292687817849516,7.686446946020615,32.199426113760545,23.728464771575307,46.1041544725196,12.843421577945364,180.0,55.200717641427396,1056.0202546011712
2026-01-03 17:03:00,CYCLE_NORMAL_2,179.15477810194122,183.93082082807305,188.63587165976313,130.8361203825096,3.3380405772869026,8.052692430304246,31.537374065926162,24.373259659503574,46.14484387201858,12.844096979273314,180.0,55.254356394543024,1058.0718387088868
2026-01-03 17:04:00,CYCLE_NORMAL_2,178.75900089047445,186.28065233924661,188.96874705634454,128.18316789639272,3.11818104419858,7.641780052094859,31.55271798177401,23.537194361975867,45.58744870938111,12.845077651269003,180.0,55.04967690905988,1057.6445556360284
2026-01-03 17:05:00,CYCLE_NORMAL_2,181.7318646810732,188.72899479192827,192.4618864120518,133.1532384926706,3.3051724053567835,7.455305621269313,31.348228633799522,23.65208342328535,44.321247283307805,12.845417384791633,180.0,55.04799798293824,1053.978743087295
2026-01-03 17:06:00,CYCLE_NORMAL_2,182.89075503444764,189.64974191643321,195.5630671469668,135.6602030980455,2.366133492550585,7.551813174296622,31.2217414990713,23.84756616828024,45.323672231361385,12.843755850721731,180.0,54.97234845633351,1054.365069647106
2026-01-03 17:07:00,CYCLE_NORMAL_2,184.08323139070598,188.62176933724592,191.6831385693002,130.93812202688466,2.930841176495803,8.477862596475616,31.915988751577704,24.228213816698524,43.45768338851174,12.843922379894835,180.0,55.040548751805474,1057.9527437780046
2026-01-03 17:08:00,CYCLE_NORMAL_2,186.54657575394404,190.7011176675621,195.80117605437667,133.39387285472898,2.075820381847822,8.006891382315438,31.977676383140775,23.644106786161,44.26936139193362,12.844330869254899,180.0,54.365970337865875,1062.5601403298758
2026-01-03 17:09:00,CYCLE_NORMAL_2,187.28195317945938,192.22690562206728,197.94551275401568,135.35878811284593,2.4761719006298257,8.635940819202778,31.807307565266697,23.520984002012895,43.91600639134041,12.843252644710708,180.0,54.86324649197537,1059.892551866276
2026-01-03 17:10:00,CYCLE_NORMAL_2,186.3568259364229,192.67573250743075,195.8021853369088,136.76487293390363,2.8361956509045156,8.26021034747721,31.28447166723834,23.821216060507467,45.13273740582513,12.843126090867347,180.0,54.25809599125988,1050.2962632340864
2026-01-03 17:11:00,CYCLE_NORMAL_2,187.1457725447502,193.38002759359705,198.4471823651977,134.22034256283993,2.8003846683011457,8.803232615740471,31.51604929624025,23.638613138758945,42.00437745192321,12.840225020238304,180.0,54.73870014070437,1050.0518395859203
2026-01-03 17:12:00,CYCLE_NORMAL_2,187.70623348163087,192.19855575484218,197.89849905096426,138.24477027699152,3.0124230867427437,8.409034096479369,32.57686907991678,23.798080807576515,43.30961600756915,12.839890922062363,180.0,54.694730866590916,1052.1470977528882
2026-01-03 17:13:00,CYCLE_NORMAL_2,191.84484531608769,193.2889330296395,198.4636002741988,138.51979057065785,2.993804846519103,8.379670415123352,30.74862505934903,23.627308279402307,45.95333614177587,12.839454546119546,180.0,54.66511400041742,1054.4148116356419
2026-01-03 17:14:00,CYCLE_NORMAL_2,191.70909558495407,194.43430061155698,199.43492658128167,138.05932103165017,3.0401227289943695,7.939756050682159,32.714381809214835,23.446206595497618,41.60016319544578,12.84085678547516,180.0,54.46844529591532,1053.935730642262
2026-01-03 17:15:00,CYCLE_NORMAL_2,188.9772412010805,191.2881291900658,198.6522225318414,135.38436407907423,3.0524128945892035,9.504603288248326,31.623858004424,24.06333516845457,45.61948323576964,12.840253562372531,180.0,55.13078381810206,1058.4215125590154
2026-01-03 17:16:00,CYCLE_NORMAL_2,187.54591524652923,195.68660161453593,198.47026758674193,136.0958331423506,3.0998768173808915,8.056349109947266,31.436738482938956,22.97835028341061,43.20260277728958,12.839987205313935,180.0,54.83849764897273,1058.35266797726
2026-01-03 17:17:00,CYCLE_NORMAL_2,189.82586710262208,193.02499909135378,199.60113590915665,139.4273608934454,2.7122865967764116,7.01328831543706,32.09724081154098,23.90869678279579,44.81712895905233,12.839907976536658,180.0,54.7883990232135,1052.9008694615616
2026-01-03 17:18:00,CYCLE_NORMAL_2,189.3221758839125,195.09005350434546,201.93841461707012,141.3495422247405,2.7825623041908596,8.134016769806983,30.264867078740433,23.706478125083297,45.58692822401139,12.839317656512728,180.0,54.29559616516016,1051.6676144971884
2026-01-03 17:19:00,CYCLE_NORMAL_2,189.08348224902514,194.42188107000413,199.6124738455765,136.60233872595896,2.9889365822115743,7.508853878381285,32.31304698922861,23.345644599338357,44.68071825612606,12.84003744793456,180.0,54.850915192125456,1054.3398143963618
2026-01-03 17:20:00,CYCLE_NORMAL_2,188.8800297277394,192.33794940503174,199.20302037721262,139.60646093205352,2.993597114798123,8.508510760800808,32.57873711250678,23.843947151697936,46.35199967948068,12.838045055920704,180.0,55.572766399957985,1056.2143295072724
2026-01-03 17:21:00,CYCLE_NORMAL_2,187.67729965969937,193.3359129064661,198.09196984172686,138.1309912109669,2.6754217904111104,8.36290837909047,32.09575182849124,23.16964791870682,44.26403792336583,12.839181632624847,180.0,55.580248943154125,1053.854268860147
2026-01-03 17:22:00,CYCLE_NORMAL_2,184.80744494436064,192.03900919607085,195.31015604694588,135.13144677082715,3.3244678143039152,7.904243175033674,30.160085819295595,23.619794565218395,44.74802028041016,12.839169754506532,180.0,55.186139452267525,1049.5956723960676
2026-01-03 17:23:00,CYCLE_NORMAL_2,185.3898083999797,189.6662053303813,195.40995777032228,134.17716533921362,3.2174402032652476,7.556053493278419,31.858071450627744,22.97566001861105,46.49245012129902,12.840471401641327,180.0,54.85103516353008,1048.5445461323827
2026-01-03 17:24:00,CYCLE_NORMAL_2,184.8413670747899,188.31066724615707,195.13401189751792,134.17782657293336,2.7420849943910612,8.073212863360402,32.36491083681927,23.136810228241597,45.63412317848193,12.837724169499213,180.0,55.277024216940916,1046.217260656258
2026-01-03 17:25:00,CYCLE_NORMAL_2,181.63119793239596,188.81667934279722,193.49400496133816,136.40076634282684,2.9374901961249944,7.679383096071472,32.28033154442315,23.109894622317913,46.60908598496543,12.8352879401786,180.0,54.66246838711527,1051.0941814671064
2026-01-03 17:26:00,CYCLE_NORMAL_2,181.46099740864403,186.3794662534262,191.33451085497907,132.7207933028547,3.6028618952391347,8.393901996391918,30.48683141450456,23.16280524281748,47.812537921060105,12.834995961619017,180.0,54.84482324686816,1052.4677548358848
2026-01-03 17:27:00,CYCLE_NORMAL_2,178.97191805466284,185.888891517666,190.2593107086569,133.4832111109771,3.0481731113502843,8.278007857129023,31.91813639606005,23.288415057529498,47.66213305617698,12.835501877007017,180.0,54.62118426595414,1052.5642152289915
2026-01-03 17:28:00,CYCLE_NORMAL_2,180.51407902739595,180.2519064730432,191.07412412046946,132.53021709529983,3.1187057865600196,9.467983296246718,32.361939078202305,23.09386273126777,46.60198236367145,12.834946944291014,180.0,55.4443168557234,1053.875994027042
2026-01-03 17:29:00,CYCLE_NORMAL_2,174.97573438237436,181.68610906543813,187.5752588096024,128.73370561425034,2.8173193346606613,7.7774427306745375,31.27819061410183,22.82453616353117,47.54180504220709,12.835530790121096,180.0,55.37751696257717,1054.828906146361
2026-01-03 17:30:00,CYCLE_NORMAL_2,176.3871387238344,178.10710909563684,184.6218087713629,128.87620090347747,2.9060663674414977,7.848287185757678,30.364447243825957,23.297074338994424,49.07439438083346,12.836512099878538,180.0,54.967245539142645,1043.0411570717874
2026-01-03 17:31:00,CYCLE_NORMAL_2,171.42709773727492,178.40112684200113,183.34322864346774,129.78959302261833,3.453397795735021,7.922612163031613,31.708461456399416,23.186550014998826,48.51909279037534,12.83717809942556,180.0,55.84697803710999,1049.788098245192
2026-01-03 17:32:00,CYCLE_NORMAL_2,174.0329878599935,177.73790888774863,180.61634296182385,124.477761817273,3.033988328187761,7.944507232864459,31.818434453287836,23.230735119733357,49.04390736924625,12.83728136792994,180.0,55.18406711340087,1049.5488330389744
2026-01-03 17:33:00,CYCLE_NORMAL_2,168.99488620346654,177.45171325927475,183.18118822191138,127.46968980774228,2.9787215343381357,8.51353946898074,31.07709515090722,23.155341622078275,49.36668887405856,12.837376970779594,180.0,55.15207448197679,1047.1135151088695
2026-01-03 17:34:00,CYCLE_NORMAL_2,169.12655620665015,172.77315027973833,180.8235940243952,125.10772361784632,3.0022923257809397,7.861827177468934,30.420339755785065,23.283636473024366,49.74157367928611,12.836762175693206,180.0,55.09436490054594,1043.7082291597733
2026-01-03 17:35:00,CYCLE_NORMAL_2,165.54496817596387,171.86915423363766,177.59985564352655,120.33738880577572,3.7636148365245554,8.986190858071748,31.69770709624958,23.049351758280462,50.334856974083195,12.836706801369003,180.0,54.33419887590801,1052.4072770263654
2026-01-03 17:36:00,CYCLE_NORMAL_2,164.56324387518686,171.06858172712228,178.80020535813304,120.81678876399133,3.011942250944365,8.291137554862852,30.6207676517301,23.238443079445272,49.57965344087492,12.835682570481767,180.0,54.5134335908687,1043.8763925223575
2026-01-03 17:37:00,CYCLE_NORMAL_2,166.0403373617667,168.7936035828629,175.72192095856312,120.87513151106691,2.7509769902359196,7.757131976005987,31.29359215046189,22.852126759663914,50.890727699797615,12.834897841014406,180.0,54.92817975998677,1037.057486280347
2026-01-03 17:38:00,CYCLE_NORMAL_2,165.08662239160248,170.0270992923862,173.33581191670012,120.61892278913683,2.8033947295154285,7.629377157509665,31.962880035614795,22.834700091225237,49.550189049607056,12.835412205213952,180.0,54.926926549197134,1045.4999924795463
2026-01-03 17:39:00,CYCLE_NORMAL_2,163.15197580321703,167.7806316299371,173.9524881329996,121.46422429816512,3.234226800716431,8.520436096704229,30.005165420350625,23.22465561788414,51.79178784096549,12.834949324082421,180.0,55.239313843827745,1044.0552095102846
2026-01-03 17:40:00,CYCLE_NORMAL_2,162.8989169418217,167.15596737128467,172.4879911093894,116.94686307046558,2.5714556620059668,8.014260075943405,31.51723770069113,23.19144511335715,51.66230285287269,12.834211762188252,180.0,54.604508148448495,1052.0194786198977
2026-01-03 17:41:00,CYCLE_NORMAL_2,162.55067262654578,167.04102588749,172.30224626929268,120.12788262232854,3.135174894439269,8.004530026878378,30.820439130287056,23.005778125339294,50.985154150476,12.834660993201437,180.0,54.967489636260744,1046.124601043959
2026-01-03 17:42:00,CYCLE_NORMAL_2,159.91314001901355,165.64809843592224,169.09124202398527,116.80958373274864,2.782854741705167,7.7007598867879405,30.807482539294902,22.68378572536433,54.061647924060544,12.835040892858368,180.0,54.969826696325605,1042.51706665796
2026-01-03 17:43:00,CYCLE_NORMAL_2,158.64903226781271,164.34673903518186,169.3554090003562,116.94780046266665,2.442369133064398,7.969277159539746,31.195630773113145,22.638122374248315,52.381973037742455,12.83482559327292,180.0,54.98274068563574,1042.5181933243296
2026-01-03 17:44:00,CYCLE_NORMAL_2,160.06572750603257,165.00654728351776,171.86833656562374,119.42036200604721,2.7059783349259217,7.680522574598614,30.39506029968272,23.06797181699028,52.74724843601661,12.834676657842197,180.0,54.91964351217008,1042.0347467466172
2026-01-03 17:45:00,CYCLE_NORMAL_2,159.30735857692335,163.97258236858394,172.03176498987688,121.13273251114678,3.008260142903598,8.680855728112999,30.123415642589006,23.027075471453,52.09756708509969,12.835092605732077,180.0,54.20200639274016,1051.2949403694463
2026-01-03 17:46:00,CYCLE_NORMAL_2,160.54851734571707,165.21174863641568,171.78030684183756,119.01690906547736,3.418550218047845,8.358530076127698,29.728136498835056,22.729888082408564,51.996601128049356,12.836061562848462,180.0,53.76550482127994,1044.6817359033535
2026-01-03 17:47:00,CYCLE_NORMAL_2,160.9854203234984,166.52411125395506,172.99016227329713,117.25729682477464,3.2739988235839914,7.912615580349613,31.507630321133156,23.18092514156891,52.389980354928355,12.836262648507615,180.0,54.41711787092032,1035.8999497431284
2026-01-03 17:48:00,CYCLE_NORMAL_2,159.91617130688957,164.3241783048459,171.42699421342934,117.99163374402575,2.911892932148774,7.905265958473635,30.515185112649377,22.774159853182542,52.30343069344211,12.835070614597239,180.0,54.61402229829428,1040.0950665633175
2026-01-03 17:49:00,CYCLE_NORMAL_2,162.1417483869207,164.45797293363046,171.90531817075748,120.14738828667446,3.2916561209454276,8.046087084119609,31.049468126145065,22.43066389091852,52.59490440809498,12.834849187104474,180.0,54.28164100032403,1040.5180283889576
2026-01-03 17:50:00,CYCLE_NORMAL_2,162.79458499437493,167.06871886633698,170.9137706617648,119.74932670850171,2.8929660512282838,7.997229880563934,30.38550318050644,22.56659849797856,52.70450039143499,12.834442037266681,180.0,54.83401266755121,1035.7175635676745
2026-01-03 17:51:00,CYCLE_NORMAL_2,163.7327261790426,166.9433855442831,172.1681073553602,120.25110453343997,2.5600465245762334,7.521531910345416,29.948191159269637,22.592341608160385,51.39718777468879,12.833389051160307,180.0,55.39758585173681,1032.5468900904307
2026-01-03 17:52:00,CYCLE_NORMAL_2,163.3634767654263,168.89092194713336,171.46691451106756,118.0462777628925,3.006326290689803,7.0496129358075095,31.005069981923906,22.577956629723275,50.06202668419387,12.83388698392591,180.0,55.2059323883571,1041.5874897665537
2026-01-03 17:53:00,CYCLE_NORMAL_2,165.89894750241143,170.34752512934878,174.5772576897759,118.85059590831253,2.5482198014979645,7.601149666779485,30.778608295130695,22.78001841837548,49.47408052146486,12.834461836505303,180.0,55.06616715779134,1035.5089292804855
2026-01-03 17:54:00,CYCLE_NORMAL_2,166.80722395242316,168.61079774089868,173.71298990901303,121.44748967655654,3.2374224922455186,7.935741254667485,30.407556466602305,22.308017168753146,52.8593827250819,12.83518804492701,180.0,55.31544246162024,1043.2405258591614
2026-01-03 17:55:00,CYCLE_NORMAL_2,168.26822157370782,173.3278193131902,178.79715940503638,121.75731561942929,3.241764026702063,7.631083401141255,30.698419202264233,22.202150826641866,51.12682557493405,12.834197131972928,180.0,54.34996466010312,1037.7920011934216
2026-01-03 17:56:00,CYCLE_NORMAL_2,170.91229662956925,172.49534815031674,179.36502899612358,125.32712696694114,2.7360090181409213,8.409669015197785,29.90830038736684,22.55802238403921,51.03097740086863,12.834354582910008,180.0,54.57307029354926,1035.3717915356517
2026-01-03 17:57:00,CYCLE_NORMAL_2,170.75807411228624,175.33792754369813,177.93334198870045,124.51698324867014,3.0436792520476987,7.885423432049623,31.087988079345095,22.30519601120204,49.19573078630328,12.834348307677162,180.0,55.0977879288407,1027.107488618596
2026-01-03 17:58:00,CYCLE_NORMAL_2,171.15296996893662,176.09006583520744,181.6534882071374,124.88082460416952,3.040814770257432,8.93678678751431,31.193833242570186,22.860265197495256,48.07701813191635,12.834655710770505,180.0,54.54170006940565,1041.1652182902542
2026-01-03 17:59:00,CYCLE_NORMAL_2,172.09952761378582,177.769724633244,185.79325979780336,127.8325270958835,3.2615890145301725,7.719252870885425,30.840482242664617,22.533119803006723,48.67647754173453,12.834785437262003,180.0,54.55735761651945,1036.9475998285182
2026-01-03 18:00:00,CYCLE_NORMAL_2,176.35352339199255,182.03274952754157,184.8492006189971,128.41810564992662,2.6264795238048455,8.070358399350779,30.12794955371369,22.208253793442715,47.79266719193434,12.834772891317087,180.0,55.6864921424304,1033.474336262279
2026-01-03 18:01:00,CYCLE_NORMAL_2,176.99669616025722,181.95104797396948,185.3698818166491,127.58071741321392,3.179846257070454,7.855569121915108,30.35273276618076,22.524711709940544,46.730831494212175,12.834640167557613,180.0,54.790722012059184,1031.19570479024
2026-01-03 18:02:00,CYCLE_NORMAL_2,180.12270174825065,184.20430144581067,185.9760726391001,127.23272516257758,2.604969224698347,8.219889028867412,31.224156139618582,22.396986446144638,45.810884317515516,12.835747008167639,180.0,55.612239894238094,1040.639178897191
2026-01-03 18:03:00,CYCLE_NORMAL_2,177.19979228618365,184.8163845406675,187.52847898069155,129.66180336673756,3.233156621301861,8.532875564498521,31.017033241975227,22.346367420869512,45.357342077607015,12.834885194160119,180.0,53.80591248693958,1029.4681238684364
2026-01-03 18:04:00,CYCLE_NORMAL_2,182.19385015148075,186.84506593572297,191.74374560756422,132.88568652260219,3.3188092203999435,8.304140479463548,31.40988765127861,22.16386822750213,47.21903129010878,12.834712023289354,180.0,54.388970692469485,1031.7289031213902
2026-01-03 18:05:00,CYCLE_NORMAL_2,182.18663519749526,188.00085403457217,191.97935285321034,134.95821039436956,2.799122581908032,6.984601865266971,29.710244828072206,22.24106646915098,45.03460603760264,12.835793393956159,180.0,54.895364969938385,1034.9573225091299
2026-01-03 18:06:00,CYCLE_NORMAL_2,183.39255359052962,189.1221261580112,193.3955858144677,132.7034671290949,3.365738659962462,8.249930805236433,29.621179809523706,21.705019215330893,46.234940927309204,12.834982338032129,180.0,54.724086444035876,1037.9526742588332
2026-01-03 18:07:00,CYCLE_NORMAL_2,184.1191896872046,191.36554618638053,194.52126309925015,136.20731741833995,2.5277901110943635,7.494560928859481,30.188445354535975,22.357643337519246,44.95734750207828,12.834222250104384,180.0,53.635421984116924,1030.7520689016496
2026-01-03 18:08:00,CYCLE_NORMAL_2,187.22665759882304,191.334978926774,195.97888444280318,134.15178086497554,3.3298750335631646,7.845115410791861,30.316245491870298,21.375612760674738,45.89078755296424,12.834956191048835,180.0,54.53409283915515,1028.1423526654576
2026-01-03 18:09:00,CYCLE_NORMAL_2,187.87149832836405,194.87743320228543,195.66265931718053,133.77828407415578,3.431536871448792,8.344664593418669,29.95079216396575,21.942990480903198,44.77903360197373,12.833532277208189,180.0,55.870791776509954,1030.115528110801
2026-01-03 18:10:00,CYCLE_NORMAL_2,186.61952262671923,194.1430189441415,198.3697070491938,136.64497360400057,3.1037445582454595,7.440119545792481,29.766189343298755,21.680857889361192,44.30915718718218,12.834192908331215,180.0,54.742854048471486,1033.6178826518294
2026-01-03 18:11:00,CYCLE_NORMAL_2,188.90108759014907,192.33573302735135,196.99593437213096,135.27156352727982,2.941342265691192,8.577974003742526,30.72405212415804,21.86841467204531,45.00687138693301,12.833703273751969,180.0,54.90644540070452,1033.9718047579613
2026-01-03 18:12:00,CYCLE_NORMAL_2,190.11318494124387,194.05398809364772,198.3588367947778,135.57641426724672,3.093725946029977,7.8233070502243836,29.872575442078578,21.922351306909235,44.31102961036104,12.834113274367489,180.0,54.26680154445733,1023.4045838499214
2026-01-03 18:13:00,CYCLE_NORMAL_2,189.88582664211816,195.14870713039588,200.88520724820523,141.8862334565528,2.818872489380662,9.085468686459057,29.161076208725223,21.66641583654192,43.49003484442935,12.832892539800433,180.0,54.69467787269124,1028.8128063736513
2026-01-03 18:14:00,CYCLE_NORMAL_2,191.24723679055643,194.97122463337857,200.36927443019434,138.21271500065646,3.787388003748823,8.034338912896882,29.19337068831813,21.31949375602273,45.048323942349505,12.834077616066992,180.0,54.550852284059566,1022.060700471346
2026-01-03 18:15:00,CYCLE_NORMAL_2,189.65195374733298,195.8242481027666,200.82281821544166,142.36729846072723,2.8240406128697124,8.852671371325885,29.96420059403829,21.884436846004927,43.3789283309587,12.832860377417102,180.0,55.10012308499486,1030.776298668282
2026-01-03 18:16:00,CYCLE_NORMAL_2,187.21259922279873,195.87424847632477,202.49829450190558,137.96385116112003,3.3952203508971954,8.598839612266755,31.580132207686724,22.22897094258575,43.62283838840914,12.833585327770649,180.0,55.067635705720015,1028.3676463534282
2026-01-03 18:17:00,CYCLE_NORMAL_2,189.89627508392897,193.04070962804835,199.6006291986417,135.7019674718928,2.7776317747727575,7.694447458972752,29.1553581512422,21.710115975253142,42.83298103954978,12.832409865386873,180.0,54.711033657971605,1022.4291234385366
2026-01-03 18:18:00,CYCLE_NORMAL_2,189.4825986677134,195.8031407980871,199.29160005645727,139.969704409601,3.479042483851095,7.349154636183239,29.514192725056457,21.940961904117124,43.82842147543222,12.834218166257962,180.0,54.52562078660035,1031.683339774109
2026-01-03 18:19:00,CYCLE_NORMAL_2,189.07660566068427,193.1070009060558,198.38599671761864,136.38380409540252,3.603698574526551,8.056813680618774,31.108006034201228,22.018736005327675,43.44425902353764,12.834146784476106,180.0,53.63316943124211,1026.3169014556536
2026-01-03 18:20:00,CYCLE_NORMAL_2,189.3187559743278,192.27529564972883,197.45828407989598,137.2081683373902,3.115797243305803,7.708678440738913,29.336378134400118,21.306659331180082,43.66783535450549,12.836097641571104,180.0,53.59805490239409,1025.3049685064145
2026-01-03 18:21:00,CYCLE_NORMAL_2,184.79229901167227,191.4163080443776,195.9225459227517,133.44279488174496,3.085997180570145,8.789859390043503,29.86186806730197,21.564069242992744,43.398277054286126,12.835278754083692,180.0,54.47802269199518,1023.1124275087029
2026-01-03 18:22:00,CYCLE_NORMAL_2,185.86099241696175,192.11746406934964,196.24805015559596,135.75840673522697,2.7130262925646265,7.876570414163688,30.67560877936315,21.36915890486035,43.8598259750543,12.834836103387644,180.0,54.8561452061743,1023.2187834497876
2026-01-03 18:23:00,CYCLE_NORMAL_2,183.92976972578103,189.71647785760555,195.46301742329828,133.0366859368956,2.6772997171295145,7.849798020740613,28.940475938731577,21.43215167941716,42.40545388750467,12.836046822591376,180.0,55.06618951993375,1021.1445172034169
2026-01-03 18:24:00,CYCLE_NORMAL_2,182.36714231864494,188.02051681118186,194.30970319141858,134.11454700651052,3.0893743815496886,7.3020507696314905,29.286942077525776,21.902844692791135,45.36579827535675,12.8346206265696,180.0,53.936664025032506,1019.1226391762157
2026-01-03 18:25:00,CYCLE_NORMAL_2,182.41324120052454,186.99124901106777,192.5772365922405,132.56856749657823,3.437457743154336,8.209608506539885,29.14285223800048,21.576282610820527,44.76537322262516,12.833921359913731,180.0,53.607860738543344,1026.4185993231395
2026-01-03 18:26:00,CYCLE_NORMAL_2,181.94323608247382,183.94741965543795,192.21245461192098,133.35373704450677,2.8355392532552908,7.412888859026584,28.483550971506947,21.658489768923015,44.90947288531353,12.83441642834342,180.0,54.809637148638245,1018.9433524806462
2026-01-03 18:27:00,CYCLE_NORMAL_2,179.9963908414552,183.62465839888245,189.67057894451509,132.2568141023648,3.662378765338256,8.221218456440358,30.296571248394343,21.46120240400211,43.78453477149717,12.833397647766724,180.0,53.9162213190516,1018.2186430637905
2026-01-03 18:28:00,CYCLE_NORMAL_2,177.29364845527158,181.63117510388275,187.62751309638574,130.15079947010173,2.8169562181110486,8.290045863249002,28.964223983872415,21.19721256847944,46.098753965620865,12.833919465188742,180.0,53.51517600118331,1019.2148224437195
2026-01-03 18:29:00,CYCLE_NORMAL_2,176.39336102956233,181.2449237524197,185.45554113064534,129.1361215895325,3.068817582224991,7.625162444012818,28.750089831699146,21.54437564688443,44.99549668147481,12.834089869573765,180.0,54.0367485152657,1024.8356164813033
2026-01-03 18:30:00,CYCLE_NORMAL_2,176.1158757335556,180.7970319243284,183.14122974610657,126.98150870729269,3.0696049399210965,8.478289965508857,28.969407644657537,21.628790356376427,46.911088690474216,12.832576223950023,180.0,54.00765133840834,1023.0656832372861
2026-01-03 18:31:00,CYCLE_NORMAL_2,174.2518281450572,179.09672413210504,185.18457126450895,127.33631036489004,2.9695396874293447,7.862562280354381,29.753462012116813,21.41137107750899,46.349771175896926,12.833543992738006,180.0,54.90263661306119,1016.3630540570953
2026-01-03 18:32:00,CYCLE_NORMAL_2,171.2180006218617,178.38942523478954,181.04245908714887,125.9612306153955,2.386851745102131,7.26437815204789,29.223863309982615,21.415445033558672,47.42651734079155,12.832281559644812,180.0,54.65445658485084,1022.249049518903
2026-01-03 18:33:00,CYCLE_NORMAL_2,169.62374943357906,176.60551606513178,179.25394451243108,123.86606017305668,2.8142780698707313,8.772643670156846,28.640964640898698,21.040491566551704,46.30202614522615,12.833052838741784,180.0,53.83177421811304,1017.1719470440671
2026-01-03 18:34:00,CYCLE_NORMAL_2,166.83916936114423,173.26463429596097,178.39790447987068,123.03475819492928,3.059891787690862,7.538264712962841,29.321169189410096,21.39876877268726,47.87750247064476,12.83318131414003,180.0,54.87801397811938,1012.7614881648838
2026-01-03 18:35:00,CYCLE_NORMAL_2,166.9847063997012,172.5228856809045,177.16593345615948,123.0855868090132,2.971204471205936,8.25353527063324,29.522832999059226,21.4966602786479,47.290092642800005,12.832726301675324,180.0,54.219860990469904,1013.6246253141376
2026-01-03 18:36:00,CYCLE_NORMAL_2,164.1002744990867,171.1441539025472,178.14943613869625,121.04740765411218,3.190860797820835,8.212897237023622,28.980500795917767,21.278558070336267,46.55030997339157,12.831620899150362,180.0,54.66582068901986,1020.4144087070262
2026-01-03 18:37:00,CYCLE_NORMAL_2,167.44352452948047,167.38177768535087,174.56926438090775,123.27404073006299,3.2270507735975555,8.194592336962172,28.813277272994927,20.808594489517155,47.92552679518635,12.831950168475771,180.0,54.77679184416541,1022.6433885089913
2026-01-03 18:38:00,CYCLE_NORMAL_2,162.82668582959906,167.3921161735474,177.01288789632108,121.40705634658205,2.927976461646327,8.185930957965068,29.522929043471954,21.465518592218764,46.743650588391205,12.831077643682292,180.0,53.95945213709035,1014.9803192416522
2026-01-03 18:39:00,CYCLE_NORMAL_2,164.19552211075165,167.66400107179444,172.9411817299596,119.93325069204563,2.711270888305366,7.514906181719999,28.76506181767811,20.920005524488122,49.42112240904489,12.832285597158345,180.0,54.35370203456744,1010.8224458370605
2026-01-03 18:40:00,CYCLE_NORMAL_2,164.19134639270382,166.80214322106445,174.47805284199893,120.52485185010913,3.464495311615024,8.845674800751361,29.79656166704505,21.157245983666286,47.29197486010785,12.833530047767649,180.0,53.841705739658025,1011.9750315783698
2026-01-03 18:41:00,CYCLE_NORMAL_2,161.55625982559462,166.91160820040724,172.3695332730779,120.01579700488523,2.5933613008453045,8.47812457510032,28.336048438262317,21.24114751490768,47.22659588100309,12.835172081788635,180.0,54.486929307310064,1008.8096636949919
2026-01-03 18:42:00,CYCLE_NORMAL_2,160.6141351479084,166.2905222110157,171.1673971593864,118.74296121630505,2.8214078329703556,8.2375283656252,28.280977178886424,21.237489497317192,47.567545324205454,12.83545297922571,180.0,54.043560864337316,1008.7758253594504
2026-01-03 18:43:00,CYCLE_NORMAL_2,158.74094768172682,163.20295498647326,172.2212037488779,118.45791829383764,2.7450120228078596,7.333511882242186,28.166060893227726,20.632722548359872,46.64971399421065,12.835048669420212,180.0,54.4548828764704,1007.7648932279877
2026-01-03 18:44:00,CYCLE_NORMAL_2,159.4766514234974,165.70448765082494,171.4288473222043,120.38049491494229,3.2239372865406324,7.5108160621722835,28.52376711285042,20.987504498731376,48.28944235854742,12.834751766839542,180.0,54.713153393787685,1009.6887498129715
2026-01-03 18:45:00,CYCLE_NORMAL_2,161.92475805744283,165.2143046477445,170.7616149010233,113.40258349037222,3.3951065923441774,8.328728313344582,28.627240296980716,20.94575609326384,45.87982607674724,12.834381679256738,180.0,54.20020057030121,1009.8687920482456
2026-01-03 18:46:00,CYCLE_NORMAL_2,160.50367472502262,165.83021938744943,172.8632843812019,121.01436918911487,2.9478919873467166,6.9981579441515915,27.788950568505957,21.195016220917967,45.32936767384881,12.834629684795068,180.0,53.85542210882072,1008.1723371510175
2026-01-03 18:47:00,CYCLE_NORMAL_2,160.36180383794354,166.60802469416285,169.72971473464858,118.7859367875347,3.068933028100474,8.169351929970185,28.60091665048573,20.970786668257045,46.05169473534147,12.835066292050657,180.0,53.83906477756617,1007.257642607972
2026-01-03 18:48:00,CYCLE_NORMAL_2,162.3087001065835,165.56269268822712,169.54025584441862,114.8397207812141,3.1286315462967447,7.334411601307189,28.84054544662879,21.14067388065527,44.99594816191576,12.836297856416673,180.0,52.3740503383895,1010.561960507881
2026-01-03 18:49:00,CYCLE_NORMAL_2,162.13236679350783,167.79152401973707,170.48534124518665,119.48071753045473,3.541201229576658,7.565984111245194,27.580453669095647,20.931223689563698,47.1388894143079,12.83631797983227,180.0,53.47101890754977,1005.9793933298703
2026-01-03 18:50:00,CYCLE_NORMAL_2,161.8321711658977,165.94233839856176,174.11234677133368,121.6243175674575,2.467927967336047,7.294466196166202,28.105410997242085,20.78078257383347,45.58009061885451,12.834914752501735,180.0,54.26831658816783,1005.6116445535242
2026-01-03 18:51:00,CYCLE_NORMAL_2,163.1242520871841,166.72985933992913,174.6056571096791,121.34439445822272,3.2232665697380787,8.123053207891152,28.716924690415446,20.806953530436903,42.21854977209447,12.834507331575274,180.0,54.261349664933334,1004.9402577150064
2026-01-03 18:52:00,CYCLE_NORMAL_2,162.93114957292144,169.36735424600167,173.22251333846256,117.37342360657051,3.112957424381851,8.558180725917149,27.68105981380371,21.045661379331094,44.85360651800522,12.83606318335533,180.0,53.38327151910203,1011.193821531744
2026-01-03 18:53:00,CYCLE_NORMAL_2,164.28979212898085,169.52051985025093,172.1374593595045,120.34305054342096,2.888748142426254,8.174008761906343,28.10336567536245,20.454514798445988,44.98019249876885,12.834506604784858,180.0,53.80675759182748,1002.429433328355
2026-01-03 18:54:00,CYCLE_NORMAL_2,165.93566286050245,171.4971802931556,175.93620717195836,123.16605865765537,3.0978680207160885,8.228916524461123,28.90407221947753,20.868254327120866,43.37532624492494,12.83524575474526,180.0,53.60352226385331,1006.1526155995249
2026-01-03 18:55:00,CYCLE_NORMAL_2,168.16896527484838,174.89157854381332,176.28408282969042,121.32328060538568,3.2222486927489755,8.083979448077441,29.286453482847385,20.534909814308353,41.51201551864304,12.834855181631676,180.0,54.016413736533075,1000.1466465988267
2026-01-03 18:56:00,CYCLE_NORMAL_2,167.40211478663497,174.3711444420678,178.3062271880757,123.84044295541597,3.174948813744841,8.34134675543532,28.431451741666276,20.465518316314586,42.681981497654,12.833971717321276,180.0,54.749150518780006,1003.9123185494531
2026-01-03 18:57:00,CYCLE_NORMAL_2,170.45623348088301,175.61934853101266,179.09945422708063,123.54332300374763,3.6475501817748897,8.233542807125007,28.024091064815945,20.812496232102767,41.842324411667924,12.834367328370389,180.0,53.97208318494321,1004.069578311841
2026-01-03 18:58:00,CYCLE_NORMAL_2,171.413490045658,175.83826018335148,179.94987894535885,126.01252241257134,3.0382444763381056,6.642450903001409,27.782930867151993,20.405210176180912,41.10538484728322,12.835928281396011,180.0,53.25554276153099,1005.5935823402124
2026-01-03 18:59:00,CYCLE_NORMAL_2,172.3509579888257,176.39209728303595,185.69191829298225,127.51293873162248,3.0080715549870978,8.453153368830822,28.58833959572791,20.6314831848294,40.7026597548264,12.836268725572795,180.0,53.52398283058069,999.0912343698045
2026-01-03 19:00:00,CYCLE_NORMAL_2,174.53861014061,179.91294406167177,184.17959815526788,126.60939431221982,2.9456103642990676,8.40057598098045,28.680043839469402,20.432748584836865,40.997438184049166,12.836006181362754,180.0,54.23649803248411,995.5441497406993
2026-01-03 19:01:00,CYCLE_NORMAL_2,173.78224303335452,182.8481712449446,188.26312831292577,129.5531122131078,3.1658936511437665,7.818843584670796,27.26425138526443,20.033850203176907,40.953884526856825,12.834710132123147,180.0,52.80331866666212,996.235751659983
2026-01-03 19:02:00,CYCLE_NORMAL_2,177.20956895343232,182.73114975379357,187.85303027045015,127.8881238110374,2.9903825215542157,7.012896636133654,28.46248641003293,20.575717451784357,40.338707724005125,12.834611282962044,180.0,53.17203515021714,1002.6016210995452
2026-01-03 19:03:00,CYCLE_NORMAL_2,178.31587065713296,185.11700991467055,188.27828987016116,130.09256705231002,3.00396274351943,8.121237012817204,27.510129182651756,20.480615221865524,37.47984316682608,12.833279133141755,180.0,53.80623816717554,1006.442360905259
2026-01-03 19:04:00,CYCLE_NORMAL_2,180.7651503950161,187.8128463733993,191.71193171405181,133.09947410801828,3.005348958001877,8.16333040206825,27.31676392071186,20.048755493890283,39.10298381244833,12.832969208920336,180.0,54.06990115624615,1000.825274424299
2026-01-03 19:05:00,CYCLE_NORMAL_2,179.76425221244318,189.18181957587635,192.0307317716804,133.8864792103402,2.959617429152972,7.779758258719578,27.69846965289797,20.2667221173205,38.80184989319801,12.832906151271944,180.0,53.69848767880152,991.8112849062699
2026-01-03 19:06:00,CYCLE_NORMAL_2,184.04585007659847,189.33135784950926,193.56825745759122,134.44285422112225,2.8173981593542776,8.093349862173346,28.343805867420166,20.02096167273393,39.19771929196177,12.830545609781232,180.0,53.06171510994022,999.4351803526926
2026-01-03 19:07:00,CYCLE_NORMAL_2,186.12826705107113,190.24108686977172,195.21084621659062,133.1363030211559,3.125431961459073,8.535920128985186,27.892690406393278,20.50487358807689,36.48509058824537,12.831933931985821,180.0,53.604181485186196,991.8305438082559
2026-01-03 19:08:00,CYCLE_NORMAL_2,186.006416735485,189.32481272335718,195.17251697926244,137.27425355626175,2.9144857304950142,9.198760859147583,27.83468762554523,20.612568971956392,37.350480488892096,12.8306954105127,180.0,53.513705709986546,993.5827589315361
2026-01-03 19:09:00,CYCLE_NORMAL_2,187.7338051637095,191.3790213426119,195.1898912906798,137.6687487439917,3.184103850846133,8.073451836457933,27.83503173912575,20.481566100706676,37.393260340990324,12.83050945131153,180.0,53.45241173807043,995.1024255083503
2026-01-03 19:10:00,CYCLE_NORMAL_2,187.37510438908507,192.65347408714487,197.92885751908534,137.1359881767659,3.033230288678399,8.16695684067662,27.862480958143603,20.486458266538296,35.86512222949328,12.831043284557342,180.0,53.19870340316975,995.1497676258247
2026-01-03 19:11:00,CYCLE_NORMAL_2,186.83763651610795,192.680383930918,199.8598831077996,136.820668754983,2.884027537101286,7.5881055624073035,27.471760667512655,20.162300654334626,36.739310284169086,12.83235183427552,180.0,53.24377647776171,993.365539349113
2026-01-03 19:12:00,CYCLE_NORMAL_2,189.26787732997008,194.5639916599706,198.1839382337332,136.59392072335646,3.4694491215105194,7.749303977011711,27.877800324977976,20.35276067772495,35.6244481966466,12.831559681269148,180.0,52.73337001847407,990.0755573979435
2026-01-03 19:13:00,CYCLE_NORMAL_2,190.48866806338933,196.9661918311904,199.85696873052584,138.18934941472048,2.969306224335907,7.93197868481426,27.06132839267776,20.219347080948356,34.177924289674664,12.829050496008175,180.0,54.396866089745636,996.096898712639
2026-01-03 19:14:00,CYCLE_NORMAL_2,188.32856267979489,196.73914234171804,201.72443700878313,139.61572744109642,3.186846904368542,8.588859017695299,27.806272476317673,20.236290340997996,34.10309648105749,12.830129159724187,180.0,53.204713002017115,989.1247526666663
2026-01-03 19:15:00,CYCLE_NORMAL_2,189.44172726841379,195.29265583419746,199.8922821352714,137.90028634239673,2.7900051282023695,8.40947887801403,27.888453348539468,20.369064723537374,36.16433842956286,12.82887966483776,180.0,53.36972588707457,995.6319830790341
2026-01-03 19:16:00,CYCLE_NORMAL_2,189.6212887494388,195.8531493169539,200.02114167667915,137.1672399337376,2.392338200660646,8.964676672003982,27.75240696987578,20.391314690734013,33.61808932856061,12.829239108081344,180.0,52.95557966005071,984.5563556338752
2026-01-03 19:17:00,CYCLE_NORMAL_2,193.093903185349,193.79788883257973,199.73846883532752,140.35475816355714,2.8299002496968857,7.254886912169895,27.742278337738128,20.057195858511843,33.5981189542693,12.82966069778148,180.0,53.45606691969972,990.2370369486027
2026-01-03 19:18:00,CYCLE_NORMAL_2,189.53389317809118,196.02275496522986,198.44703443335564,137.96188174717045,2.358765388080062,7.338132514675514,27.52939412579519,19.83284258588873,34.521283813421384,12.826408668348808,180.0,52.35288465584835,983.8525172719304
2026-01-03 19:19:00,CYCLE_NORMAL_2,186.41649357000253,191.82882194950483,197.511156442519,135.0150520452319,2.9289411399542256,8.551041467617965,27.913436387689064,20.05641281553281,34.66070268811553,12.824793831577264,180.0,52.097802546753115,984.804229049282
2026-01-03 19:20:00,CYCLE_NORMAL_2,185.4069599745559,194.08577485006995,196.80326621358125,136.48980609808177,3.440594104361716,8.724430188157244,25.80538496634177,20.02986223599775,32.781974033452286,12.824333020370547,180.0,52.92369050775029,985.4732497152008
2026-01-03 19:21:00,CYCLE_NORMAL_2,188.01185351194076,192.72996256786396,197.57707475203298,137.11197538357789,2.728414493377005,8.016564060835467,27.639674608952927,20.11076382208527,33.59542672770977,12.821748892451607,180.0,53.93409355915802,992.9938273351313
2026-01-03 19:22:00,CYCLE_NORMAL_2,189.12921075335677,190.24014111805562,197.05661921648021,135.67344281415106,2.3681868427217436,5.767198068235562,28.271871035852104,20.20087810335128,33.51131665163855,12.82041084117535,180.0,53.47918667748629,991.53104645777
2026-01-03 19:23:00,CYCLE_NORMAL_2,184.69978971386206,189.78641498729738,196.00305778150835,137.29922487632538,3.4500770973037582,7.628235419050626,26.672728884710363,19.6321076102836,33.54904243601289,12.820533719735478,180.0,52.4385860388061,989.1849875955139
2026-01-03 19:24:00,CYCLE_NORMAL_2,183.4077952739169,187.45567554059983,193.36252735988054,134.06289314866282,2.8573935710027243,8.167746826074696,26.56500253632308,19.861899827584512,36.89785107788025,12.820445236083385,180.0,53.0684605942472,985.2117497709762
2026-01-03 19:25:00,CYCLE_NORMAL_2,183.01692901143716,186.19003194263735,193.8119702491168,133.7241905256066,2.9952784853493934,7.550293506711133,27.7365152273742,19.784679876199142,34.067824541909445,12.82074789051403,180.0,52.45985642618273,985.2230930913341
2026-01-03 19:26:00,CYCLE_NORMAL_2,180.14309395612287,184.19178484538827,191.4698862295495,132.20467889755753,3.2364839907393232,8.092563078468858,26.368277113851367,20.2093306309454,33.61072634542148,12.82119711149276,180.0,52.95832243371281,988.9307274104095
2026-01-03 19:27:00,CYCLE_NORMAL_2,176.5822693711099,185.55627159826514,189.72014558177352,131.49929566942416,3.156951829496745,8.949277724435989,26.48400098829781,19.899494327258456,36.056614946583196,12.81951528192578,180.0,52.96440462143862,986.0657547824735
2026-01-03 19:28:00,CYCLE_NORMAL_2,179.3633926293972,184.56508932557838,184.11144736714206,128.05752982454257,3.2251537258835605,8.7130664097975,26.945841924040796,19.820933538098114,34.86787945878151,12.818230433662366,180.0,53.142373535344056,982.7301258768148
2026-01-03 19:29:00,CYCLE_NORMAL_2,175.8321083949326,178.97375751243865,185.58703541508712,128.32687022797947,3.270128696863627,8.40444612268507,26.324466104883818,20.01384023838396,35.436630282843616,12.81899179985188,180.0,51.86306315629215,988.0042387847
2026-01-03 19:30:00,CYCLE_NORMAL_2,176.26014143898573,182.20596661938188,183.17468251731535,128.78404420285938,2.4761656102231635,7.967775360580921,27.28894672369635,19.77057891606176,33.09429480342246,12.820516130092882,180.0,51.979698829152326,984.7170984821572
2026-01-03 19:31:00,CYCLE_NORMAL_2,172.51888890261236,178.41766316702095,184.1845612594621,125.05173553686512,2.5756956779579943,7.7526659710498045,26.249681489453415,19.869474840153902,35.534896691444516,12.819548722044019,180.0,52.54114421247276,981.8321209054719
2026-01-03 19:32:00,CYCLE_NORMAL_2,172.02745959068633,177.2291484835859,181.99536463604971,124.02423977903787,3.3513508987886524,8.378875657638737,26.900913421669674,20.218997599538273,35.12987203489673,12.819807627638117,180.0,52.028995410919585,978.432094074691
2026-01-03 19:33:00,CYCLE_NORMAL_2,171.39054342136217,173.59784968167364,179.0783614207136,125.36712533458471,2.765478257072494,8.012697326250114,26.81573779681674,20.197449521795242,34.850237096337224,12.82061471053143,180.0,51.9564666307244,977.4787557721105
2026-01-03 19:34:00,CYCLE_NORMAL_2,170.1833714951493,175.48394125406088,179.26418542402422,127.74658238811116,2.798206246510932,8.029852219686186,27.60404465415782,19.74306374871362,32.423911086779526,12.82085226614862,180.0,52.6132220317735,977.74097573989
2026-01-03 19:35:00,CYCLE_NORMAL_2,167.77958640097773,172.74030011180022,175.79180916055242,123.16717617367857,2.6211472433507046,7.224392193559487,27.265709321596237,19.772760939458426,34.35113204897973,12.820603499843198,180.0,51.98508842526159,980.32588657033
2026-01-03 19:36:00,CYCLE_NORMAL_2,166.40310813057172,172.5498127033385,174.9307054976918,123.96866743742534,2.8785156331957555,7.642734808887054,26.209785264389094,19.670466233766458,35.89257160530188,12.81996284984875,180.0,53.537596815702805,981.2556581026506
2026-01-03 19:37:00,CYCLE_NORMAL_2,165.7066883208321,171.42807088939443,174.11077530757922,119.9653722467198,2.8952051808946586,8.375930233658407,25.729941408842784,19.394485822958103,34.332496879504255,12.821948119053515,180.0,52.10769895570603,971.5523854086878
2026-01-03 19:38:00,CYCLE_NORMAL_2,164.40983105911215,170.45467692510468,174.50099120405298,119.68139805358925,2.7187617936944526,7.449466579625707,26.952718959378046,19.972634308641183,33.658111642598016,12.822044328095041,180.0,52.20453302919902,968.9626701022689
2026-01-03 19:39:00,CYCLE_NORMAL_2,161.31532844337022,167.08680815335313,174.54407509942047,120.88134033105588,2.684075176537277,8.13285354930123,26.019373936608883,20.235755294418425,34.1359295905723,12.82243327012626,180.0,52.45364214293588,972.3651673355447
2026-01-03 19:40:00,CYCLE_NORMAL_2,160.4831201180688,166.76006453376158,171.30640880522068,119.72146630032225,3.095598927652712,8.206251797432069,26.17164738495455,19.649242481304796,34.01274453143566,12.822757590207006,180.0,51.51597480812486,973.9650949619506
2026-01-03 19:41:00,CYCLE_NORMAL_2,158.76594721173598,165.5627756456856,172.88376850529096,116.9336384077469,2.757699219933471,8.23544390787701,25.698980216920216,19.561376327829656,33.32753649312078,12.821945171800005,180.0,52.48914535943828,979.8069412670008
2026-01-03 19:42:00,CYCLE_NORMAL_2,161.65396185658028,166.80826801086224,170.79103651630643,117.86333680321084,2.8181063229065217,8.280132108178844,26.70428999221181,19.657327709179704,33.62565552925729,12.82199599282332,180.0,52.37042967419652,973.3315698341629
2026-01-03 19:43:00,CYCLE_NORMAL_2,159.85291026053972,165.72725306422942,170.6111517821032,117.77354426777165,2.344116495967776,8.313863026570033,25.871179732648184,19.71642959115104,35.042509400409905,12.82167375013544,180.0,51.98971014991322,974.9052274335479
2026-01-03 19:44:00,CYCLE_NORMAL_2,161.06640826392746,166.3651454062918,170.00560610020295,116.64473927117268,3.5814600727593073,7.688103453978735,26.200434270278617,19.460200960872477,34.57362966326316,12.821333602544273,180.0,52.2658601116235,974.9935072968551
2026-01-03 19:45:00,CYCLE_NORMAL_2,160.48445268814538,166.3352865636687,169.76322349593673,116.59910808616839,3.28254720884241,7.266172718169413,26.172336161506333,19.583863093082545,32.24639861539102,12.821650561685292,180.0,52.30743994409912,968.6662865749431
2026-01-03 19:46:00,CYCLE_NORMAL_2,158.87925955159074,163.0094601803492,170.6093316135626,118.93162527178684,2.8515581840019175,7.5632322938083245,26.2569522314689,19.867157094646075,34.57771719718807,12.820734918712056,180.0,52.775167149175694,978.0417932203213
2026-01-03 19:47:00,CYCLE_NORMAL_2,160.18351906875117,166.94871014565754,171.21617141241134,118.90094885877517,2.730275719302684,8.364960598452456,26.506780041555576,19.67864148275877,33.16643664872522,12.819530130291252,180.0,53.271848711633766,968.9877305639371
2026-01-03 19:48:00,CYCLE_NORMAL_2,160.1883657935758,166.87518540489157,169.67261869120966,118.54587228199088,3.0032666391699374,7.399576703102152,25.927293080456607,19.896600865893635,32.803820915287076,12.820032855351657,180.0,51.45498895935657,977.3339453777622
2026-01-03 19:49:00,CYCLE_NORMAL_2,160.56574995904464,165.85374827553832,171.0696575718775,118.67848619394849,2.9950399231207037,7.4796946600577465,25.59152843640751,19.705207808085436,32.51955751940517,12.81950124475903,180.0,51.300964733970176,970.0410707772368
2026-01-03 19:50:00,CYCLE_NORMAL_2,163.10796373382536,167.42937026306896,174.01274905990132,118.86332152774072,2.617210029145606,7.476927999621163,24.88427321974673,19.40457525550753,30.660335284734636,12.819156229038752,180.0,51.96479196747946,968.6499868095476
2026-01-03 19:51:00,CYCLE_NORMAL_2,165.877637249033,167.71634159847653,173.07737146955802,120.70885447337062,2.234839131323292,7.07701277262837,26.02541211461912,19.497635842789443,30.89557657686982,12.817227432486076,180.0,50.83761861578673,965.0143583203526
2026-01-03 19:52:00,CYCLE_NORMAL_2,165.19227198793135,169.59209443219652,174.19686024315408,119.15897457835818,2.8421772277449993,7.4264978169341,25.833692538136663,19.65337794016746,31.600464153593435,12.818190515268252,180.0,52.16533037933614,969.7075206024065
2026-01-03 19:53:00,CYCLE_NORMAL_2,164.93069326378827,169.5173652477713,176.36376315137807,121.27204371427467,2.530987640730146,8.500198456661835,25.465893119940695,19.370412965842565,29.331280498170347,12.818714531480168,180.0,51.86059451397464,977.4001818463431
2026-01-03 19:54:00,CYCLE_NORMAL_2,167.69463052756018,171.75793390501576,175.58172781647124,120.16977189596588,3.0514139840170627,7.641617673642219,25.894224297375537,19.33608195633469,28.9196118605998,12.81942260026548,180.0,51.951017518526974,969.5047454628682
2026-01-03 19:55:00,CYCLE_NORMAL_2,169.555483180373,172.58076636559124,177.45924725371853,122.11957677849486,3.0534244699982023,7.125530921722827,26.335033463508825,19.340101986505278,29.9076848125247,12.819809925885878,180.0,51.578799317827496,968.4034053868941
2026-01-03 19:56:00,CYCLE_NORMAL_2,167.2281054150906,173.38031766966859,179.87916422978125,124.15347440967507,2.7080361904974275,7.7441780725427085,26.45356665399493,19.67408154527608,28.45963580113521,12.818293968932187,180.0,51.821197484210664,964.1300925422428
2026-01-03 19:57:00,CYCLE_NORMAL_2,171.83457079801076,175.5929085782582,181.85142776190975,125.107234982009,2.839624719703364,8.255273607946833,24.830584037536845,19.490434814949047,29.520394496895403,12.818522967896866,180.0,51.89280923113479,968.6429323233192
2026-01-03 19:58:00,CYCLE_NORMAL_2,172.8049430602254,180.12908812592008,179.04315268552708,123.06973182103698,3.528912507593425,7.084613617558169,25.500628948653073,19.793318017298105,27.073847477753556,12.81791383439452,180.0,51.71959879382404,966.3876571674259
2026-01-03 19:59:00,CYCLE_NORMAL_2,174.85781591897296,177.60942909519434,182.54807050191073,128.33680737126997,3.2325385578812886,8.476655154883005,26.25949043806834,19.371078292450058,28.198346589933816,12.816950977289288,180.0,50.90983552817666,964.9917917604735
2026-01-03 20:00:00,CYCLE_NORMAL_2,175.97594494722028,179.70006769048612,183.80196163238088,127.30808306382575,2.864324168787329,7.27950959232046,28.957624620713815,21.50851994640923,29.082720316185075,12.817451025530733,180.0,50.08600291360076,1001.9791791373141
2026-01-03 20:01:00,CYCLE_NORMAL_2,171.38331422590397,175.7517650620415,181.30182072418688,124.631606462539,3.666579394719449,7.861081709918421,27.324767858525117,21.822598472037676,28.710343419791997,12.819109534447486,178.8235294117647,50.590847889243406,997.7786328914432
2026-01-03 20:02:00,CYCLE_NORMAL_2,170.82155668392187,172.50219953381514,176.8667991500818,121.2763743690803,2.5989019696858175,7.913514503825721,28.457245858379885,22.026989997675404,29.2926083109118,12.820602873866443,177.64705882352942,49.448177121676906,1009.6819356438647
2026-01-03 20:03:00,CYCLE_NORMAL_2,165.58266569273727,170.85114190056848,175.36620458998536,118.48082005068783,2.693166372471,7.89575053485753,26.63532038191973,21.55313237078468,28.95687534381557,12.821225018884952,176.47058823529412,49.06012444503955,1010.3379390396933
2026-01-03 20:04:00,CYCLE_NORMAL_2,161.51311100267904,167.49358445222205,171.44163998306408,118.18679812049042,2.8828121353422436,8.202893268406296,27.949474939552637,21.1205393345667,29.976793718362423,12.821194790725494,175.2941176470588,49.43548101381936,1020.2836612201705
2026-01-03 20:05:00,CYCLE_NORMAL_2,159.56539046135129,163.45655616792374,169.03599610374073,114.83727837098014,2.4356558635803824,8.683397824047173,26.906576452777635,20.91884215975025,29.498475192839187,12.820979248404575,174.11764705882354,47.94651995221,1022.3132865310799
2026-01-03 20:06:00,CYCLE_NORMAL_2,157.11242753656956,161.58959286974203,165.91413102919037,115.88769088558158,3.4110423292202867,8.332540385818984,27.82845026190726,21.332017357574614,30.37337908004632,12.820074744818132,172.94117647058823,48.42803209735431,1027.6287414380913
2026-01-03 20:07:00,CYCLE_NORMAL_2,153.10871592480208,158.26864329571768,162.45292327058036,112.3596519794373,2.9078867880833723,8.108927875835722,26.427463623188,20.779689116299853,31.705489116884415,12.819805011634426,171.76470588235293,47.381980147003325,1029.960352515916
2026-01-03 20:08:00,CYCLE_NORMAL_2,150.57705037444282,154.14289431543776,158.16715530179027,111.91603414085829,2.5949481160393053,8.699262577674565,26.33507396730514,21.09827503191786,30.309358468032148,12.820713535594013,170.58823529411765,47.85421604142047,1044.7987943387689
2026-01-03 20:09:00,CYCLE_NORMAL_2,147.38119093202255,149.5796583342471,155.69057466181013,108.07160611365465,2.9452604551693273,8.633043629017136,26.256098876259202,20.769474151955134,31.524242415330963,12.822536674726038,169.41176470588235,47.373813993200166,1042.6671652674327
2026-01-03 20:10:00,CYCLE_NORMAL_2,143.71127450970312,149.5587867297159,152.06968016454653,104.10502857106658,2.833732720875922,8.253483514154233,25.229030411367944,20.333481215102253,32.371564924166215,12.821720193419074,168.23529411764707,46.43251603052126,1047.923213572692
2026-01-03 20:11:00,CYCLE_NORMAL_2,140.80253915642382,145.96830600095512,148.10300602796462,99.75702278529145,2.677512237787456,8.668209534571595,24.908902952166653,20.56956182264384,30.18755926526834,12.819725179934402,167.05882352941177,46.16954044523689,1061.5846451586392
2026-01-03 20:12:00,CYCLE_NORMAL_2,137.4466819712424,143.05073358692604,148.0626147623476,103.26125621059019,2.3853446096174213,8.32971110133738,26.087605120866446,20.000094518927177,34.42653136953563,12.81919430593829,165.88235294117646,46.455292325330966,1062.7760314117386
2026-01-03 20:13:00,CYCLE_NORMAL_2,138.34783447827004,139.78067086213704,144.0527689821603,98.03277572112559,2.296027178643789,8.331836518154471,26.1897160638742,19.74414602288915,33.98108601412442,12.82009826005116,164.7058823529412,44.70252665022868,1057.407661535347
2026-01-03 20:14:00,CYCLE_NORMAL_2,133.70794439130472,138.60471132955203,139.6430857352151,96.24767202902937,3.3619226521741448,9.22643001883966,25.776311207587014,19.709003862507583,31.417768409934286,12.82217053734182,163.52941176470588,45.073153092111475,1076.1296759810048
2026-01-03 20:15:00,CYCLE_NORMAL_2,127.36536846532806,135.55473223508181,139.43895436220595,98.30736253884486,2.2790534840468326,9.10583234446105,24.474505387795407,19.884839767292835,31.180795933773418,12.823480578548477,162.35294117647058,45.26819193508957,1082.2218146676375
2026-01-03 20:16:00,CYCLE_NORMAL_2,129.50820656654398,132.33082977291474,135.92894127599914,95.10362371035421,3.1732552020239,9.32636628820651,25.330130053765913,19.807425330573377,33.67412687747716,12.824765863760856,161.1764705882353,44.4677953537983,1086.8897732605883
2026-01-03 20:17:00,CYCLE_NORMAL_2,127.08770075623966,128.67495276387763,131.1825234431047,91.79834118894597,2.3894293985723563,9.317564250575755,24.263020472920637,19.34936597599785,32.95923907559785,12.82391630340718,160.0,44.353145975817746,1088.3870426863302
2026-01-03 20:18:00,CYCLE_NORMAL_2,122.05056162630042,129.00840416190783,129.51486050664903,90.9572411872822,2.858858509757895,8.615213899884738,24.916860532497225,18.90364866214192,34.797855762086634,12.823094914033632,158.8235294117647,42.92900435910257,1086.3494634812844
2026-01-03 20:19:00,CYCLE_NORMAL_2,120.99367688482246,126.08403296794881,127.88300767510783,89.84528048239098,2.740470263158688,9.618288023856925,25.166174445104655,18.814697127942456,34.53865705049087,12.821771104396365,157.64705882352942,43.18620633031649,1095.6014172983384
2026-01-03 20:20:00,CYCLE_NORMAL_2,118.69049247234864,123.34472594475868,126.58706008595885,89.79787656606092,2.779457542862034,9.027667033094332,24.52300112040437,18.761260801594513,34.54517891109534,12.82110562466024,156.47058823529412,43.61703726044565,1095.0465549249216
2026-01-03 20:21:00,CYCLE_NORMAL_2,116.64720573324905,117.57804080020246,124.94003620853938,85.31083174898072,2.7784278110838216,9.699903029280666,24.99876740016869,18.564730035914682,34.658025880926225,12.82201972244365,155.2941176470588,42.565672782056026,1102.4182887191682
2026-01-03 20:22:00,CYCLE_NORMAL_2,116.83458963341342,118.49546880176112,122.60714793806869,84.39409358080366,2.054345439349167,9.231559342073176,23.842780626432052,18.72535498277594,36.46645399378994,12.823644209630586,154.11764705882354,41.95381216139572,1106.4808228520483
2026-01-03 20:23:00,CYCLE_NORMAL_2,113.08644421172912,116.07214912297695,120.18152541080254,81.67922866410824,2.3139029249468224,9.50952272041025,23.61790956688125,18.908631572306238,35.84079242935904,12.82398972690187,152.94117647058823,42.799711829502506,1113.4582647338636
2026-01-03 20:24:00,CYCLE_NORMAL_2,110.68184347260774,113.48498381088507,117.21859708548307,81.0234584633309,2.0853839315624167,9.583378670355861,23.603435988752505,18.52890321396478,35.93943595925075,12.823734605941858,151.76470588235293,42.19061513627855,1121.6642189221905
2026-01-03 20:25:00,CYCLE_NORMAL_2,110.51351200672654,113.04185301310714,117.17357605431604,80.82414453712751,2.531580234220666,9.877188427936312,22.572566610224957,17.992841225959836,36.40522667028705,12.822667881124186,150.58823529411765,41.05237197905364,1124.2707723714052
2026-01-03 20:26:00,CYCLE_NORMAL_2,107.77499060002292,110.94729441785225,113.83819694070041,76.14482855138532,2.0567782129677745,8.712138704201447,22.9515066655541,17.92835173762299,34.344124591893745,12.822555365968173,149.41176470588235,41.32975612389672,1129.14098995363
2026-01-03 20:27:00,CYCLE_NORMAL_2,103.14627707297579,108.60855476683312,111.19980567294763,75.65098354542576,1.8384589561217308,8.800036437762934,22.8193234595005,17.81610825069486,36.84719759258322,12.822758492295822,148.23529411764707,40.396395850536514,1134.9708760026188
2026-01-03 20:28:00,CYCLE_NORMAL_2,102.59048447164075,107.36607766521378,109.59069002321914,77.82212698481509,2.3405215049192805,9.9829142560805,22.65312944579258,17.84254871575156,35.30047229810697,12.82129542022305,147.05882352941177,40.51200576567984,1147.174361306443
2026-01-03 20:29:00,CYCLE_NORMAL_2,101.85104651794931,102.9705821881668,106.45114679283951,74.19210060608476,1.7280325867747746,9.884063585437858,22.79963016248292,17.927696325321662,36.465032087316956,12.822216893151557,145.88235294117646,40.34009493509886,1154.8735094043611
2026-01-03 20:30:00,CYCLE_NORMAL_2,98.51675053333845,101.76934096862468,104.92134065810086,73.55734786908631,2.4473693575759508,9.376884058258632,21.565584040711066,17.36870479805941,35.963867423499885,12.821792979155248,144.70588235294116,39.511718186954425,1149.457719482404
2026-01-03 20:31:00,CYCLE_NORMAL_2,100.28328551097684,100.55869800792148,100.59172997186364,70.18712730939552,1.971450638784997,10.005683866273078,21.581539172708908,17.61867982796154,34.23153218806507,12.822654394996349,143.52941176470588,39.95099839953573,1157.6468178183911
2026-01-03 20:32:00,CYCLE_NORMAL_2,96.2305729781869,97.91580163389324,100.76519245715659,67.02480151186741,2.075557168012906,9.17837283612452,22.76327537142846,17.580446057230663,37.312528812919155,12.822643475034297,142.35294117647058,39.69237333015242,1157.9794259648993
2026-01-03 20:33:00,CYCLE_NORMAL_2,93.47450242889022,97.7653149922822,101.51873543501279,69.66352597084627,1.62259789712832,11.57332122602274,20.69481072942726,16.93842198808679,34.322080667704014,12.822940691727185,141.1764705882353,39.03934578766001,1169.4571598412747
2026-01-03 20:34:00,CYCLE_NORMAL_2,91.34984905301602,94.53306184563829,97.80007463451791,69.05506324321873,2.7807449498568495,10.655785693413971,22.084108355609423,16.782013932930596,35.527857921131634,12.822238742517104,140.0,38.77841964719877,1169.5227711808604
2026-01-03 20:35:00,CYCLE_NORMAL_2,92.16390403135013,95.02046867249977,96.002066141454,64.84719629563635,1.8258314162595175,10.369974868115701,21.305275956227273,16.633758479462955,35.710924895418906,12.821894127231289,138.8235294117647,37.508879698462685,1173.6261687829349
2026-01-03 20:36:00,CYCLE_NORMAL_2,88.66087355691357,90.68274936291117,95.3602983228956,66.86785350124507,2.134497108627228,10.155462244162273,21.440611304124122,16.567119845877073,34.754629246573586,12.82253616935465,137.64705882352942,38.58025327728731,1189.5189541052796
2026-01-03 20:37:00,CYCLE_NORMAL_2,88.3149013832968,92.73050967280457,92.91465671620774,61.79754889746977,1.6851674978918783,9.867106565832644,22.09452313674658,16.331725525181447,34.98650615509457,12.822404671119912,136.47058823529412,37.5173627160558,1181.130344876773
2026-01-03 20:38:00,CYCLE_NORMAL_2,84.93041566998423,91.0128408113573,89.89934850592732,62.21449088610616,1.950980329754676,9.58020099797412,20.896080244447194,16.428936332613993,36.392578245475285,12.821299697104216,135.2941176470588,36.75926257373982,1181.7853292367101
2026-01-03 20:39:00,CYCLE_NORMAL_2,84.88161345954242,86.90240888454,89.2632382251522,62.64380071798502,2.706218803214826,10.237206333314111,21.165148769690017,15.791074080055896,36.294522964499066,12.821411271159267,134.11764705882354,36.96367420874897,1199.577976446781
2026-01-03 20:40:00,CYCLE_NORMAL_2,82.5506834100141,86.86214207112054,86.29746562293083,59.37803981770999,2.248906886125823,9.923060858623026,20.64018219741587,15.842655412873551,36.125812469806185,12.821796946176105,132.94117647058823,36.92735684493393,1200.210158625095
2026-01-03 20:41:00,CYCLE_NORMAL_2,81.48223277558833,83.50838110639963,86.33741809100586,63.4166221770715,1.9215661632917,10.011043781555731,20.354542365374908,15.86415426234554,35.825986316855854,12.823169834701778,131.76470588235293,36.47466217848497,1204.1387027586147
2026-01-03 20:42:00,CYCLE_NORMAL_2,79.48208721938961,83.73787807612233,83.60094443375252,57.16304686583943,2.1073950149268903,9.762209915406846,20.09538893894284,15.821075724961515,36.47963345256285,12.824322387970437,130.58823529411765,35.34000775878226,1222.6913418841154
2026-01-03 20:43:00,CYCLE_NORMAL_2,80.27463466571399,80.87404530533036,84.2405090082534,57.50585079787917,1.928470938456201,10.654243290671435,20.471055177170964,15.93485533206388,36.363025456857585,12.824257752424083,129.41176470588235,35.9250374321537,1219.7276289794065
2026-01-03 20:44:00,CYCLE_NORMAL_2,77.08967321487548,78.13559837853872,81.06508578234754,56.45598622530498,2.047904078152564,10.3997385412062,19.42658509881459,15.086732769599863,35.2773326909388,12.82371041725942,128.23529411764707,35.17975449271385,1221.6146831057765
2026-01-03 20:45:00,CYCLE_NORMAL_2,76.169867632411,74.06066257448396,79.26842784212117,53.89065575427249,2.277782464449384,10.914594610942347,19.001458355776805,15.062868828086918,37.19439696476384,12.823482115860058,127.05882352941177,35.12455167102399,1224.0590297436102
2026-01-03 20:46:00,CYCLE_NORMAL_2,74.91854698314768,76.62791944920299,78.73263506289551,52.37872494134172,1.9342840484060393,10.93443174976857,19.540483303386385,14.588735492077221,35.395740044430944,12.82295838235268,125.88235294117646,34.13703937575977,1233.7159245045705
2026-01-03 20:47:00,CYCLE_NORMAL_2,75.68513819986708,75.96340900659409,77.9451241213924,52.57608433436256,2.078602484194338,10.879438197392773,19.426594771900994,14.668782501050435,37.37420236698065,12.823464543578384,124.70588235294117,34.72463646696223,1230.043379399189
2026-01-03 20:48:00,CYCLE_NORMAL_2,73.5629189970449,75.9303256092759,74.72454470768184,53.269917578103595,2.0625452879499386,12.153249540791798,18.03155552092869,14.38571073893252,35.806476284557014,12.824506208700999,123.52941176470588,33.9569039816198,1239.9524009668019
2026-01-03 20:49:00,CYCLE_NORMAL_2,72.21339344467788,73.10999942113301,74.24200231357005,51.20770095085218,1.8727445411047945,11.294205697959242,18.934884013421836,14.483975815104783,38.94352726478773,12.825746043060294,122.35294117647058,34.123823421775,1246.9104276502205
2026-01-03 20:50:00,CYCLE_NORMAL_2,68.16649977259137,73.02778628917827,73.7148193016435,53.32115700754552,1.7288020350317563,10.310893465263286,18.020176368279696,14.391301671387641,37.11226618305312,12.825333836607795,121.17647058823529,32.425843256496314,1252.9548076629223
2026-01-03 20:51:00,CYCLE_NORMAL_2,68.09251652915435,70.06341130049644,73.94213717949098,50.22019856048439,1.77101642159009,11.229368223960735,18.94753443589726,14.3796051336818,36.2573906014967,12.824821810208382,120.0,32.15643329733535,1256.5731317956806
2026-01-03 20:52:00,CYCLE_NORMAL_2,69.1510779416846,69.01232784478589,68.07493081660479,48.87963917248377,2.117318600670607,11.03181415792752,17.304343708310757,14.07473387544862,36.85839860079608,12.824401415783823,118.8235294117647,32.40099448004369,1259.4120289746643
2026-01-03 20:53:00,CYCLE_NORMAL_2,65.18798949059006,69.51538431986155,70.64617237697838,49.39985620011943,2.121279633341375,10.446881773410295,19.35672617018676,14.077180693393355,33.796796893122995,12.822469378833738,117.64705882352942,32.918686459566224,1270.9095393389487
2026-01-03 20:54:00,CYCLE_NORMAL_2,65.58562543505079,64.15046213249333,68.27105517360087,46.70269794996807,1.5242079191068534,10.465654148196974,17.81388767270758,13.854747606528033,37.513769808824705,12.82126656647519,116.47058823529412,32.83014494463518,1265.6622933062285
2026-01-03 20:55:00,CYCLE_NORMAL_2,63.12104875299369,66.00473736107007,66.98541855839173,44.991924126315645,1.7662410148096477,11.461895576286842,17.312955604016857,13.474007627757528,35.08429197329582,12.82123201346925,115.29411764705883,31.068391892479404,1276.1992288816875
2026-01-03 20:56:00,CYCLE_NORMAL_2,62.1784067739865,64.41335798058374,65.63297536746084,42.82719191981252,1.5976528510340053,11.642891414498106,17.477275347308495,13.192157023537707,35.96768789103926,12.821611285209695,114.11764705882352,31.20299410404103,1280.2812189271867
2026-01-03 20:57:00,CYCLE_NORMAL_2,64.31208931052527,65.45279381646627,64.90829951383772,46.176059298709674,2.0425067373182033,10.829812576808326,17.795947389129918,13.494887660483416,34.65104152391845,12.822102458267578,112.94117647058823,30.917912122094105,1291.442330383364
2026-01-03 20:58:00,CYCLE_NORMAL_2,62.138588563918496,62.13504168649444,65.007391328008,46.87224311381739,1.6401516931080464,11.896848232479675,17.81159297791071,13.556191353305424,35.029079330692774,12.821321963845707,111.76470588235294,30.863280487191293,1290.6014424125985
2026-01-03 20:59:00,CYCLE_NORMAL_2,61.456572968008864,62.359387939877486,62.55802349274506,41.24050285857976,2.4207813469520825,11.613045433701759,16.927850188775015,13.582707254437244,35.10811646533663,12.820830853697888,110.58823529411764,30.610548560097,1299.229645823748
2026-01-03 21:00:00,CYCLE_NORMAL_2,60.23922554370316,61.8370801150092,64.15409415508486,43.76496821435714,1.8048650152884433,12.127341343177141,16.04434877632277,13.111460688146083,35.134851319039065,12.820561349891248,109.41176470588235,29.27473367665341,1303.853195587999
2026-01-03 21:01:00,CYCLE_NORMAL_2,58.173686453467994,57.952705759740894,61.895449558402255,41.76817272985232,2.0730863312249497,12.133045493287268,15.995310795456941,13.064612286086293,35.38728503847065,12.820180223992413,108.23529411764706,29.528094999436416,1300.2225518416556
2026-01-03 21:02:00,CYCLE_NORMAL_2,56.57276303541162,58.609496617765046,60.38836944067462,42.5265713731631,1.3930957435556288,11.567840365827916,16.709647745294866,12.714140680303586,34.96433113777647,12.820868241713077,107.05882352941177,28.155404903661257,1312.342452477168
2026-01-03 21:03:00,CYCLE_NORMAL_2,56.001360047099816,57.3116363811436,58.976064504312696,40.344060452507954,1.6799872329610537,12.523682217992224,16.945337454176858,12.53099011241216,33.23283989045028,12.819560067603115,105.88235294117646,29.228925053284904,1310.6761155364302
2026-01-03 21:04:00,CYCLE_NORMAL_2,55.35380975959103,58.03753909162928,59.647797930606124,43.093831181398755,1.8403141143850166,11.202647837292709,16.838552377841225,12.341527935850744,36.72857227211782,12.818410771998073,104.70588235294117,28.318085023821173,1324.094216504069
2026-01-03 21:05:00,CYCLE_NORMAL_2,56.834231226115385,56.803597852498775,58.88753496823639,40.33668912999705,1.324463708966065,13.018676664240054,16.084048822557392,12.146905298086585,34.50210033225286,12.818112336702425,103.52941176470588,27.54856946455065,1324.8098063010661
2026-01-03 21:06:00,CYCLE_NORMAL_2,52.235917426963454,54.8239006871516,54.97428252554126,36.216667813788355,1.6195481916944334,11.442960100933524,16.378699067439946,12.138222033774902,34.704450615396034,12.816746732999087,102.35294117647058,27.98139945539857,1337.519787551095
2026-01-03 21:07:00,CYCLE_NORMAL_2,52.32980472884265,52.975441781016755,54.62818668936792,37.19176540066254,1.9079946844500768,11.917175104749395,16.76085490870646,11.761426802214451,33.89622833437918,12.814846262720131,101.17647058823529,27.294056975135906,1337.0920536509082
2026-01-03 21:08:00,CYCLE_NORMAL_2,51.070724955103984,54.624662403072804,55.35304798869738,37.566863236811024,1.4731935690515257,11.716405850693619,16.1427800562132,11.684797223968276,32.733463034210395,12.813352785560511,100.0,27.773587658245255,1339.776917648326
2026-01-03 21:09:00,CYCLE_NORMAL_2,52.62338121150126,52.461854138035434,54.85465869876409,38.85271938428743,1.2948944166954393,11.870428035471894,15.796920219834218,11.327431953491157,33.77135414546724,12.813110070972062,98.82352941176471,26.36043162130252,1352.6985951286451
2026-01-03 21:10:00,CYCLE_NORMAL_2,52.785849574690985,49.78237007426958,52.527131584685876,36.24752122473266,2.070299601347638,13.57942389008051,14.574889219556393,11.506750039695335,34.00409909429586,12.813740601788387,97.6470588235294,27.582065835324585,1349.4536158117548
2026-01-03 21:11:00,CYCLE_NORMAL_2,50.15409080666386,49.08382802370972,51.17088799842008,36.32724679023119,1.1568797708506482,11.945110244529754,15.451521352088733,11.068684693451372,34.77290119324469,12.81439196832278,96.47058823529412,26.561731552994278,1361.5619735227015
2026-01-03 21:12:00,CYCLE_NORMAL_2,49.491045330323246,50.66263724534066,51.3474630811551,34.47903508605027,1.5341621464976694,12.660848303793518,14.965815116985349,11.115992695575036,34.92522008565452,12.81597988375532,95.29411764705883,26.442166534323174,1364.895324780106
2026-01-03 21:13:00,CYCLE_NORMAL_2,48.38539561208652,47.837491587952364,52.23313965100096,35.54402113017152,1.2539036531208065,12.176416191415614,14.894589057692553,11.058081412005787,34.425012173107625,12.81608154887289,94.11764705882352,24.947766773175353,1366.6055004003579
2026-01-03 21:14:00,CYCLE_NORMAL_2,48.0701506864836,50.84687337755782,49.73465798318329,33.38703307865457,1.1643278796032386,12.82121639126446,15.075991498459143,10.923900975349593,30.32655102827425,12.816317749385219,92.94117647058823,26.020280108734948,1367.7653324754244
2026-01-03 21:15:00,CYCLE_NORMAL_2,47.75739158088631,46.753177980581455,47.408990333777986,31.968591036196635,1.6468668727101372,12.139684946696857,14.349588490533518,10.809763892437038,31.924518200268814,12.816067342348191,91.76470588235294,24.183642243682417,1383.117910671471
2026-01-03 21:16:00,CYCLE_NORMAL_2,46.63955699131997,47.1548037933266,48.31318482474778,35.4804355382353,1.3417005710390537,12.598654282123704,13.888052033535896,10.461543375642657,32.28328940468144,12.815865515882455,90.58823529411764,24.34887566437825,1385.1951335403617
2026-01-03 21:17:00,CYCLE_NORMAL_2,46.041021877624665,46.63864020630985,48.39228869562008,32.44921770704585,1.50411888080238,12.843760914942253,13.122786397756387,10.450153932348526,31.254862434213837,12.81794606121405,89.41176470588235,24.769975372526908,1385.1475020346063
2026-01-03 21:18:00,CYCLE_NORMAL_2,45.70070163233546,44.879509485079566,46.61766837456504,31.97341567763945,0.6848008214775676,12.227329567449406,13.401922142185914,10.104355619646467,31.51136356211358,12.818207412651304,88.23529411764706,24.034897141294252,1394.255733662748
2026-01-03 21:19:00,CYCLE_NORMAL_2,41.97791402061167,42.38831423537955,47.55016577700917,34.016184970370944,1.4912720690423995,14.02592178564221,13.522669343490886,9.656245425465183,29.419768637111325,12.8185556869204,87.05882352941177,22.825797192612523,1402.3439753260225
2026-01-03 21:20:00,CYCLE_NORMAL_2,43.46947568237963,44.64051709753204,46.39483983720135,33.162585357224984,1.1031489575475368,13.046352874558076,13.376655637722962,10.005221518613858,31.742793417044854,12.817410572617483,85.88235294117646,23.676948728400312,1403.8094197146027
2026-01-03 21:21:00,CYCLE_NORMAL_2,43.20182705514769,42.85659521606007,44.61127949528368,33.478288605670485,0.7346637423836117,12.651720405094254,13.171535863235807,9.807596781036695,28.841650684194278,12.817820994892388,84.70588235294117,22.943086470068746,1409.3569566751503
2026-01-03 21:22:00,CYCLE_NORMAL_2,42.7164851804881,43.262790911739295,44.080555056902725,31.37598085512598,1.8427327908059006,12.47491215333936,13.416042050310407,9.799303356042014,28.694028813493,12.81847932687171,83.52941176470588,22.228874671888498,1417.5733931264765
2026-01-03 21:23:00,CYCLE_NORMAL_2,41.4063264873544,42.35175378157058,41.17560044079903,27.956930131013543,1.4366065789567912,12.928214452989963,13.174681005004222,9.440320408686183,28.998636299349972,12.819589636999648,82.35294117647058,21.32983570810964,1424.636446055196
2026-01-03 21:24:00,CYCLE_NORMAL_2,41.211063009623786,42.20298042480559,44.20817271426625,33.58187141772385,1.303477341450938,12.333177465281501,12.433335290420157,8.973484973915342,29.54507949527541,12.82021972152455,81.17647058823529,21.982081147289353,1423.0510150648586
2026-01-03 21:25:00,CYCLE_NORMAL_2,39.573275816277196,43.16236316565653,41.74365372144003,29.768122036066504,1.589111369207674,13.891147631924971,11.777357021240716,9.1245309859843,27.485571337250388,12.820092983296465,80.0,21.346857527088215,1423.2216571101148
2026-01-03 21:26:00,CYCLE_NORMAL_2,37.73833101647373,40.046135756428185,41.05501795695885,28.00896652059593,1.2675480953409304,13.274450415612305,12.330855098200997,9.168912751603408,28.10504992736891,12.819923559983604,78.8235294117647,21.17059164916353,1428.4031401238472
2026-01-03 21:27:00,CYCLE_NORMAL_2,40.49062234478545,39.56447180027746,40.28348861992534,28.31571041722754,0.9326847045199432,13.07365402511783,13.263768915123896,8.935543096213067,29.982496581515182,12.819851479304834,77.6470588235294,19.963701840923104,1435.8914909335144
2026-01-03 21:28:00,CYCLE_NORMAL_2,37.40381506290066,37.56550295397787,40.91189552266912,28.38103716607919,1.0987702210569674,13.69945951541365,11.923838102142216,8.659726715673134,28.603270065030912,12.819958666348395,76.47058823529412,20.210839538048717,1439.9579128859207
2026-01-03 21:29:00,CYCLE_NORMAL_2,38.037972655014485,38.77921342176292,38.44191943449796,26.493533775042067,0.9267422368827202,12.874536728604074,11.368664115971024,8.205103280467785,28.56908521412789,12.8212263167892,75.29411764705883,20.32418592421613,1442.0096202139166
2026-01-03 21:30:00,CYCLE_NORMAL_2,36.80803916013293,38.96561354096995,38.05953705000957,24.390167848649455,0.9591378296315786,12.716137853843604,11.682846229295421,8.181351230867955,26.465857037008934,12.822298956338402,74.11764705882352,20.68613146531623,1461.1728126175683
2026-01-03 21:31:00,CYCLE_NORMAL_2,39.09867717777165,37.36503779856795,38.63316713934679,29.553125081676356,0.7109241943598745,13.287874640606217,11.533912343492057,8.330741890017334,27.45911056389865,12.823051867292127,72.94117647058823,19.309123894457038,1460.93592646087
2026-01-03 21:32:00,CYCLE_NORMAL_2,36.59653505371789,37.92730764857982,37.411257387156276,26.03292070673148,0.7762207180162064,13.475536530617148,11.342386998898927,7.751002183030524,26.888042076225247,12.825081077272598,71.76470588235294,19.7972797816349,1461.7703558311475
2026-01-03 21:33:00,CYCLE_NORMAL_2,35.82775701366733,36.707612834046046,38.043221648188045,26.57318022760749,1.3145941471955604,13.735881338590502,11.63045080610305,7.869124126292331,25.978428400250078,12.822424838897321,70.58823529411764,19.133170008744248,1468.777495655642
2026-01-03 21:34:00,CYCLE_NORMAL_2,36.61607979409124,34.86138816956399,36.42170742339406,28.64156714107214,1.1248327156745876,12.791272806489768,10.853504513667879,7.789197040837302,26.55035559339575,12.821964780322995,69.41176470588235,18.520253827664487,1466.8039834819187
2026-01-03 21:35:00,CYCLE_NORMAL_2,37.83467659661633,36.312211395719636,38.54279454236401,25.84881059296628,0.8532977649128162,13.36007687910803,11.232222131162175,7.860239532008349,24.098353961972276,12.821953507703881,68.23529411764706,17.56105599892324,1483.6208842302904
2026-01-03 21:36:00,CYCLE_NORMAL_2,35.27172798049587,35.214578403931206,36.97040238853358,26.607708497839006,0.6747837179719839,12.105326426945133,10.39024130857864,7.601889706864766,26.14999046971376,12.82128127822992,67.05882352941177,17.24585316520931,1476.2351718792033
2026-01-03 21:37:00,CYCLE_NORMAL_2,33.87951572413583,35.142453288322045,36.47493218202232,23.954692033377675,0.8405657803071996,13.114707767488131,10.974725851261626,7.5202933390017686,24.89775940207837,12.820351527505268,65.88235294117646,17.70372841854657,1491.115741378678
2026-01-03 21:38:00,CYCLE_NORMAL_2,34.72517956668559,33.85798781348465,34.46143445302877,24.644097627986824,0.4360215296981145,14.122336649203145,10.606394058620234,7.236841253041817,24.77578580343331,12.818634367864904,64.70588235294117,16.795575742359155,1486.7639584398303
2026-01-03 21:39:00,CYCLE_NORMAL_2,31.568036451265943,33.30444697063493,37.61342427221151,25.72484743678326,0.9581572470541964,14.304042316052074,10.250558638528377,6.856127887591317,25.52464479437755,12.818323039252821,63.529411764705884,16.4150077162472,1497.5036314850693
2026-01-03 21:40:00,CYCLE_NORMAL_2,33.08589944210581,33.84164965631271,33.74851582734057,24.710470267063663,1.1828011084633157,13.31135067351996,9.986116483474545,6.751217486250224,24.60931739256614,12.819217066306662,62.35294117647058,16.29624945233159,1509.1724361613524
2026-01-03 21:41:00,CYCLE_NORMAL_2,35.006630466841926,32.946897659694926,32.97678149464861,25.20047746861853,1.5882430585219085,13.778874196051047,10.708641698679225,6.5361571477819975,23.534973878724166,12.819991002648967,61.17647058823529,15.96850475289763,1502.7078891124245
2026-01-03 21:42:00,CYCLE_NORMAL_2,32.395458368561144,34.872460232874936,34.24858229155183,22.82675737883817,0.5261652403736212,14.012803077563998,9.788827696057002,6.689584739813814,22.078935585451237,12.819238872762726,60.0,16.16466970238255,1513.6908786848396
2026-01-03 21:43:00,CYCLE_NORMAL_2,31.93618118423538,33.35017721635922,33.21082696621385,25.181394270138803,1.107275187566695,14.59787859883282,8.448392990502605,6.281383623442379,24.26790212080718,12.819459117841257,58.823529411764696,15.125402411374091,1521.8388137953455
2026-01-03 21:44:00,CYCLE_NORMAL_2,31.44053132282934,32.642566805725,31.579294743237803,24.31591321504716,0.6029626167108051,14.882194492082023,8.92064957457847,6.190107500419514,21.244415154507347,12.820816717656474,57.647058823529406,15.442636824734844,1526.2264259005372
2026-01-03 21:45:00,CYCLE_NORMAL_2,30.558178642739716,31.380757670051178,34.789735678960895,23.343103342799186,0.45558076004351966,14.253011715846805,8.429405233181289,6.122145306460901,22.91712802676455,12.819296650611129,56.470588235294116,14.925734919968376,1529.6925087049958
2026-01-03 21:46:00,CYCLE_NORMAL_2,31.035018672078213,28.775819903950538,32.92718561683574,22.755331017966697,0.4344398050406859,14.104985789855942,9.642047134616584,6.294649043938104,20.536146613462275,12.819137814630755,55.294117647058826,13.532749905478637,1536.4368355619579
2026-01-03 21:47:00,CYCLE_NORMAL_2,31.220571327835163,29.859220173239294,31.371230820439745,21.195737470492972,0.7943215582642245,13.572270842708505,8.969349930715257,5.946552832008815,22.48694070962975,12.819424310921566,54.11764705882352,14.180867276869805,1537.0525024969104
2026-01-03 21:48:00,CYCLE_NORMAL_2,29.53224820050725,29.68067624320432,33.86575666641473,22.597841575838732,0.4518543498668087,14.406975793751117,9.252784060150802,5.509294861298267,22.15275945014028,12.819434326261602,52.94117647058823,12.36359977445808,1552.2689985473824
2026-01-03 21:49:00,CYCLE_NORMAL_2,26.589137254426756,29.764188689149943,31.583236738153843,20.0,0.5280303022253996,15.449225956627487,7.392742778857451,5.542974573463387,18.773887102827864,12.820284959655618,51.76470588235293,12.913732906989129,1543.137360521206
2026-01-03 21:50:00,CYCLE_NORMAL_2,29.79165299700262,29.69836971633626,30.22960907678883,22.26133660027803,0.556955231030922,15.115684510262778,8.324870353348462,5.691606889914296,20.694839338714402,12.818787133625957,50.58823529411765,13.256748507314734,1559.270131716811
2026-01-03 21:51:00,CYCLE_NORMAL_2,31.45465170588675,30.177257414464354,32.62275967191321,20.0,0.44607687492108294,14.616840912835334,6.660274206817034,5.333119899299237,20.11606574318101,12.81778131496516,49.41176470588235,12.68375408012241,1560.4218436933525
2026-01-03 21:52:00,CYCLE_NORMAL_2,28.11234420918418,29.37649241145764,30.324359257664632,20.0,0.40328345771966795,14.739924198467701,6.338838246576033,4.739173057511953,20.08175730113543,12.818463356307856,48.235294117647044,11.468995123489817,1567.1743192783986
2026-01-03 21:53:00,CYCLE_NORMAL_2,26.4742446988828,30.10554767502973,29.927661247125407,20.362107314147046,-0.1026975085874754,14.302800642803383,6.871070017994535,4.7245151394825315,19.224250570262566,12.81676113224676,47.05882352941177,11.457225839202302,1572.9260832299988
2026-01-03 21:54:00,CYCLE_NORMAL_2,28.735003849424327,28.01289834557557,28.388636007259386,21.873696377048223,0.631128003840283,14.527314538552917,7.831794830396583,4.55791542050778,17.640430559683473,12.817572900087795,45.882352941176464,10.376215712281446,1577.0124303802395
2026-01-03 21:55:00,CYCLE_NORMAL_2,29.703721321630226,28.37520180430637,28.581386120834512,20.0,0.6043350603129134,14.838505470145117,6.143926773746978,4.893187981878718,17.897354407845558,12.818022718244025,44.70588235294116,10.673256186603904,1576.5878457308734
2026-01-03 21:56:00,CYCLE_NORMAL_2,27.941797071142904,28.165254447865482,27.705902366540165,20.071293368922394,0.32382175516337985,14.898846581923928,6.544534740645548,4.705037759777775,19.342633361086207,12.818764637983731,43.529411764705884,11.297935036003809,1583.7288708218766
2026-01-03 21:57:00,CYCLE_NORMAL_2,29.07789468309236,27.740021290299957,29.60972777529649,20.525558307201578,0.6501320878392003,15.387727907628001,7.083053620083194,4.177513612846241,16.150572827985133,12.818295348330972,42.35294117647058,10.39355243827545,1584.1096077183192
2026-01-03 21:58:00,CYCLE_NORMAL_2,27.6685128785458,28.68226622771247,25.640588264472697,20.0,0.9400806629810503,15.422217936958884,6.692721846275413,4.021944460240214,17.04445055428435,12.818805186767685,41.176470588235276,10.421107224644791,1593.7640002892317
2026-01-03 21:59:00,CYCLE_NORMAL_2,27.278211184210168,27.813584392189117,28.907164928065857,20.554051011503805,0.5070739498502851,15.260283390105542,7.3297119472277155,4.008938356532457,17.487400578316446,12.817632899197534,40.0,10.006822190769748,1601.2900759792337
2026-01-04 00:00:00,CYCLE_SENSOR_DESCALIBRADO,20.0,20.0,20.0,20.0,0.6955542196755047,8.60364415573761,35.200367583935545,18.0765540472146,16.85666403955617,-9.506551214619641,60.0,80.08771091070653,1303.6528650348544
2026-01-04 00:01:00,CYCLE_SENSOR_DESCALIBRADO,20.0,20.0,20.0,20.0,0.3764048279235541,8.312646220575113,35.23216792695377,17.900499354269233,18.362915936376325,-9.505229603782396,61.008403361344534,79.2785692275674,1291.8313099623417
2026-01-04 00:02:00,CYCLE_SENSOR_DESCALIBRADO,20.0,20.0,20.0,20.0,0.9716279752899406,7.597655480737752,34.15868984797321,18.33917608537382,19.019414784364457,-9.503085432284873,62.016806722689076,79.45711231635546,1293.825870095556
2026-01-04 00:03:00,CYCLE_SENSOR_DESCALIBRADO,20.0,20.0,20.0,20.0,0.45231927538221195,8.89355671087715,34.773963753923276,18.298032302897692,16.970523848020594,-9.503015445655578,63.02521008403362,79.00022561286976,1297.6464183295238
2026-01-04 00:04:00,CYCLE_SENSOR_DESCALIBRADO,20.0,20.0,20.0,20.0,0.5030393092741359,7.232086757990238,34.85686354036969,18.347912919846923,16.434483087689824,-9.500597723598826,64.03361344537815,78.81007620743465,1283.6574750014265
2026-01-04 00:05:00,CYCLE_SENSOR_DESCALIBRADO,20.0,20.0,20.0,20.0,0.5942303843084142,8.137848547823813,35.45178294989034,18.615879526334428,17.581140647224906,-9.501152231148046,65.04201680672269,79.72644368162666,1296.4962197409172
2026-01-04 00:06:00,CYCLE_SENSOR_DESCALIBRADO,20.0,20.0,20.0,20.0,0.5531675871723757,7.5885676545553515,36.38400315031489,17.98164906307589,16.25156576897427,-9.501435033184475,66.05042016806723,78.29560397060924,1285.6841047150363
2026-01-04 00:07:00,CYCLE_SENSOR_DESCALIBRADO,20.0,20.0,20.0,20.0,1.0302374617345962,7.256387646221068,36.23321245049634,18.22682737189411,17.1191438827308,-9.500761945590954,67.05882352941177,78.8608717624246,1279.0772017733616
2026-01-04 00:08:00,CYCLE_SENSOR_DESCALIBRADO,20.0,20.0,20.0,20.0,0.3555562262455401,7.432909495100139,35.456083838503794,18.948112652470353,16.954494714996976,-9.501578936320737,68.0672268907563,79.50449886801192,1281.2397276787517
2026-01-04 00:09:00,CYCLE_SENSOR_DESCALIBRADO,20.0,20.0,20.0,20.0,0.46277267302306047,7.9753802400796845,35.25865202742006,18.730518097719003,17.807279764300205,-9.500918724001288,69.07563025210084,79.09047417135069,1281.7474671792393
2026-01-04 00:10:00,CYCLE_SENSOR_DESCALIBRADO,20.0,20.0,20.0,20.0,0.35266176955030626,8.174863382074284,34.90531183508615,18.75498167827805,17.483172681430705,-9.501437218681257,70.08403361344537,78.53200699869049,1271.4876742688004
2026-01-04 00:11:00,CYCLE_SENSOR_DESCALIBRADO,20.0,20.0,20.0,20.0,1.2961475588733848,8.52946591559971,35.697204657770214,18.656818350232626,17.27017408923093,-9.50298134426126,71.09243697478992,78.14313351767392,1269.5407922156571
2026-01-04 00:12:00,CYCLE_SENSOR_DESCALIBRADO,20.0,20.0,20.0,20.0,0.6547450442343177,8.738018254696838,35.46913102966887,19.047173231174398,18.68642776591993,-9.504723847283051,72.10084033613445,78.35151430849358,1270.7444193655926
2026-01-04 00:13:00,CYCLE_SENSOR_DESCALIBRADO,20.0,20.0,20.0,20.0,0.5425542736035487,8.138843573552018,36.07074818576661,19.155888135925228,17.26010686069391,-9.505047637607431,73.10924369747899,77.9998230012045,1269.0789739483055
2026-01-04 00:14:00,CYCLE_SENSOR_DESCALIBRADO,20.0,20.0,20.0,20.0,0.7079253406989242,7.778403360564596,36.17751690608178,19.464633516634326,16.513339636471244,-9.5046300259116,74.11764705882354,78.35837169370069,1263.9121321353816
2026-01-04 00:15:00,CYCLE_SENSOR_DESCALIBRADO,20.0,20.0,20.0,20.0,1.0698428807928901,8.519508653502294,35.97515264220233,19.334993236718535,16.576787080123967,-9.505991215656959,75.12605042016807,77.41213213487785,1263.7942328702068
2026-01-04 00:16:00,CYCLE_SENSOR_DESCALIBRADO,20.0,20.0,20.0,20.0,1.0352640953763883,7.692679257878873,36.0717513068319,19.283976235182365,16.048472820111613,-9.505812624234464,76.1344537815126,77.81147521704561,1263.0780624394304
2026-01-04 00:17:00,CYCLE_SENSOR_DESCALIBRADO,20.0,20.0,20.0,20.0,0.6845891706435635,7.202192735484325,36.012294535950296,19.50970677894535,15.734941360850302,-9.505631202514403,77.14285714285714,76.97999421598229,1257.8360880888015
2026-01-04 00:18:00,CYCLE_SENSOR_DESCALIBRADO,20.0,20.0,21.119733137096013,20.0,0.7582754084868937,8.469505756221336,36.205117344090645,19.73450275446573,15.305035308006197,-9.505798844580157,78.15126050420167,77.92153807632491,1251.8559480188057
2026-01-04 00:19:00,CYCLE_SENSOR_DESCALIBRADO,21.886088679097774,20.0,22.37176791365429,20.0,0.4625185285378919,8.661955925906746,37.458187865885435,19.774882591565998,17.769410254175074,-9.506725091561966,79.15966386554622,76.72579948156456,1252.0170925411867
2026-01-04 00:20:00,CYCLE_SENSOR_DESCALIBRADO,20.0,23.148201329912297,21.30602011076907,20.0,0.9617850635745712,7.589094175963133,36.99135709400934,19.804959227171913,15.598791110111831,-9.506484854637817,80.16806722689076,75.82918800609086,1256.6047902539608
2026-01-04 00:21:00,CYCLE_SENSOR_DESCALIBRADO,22.950032609615786,23.06734145577159,23.721742658041528,20.0,1.325871701374762,8.9804115817495,37.083516047619774,19.819622252215453,16.581313052803523,-9.506627190476168,81.17647058823529,76.50944080214207,1248.3911043957355
2026-01-04 00:22:00,CYCLE_SENSOR_DESCALIBRADO,23.084041798773548,27.307672076246902,27.89141481005103,20.0,0.7876517253470289,8.291526159417936,37.45590524059432,19.73247405336823,15.567232163865766,-9.505645447134937,82.18487394957984,76.68482191158168,1249.49875793915
2026-01-04 00:23:00,CYCLE_SENSOR_DESCALIBRADO,24.77905632415943,25.095533401418233,26.388254188742504,20.0,1.1739371864328723,8.216980988982446,37.48688666876487,19.726213346744668,15.956638986331573,-9.506938253655001,83.19327731092437,76.94879439926258,1239.9594514822222
2026-01-04 00:24:00,CYCLE_SENSOR_DESCALIBRADO,26.214986747524357,29.6224714302774,29.969111253337527,21.263112950661316,0.8295677823278788,7.741656950599531,37.871665357872814,19.778605508213538,16.72547422868095,-9.506824288721688,84.2016806722689,75.46831081670793,1240.5463622001794
2026-01-04 00:25:00,CYCLE_SENSOR_DESCALIBRADO,28.53139991991791,31.058791059689362,30.425426573684156,23.276135865839137,0.6965153693563004,8.508644384121782,37.45389120184438,20.179633593709465,15.580885260359985,-9.508096131804999,85.21008403361344,74.92610818812132,1240.1520500857725
2026-01-04 00:26:00,CYCLE_SENSOR_DESCALIBRADO,29.411330905873573,32.185290868530934,33.128902823729405,23.608256829292067,1.2503024282333,7.237810936428607,37.30796061400802,20.284529963566847,14.33933291186506,-9.508333205795298,86.21848739495798,75.87860869081564,1240.4448122275307
2026-01-04 00:27:00,CYCLE_SENSOR_DESCALIBRADO,34.98223356875388,31.79190186164867,34.3177839306222,22.582780069094497,1.7715217070327482,7.830104777211647,36.914444784297025,20.48776845954599,14.67213376985274,-9.509428285783667,87.22689075630252,75.69506990408408,1236.8431280282016
2026-01-04 00:28:00,CYCLE_SENSOR_DESCALIBRADO,32.9935598518841,35.349218442863844,35.538625930027735,23.84329223706955,1.2512623769039342,7.633418382018888,36.858449981401414,20.46528754692056,15.772760916081435,-9.510345565016811,88.23529411764706,74.58858168378869,1224.9346954934208
2026-01-04 00:29:00,CYCLE_SENSOR_DESCALIBRADO,36.26805701625148,36.44330630550948,37.965616197788506,26.82140411610362,0.9850868414210087,7.345533624926306,37.96632914695383,20.647149079745155,15.260109089643096,-9.51034941116625,89.24369747899159,74.96125158119307,1231.498165805948
2026-01-04 00:30:00,CYCLE_SENSOR_DESCALIBRADO,35.82884256505152,35.67396832211808,38.52861915159514,26.318077635688933,1.0254423128754,8.431493727657829,37.454375416798605,20.49489907723296,15.701558037358962,-9.510915037465896,90.25210084033614,74.81560650364004,1231.1137488784134
2026-01-04 00:31:00,CYCLE_SENSOR_DESCALIBRADO,40.83771690184835,41.31942252035473,38.60008215179324,26.157544032185978,1.7240161210311755,8.17056923829545,36.78911416616723,20.75921050949399,14.076087120522418,-9.509448342632362,91.26050420168067,75.2014759793598,1219.5491615644519
2026-01-04 00:32:00,CYCLE_SENSOR_DESCALIBRADO,40.10225873510224,40.6139803916326,41.248780701561834,28.2667865311077,1.2643629135138712,8.402345752597078,36.43325637168802,20.48878152786603,12.915722345341067,-9.50826917783593,92.26890756302521,74.41499592155996,1215.7498631734836
2026-01-04 00:33:00,CYCLE_SENSOR_DESCALIBRADO,42.23725132422647,44.38539448402211,42.72550289893571,29.81296026490924,0.9635025047383817,7.86084999553824,39.06168593496636,20.761072073322296,14.498660261081872,-9.507464425558275,93.27731092436974,74.23602606266714,1216.7089842228277
2026-01-04 00:34:00,CYCLE_SENSOR_DESCALIBRADO,42.061192728658895,44.10595866673031,43.67887608401431,28.705178797290337,1.1956181952737899,8.492539775986542,37.265581122940375,20.49084573629515,14.211916377541668,-9.506679470097382,94.28571428571428,74.3430274945636,1215.0037050980463
2026-01-04 00:35:00,CYCLE_SENSOR_DESCALIBRADO,45.47976695770207,46.945162840871035,47.66798497786312,34.51612039028513,1.2998362565055235,8.038570878157598,37.52943324019657,20.947493401809368,13.989604559073038,-9.506549206192917,95.29411764705883,73.42859143013483,1210.3644292363206
2026-01-04 00:36:00,CYCLE_SENSOR_DESCALIBRADO,46.24745755395389,46.31416058888405,48.63827069423978,33.0287452810864,1.397066631488206,7.763926833013776,38.76205683781101,21.27016738084182,12.320275835515664,-9.50524441016598,96.30252100840336,74.89997080198806,1204.4967581894814
2026-01-04 00:37:00,CYCLE_SENSOR_DESCALIBRADO,46.92837015931534,49.182131826226424,50.8912058266707,34.92055438909999,1.7309225685979572,7.680555617217814,37.384098917480884,21.123285827495547,12.81555745673094,-9.505538452950153,97.3109243697479,74.24854670500007,1212.612313131943
2026-01-04 00:38:00,CYCLE_SENSOR_DESCALIBRADO,47.624825982043205,50.676759430845316,52.712263999149485,37.68804815242468,1.681088875959806,7.008548116687565,38.51212331236166,21.337642309359016,12.366441901548173,-9.503419081013675,98.31932773109244,73.26254637010263,1200.7618378885268
2026-01-04 00:39:00,CYCLE_SENSOR_DESCALIBRADO,50.17319598398847,51.6949269642808,54.61601080126425,37.377287339134675,1.3787993640364422,8.582185651708468,39.37049702359901,21.33194796718801,13.586092429028481,-9.504361272500152,99.32773109243698,72.88655885305299,1199.6529619713006
2026-01-04 00:40:00,CYCLE_SENSOR_DESCALIBRADO,51.60802851419817,52.6193999785142,55.817440111257014,39.91133458098347,1.3278875707260165,8.525452584467379,39.629642710459834,21.247259375287257,13.509415805359922,-9.50549009809301,100.33613445378151,72.75723122729553,1199.5961656766076
2026-01-04 00:41:00,CYCLE_SENSOR_DESCALIBRADO,54.57618711184204,51.56152563626434,55.77448953045192,37.31859601714977,1.4801402606457548,9.46368444910909,38.17690918055045,21.40804858919026,13.050921333245034,-9.506885072260953,101.34453781512605,73.40261443699238,1190.7487350738113
2026-01-04 00:42:00,CYCLE_SENSOR_DESCALIBRADO,54.79220703261431,55.8059943811392,59.26633630163267,41.46474989271454,1.1998828934839658,7.832690147671443,38.522189629010334,21.765348663436054,13.73753200174134,-9.508105938900194,102.35294117647058,72.4359862179817,1187.9220706520402
2026-01-04 00:43:00,CYCLE_SENSOR_DESCALIBRADO,54.30260571878332,59.24073576568224,60.457957183107276,42.656250842097435,1.6973641476311696,7.666603198862436,38.37561505433831,21.756780189312835,13.994570884628763,-9.50973529473239,103.36134453781513,72.64844561535274,1189.8698958557359
2026-01-04 00:44:00,CYCLE_SENSOR_DESCALIBRADO,58.92142671232169,58.30506852878302,64.44080305573434,43.035853689783565,1.3633282083199734,7.149282388704549,38.686708814784964,21.573959831505963,12.866668608566606,-9.509521198207011,104.36974789915966,71.75963077038408,1192.3781509905373
2026-01-04 00:45:00,CYCLE_SENSOR_DESCALIBRADO,61.235363043837026,60.13280277771673,63.44306515335868,43.811435902373226,1.5926485439956264,8.479983171899535,39.560475545187934,21.504018295862316,13.022409805829874,-9.508667376321142,105.3781512605042,72.70760792427068,1187.306635900933
2026-01-04 00:46:00,CYCLE_SENSOR_DESCALIBRADO,59.22183465487013,61.415946933533284,65.51392871311711,44.679422613499064,1.9803626257286497,8.36491321727283,38.02595873392547,21.90691553520029,11.682672790605405,-9.508633238910031,106.38655462184875,72.55828230289488,1175.7960296072952
2026-01-04 00:47:00,CYCLE_SENSOR_DESCALIBRADO,64.92434486437271,64.96766720120344,66.56154406438694,46.66195979079328,1.6532368991412592,8.775889959649218,39.33835390954792,21.833203867178824,11.2363457130654,-9.510018529818808,107.39495798319328,72.00855589882052,1187.070539072082
2026-01-04 00:48:00,CYCLE_SENSOR_DESCALIBRADO,65.97220278347466,65.22413271757873,68.3548956405265,48.20322544582042,1.5776143111522425,7.541678990289047,38.91631486552461,21.998126443425495,12.908969847358488,-9.510488209301528,108.40336134453781,72.02955206123838,1182.181234112143
2026-01-04 00:49:00,CYCLE_SENSOR_DESCALIBRADO,65.07671631292425,69.33985135039063,69.89477041951743,46.83682187973976,1.3741955275594275,8.358182782232587,39.938747706840445,21.826762542204634,10.735859336612755,-9.509646723351244,109.41176470588235,72.16257638675273,1177.2346435371378
2026-01-04 00:50:00,CYCLE_SENSOR_DESCALIBRADO,66.03073407429582,70.33620258435346,71.01644397770289,48.87357201142899,1.5269979508125826,7.73897971182734,39.990932613114325,22.409831243771166,12.203940090931797,-9.509988652129607,110.42016806722688,71.6799770029902,1174.606356094378
2026-01-04 00:51:00,CYCLE_SENSOR_DESCALIBRADO,70.17245104218044,71.27402697061135,73.37170248317608,53.26728128243578,1.2306133920586688,8.671858096973757,39.04143538624165,22.26631872426085,13.126704880137012,-9.510787033492992,111.42857142857143,71.81899793246475,1174.1222363382446
2026-01-04 00:52:00,CYCLE_SENSOR_DESCALIBRADO,68.80285156981769,72.97783685182107,75.52587644914443,53.4404749699393,1.7523970188168825,8.268107560746142,39.30327926811844,22.380679893386613,11.918526001595051,-9.51230081782326,112.43697478991596,70.67651588633382,1178.212838456571
2026-01-04 00:53:00,CYCLE_SENSOR_DESCALIBRADO,71.18197438279567,73.27677872281025,75.89724172807843,53.61154487572824,0.9731369496067593,7.2221529844962635,39.98943915866492,22.287195469526008,11.121930555140532,-9.512723561563673,113.4453781512605,71.28178409345838,1169.908651415078
2026-01-04 00:54:00,CYCLE_SENSOR_DESCALIBRADO,71.9433798782422,74.85630441685605,79.02422351426202,53.965660517678494,1.9249757511688133,7.934401480161028,40.12780772241873,22.482338184878497,9.729412230066867,-9.513426124184628,114.45378151260505,71.02109543926548,1165.0502164579798
2026-01-04 00:55:00,CYCLE_SENSOR_DESCALIBRADO,75.06617743082002,78.203986582008,80.49959378829601,58.7279494352765,1.874967252668829,7.025942898811794,38.13835515365998,22.646340694761253,11.005039611651892,-9.513512497339471,115.46218487394958,71.3572949923459,1156.4361337627734
2026-01-04 00:56:00,CYCLE_SENSOR_DESCALIBRADO,78.35486272288267,80.0260443125339,80.20699251531082,57.411796574612744,1.7059251658892545,7.4183591438658665,40.23961265063277,22.583230907645774,11.708659488061068,-9.513036117936792,116.47058823529412,70.6034217220543,1159.481605540013
2026-01-04 00:57:00,CYCLE_SENSOR_DESCALIBRADO,78.5840932434509,81.35190788852556,81.72776537148752,56.794013242729925,1.5375739233324903,7.4486012572531655,40.77780510171111,22.746743616373223,10.406346265993484,-9.513318589249138,117.47899159663865,70.37148765331881,1159.395769705016
2026-01-04 00:58:00,CYCLE_SENSOR_DESCALIBRADO,80.89343493208987,81.52371301258108,85.04286294708413,59.23820593409581,1.7136094182529003,7.679529275367862,40.02731519950022,23.1512078647426,11.554187464939387,-9.513133782052753,118.48739495798318,69.97353449463623,1153.3207761100587
2026-01-04 00:59:00,CYCLE_SENSOR_DESCALIBRADO,80.78713505437405,83.19804486532466,85.42092174970735,58.411302738386595,1.207286790297211,7.868657107997678,40.528089046870654,22.60797479935025,10.766748823510436,-9.512661776903244,119.49579831932773,70.82964793618706,1149.1693621661882
2026-01-04 01:00:00,CYCLE_SENSOR_DESCALIBRADO,82.86361391164307,84.12874237824282,86.49199773968546,60.59019838031092,2.0076443826600077,8.08229154753804,40.80927048284362,23.078929146934957,10.60181319310225,-9.513891585854712,120.50420168067227,68.73787472941991,1150.9540789352652
2026-01-04 01:01:00,CYCLE_SENSOR_DESCALIBRADO,82.8126776902226,87.74797427917817,91.42801327651945,63.59692150620946,1.7323652432638892,8.057272850397162,40.25900664579294,22.96895720677777,9.766592600090126,-9.512005544557596,121.5126050420168,70.00348442184098,1142.2662571207545
2026-01-04 01:02:00,CYCLE_SENSOR_DESCALIBRADO,85.70569238494926,86.05154215808021,89.82902908870348,63.315731983349956,2.2570903608928687,7.988070085299912,40.698622519538674,23.477382031580323,8.670680388266605,-9.512746972165113,122.52100840336135,69.569640710983,1147.169333741251
2026-01-04 01:03:00,CYCLE_SENSOR_DESCALIBRADO,86.46434385900056,87.33942442475997,90.78119345279732,62.628282139602945,1.9411264973020694,8.166192714024048,40.301729545476775,23.257972186891372,9.594336596528615,-9.512230415915408,123.52941176470588,69.31995859469095,1139.4342168380244
2026-01-04 01:04:00,CYCLE_SENSOR_DESCALIBRADO,88.70473612393008,89.15789590170725,93.2899617492096,62.40464037421329,1.913967946224921,7.375102679329561,40.34685036954216,23.168720345625896,9.453812117614577,-9.513366400182287,124.53781512605042,69.07903625943813,1130.1656100112525
2026-01-04 01:05:00,CYCLE_SENSOR_DESCALIBRADO,90.15979848623321,90.57171916747491,96.12925747250851,66.7577439020844,1.9858306599198159,8.036589357252408,40.065260017432294,23.41906286641245,10.35106391687463,-9.513256257568612,125.54621848739495,69.04770275002942,1134.3154379194739
2026-01-04 01:06:00,CYCLE_SENSOR_DESCALIBRADO,91.59483761115116,96.35073454656576,97.56042795756903,68.45765127723156,1.593901445958584,8.717229513259174,40.650031955555484,23.616145338942022,9.441559410930617,-9.51310952561404,126.55462184873949,69.14683616056797,1133.3849463867207
2026-01-04 01:07:00,CYCLE_SENSOR_DESCALIBRADO,96.03878635607737,97.24555105911216,101.3577074056923,68.68472701600957,1.7722648650960684,7.917098586568041,41.76236620190604,24.18537659235573,10.457502937785762,-9.51145042629867,127.56302521008404,68.34197623019493,1133.3024124081483
2026-01-04 01:08:00,CYCLE_SENSOR_DESCALIBRADO,97.16832403080865,96.442287858868,99.7918655768937,69.32452580491977,1.9684561086546286,8.247336382783233,40.17278876945098,23.292323708019794,9.653018829212014,-9.511683045303627,128.57142857142856,68.63894218534519,1130.319633365833
2026-01-04 01:09:00,CYCLE_SENSOR_DESCALIBRADO,98.28419379679761,99.3327034509226,102.61821062733303,73.1948436524134,1.8588105519168003,8.200812355846672,41.168443082481915,23.558496100734207,8.69303441883566,-9.510383575754433,129.57983193277312,68.57874178120088,1120.888617908761
2026-01-04 01:10:00,CYCLE_SENSOR_DESCALIBRADO,100.27644619133743,102.79799054562542,105.30989542974103,71.15669682795313,1.7976344937072002,8.431134215301292,41.07492598764593,24.14339671727008,8.18539159674452,-9.510093117485034,130.58823529411765,67.75841870298956,1124.0177878947597
2026-01-04 01:11:00,CYCLE_SENSOR_DESCALIBRADO,101.36309110086734,103.21849960016215,104.78577557020854,72.41103870406212,1.906877742566086,8.143569449868691,41.85128321601919,23.664594626095305,8.338939685476797,-9.508241010466822,131.5966386554622,68.3191627009328,1118.8723832019516
2026-01-04 01:12:00,CYCLE_SENSOR_DESCALIBRADO,101.17062761219488,106.73473193469205,108.04194946280985,76.82937506828218,2.025844016634667,8.422682614349666,42.04815615419694,24.05234655263705,8.908872121910026,-9.510021109767102,132.60504201680672,68.0786210338301,1117.0465098823825
2026-01-04 01:13:00,CYCLE_SENSOR_DESCALIBRADO,102.58514137847324,105.63958021027554,106.61976091682283,74.2652127421942,2.729236125499722,8.253645689588721,40.579887279380465,24.037780805704955,8.384764321434588,-9.50953894058476,133.61344537815125,67.33160993451374,1111.9734581726452
2026-01-04 01:14:00,CYCLE_SENSOR_DESCALIBRADO,104.55506569653816,106.56972799359971,112.549757509873,76.79660874255052,1.9570044422365336,8.328642504347041,40.8739581238142,24.090402585603016,7.602083151231513,-9.512211835397604,134.6218487394958,66.96898480516876,1113.2417501367968
2026-01-04 01:15:00,CYCLE_SENSOR_DESCALIBRADO,105.55731598484815,107.6378068872821,113.25384720111529,78.11266596867502,1.8724014084748268,8.221063821139186,40.99076925090538,24.268082485281663,9.600819081337633,-9.512269904867528,135.63025210084032,66.98890154446454,1123.4541085273306
2026-01-04 01:16:00,CYCLE_SENSOR_DESCALIBRADO,106.09963592098089,110.54273063232583,112.86421371538239,79.22913863002486,2.0508199578850994,7.49660532608532,41.09603498924234,24.320018077616893,8.58484542159384,-9.511248912397146,136.6386554621849,67.29457920481846,1115.8291306068732
2026-01-04 01:17:00,CYCLE_SENSOR_DESCALIBRADO,109.24116917674944,113.21685347333072,116.29769087016015,80.04464705232486,2.5681255283732636,7.414617826653698,41.23151914326359,24.6820005581381,8.558110555502203,-9.509803295518445,137.6470588235294,67.02085775823504,1101.8875301977544
2026-01-04 01:18:00,CYCLE_SENSOR_DESCALIBRADO,108.54345006122222,113.79174540140936,118.49861484083813,82.35212884405293,2.6105829782269225,7.823386270747869,41.76286056024171,24.820280790228104,7.399952578576798,-9.509064670964843,138.65546218487395,67.58771800947916,1103.625121881831
2026-01-04 01:19:00,CYCLE_SENSOR_DESCALIBRADO,112.12551782142701,114.82218051997444,116.99727888563265,81.51981629832564,2.7443932882526285,8.775820264088175,41.127823277278374,24.723916254917025,7.101875100258894,-9.509355233174395,139.6638655462185,66.53912455288814,1099.5843937206976
2026-01-04 01:20:00,CYCLE_SENSOR_DESCALIBRADO,112.30417288218119,118.33905819998655,119.4447135321695,83.01583599054338,2.198964919875535,7.914173478036341,41.29621417904775,24.67547456806258,7.803084534811946,-9.508810104336803,140.67226890756302,66.11007245722422,1098.8874343589555
2026-01-04 01:21:00,CYCLE_SENSOR_DESCALIBRADO,114.93820619122093,119.04512335102537,123.40075293227727,86.10345730794783,2.394158353148151,8.154779742379331,41.332368502767594,24.858416663237314,5.872956098552092,-9.506293728480486,141.68067226890756,66.71506493642622,1099.463555753745
2026-01-04 01:22:00,CYCLE_SENSOR_DESCALIBRADO,116.80244945810591,119.85354819778172,123.48730612772022,84.99614366450209,1.9076817332211908,7.016346838738703,42.18633099814073,25.051761415869898,8.613178902240893,-9.506218349789892,142.6890756302521,65.72847483472064,1092.7600211146587
2026-01-04 01:23:00,CYCLE_SENSOR_DESCALIBRADO,117.68713365276874,120.64898162365135,125.55062388395815,85.28914705478387,2.1376652470648265,8.096870950334052,41.93652891096359,25.175129577247223,7.062459243259494,-9.505257313354269,143.69747899159665,65.65500285714258,1087.907378222361
2026-01-04 01:24:00,CYCLE_SENSOR_DESCALIBRADO,117.6794972744005,122.84277896000714,126.73234698417284,88.06630884062581,1.9301804491538146,8.042954009208316,41.91404265630547,25.13283289880877,7.378653146467781,-9.505686665643783,144.70588235294116,65.4934803893433,1092.8612303381217
2026-01-04 01:25:00,CYCLE_SENSOR_DESCALIBRADO,119.76004020109907,125.29462613521346,129.33878274697082,88.90173037183366,2.4276919128503733,6.6633405210867975,41.63772932415528,25.44838945326568,7.945142444419205,-9.504616237840077,145.71428571428572,64.2156091052502,1080.778156704463
2026-01-04 01:26:00,CYCLE_SENSOR_DESCALIBRADO,123.27310763864776,125.37012997462689,130.50539992795598,89.59676926730289,2.3182465179363048,8.145444470985394,41.26445831329828,25.103588345517554,7.255795049710221,-9.503710181881733,146.72268907563026,65.82965181981844,1083.950492745406
2026-01-04 01:27:00,CYCLE_SENSOR_DESCALIBRADO,123.5918371514086,126.40538425750387,131.63822850073126,91.72937918207555,2.3955879904206636,7.174509721672384,43.28984460615375,25.538915628904853,6.238660166308923,-9.504320695548408,147.7310924369748,65.84814175798098,1074.7278567092771
2026-01-04 01:28:00,CYCLE_SENSOR_DESCALIBRADO,126.47133997875932,128.8888054341627,130.60962243137058,92.72201395585827,2.094876250262028,7.637325417543962,42.22172137050441,25.535829955745406,8.786984039831404,-9.503543389426804,148.73949579831933,65.66842733227683,1074.0469678667062
2026-01-04 01:29:00,CYCLE_SENSOR_DESCALIBRADO,127.34751431676912,130.9851544696513,135.52055219009586,93.40656327753992,2.624954096566561,8.497236006637472,44.10528706320848,25.356991521291583,5.638792148606371,-9.502718605534517,149.74789915966386,65.98473099014926,1078.6094072342971
2026-01-04 01:30:00,CYCLE_SENSOR_DESCALIBRADO,128.63602698887186,134.25937345640338,137.24851443019548,94.79476129277546,1.6686477237864068,8.078725763418866,43.026700044624626,25.60956238661963,4.784945918060483,-9.501978662818248,150.7563025210084,65.62746487615647,1070.3916779572792
2026-01-04 01:31:00,CYCLE_SENSOR_DESCALIBRADO,130.82815005534343,132.81059957242925,136.5068644356225,92.93034711920433,2.336156251232018,7.775774954515119,43.74461052333996,25.70734473918888,7.913460038374629,-9.50201980876002,151.76470588235293,64.53889901956194,1063.0819884549041
2026-01-04 01:32:00,CYCLE_SENSOR_DESCALIBRADO,131.13865375471704,136.05396129064357,138.20927821777474,95.35185917036586,2.400779732480111,7.732962400326398,43.327184804683256,25.702685948903454,5.433064247781021,-9.500790716502216,152.7731092436975,65.0924353100131,1065.1764650643913
2026-01-04 01:33:00,CYCLE_SENSOR_DESCALIBRADO,133.96655663407168,137.0279969644153,141.8572010471875,98.44837974134016,1.8473007615675607,7.791003883183415,42.91023574503235,25.784538950432594,8.07881623187891,-9.501725641808433,153.781512605042,64.32092774251795,1062.2271346049451
2026-01-04 01:34:00,CYCLE_SENSOR_DESCALIBRADO,134.52022672480075,138.66677294733657,143.09015863887163,98.84695511206792,2.590028435476639,8.080444477245399,42.54056512902956,25.594194137528426,7.114511479213009,-9.501715893761551,154.78991596638656,63.9886957891593,1057.9757469932372
2026-01-04 01:35:00,CYCLE_SENSOR_DESCALIBRADO,139.60473038601768,142.3667606119648,142.108102083531,98.55693195456355,2.443819082096427,7.399678571302069,42.39708932807304,25.845339834710696,6.865019880681109,-9.501604491252934,155.7983193277311,63.6558245721285,1062.704548536974
2026-01-04 01:36:00,CYCLE_SENSOR_DESCALIBRADO,136.73801746600026,142.196194771354,145.11231416158884,101.41123791397425,2.6851417914326734,8.562208734073332,43.73901750094787,26.019552464318398,5.986468794074242,-9.500433118310507,156.80672268907563,63.73173424916953,1051.795942551063
2026-01-04 01:37:00,CYCLE_SENSOR_DESCALIBRADO,139.20759434187985,142.58169347056446,148.09623774997252,102.42108143163432,3.137763704710807,7.426218160561226,43.310280933626075,26.036746826269,5.685400225597092,-9.50139959353736,157.81512605042016,63.86196511650183,1053.110434946443
2026-01-04 01:38:00,CYCLE_SENSOR_DESCALIBRADO,140.79355679300684,146.32367458853795,150.15252409901922,107.58612645098408,2.6562106916868475,7.136471233580191,43.60519474211714,26.06416130396251,5.982384144357237,-9.501158498394451,158.8235294117647,64.31998076039704,1053.4748078256425
2026-01-04 01:39:00,CYCLE_SENSOR_DESCALIBRADO,141.08915900747004,147.81468650071133,150.26021461695214,104.11807078772834,2.8716303241200087,8.495576565973534,43.80810183406168,26.53154600171624,5.402948062853162,-9.50165083143851,159.83193277310926,63.72566707700778,1049.0490084631358
2026-01-04 01:40:00,CYCLE_SENSOR_DESCALIBRADO,145.1199252790545,147.214211504497,152.4053357192716,101.47116915842187,3.0151262631098628,7.7815393379702655,43.616945977173295,26.382576327208877,7.475379140574462,-9.501541378770444,160.84033613445376,62.80762314338318,1046.2823972094136
2026-01-04 01:41:00,CYCLE_SENSOR_DESCALIBRADO,145.27203376623277,148.56331192123835,153.1479468033626,104.35412839368163,2.769456868379254,8.03522979532955,43.20428042900235,26.92074330209048,5.451697918817963,-9.501149085419334,161.84873949579833,62.50314581376507,1042.4873267176931
2026-01-04 01:42:00,CYCLE_SENSOR_DESCALIBRADO,144.4683212889125,152.06667882457114,157.41276356391649,109.0454470723955,2.3830944681637822,8.32731550850475,44.17905005403793,26.615978071241827,6.562644310252473,-9.502427511760011,162.85714285714286,63.14141488570803,1037.9819963646473
2026-01-04 01:43:00,CYCLE_SENSOR_DESCALIBRADO,149.69576193217023,153.11371161049254,157.65444691268038,108.19934539188806,2.1718153468459835,7.640281526052724,43.53655007649257,26.86349322341089,6.999454270181969,-9.501163451300139,163.8655462184874,63.140262811636106,1037.7890911144934
2026-01-04 01:44:00,CYCLE_SENSOR_DESCALIBRADO,149.6357576000856,154.16779422539167,158.264600864998,108.61904871401742,2.797187379431054,8.068572876176706,43.79383735714991,26.697871389325677,5.0512852494655185,-9.50073561995714,164.87394957983193,63.134746440138485,1040.445363687905
2026-01-04 01:45:00,CYCLE_SENSOR_DESCALIBRADO,151.8108309215985,157.57927083868825,159.29915091049241,108.52731287308151,2.5858050061903963,8.324107490794269,44.25396377574734,26.691194458580313,6.178971157280786,-9.501594215976471,165.88235294117646,62.21856561127412,1033.5579369767595
2026-01-04 01:46:00,CYCLE_SENSOR_DESCALIBRADO,154.28645221632243,157.18019495191916,160.78733361126996,110.86090261267135,3.1119710765787185,8.821617442937487,43.872184981100716,26.96013286623724,4.89027420493566,-9.501935395179304,166.890756302521,62.41962537847887,1033.440792774783
2026-01-04 01:47:00,CYCLE_SENSOR_DESCALIBRADO,154.57416970986208,159.976026428226,166.10234994165805,114.83330955820266,2.605362211370231,7.744470553750603,42.90088792365755,27.250699852807692,5.500931898256916,-9.500441198706143,167.89915966386553,62.44472005057753,1034.7205730577753
2026-01-04 01:48:00,CYCLE_SENSOR_DESCALIBRADO,156.10189413599386,162.45894334482273,165.34115589024765,114.93167343161718,2.7646154446948294,7.768526399820583,44.69998275483297,27.057815765009966,5.116773540888493,-9.50002534776987,168.9075630252101,61.17320987099208,1030.1303089429985
2026-01-04 01:49:00,CYCLE_SENSOR_DESCALIBRADO,161.04456497586153,162.22163222916382,166.69083061979438,114.30679811001949,2.442212757383605,8.281663309662664,44.91262116349525,27.24901950230246,4.857514369131293,-9.500990227513388,169.9159663865546,61.81955802798906,1020.104964586232
2026-01-04 01:50:00,CYCLE_SENSOR_DESCALIBRADO,157.03998018830623,162.01288993772638,168.53524917529677,117.4584932446339,2.707774568255349,8.104296482029419,43.14502782403133,27.29520956528208,5.687436531811814,-9.501773732607218,170.92436974789916,61.96477867945001,1024.480915159642
2026-01-04 01:51:00,CYCLE_SENSOR_DESCALIBRADO,159.618868993506,165.30334623738753,169.65577583409717,115.46645342307195,2.549082273078957,7.931482120252585,43.701756369040055,27.308130907985014,4.196673730858674,-9.501148940624754,171.9327731092437,61.59973353783069,1024.3587452871668
2026-01-04 01:52:00,CYCLE_SENSOR_DESCALIBRADO,161.38910694694397,167.5933872254117,171.90450081049357,119.41277565129992,2.59748306254286,8.796344991254292,45.626092476373664,27.40239981280011,6.250112575783614,-9.500404145183623,172.94117647058823,61.1361472540564,1015.3182618044542
2026-01-04 01:53:00,CYCLE_SENSOR_DESCALIBRADO,166.3839598493385,170.1490730248964,173.69571331124033,120.995806460538,2.8581053054868417,7.158781365344211,44.63501912643008,27.296103393583685,4.143845737029033,-9.500041279747318,173.94957983193277,62.31337594500638,1008.7835538614438
2026-01-04 01:54:00,CYCLE_SENSOR_DESCALIBRADO,165.00114908439042,169.8992922233578,175.2926892902115,119.75961419472317,2.712882592943278,7.289127274771069,44.58196269673533,27.577614226072463,3.9368468152111067,-9.500332742977463,174.9579831932773,61.80559546822699,1010.8422596862239
2026-01-04 01:55:00,CYCLE_SENSOR_DESCALIBRADO,167.6004881928489,174.1716163454566,175.38045351795566,120.01934937467702,3.7047378471931456,7.164559030122307,44.40803550198875,27.794524338897354,4.814266432662631,-9.499523059456502,175.96638655462186,60.67696677990118,1010.8362564622948
2026-01-04 01:56:00,CYCLE_SENSOR_DESCALIBRADO,168.28089619092046,172.1245365132801,179.58737387715175,124.58862572197886,3.187743035258072,8.600839980499988,44.129477569149884,27.807041583292605,4.718516630147119,-9.499834950404965,176.97478991596637,60.40933828366341,1009.932657186321
2026-01-04 01:57:00,CYCLE_SENSOR_DESCALIBRADO,171.1111829366175,175.45931492327722,179.47379120605174,123.53743882591705,3.2833751671110627,8.257361660610226,44.715282187725414,27.868768878636534,5.335181808209138,-9.50068964179691,177.98319327731093,60.686273777882825,1002.9590315860265
2026-01-04 01:58:00,CYCLE_SENSOR_DESCALIBRADO,171.90963875995985,176.55456604342925,180.96783233389397,125.03300457967082,2.9457236974669736,7.314627458066594,45.50062003005405,28.060968675798794,5.010199406357944,-9.49910302723718,178.99159663865547,60.139302811502944,994.379054580412
2026-01-04 01:59:00,CYCLE_SENSOR_DESCALIBRADO,173.7661665440463,180.03728991370812,182.53452295543443,127.48991633396808,3.031725653604735,7.938483304325387,44.9905932243714,28.038986982070377,3.1863852051143153,-9.498614231092949,180.0,60.635771204306295,994.8943663089151
2026-01-04 02:00:00,CYCLE_SENSOR_DESCALIBRADO,176.5446956455638,178.23162338306165,183.73703396824266,128.2557787712145,2.871122116303049,7.986162203330515,28.36617045153583,22.002783187770365,5.817132910309925,-9.499399022004692,180.0,49.366373293690934,1001.4396837339707
2026-01-04 02:01:00,CYCLE_SENSOR_DESCALIBRADO,177.09625052523356,182.0786886587779,186.88928414735958,127.97962708719096,3.7873142701396043,6.89539019039821,29.10131142556892,22.17844718110059,4.9048210402512655,-9.499264766768015,180.0,49.91891968050497,1008.5910058034606
2026-01-04 02:02:00,CYCLE_SENSOR_DESCALIBRADO,177.23659450931885,182.82559740399273,189.19265372907438,130.5610799419435,2.967340854419759,8.094138563972857,27.735482771265712,22.090145162278137,5.842117894983247,-9.499237472325014,180.0,50.42115960524463,1001.1687595448383
2026-01-04 02:03:00,CYCLE_SENSOR_DESCALIBRADO,180.0097353745305,186.4702240552474,188.76766785326365,129.42160482263532,2.818874700229544,7.411226968933346,28.307367976707578,22.046906397846346,8.127503682379595,-9.49958738981836,180.0,50.619672948241174,1007.1361547218888
2026-01-04 02:04:00,CYCLE_SENSOR_DESCALIBRADO,184.00343294415444,185.10677922866986,188.88929870367883,132.79453765358102,2.773798733805406,8.353334273445501,28.770138751478207,22.21926484647881,7.676954066866379,-9.499353839940932,180.0,49.41659494252801,998.2847185558747
2026-01-04 02:05:00,CYCLE_SENSOR_DESCALIBRADO,183.1779645628045,187.99838191499333,191.2674624828699,134.97857434642165,3.100605008084144,7.4265293771101,27.649601644891817,22.14993261770984,6.923800042953251,-9.500282367601889,180.0,49.719267617728065,1000.5496021796054
2026-01-04 02:06:00,CYCLE_SENSOR_DESCALIBRADO,183.9990703703619,187.81094893586166,193.2788356452342,132.635577187643,3.4263066128223625,8.109579910260514,28.357993774956736,22.13201432238239,5.757325996847652,-9.499408727469321,180.0,49.39740254305036,994.4062933515262
2026-01-04 02:07:00,CYCLE_SENSOR_DESCALIBRADO,183.39229555207004,190.2626337082903,193.55923672166537,133.91967387377693,3.3260878515696444,8.647285116394926,29.416347503286342,22.250712436417007,6.089021922975027,-9.499414888642224,180.0,49.838161675907266,1005.872881571483
2026-01-04 02:08:00,CYCLE_SENSOR_DESCALIBRADO,187.01647461895885,190.70393453488398,195.42869435535843,136.91444460528766,2.7731023837301887,8.487280040506613,28.130561145053374,22.284322456312182,8.987967439419151,-9.501024342965353,180.0,49.67534537432992,1001.4461717232607
2026-01-04 02:09:00,CYCLE_SENSOR_DESCALIBRADO,188.1819271718423,191.67297920931532,196.47342272648734,136.32398808783685,2.765716995615854,8.253582441858574,29.017441176076332,22.061416017396706,7.777394930917067,-9.501252495171272,180.0,50.62270047863733,1008.0429028514432
2026-01-04 02:10:00,CYCLE_SENSOR_DESCALIBRADO,188.36564883291135,190.6054586910418,197.97179303022628,137.9815914226318,3.37388055268446,7.9593322117791265,28.333431726744752,22.379979177370785,8.44382519231482,-9.501868361649118,180.0,50.50679775478455,1004.2624433920525
2026-01-04 02:11:00,CYCLE_SENSOR_DESCALIBRADO,188.84009480755157,194.20068274186875,196.95723650513628,136.7299037962241,3.6304144120803126,7.249947881456577,29.53950081236166,22.71377829652863,7.691792677173328,-9.504858767953687,180.0,50.354517272682486,1014.983481050112
2026-01-04 02:12:00,CYCLE_SENSOR_DESCALIBRADO,192.66489536183602,192.9671607800851,199.96198379201806,137.2936198280547,2.9564992477026735,7.780452079850262,27.514052200954954,22.179641734440192,9.714703240814083,-9.50501458216807,180.0,50.48358896732425,1014.6928005997436
2026-01-04 02:13:00,CYCLE_SENSOR_DESCALIBRADO,190.69872730995638,193.33219847294484,201.66534059344684,139.69913394865603,3.361987022509485,7.886996915363547,28.58183600434339,22.30607776825951,10.7657411747662,-9.503977804323325,180.0,51.106742063428825,998.9294514166486
2026-01-04 02:14:00,CYCLE_SENSOR_DESCALIBRADO,191.40586234473568,193.05148834385358,201.63276907710022,141.29982780296504,2.5601735683111957,7.851088828258373,27.697019297162115,22.99356289208598,11.530458876164635,-9.504085619310294,180.0,50.02753701229392,1011.1298249855726
2026-01-04 02:15:00,CYCLE_SENSOR_DESCALIBRADO,190.08025858530618,193.7327407699212,199.29914702324209,138.59800775529047,2.7469426497081564,7.233238878840182,28.20521177039239,22.304026748800005,9.888733108694295,-9.50337747525517,180.0,49.622586194482516,1006.4128752936099
2026-01-04 02:16:00,CYCLE_SENSOR_DESCALIBRADO,189.75991512887845,195.51840415011912,200.72021462391413,141.29561673816835,2.697120527222526,8.217217372411936,28.242983715687295,22.75655296671862,11.246898096743143,-9.503368980237793,180.0,50.98192210807803,1012.593671026222
2026-01-04 02:17:00,CYCLE_SENSOR_DESCALIBRADO,190.43073290424965,195.21362195719075,200.3325185780895,136.09023936505452,3.123664138544361,7.409542163837357,28.54816517699802,22.48427654366699,10.876930307267228,-9.503825351028585,180.0,50.470124840402626,1005.2500979315593
2026-01-04 02:18:00,CYCLE_SENSOR_DESCALIBRADO,189.1067963097838,195.06230089707677,199.21361754891223,138.50208027282963,2.9463071933884124,8.773054471802826,28.03655044792571,22.572704900835397,12.210985598165008,-9.504556952507762,180.0,50.19528856300624,1017.0078144209194
2026-01-04 02:19:00,CYCLE_SENSOR_DESCALIBRADO,188.6426610830253,192.47080479322526,198.91558863404916,136.72796093340608,3.0714277934033993,8.074010592659347,28.747585626980797,22.565013931148613,11.82573393538752,-9.505839747262149,180.0,51.020367825562815,1015.9822096191369
2026-01-04 02:20:00,CYCLE_SENSOR_DESCALIBRADO,188.5462278750158,193.24811900745385,198.81003361299744,136.31400592671233,3.3657347966550892,8.489631314007227,29.107926665959745,22.70686484220827,11.305854412312462,-9.504913981835953,180.0,49.79834922266032,1006.8196922895177
2026-01-04 02:21:00,CYCLE_SENSOR_DESCALIBRADO,186.51988310088342,191.39679467601928,198.19530588087235,138.9870286124699,2.8040501448564594,8.479296570172671,27.95343108601323,22.336153130424947,13.908630867056846,-9.504183233126694,180.0,50.39214001676837,1012.3633520003223
2026-01-04 02:22:00,CYCLE_SENSOR_DESCALIBRADO,186.41166344023245,192.29284800816689,195.17316566607883,134.92448316584415,3.0281979319838603,9.038965820802416,28.532443986424937,22.71963193027295,12.97123119407193,-9.504461524817161,180.0,49.665317359925595,1014.3506364436585
2026-01-04 02:23:00,CYCLE_SENSOR_DESCALIBRADO,185.13306007121412,190.548175841196,195.93418876336207,135.0064449385313,2.5986203342776277,8.090940502619526,30.478729109972136,22.631875786302025,12.973840188862157,-9.506485790230368,180.0,51.02785134454023,1017.189280586449
2026-01-04 02:24:00,CYCLE_SENSOR_DESCALIBRADO,184.97720954933195,188.02895679233077,195.81653381256965,135.96103885699142,3.349135714722558,7.804969375095029,29.19230183197893,22.369989174953787,14.012453843441376,-9.506013706277326,180.0,51.72375165873952,1014.8736007402733
2026-01-04 02:25:00,CYCLE_SENSOR_DESCALIBRADO,181.76642279421753,188.74869064238192,193.55861797042107,130.4934256232948,3.3289241140989603,7.814607404277542,27.94463145790102,22.996720291475214,13.383960099667345,-9.506918483357202,180.0,50.688862271949525,1018.6746314532716
2026-01-04 02:26:00,CYCLE_SENSOR_DESCALIBRADO,178.70113135980407,186.70986285490662,192.94480514448486,134.9571114432628,3.1085664442298384,8.748051320669902,28.23539976360519,22.38085847118566,15.015977752882357,-9.506774600983706,180.0,50.61816437022272,1015.852125258479
2026-01-04 02:27:00,CYCLE_SENSOR_DESCALIBRADO,179.26249301145302,182.97085152332764,186.53503168741017,132.34028685096473,3.0359808306536133,7.339882292038683,29.251506971380635,23.26173810738601,15.018073961834306,-9.508315847905802,180.0,51.94463566237862,1019.1865555026552
2026-01-04 02:28:00,CYCLE_SENSOR_DESCALIBRADO,178.5954185895361,181.1128487446685,188.8335262374201,132.02042238654482,2.8472556196310443,7.560937710903409,29.21652681092243,22.984997944967134,14.899205410297846,-9.508223848920839,180.0,51.404433832142004,1011.8704472792513
2026-01-04 02:29:00,CYCLE_SENSOR_DESCALIBRADO,177.7248558976071,179.95070396438288,186.88502847290468,130.06347865559576,2.581335241589957,8.118495880365732,28.843697488003816,22.618830539027584,18.498321649439152,-9.508355166001897,180.0,52.3192259145806,1017.8384813464918
2026-01-04 02:30:00,CYCLE_SENSOR_DESCALIBRADO,174.1685883966738,181.97901805983196,186.23250163666827,128.22830101895642,3.0916625823783526,7.923601272988752,30.552056951632576,23.187930111315136,15.280478136355612,-9.51076488319155,180.0,51.247628190793215,1023.141510184035
2026-01-04 02:31:00,CYCLE_SENSOR_DESCALIBRADO,174.0825928825567,177.2135178997415,182.08132166189114,124.64429736825036,3.226860243198326,8.483822228852503,30.847074529713474,22.799371845266148,17.36716489222745,-9.509146924497113,180.0,51.318693900782264,1024.7819078039122
2026-01-04 02:32:00,CYCLE_SENSOR_DESCALIBRADO,173.24350987647526,179.13269288695182,181.27395532760755,127.47829763525459,3.605811483315973,7.330653381260289,29.156836571044497,22.837469390516972,17.234842346330197,-9.509472618978359,180.0,51.965864191252365,1020.4241573440977
2026-01-04 02:33:00,CYCLE_SENSOR_DESCALIBRADO,171.26624588010236,174.0839627847105,181.44538916395257,126.85941335709258,2.881935145275786,7.966526996183401,29.87872580053721,22.647072026730307,16.923032868402622,-9.509731891060579,180.0,51.20713278392942,1019.9277346992468
2026-01-04 02:34:00,CYCLE_SENSOR_DESCALIBRADO,167.95018822972813,172.4903122875302,177.62734808491362,123.5627440635378,3.0810544854631368,7.90649412874067,29.94818789207986,22.863146372504595,18.085416166342412,-9.509197214089415,180.0,51.44296325878424,1026.3864600497818
2026-01-04 02:35:00,CYCLE_SENSOR_DESCALIBRADO,166.6801283501952,173.55594297727595,177.79077710894168,123.28738999661972,3.3343212649203835,7.46387801466709,30.06699568186775,22.915214474532988,17.30757736273468,-9.509247881687607,180.0,50.14655288080547,1021.0983634697699
2026-01-04 02:36:00,CYCLE_SENSOR_DESCALIBRADO,166.7052253552225,172.29384918869584,176.16289491612625,122.34626462795077,3.3433598636582453,8.439330060316456,29.088447017674373,23.256418633752375,21.158555029302363,-9.50888390170097,180.0,52.26380744179096,1026.6655817828378
2026-01-04 02:37:00,CYCLE_SENSOR_DESCALIBRADO,166.91344927916722,170.63003111297746,174.7279241043779,120.34847056959894,2.8132587129663356,7.954107855185957,30.67503267760619,23.354396813450933,19.30673076796651,-9.510028284287987,180.0,51.62805983770783,1022.2438739165685
2026-01-04 02:38:00,CYCLE_SENSOR_DESCALIBRADO,163.86982580909796,169.66415997038905,174.54006598835534,124.32926340685785,2.916252182022385,7.932962694576361,29.508904028067768,22.900791895824874,19.80791574674582,-9.510170465846825,180.0,51.41651357632592,1023.4109294801377
2026-01-04 02:39:00,CYCLE_SENSOR_DESCALIBRADO,162.66635182118029,166.9027989539458,171.52614413952054,118.31089673912986,2.8424548041721103,7.587648271365782,29.84178681115419,23.230867824284907,22.536184152610787,-9.51207978303292,180.0,51.961362303661886,1019.4099999454323
2026-01-04 02:40:00,CYCLE_SENSOR_DESCALIBRADO,160.36607798509792,168.0092227778102,171.07347880527726,117.50526875044953,2.7294466294394137,7.8150672086073065,29.628172678440187,22.836333254602785,19.970610756844415,-9.51231743020211,180.0,50.95435442851721,1019.4070683557601
2026-01-04 02:41:00,CYCLE_SENSOR_DESCALIBRADO,160.85967387957194,166.5848141414233,171.12971958082463,119.93120631945708,3.4415008239069738,7.489186205539717,29.58131146566235,23.286687308848467,22.55377400736065,-9.510872362315649,180.0,51.30669555687562,1028.8893653668233
2026-01-04 02:42:00,CYCLE_SENSOR_DESCALIBRADO,159.87586647087136,165.29582178807203,169.2927334173676,117.04857469154636,3.018814142694875,8.431883192682214,29.870159842223007,23.691474040237583,22.30424940385914,-9.512378348836643,180.0,51.896254877638235,1032.4380337956718
2026-01-04 02:43:00,CYCLE_SENSOR_DESCALIBRADO,160.36042523801243,165.44132986633466,171.8048921517926,118.51826269630853,2.977726361180427,8.516407998377653,29.029393053213198,22.930136348692926,20.028377692956845,-9.512729097122202,180.0,51.678702523018615,1026.536716040473
2026-01-04 02:44:00,CYCLE_SENSOR_DESCALIBRADO,158.26678277795372,166.35494655125504,169.12365100455986,118.8798795273207,3.0743124487478117,8.840030762401126,28.59584890523552,23.110003266469874,21.84280618294828,-9.514853028528599,180.0,51.91700536714686,1026.0133447240512
2026-01-04 02:45:00,CYCLE_SENSOR_DESCALIBRADO,159.60569145472755,165.47022072354937,170.9435955200491,118.9777541225617,3.0161285895526446,8.217026688460725,29.687933713349953,23.485022030362213,23.05404535796505,-9.51484508174816,180.0,51.85523717747459,1031.3299962945084
2026-01-04 02:46:00,CYCLE_SENSOR_DESCALIBRADO,158.87145035456246,162.49280905823548,169.0315676011391,117.89220755397231,2.933706787827098,7.830390703343441,29.324927558325484,23.535024761829703,23.298738488896547,-9.51437890715153,180.0,52.0826458270278,1029.1472221037827
2026-01-04 02:47:00,CYCLE_SENSOR_DESCALIBRADO,161.45606115599955,166.39725943454317,171.17282263636423,116.2368958821112,2.771532799059956,7.765518388452157,30.218705266268202,23.203965692205667,23.14923644376704,-9.513995431409201,180.0,51.14365295154344,1018.7597555496345
2026-01-04 02:48:00,CYCLE_SENSOR_DESCALIBRADO,159.70314542612093,166.71171871172774,168.80353384623643,117.39822569726175,3.4695841374290795,8.24532402187016,30.18728879163385,23.71288871988851,22.761625203692777,-9.514597299483949,180.0,52.479695164509465,1032.8799098239508
2026-01-04 02:49:00,CYCLE_SENSOR_DESCALIBRADO,160.6099990501813,165.8419405197923,172.98715661661439,117.7260240932728,2.8289183211316375,8.100431777280457,29.971703026278583,23.280816072061135,23.050244864530434,-9.5167414692577,180.0,51.6351347290668,1024.1066081640752
2026-01-04 02:50:00,CYCLE_SENSOR_DESCALIBRADO,162.34817077437896,167.14971689509636,173.37177854936138,119.02421280818822,2.720846380047752,7.91289592682906,30.88894487433263,23.80415665225178,23.587548739328298,-9.517983028136756,180.0,51.94228339308319,1029.9531186655488
2026-01-04 02:51:00,CYCLE_SENSOR_DESCALIBRADO,162.32028639137104,168.00003278576696,172.2016448746287,119.32240954409566,2.975833304723991,7.868960711562097,30.0324290556837,23.588492795251984,26.03958668436442,-9.516726552607418,180.0,51.649250551177865,1028.776539285761
2026-01-04 02:52:00,CYCLE_SENSOR_DESCALIBRADO,166.68417076482265,166.47747612666694,172.86205885934652,120.02244328425061,3.6472545652308908,8.585595210386245,29.19721753172498,23.77406875464392,23.63771059562892,-9.515847573519313,180.0,51.84203684279743,1028.5189862578384
2026-01-04 02:53:00,CYCLE_SENSOR_DESCALIBRADO,166.07965909335243,169.48103653370418,175.51240391961727,122.42509847883554,2.7535280086964775,7.784076328091479,29.973636636994062,23.618814657978927,23.973532245702575,-9.515938912967123,180.0,52.13626494567477,1031.80509793482
2026-01-04 02:54:00,CYCLE_SENSOR_DESCALIBRADO,166.20386910958996,170.7476487220766,174.35189374944838,121.98017140639752,3.212884565618587,8.673337963418021,30.845887840028993,23.700621224097617,24.60206126727423,-9.515776619752499,180.0,52.42515615005383,1035.7241178487222
2026-01-04 02:55:00,CYCLE_SENSOR_DESCALIBRADO,167.94172166253634,172.30952775737597,177.54170250415305,124.10764538558857,2.9261005185249345,8.091068097000102,29.048003336283784,23.735586479687573,23.186124150142,-9.51680423851781,180.0,52.543914230784324,1032.8036265529458
2026-01-04 02:56:00,CYCLE_SENSOR_DESCALIBRADO,166.07244252870024,173.26793303722178,177.92984423196154,120.75597929217365,3.0734421744380915,7.81605959170869,30.157144400743388,23.846597212450288,25.226855229566834,-9.5155136056139,180.0,52.34515210073922,1038.8430719948153
2026-01-04 02:57:00,CYCLE_SENSOR_DESCALIBRADO,171.84281529282842,176.16015520744386,180.05957294604224,128.35317480730282,3.2766542654884736,7.607365377345454,30.593610732143894,23.634898829350906,23.408214820924396,-9.516232755136162,180.0,51.86646535225819,1039.8610061838508
2026-01-04 02:58:00,CYCLE_SENSOR_DESCALIBRADO,172.49560064145422,175.91036995945603,181.10870611244522,125.4472601548992,2.4840933575421023,7.922737635033625,31.874199671454395,23.48504890156854,23.895111167976893,-9.51579547937325,180.0,52.38441907309037,1040.3422979461038
2026-01-04 02:59:00,CYCLE_SENSOR_DESCALIBRADO,173.34428366347225,179.52416565021343,182.47403069151264,128.18175946035362,2.731097667362425,8.25168283527578,31.042079271527278,23.67254419490196,23.648191233460757,-9.517123380707186,180.0,52.35503777665446,1034.5334806893104
2026-01-04 03:00:00,CYCLE_SENSOR_DESCALIBRADO,175.6790196193053,180.7388905000765,187.0457529891495,125.45554781525412,3.2724038384781156,7.811493520803003,30.430710839188585,23.577870198573535,23.237538713623014,-9.51730158741553,180.0,52.29948505632199,1033.354243661792
2026-01-04 03:01:00,CYCLE_SENSOR_DESCALIBRADO,177.39334604162616,183.2004290143767,187.50457912901916,129.33852722755893,3.0292353252244024,8.42516777649022,30.697355035670633,23.6137188429645,26.081757967310025,-9.516053150143549,180.0,52.57198352565569,1035.6387024011183
2026-01-04 03:02:00,CYCLE_SENSOR_DESCALIBRADO,177.6190283414629,185.19923420323087,186.34283978365983,126.94039298572594,3.063562392136329,7.786520581785816,29.279779243278544,24.087580372457207,25.323452822947598,-9.517000083241069,180.0,51.70177028626144,1040.777235581525
2026-01-04 03:03:00,CYCLE_SENSOR_DESCALIBRADO,180.0914493650183,186.72379710132287,188.5842788299033,129.44302270626105,3.213415085113653,7.937607708804434,29.821794903068326,23.903384771174483,25.767310634685373,-9.516250725820365,180.0,51.36082198416764,1041.0358769865343
2026-01-04 03:04:00,CYCLE_SENSOR_DESCALIBRADO,182.359519095921,184.67830808889534,192.12998848133887,133.10125515650026,2.733119552729215,7.356652798754252,30.875164523779617,23.916120058666348,26.163394677193605,-9.517331491992548,180.0,53.003767981252885,1026.8880361031975
2026-01-04 03:05:00,CYCLE_SENSOR_DESCALIBRADO,183.04587729184263,187.9130230027141,193.66242421256538,133.46909075290608,3.3165217613481963,8.27973841840218,30.61398200219314,24.036950277037754,24.983790619736144,-9.518233403023817,180.0,52.37741931242666,1038.9826205588238
2026-01-04 03:06:00,CYCLE_SENSOR_DESCALIBRADO,183.51365159970229,187.955435276811,192.15467954960366,135.183147002934,3.2459351173921647,7.866412153215218,30.722940670953193,23.967284891948513,25.341325924622822,-9.51824237829804,180.0,52.685257596554024,1028.7733895868132
2026-01-04 03:07:00,CYCLE_SENSOR_DESCALIBRADO,185.39294000937232,193.97331860300983,195.87528491381244,138.19383569946274,3.071495162177511,8.789435253667945,30.602299543102216,24.238268362527208,25.848405372900874,-9.517270738185726,180.0,52.07754483225414,1038.6511882283678
2026-01-04 03:08:00,CYCLE_SENSOR_DESCALIBRADO,187.8058592585081,191.8840580129427,196.46520732152055,134.7764915965145,3.1404395198602457,8.352405008634141,30.610627877411513,23.4666995861777,26.950308746937342,-9.517568923828057,180.0,53.17631918475293,1037.089221517292
2026-01-04 03:09:00,CYCLE_SENSOR_DESCALIBRADO,188.07602604484276,193.83482930325678,194.8052509575455,134.62264418532465,3.349492133297108,8.042249886863823,30.707005850381886,23.706587755169263,24.020713464339714,-9.516950348543915,180.0,52.75396910003307,1036.3310326053966
2026-01-04 03:10:00,CYCLE_SENSOR_DESCALIBRADO,186.59470047164012,193.51282446096477,197.5065437946946,135.07117180047993,2.821848282379753,8.612588010513454,30.04290131487655,23.78614873730484,28.050808740236103,-9.515806213261179,180.0,52.52273402485335,1043.5448589381328
2026-01-04 03:11:00,CYCLE_SENSOR_DESCALIBRADO,189.4072024416939,221.07972662089554,198.53978588501838,139.34181287214037,3.198407105538366,8.202554424711053,30.57014769532368,23.67101245842338,24.810278500731062,-9.516577361845089,180.0,52.78879086304959,1038.023413807344
2026-01-04 03:12:00,CYCLE_SENSOR_DESCALIBRADO,189.81083723065754,193.32556970648784,199.32403791086813,138.33841184266174,3.52330717071443,8.504130060427386,29.99172564485745,23.98830563460581,25.51102927227702,-9.518102527440748,180.0,51.808283672072776,1041.0348077630078
2026-01-04 03:13:00,CYCLE_SENSOR_DESCALIBRADO,191.06915023946095,215.8828574518815,198.08751466622306,137.65700235728536,3.1921878748465975,7.568814250171362,30.39681482143868,24.01696253570558,26.185351906692738,-9.518458042932133,180.0,52.89877218199844,1037.79911902412
2026-01-04 03:14:00,CYCLE_SENSOR_DESCALIBRADO,189.95721184603985,194.44966609744773,199.00220982550243,138.41349679702333,2.933282031702396,8.23059442912056,31.516196367576182,24.39898470990097,26.403098711588438,-9.517184954431402,180.0,53.488527689148526,1042.2746879935416
2026-01-04 03:15:00,CYCLE_SENSOR_DESCALIBRADO,189.55679165032157,214.1983636470121,199.2524675136219,137.5556195434663,3.6954617071117095,8.251360930301505,30.719975738447655,24.20330031430791,28.274243821211517,-9.517997611544176,180.0,52.93549080604663,1046.2653285228657
2026-01-04 03:16:00,CYCLE_SENSOR_DESCALIBRADO,188.27603065317578,195.51942769982134,199.2750175705324,136.5579592230144,3.069244350723148,7.227629467389384,31.215394403699698,23.939342840495343,27.51095765417945,-9.516982661805535,180.0,52.903488394019334,1039.3568540280453
2026-01-04 03:17:00,CYCLE_SENSOR_DESCALIBRADO,188.83870072261755,191.51941028334718,199.04941707430373,137.8795666299459,3.419577479903924,8.753312732044847,30.956217644860978,24.15770339017055,27.650053354084317,-9.517245162336266,180.0,52.68429363582753,1045.8653597412308
2026-01-04 03:18:00,CYCLE_SENSOR_DESCALIBRADO,190.71538242813006,193.98154426741604,199.10668825132993,137.7154733548948,2.8735405758957806,7.419833871147643,30.684939509549682,23.7110937239038,28.138476785419932,-9.515488950253042,180.0,53.416407067714054,1043.9640626221203
2026-01-04 03:19:00,CYCLE_SENSOR_DESCALIBRADO,188.94072964867803,193.12013051897623,199.07474580277153,138.3527557547381,3.320340749371711,7.350518817700449,30.339247124513886,24.122271145404568,27.7642776699349,-9.513243528199553,180.0,53.52257057688948,1044.35510417936
2026-01-04 03:20:00,CYCLE_SENSOR_DESCALIBRADO,187.8706356806542,194.64762704520956,200.11945192618407,135.79832605871906,2.836072485737677,6.575657234593122,30.732545910463962,24.12857727667743,26.730266393645426,-9.512212065685752,180.0,52.722954244011504,1043.1870581267558
2026-01-04 03:21:00,CYCLE_SENSOR_DESCALIBRADO,188.6900034547353,192.84594844052074,198.1803214198801,137.5822151732143,3.0970152714763657,8.236927969913399,31.11035134611015,23.947066725013734,28.33559792218071,-9.513858668497127,180.0,53.14992874353008,1048.100293028662
2026-01-04 03:22:00,CYCLE_SENSOR_DESCALIBRADO,187.45469534297612,190.92747935527638,197.72740844957264,135.8344099400063,2.817977967268115,7.17846728654266,31.37607228908158,24.103577166738337,28.38288096156475,-9.516261897089006,180.0,53.11820834483978,1048.103374576857
2026-01-04 03:23:00,CYCLE_SENSOR_DESCALIBRADO,184.15406443102927,190.3053760840181,194.46005227335448,134.80309582111968,3.5703467928591133,7.741540256821512,31.12858623327294,24.021301045126783,27.75702514824255,-9.516200719859347,180.0,53.234297341238474,1045.2940223732028
2026-01-04 03:24:00,CYCLE_SENSOR_DESCALIBRADO,185.2579743847387,216.28305014702124,192.61207100409558,135.0829696240195,2.933660600343384,8.418934193736607,31.471741161870582,23.988950323029364,30.568090536747743,-9.515294069851223,180.0,52.67817261545853,1047.0415077256707
2026-01-04 03:25:00,CYCLE_SENSOR_DESCALIBRADO,180.50970276318503,213.65610483428904,193.46171033065679,132.6460244696662,2.6676203619133108,8.096026454846447,30.19648178429206,24.325666528215233,29.22766810025733,-9.514793059845568,180.0,53.666857959115845,1049.6006623323026
2026-01-04 03:26:00,CYCLE_SENSOR_DESCALIBRADO,181.65250357641756,185.62640294142574,191.08159651827535,134.13783439516934,3.028535556570671,7.68815136969387,31.65477136385346,24.412510304850382,28.752209397106206,-9.515516652787975,180.0,53.40882250558956,1049.1876843071009
2026-01-04 03:27:00,CYCLE_SENSOR_DESCALIBRADO,180.0448249924969,204.28532877968084,190.5116362757797,129.17697982303898,3.1611284375823896,7.204660244587767,30.48366624508159,24.322340230230157,29.402526309217848,-9.517002638480045,180.0,53.75796665573424,1046.1827540463266
2026-01-04 03:28:00,CYCLE_SENSOR_DESCALIBRADO,179.4984136574325,184.69575357006988,187.05991509276433,132.12345859541733,2.9920197067882977,7.946193557294249,31.776222442391596,24.146982626494243,30.94046519144101,-9.516072847518613,180.0,52.6294480133391,1052.4546264458615
2026-01-04 03:29:00,CYCLE_SENSOR_DESCALIBRADO,177.0251409605094,181.8962239362279,187.34621946753595,131.45193292974307,2.7560039314419376,8.427637631826528,31.51271340681216,24.11600240959619,32.081353199913465,-9.514214249065645,180.0,52.68898603645563,1051.6255997860503
2026-01-04 03:30:00,CYCLE_SENSOR_DESCALIBRADO,174.70652776143638,193.8033159187488,184.78970061630812,126.51043004931925,3.3111950421869936,8.350418223376346,30.11395424021281,24.180667634627763,32.13398862248133,-9.514884304924173,180.0,54.27693773638064,1056.9859757376992
2026-01-04 03:31:00,CYCLE_SENSOR_DESCALIBRADO,173.2333977617251,177.70680127548582,182.87899186962326,125.25111707437898,3.3777540087845392,8.89339041795376,31.702688877425174,24.231263347874748,32.575924159431835,-9.514059092277087,180.0,53.85056549969473,1042.6293900593646
2026-01-04 03:32:00,CYCLE_SENSOR_DESCALIBRADO,175.11322342182555,177.32041224530218,181.4412177189536,123.8172193290645,2.505612795346061,7.673270713334847,31.881655240434565,24.113684879913936,31.540707125437198,-9.511456158235392,180.0,52.89901549998937,1052.076895105287
2026-01-04 03:33:00,CYCLE_SENSOR_DESCALIBRADO,170.4639136219537,175.71055064014453,180.95326518507323,126.4759510832643,2.7368919138418097,7.341483153142887,32.06304937330579,24.51134441584988,32.90525585484076,-9.511645878637928,180.0,53.76999014012984,1054.233192657474
2026-01-04 03:34:00,CYCLE_SENSOR_DESCALIBRADO,169.61544118420008,173.93426041557237,179.8279199334763,123.85205592201869,2.9521717060102404,8.154975489422212,30.870525992376784,24.272238270808064,32.975659522585126,-9.511815364311028,180.0,53.132155456311175,1053.9959428889774
2026-01-04 03:35:00,CYCLE_SENSOR_DESCALIBRADO,165.0746058880414,171.05597233368488,177.060303010735,121.53870268902226,2.8407222908522725,8.105710614270022,31.462328777024013,24.47741738471631,33.796194673471426,-9.51125563227185,180.0,52.54464896471625,1049.3093818492005
2026-01-04 03:36:00,CYCLE_SENSOR_DESCALIBRADO,165.1903929378273,169.91666439148182,176.5963930097209,120.22235265191273,3.157786374944382,7.997570193608041,31.793981331837287,24.055838187660413,34.27635520772064,-9.51153998377159,180.0,52.37261024783164,1045.2070491388595
2026-01-04 03:37:00,CYCLE_SENSOR_DESCALIBRADO,165.58556255817453,192.44604073876997,175.37202057781698,124.01040654317866,3.5518431621363518,7.626800995117928,31.841366892394703,24.20916654586909,34.07767184760649,-9.51020075078535,180.0,53.44026178321451,1057.1521800225487
2026-01-04 03:38:00,CYCLE_SENSOR_DESCALIBRADO,161.91540058961345,168.61745190093583,174.73883184987707,118.9345262113996,2.8857259471481465,6.673310449908774,31.667169497759808,24.529355019162676,35.76935885734312,-9.510604758211164,180.0,54.25996456137662,1049.394879168104
2026-01-04 03:39:00,CYCLE_SENSOR_DESCALIBRADO,163.5240236847765,167.81517180864637,174.04904331631556,120.2918265847779,3.473016660331199,7.49669336892416,31.186986361941802,24.542454957770335,34.351486672504414,-9.510635807246265,180.0,54.268351176997186,1050.4627420763084
2026-01-04 03:40:00,CYCLE_SENSOR_DESCALIBRADO,161.13946851793213,166.81765371235156,174.18308460796067,120.29557137665674,2.5595001431078064,8.27853423314754,32.056867867603245,24.137135301776116,34.441056396598555,-9.512078251667164,180.0,54.16560638341702,1060.227719405004
2026-01-04 03:41:00,CYCLE_SENSOR_DESCALIBRADO,160.05619656341443,166.15972418207642,170.7386136715334,117.31666022959207,3.136744443755474,8.141981799200629,32.08114722456947,24.447775137066095,35.274313830362196,-9.512313835183786,180.0,53.97819814790068,1047.1803718663105
2026-01-04 03:42:00,CYCLE_SENSOR_DESCALIBRADO,159.85954875121882,167.991646973078,172.48616413516493,117.9449865135859,2.8215865539736815,8.48263200029303,31.412659736517494,24.462167328253805,36.813503736674576,-9.51332141484322,180.0,53.749313819022014,1055.8539526437728
2026-01-04 03:43:00,CYCLE_SENSOR_DESCALIBRADO,162.16083261876616,166.34688609290473,170.46827523906654,117.52778410774134,3.1432169791962794,8.172590954516231,31.055080925835334,24.26342650322459,36.76614953349837,-9.512975350845322,180.0,54.193830940615044,1049.8630565040153
2026-01-04 03:44:00,CYCLE_SENSOR_DESCALIBRADO,160.48227307526423,166.50803167733378,168.76841012298186,117.74296652805917,2.4729570463628923,8.36800862129165,31.108072313405973,24.484853695689097,34.81360820430033,-9.51463958303351,180.0,52.63939996081997,1050.069283460457
2026-01-04 03:45:00,CYCLE_SENSOR_DESCALIBRADO,158.9074763466989,165.55711678987677,169.21941861674327,116.38621595869583,2.6143828561790814,8.382366010505377,32.3829167259528,24.10536756288334,37.56787572935695,-9.51365969543894,180.0,54.16650650663037,1054.1310023661995
2026-01-04 03:46:00,CYCLE_SENSOR_DESCALIBRADO,161.0125793922456,165.1690547762554,170.64132371373535,120.44293348234058,3.1425937543530376,8.01023758516425,32.153254071908705,24.243700961692557,37.192821302093606,-9.514530868473361,180.0,53.13765289554277,1056.4482048100776
2026-01-04 03:47:00,CYCLE_SENSOR_DESCALIBRADO,161.32347200190316,165.81973587652996,171.19629884330348,117.190927135397,2.810999728301058,8.013749376866418,31.589251215976756,24.556108771097676,36.90047636367484,-9.512746739773167,180.0,53.26810875673314,1057.8199291050319
2026-01-04 03:48:00,CYCLE_SENSOR_DESCALIBRADO,160.27658253460953,166.00513646271122,169.5146308274993,118.40569446432156,2.903064718216149,6.545568783864087,31.49980428535148,24.44907036066054,37.237841942207304,-9.51137598237978,180.0,54.09848142792892,1058.6155158300824
2026-01-04 03:49:00,CYCLE_SENSOR_DESCALIBRADO,162.44782648547533,167.2663919856948,170.38015702741907,115.44166227014996,3.5508855524482072,7.671707958318931,30.576032379674867,24.46592169647768,36.1051294670184,-9.510840336910958,180.0,54.240774404849454,1051.7278161459408
2026-01-04 03:50:00,CYCLE_SENSOR_DESCALIBRADO,163.2177185059513,165.8394503832553,171.36987895500272,117.5707036488902,3.0412714407506565,7.693298636964504,31.60354116794355,24.420701589864596,38.07526356924122,-9.512378326742231,180.0,53.49717561520675,1050.2386196965476
2026-01-04 03:51:00,CYCLE_SENSOR_DESCALIBRADO,163.88634344519187,168.7344415979155,171.82870345809812,117.86430016961393,3.27045495428449,7.9455981359295045,30.956349410003423,24.568791352629496,36.28145287581882,-9.513006215600498,180.0,54.15051254784155,1053.69470195173
2026-01-04 03:52:00,CYCLE_SENSOR_DESCALIBRADO,163.04432517795223,196.4806023584007,171.5967256295421,117.17897757319551,2.7722183551186523,7.534830582678446,31.782852292249054,24.583734239202272,37.329817121779804,-9.513902504893966,180.0,54.13403218134707,1056.7017037275039
2026-01-04 03:53:00,CYCLE_SENSOR_DESCALIBRADO,163.54817863328614,167.79453645943815,172.29986444906115,119.72236100285997,2.5976388921293023,8.468782006879113,32.41463068729684,24.629928984395978,37.76013131116335,-9.514673631324289,180.0,53.722155081138325,1054.7296825193555
2026-01-04 03:54:00,CYCLE_SENSOR_DESCALIBRADO,164.15178042657175,171.2860872395702,175.72505267701484,121.10626524595571,2.975779403687437,7.55924501766274,31.130835011769538,24.501287404293997,38.40634487109031,-9.513096845788425,180.0,53.979077466894,1041.2604338975968
2026-01-04 03:55:00,CYCLE_SENSOR_DESCALIBRADO,166.71338243302293,183.08362906443847,177.80249514755164,119.3801381193275,2.5528591789996042,8.55121632080861,31.87747376222163,24.40260438520009,37.92952149723814,-9.513249489579456,180.0,54.96702667841547,1048.7061062918874
2026-01-04 03:56:00,CYCLE_SENSOR_DESCALIBRADO,168.45757720381943,173.25695314579974,179.68565308197338,127.08904893453706,2.7904231190274977,7.51942248236869,32.34779581517352,24.372624994396087,38.341870934082934,-9.513907353397805,180.0,53.80999104785234,1055.275026950992
2026-01-04 03:57:00,CYCLE_SENSOR_DESCALIBRADO,170.02102178103456,175.17371629266984,178.72994419560644,124.06864686625437,3.0713262655494193,7.698110102013424,31.895700312980253,24.27600821084199,36.26264972031976,-9.514655262878064,180.0,53.851175771974106,1059.8736495489318
2026-01-04 03:58:00,CYCLE_SENSOR_DESCALIBRADO,171.82468041283173,175.07280239512357,180.26691769686232,124.92227282697264,2.966621730881475,7.660093823461727,31.46311570383977,24.409776058584225,37.55040354559356,-9.51518710063209,180.0,54.073426863878225,1053.0439953825708
2026-01-04 03:59:00,CYCLE_SENSOR_DESCALIBRADO,175.5116593100373,178.3675836314977,182.79855872725994,128.83113446939404,3.1003558156485367,7.751882995332095,31.797305483201608,24.371620386042967,37.75051722284553,-9.514654481139338,180.0,53.93040147825519,1059.7983891804354
2026-01-04 04:00:00,CYCLE_SENSOR_DESCALIBRADO,174.59250739212206,180.08216169248456,185.00401094346623,129.424373461812,3.1800955188006244,8.589318973020797,32.37857529251734,24.815382571922246,38.31990693618602,-9.516281571526433,180.0,54.440336170916936,1051.078976327807
2026-01-04 04:01:00,CYCLE_SENSOR_DESCALIBRADO,176.5093980091072,182.47401542717105,187.77846486949096,129.30730543873835,2.6412825852581685,7.836457686036495,31.974508030003573,24.287454873278843,35.670044258715336,-9.516183392916492,180.0,54.80266422721346,1058.2766937961476
2026-01-04 04:02:00,CYCLE_SENSOR_DESCALIBRADO,175.93756515552693,182.57415694192537,188.97994184529466,127.40083319868937,2.71741971857087,7.8491721021960315,31.827255640592064,24.705696105098152,36.1215235242812,-9.515759846083528,180.0,53.96741421755867,1058.490578022618
2026-01-04 04:03:00,CYCLE_SENSOR_DESCALIBRADO,182.30882067306987,184.9646249208076,189.19386111024775,132.24952517952494,2.3464247413913433,7.629101685919776,32.53486061843475,24.445662884543285,37.19759618332025,-9.517495210744045,180.0,53.684810017888545,1059.4925769340032
2026-01-04 04:04:00,CYCLE_SENSOR_DESCALIBRADO,179.52196076530285,185.9865543472004,191.5332360116783,130.82730465909552,2.888843007707136,7.870103262959037,32.16160098916089,24.45850801969144,38.28438910680593,-9.51891273766922,180.0,55.12285684287831,1053.7566281074812
2026-01-04 04:05:00,CYCLE_SENSOR_DESCALIBRADO,181.65177435461274,209.72297295818584,191.48775291304378,134.42492694325014,3.2210267872851692,8.10822425474672,31.141961847786302,24.58023761812228,36.939677145645746,-9.518960445012539,180.0,54.21725279963967,1051.7650173461461
2026-01-04 04:06:00,CYCLE_SENSOR_DESCALIBRADO,184.65164524063127,186.81208603021864,193.90599369116688,133.18179782233995,3.447383059081946,7.892419563402488,32.253180241703724,24.216095100084917,35.74345938529128,-9.517519462365161,180.0,53.32677293564069,1061.019197366585
2026-01-04 04:07:00,CYCLE_SENSOR_DESCALIBRADO,185.3323900212447,189.90303872658748,194.96205114374263,134.3511862894602,3.057144560724951,7.924854160739657,32.4542723725079,24.33921545955222,35.360137720222085,-9.516316734241014,180.0,55.131604833343154,1052.1634219475852
2026-01-04 04:08:00,CYCLE_SENSOR_DESCALIBRADO,188.11899590651976,192.04058737904387,197.83233512995446,135.0108620654939,3.411968659062807,8.508015196802255,31.15192577924015,24.249995925611216,36.35790797796186,-9.516925204022415,180.0,54.78473346033736,1055.3310953944274
2026-01-04 04:09:00,CYCLE_SENSOR_DESCALIBRADO,187.9992713024972,223.73547322282025,197.72752101621472,135.05658421278844,3.115148107132795,8.136824726270508,30.542423350235016,24.420790730946337,36.9270598837514,-9.51551591558808,180.0,55.043222336263405,1064.1217362169646
2026-01-04 04:10:00,CYCLE_SENSOR_DESCALIBRADO,187.8928401952811,192.72904042320863,197.0654390015633,136.40630440910365,3.0322348261503054,7.424557589630727,31.28743080166821,24.31322779271471,36.19424468607622,-9.515835542288531,180.0,54.98032458379842,1059.368411836895
2026-01-04 04:11:00,CYCLE_SENSOR_DESCALIBRADO,189.95608250725226,193.61859707292587,197.7905160736638,136.97480692386353,2.8166127370244456,7.957367379683704,31.859584885876718,24.75632588611269,35.331624417042676,-9.516163749158565,180.0,55.60608162538894,1060.2912864445693
2026-01-04 04:12:00,CYCLE_SENSOR_DESCALIBRADO,190.65941727946935,195.58877650256542,198.86613790495355,137.26146451936359,2.28445198709524,7.7308249092749755,32.53502200994352,24.373665328057776,37.309786091354745,-9.516069733655852,180.0,53.78524178384081,1061.436178000668
2026-01-04 04:13:00,CYCLE_SENSOR_DESCALIBRADO,188.8800234973485,194.70834339963432,197.79485480567539,140.19869110373708,3.3669568461658788,8.260512978770675,31.40221121136709,24.01167837440756,36.17400477666858,-9.515230268742712,180.0,53.92574316524845,1061.408215111
2026-01-04 04:14:00,CYCLE_SENSOR_DESCALIBRADO,191.0734636939212,213.86635268593852,199.64180397674795,139.36948129047943,2.9840325074875205,8.051469903691967,32.2770563082747,24.41714171818041,37.10194782688264,-9.515839266937865,180.0,54.09702573214623,1059.0746295636852
2026-01-04 04:15:00,CYCLE_SENSOR_DESCALIBRADO,189.7332866047619,194.98961274352376,199.82760894842195,138.38054289673576,3.416488957440155,8.565155405168493,30.215324681511465,24.64177783767155,35.00496800031226,-9.516237316236698,180.0,54.10205693214116,1055.6556135937203
2026-01-04 04:16:00,CYCLE_SENSOR_DESCALIBRADO,189.7936549414215,194.32706144055595,200.47766068528375,134.5957729927147,2.7151100643432975,7.629979358637513,32.065273364068005,24.802207254532863,38.25416203613649,-9.517485483846858,180.0,54.44300899125091,1070.0925712392498
2026-01-04 04:17:00,CYCLE_SENSOR_DESCALIBRADO,189.8437339506418,207.16258400400739,200.40676443358572,139.9389328741099,3.728646063021704,7.903789918860095,31.718947089554515,24.425730717787577,36.709840632988076,-9.517134457332515,180.0,54.15536713962637,1058.2743315775047
2026-01-04 04:18:00,CYCLE_SENSOR_DESCALIBRADO,188.8089106976184,224.40384308233786,199.38454743569295,142.47464214144506,2.925363823600116,7.467942922928174,33.22761807424155,24.36333484691236,38.77661169470488,-9.516201118142552,180.0,53.82405284936142,1060.8510681227517
2026-01-04 04:19:00,CYCLE_SENSOR_DESCALIBRADO,188.1816724872478,194.17521302999006,196.74719064067153,136.15628034217346,2.792343301877149,7.9790985333734055,30.838239290061992,24.458520444002907,38.14840296858618,-9.515206493369202,180.0,53.999848473566,1061.3629225980737
2026-01-04 04:20:00,CYCLE_SENSOR_DESCALIBRADO,189.17204607466505,193.1380726983661,196.52512521938934,135.24885699716563,2.935643386086304,7.231709491656604,31.969386691790557,24.538729354728744,36.452876889295716,-9.516573073858163,180.0,54.308156078544194,1057.5395118891472
2026-01-04 04:21:00,CYCLE_SENSOR_DESCALIBRADO,185.30052822920413,193.91067523128123,196.40912900730495,136.06508717051,3.0511369267446766,8.16074228292503,30.843315047437674,24.223860829519392,38.13053582538446,-9.516955970352443,180.0,55.0448734245605,1058.030962018564
2026-01-04 04:22:00,CYCLE_SENSOR_DESCALIBRADO,184.8732200476099,192.28219482610152,196.92992212052278,133.8953270744507,2.9790293981771923,7.9722702073345735,31.656146797100547,24.394280236623587,40.00115494398807,-9.515710502428105,180.0,54.20248278247703,1065.7425024249615
2026-01-04 04:23:00,CYCLE_SENSOR_DESCALIBRADO,185.84663987511544,191.52562857600861,195.77918786067244,136.2486401210371,2.845400877262109,8.077592369023964,30.968564929535457,24.426410269229404,38.04166875048451,-9.515478333255276,180.0,54.91225949508902,1056.8829585950195
2026-01-04 04:24:00,CYCLE_SENSOR_DESCALIBRADO,183.72929943339614,186.37804685280557,193.5174528566734,136.24432243208568,2.458967233160215,8.394067321847082,33.37258015776759,24.43823998346523,41.45801490345162,-9.515444228504256,180.0,53.86349580046076,1061.5313230882068
2026-01-04 04:25:00,CYCLE_SENSOR_DESCALIBRADO,183.68981518242734,189.39520110286074,195.33167649172026,133.9794976970087,2.758701726262848,8.112401244647812,31.781189418181704,24.392549305881833,39.739074794868316,-9.515433695311897,180.0,52.941267029183734,1063.5011876913575
2026-01-04 04:26:00,CYCLE_SENSOR_DESCALIBRADO,181.53056837988515,200.20630814219106,192.97493074821583,132.40783599435258,3.322330700842761,7.361611231808042,31.869873624409426,24.226297695984016,41.434164203766784,-9.514892236765053,180.0,54.49042883451599,1059.0907994502659
2026-01-04 04:27:00,CYCLE_SENSOR_DESCALIBRADO,178.03480932477186,185.12596547053042,191.12315819304652,131.70341466179588,2.7360831898581384,7.722063612229853,31.972386006399745,24.472817710652613,40.66478082716653,-9.51460632083325,180.0,54.268031433262145,1059.5948578961795
2026-01-04 04:28:00,CYCLE_SENSOR_DESCALIBRADO,178.19407666539954,201.56730331655683,188.9594651477776,129.904988483241,2.4849154088707537,7.959909214284878,31.319756658226833,24.3873899193338,40.721287802622044,-9.51518170675655,180.0,54.14790452971744,1063.8144615966344
2026-01-04 04:29:00,CYCLE_SENSOR_DESCALIBRADO,177.2093843103219,181.5935077191112,187.1181770536249,127.22792921422828,2.683350075669509,7.835950264996187,32.632923917658516,24.3777604518475,43.368736520841054,-9.514300647240464,180.0,54.10480226499111,1059.4473122744628
2026-01-04 04:30:00,CYCLE_SENSOR_DESCALIBRADO,175.28084759024,178.71554334299606,185.46269124333332,127.71875078349251,2.973406113648259,7.897020980322567,32.384116487291806,24.161135661560017,43.00790263617532,-9.515503532290202,180.0,54.26564008896494,1051.691166921009
2026-01-04 04:31:00,CYCLE_SENSOR_DESCALIBRADO,172.87014404263232,204.0826801343203,181.2660380969503,124.74632873075547,2.772233649830476,8.810726254076018,32.550543695065116,24.495783326984924,41.895847782132726,-9.51418140786609,180.0,54.140608012445234,1066.0122435427663
2026-01-04 04:32:00,CYCLE_SENSOR_DESCALIBRADO,171.55259625358934,175.95945816558495,180.61978340957995,127.12360260830879,2.916048876387241,8.05017772304338,31.26834560467761,24.16788928182861,43.60421971801496,-9.51507736207793,180.0,54.20051440529167,1056.08493908888
2026-01-04 04:33:00,CYCLE_SENSOR_DESCALIBRADO,169.6926428974629,174.18188422899678,180.09818094027747,126.24095802995207,2.760464038606259,8.191129808274159,32.679215370609356,24.670122224274163,43.15426568402896,-9.514529472135889,180.0,53.983771439921306,1060.8323006596215
2026-01-04 04:34:00,CYCLE_SENSOR_DESCALIBRADO,167.30871385594156,173.61778925585597,179.05239734835607,125.67109508285748,3.3029231689186433,6.995599252214659,32.60839608799122,24.099971442173672,44.1030828046418,-9.514694235086852,180.0,53.61251983858685,1054.6762565525949
2026-01-04 04:35:00,CYCLE_SENSOR_DESCALIBRADO,165.74471252218274,172.0367952785442,177.35065217258892,123.60715307579639,3.147254853239575,8.373002326116433,31.855082318023808,24.476884403424666,45.69264828615925,-9.515170612886992,180.0,53.58625293554161,1057.8742546721185
2026-01-04 04:36:00,CYCLE_SENSOR_DESCALIBRADO,166.65124636292617,171.18778941668666,176.50995335306612,122.38683566584692,3.665387869958565,9.425980939779201,32.52911955903922,23.9310563621772,44.67660638725662,-9.513813041964392,180.0,55.93494841068918,1058.1356601201428
2026-01-04 04:37:00,CYCLE_SENSOR_DESCALIBRADO,163.91729086598247,169.84519096905052,172.43908024492598,118.11747572344011,2.8854836110190547,8.672827068142562,32.15286088287441,23.848918274002273,44.41790686851888,-9.513070135853297,180.0,54.685937424573986,1060.5355530106242
2026-01-04 04:38:00,CYCLE_SENSOR_DESCALIBRADO,164.54354573078157,170.4693833389222,174.4596247812223,122.62349893076771,2.9145362474282206,7.779904908043902,31.02957171771343,24.17714951268401,44.334658936419544,-9.513129087183529,180.0,55.49269801728982,1056.2810424771048
2026-01-04 04:39:00,CYCLE_SENSOR_DESCALIBRADO,162.15066409943398,189.7073140549492,172.9393101513502,119.96090435327407,3.355050607062585,9.140528711819607,31.8725643172651,23.82332481215101,45.99320642356382,-9.511383915803872,180.0,54.654205408816225,1067.665056415843
2026-01-04 04:40:00,CYCLE_SENSOR_DESCALIBRADO,160.43384063917551,165.98026256827393,171.78467899272349,116.67460402027167,3.117302515558876,8.01374818329777,31.689181558805306,24.4080122612812,45.825737459782175,-9.510404166610822,180.0,54.68314430225255,1059.7694423044811
2026-01-04 04:41:00,CYCLE_SENSOR_DESCALIBRADO,160.80728577309156,165.4322130252119,172.40959257679333,117.5755664949182,2.7175479959392703,8.1532731382607,32.024742635230325,24.244152437093657,45.47863905265248,-9.511209643875757,180.0,54.92060617366123,1063.1265332124296
2026-01-04 04:42:00,CYCLE_SENSOR_DESCALIBRADO,163.24740222247436,165.268325878383,169.47951219552922,115.80522426781691,3.1669263956470863,7.866281892106092,32.58113457789789,24.514809685988393,45.90012463494278,-9.513469992170837,180.0,55.09900039806399,1059.4914644437124
2026-01-04 04:43:00,CYCLE_SENSOR_DESCALIBRADO,160.21305305397328,164.86674478326833,170.04351216583933,114.47784620838274,3.1189586691939057,7.853340565897361,30.978186560567448,24.18690244242881,48.51624714100734,-9.51336313167262,180.0,54.16702977085157,1063.4339427869172
2026-01-04 04:44:00,CYCLE_SENSOR_DESCALIBRADO,160.85721157147458,164.46447860529975,170.42347366315408,118.44427552787964,2.461861233562278,6.875952403614465,31.690942587027692,24.254358115620708,47.44071975672239,-9.511979633617797,180.0,54.61158100483561,1050.95373989994
2026-01-04 04:45:00,CYCLE_SENSOR_DESCALIBRADO,160.20256457190888,163.67790957834768,168.97638642966842,115.11058416435515,2.8046067900261367,8.393747015943228,31.45765090260375,24.137127790759845,47.974097439543065,-9.511368982952801,180.0,54.96466706301135,1056.4423184319417
2026-01-04 04:46:00,CYCLE_SENSOR_DESCALIBRADO,158.39593392607614,165.43065413439928,167.6781587957773,114.84845950534282,3.057096057017885,7.851500896263724,31.476649365095597,24.00067327787855,46.67460977824428,-9.509795019231369,180.0,53.856024222729,1057.0725785341197
2026-01-04 04:47:00,CYCLE_SENSOR_DESCALIBRADO,162.0665418842207,164.78106058594634,168.94413785657844,117.2875165467229,3.433883912173214,7.905969656063144,31.442917002576827,24.078453672807342,47.35663222526956,-9.510393332079422,180.0,55.481669670536014,1056.9321944820167
2026-01-04 04:48:00,CYCLE_SENSOR_DESCALIBRADO,160.43676608378397,164.59199050471864,170.65648755088003,117.64474367972073,3.209399533288086,8.136668822069234,31.970051216203018,23.903026135435773,47.51021022356755,-9.510510556243311,180.0,55.37429451451447,1061.011946393893
2026-01-04 04:49:00,CYCLE_SENSOR_DESCALIBRADO,159.72420305769856,166.8793883694722,170.99799444296553,116.93736464029358,2.8307866157604016,7.792710882849544,32.23498997018929,24.20496992254797,47.43727299743317,-9.510603497850164,180.0,53.80164417712285,1061.1649303687614
2026-01-04 04:50:00,CYCLE_SENSOR_DESCALIBRADO,161.39493873310138,168.02700534176134,171.98769968423335,121.0808691558862,2.7875394286472703,8.131913388601498,32.12158537826894,24.0492503304345,45.91760254868011,-9.510362276621853,180.0,54.42234936440748,1058.3926501157187
2026-01-04 04:51:00,CYCLE_SENSOR_DESCALIBRADO,162.61725217040672,167.56998056701548,172.0736128714276,116.74309316721768,3.2393199731729188,8.60153025472279,32.01506797229048,24.073770582125626,48.90816844295429,-9.509594833839499,180.0,54.92329180564616,1058.357820203751
2026-01-04 04:52:00,CYCLE_SENSOR_DESCALIBRADO,164.75220304604053,170.99061125526129,172.27811101877532,117.24074229470689,2.272102081150228,8.202406676847508,32.267362304188026,24.64123580284531,47.120937086087345,-9.507962464171904,180.0,55.3005049646959,1068.1767808206707
2026-01-04 04:53:00,CYCLE_SENSOR_DESCALIBRADO,164.14612508788477,172.6216657434545,175.12745081446664,121.62878257252218,2.757725602940077,7.923251431577622,33.31273279974478,23.97822153630018,47.0836620854273,-9.506119769950233,180.0,55.651063286927595,1059.566430571383
2026-01-04 04:54:00,CYCLE_SENSOR_DESCALIBRADO,169.3276359355936,171.77948939964642,175.98339362222922,121.25081243603917,3.422792400712539,7.938252448058663,31.955867493102858,24.103599885180916,48.11967220614868,-9.504453199181354,180.0,54.577443366501406,1049.2141605918873
2026-01-04 04:55:00,CYCLE_SENSOR_DESCALIBRADO,166.37539722098967,171.9374271369668,178.26540185931398,122.00440894106838,3.0890452437699136,8.100296789538877,32.47638634684424,24.01171541062719,48.12993844460116,-9.503784118069092,180.0,56.073011739919885,1061.0359991728803
2026-01-04 04:56:00,CYCLE_SENSOR_DESCALIBRADO,169.63334430854025,188.2823088669117,178.00172861434964,121.72739833745442,2.7724016543316212,7.5839248511698845,32.43116032793335,24.23543631350446,46.301048073613394,-9.504126340559639,180.0,54.887056591410655,1060.0276148881512
2026-01-04 04:57:00,CYCLE_SENSOR_DESCALIBRADO,167.99597779468186,173.89541340607906,177.9397226953614,123.57354593136651,2.6393749723499007,8.10392985063796,32.90785124052614,24.03266766327517,47.67658324479491,-9.503900442127865,180.0,54.80657919362718,1062.2550007871937
2026-01-04 04:58:00,CYCLE_SENSOR_DESCALIBRADO,171.73288623822242,175.83508830865517,178.75597266359344,124.41416571262945,3.2519204003967443,8.342285446236968,32.16558930909831,23.911436538102947,47.32851553022493,-9.503245209367531,180.0,55.206409007731665,1059.8327627647113
2026-01-04 04:59:00,CYCLE_SENSOR_DESCALIBRADO,173.8727541861717,204.17119931931293,182.95030999360787,126.88226828742026,3.0233434039779024,8.04375804805538,31.310371605480746,24.4046590686769,47.029923129454566,-9.503110141302518,180.0,55.08754154423086,1053.6354012417573
2026-01-04 05:00:00,CYCLE_SENSOR_DESCALIBRADO,173.65650009541284,179.24584202099823,185.15349099454133,127.00845967932814,2.934386862082445,7.787933551033313,31.98715521779374,23.754346177890422,47.22904348910193,-9.504023935622259,180.0,55.065883640422285,1060.6234091914469
2026-01-04 05:01:00,CYCLE_SENSOR_DESCALIBRADO,178.36678152626482,204.54907761630523,186.2891519226606,128.0875063812861,3.1121941671966575,7.8564482400850375,31.94175688608887,23.86733844287973,46.8819936287093,-9.50448630727104,180.0,55.94251306452699,1057.2633284235626
2026-01-04 05:02:00,CYCLE_SENSOR_DESCALIBRADO,178.64004734368734,183.86754344056516,187.44049481948085,129.6436384944098,3.0493794148940694,8.326084420154935,32.26661504622259,24.068924938525562,46.05225950565466,-9.50361826527089,180.0,55.07380359287057,1060.847239472167
2026-01-04 05:03:00,CYCLE_SENSOR_DESCALIBRADO,179.25408635780843,183.7362646849158,187.72559601983446,131.587000478435,3.026371742213636,7.449911897708171,31.23948507411725,23.701226066311087,46.82306664814564,-9.50386476589372,180.0,54.463361596810465,1062.644442324602
2026-01-04 05:04:00,CYCLE_SENSOR_DESCALIBRADO,181.60946264809053,217.8612168926355,188.8338150004883,133.45225674468702,2.602743894323135,7.5917714280768545,32.50892060234334,23.996905211782515,44.97753722472253,-9.503840592711711,180.0,54.540696063747184,1055.74945431883
2026-01-04 05:05:00,CYCLE_SENSOR_DESCALIBRADO,181.78802300567588,188.39748772886816,192.94072973719355,135.0526377758526,2.692072454001824,7.196549493109622,31.73746399547288,23.726527272119675,44.664390143030076,-9.503919014090162,180.0,55.701654625788024,1059.5180134547938
2026-01-04 05:06:00,CYCLE_SENSOR_DESCALIBRADO,185.3184346672762,190.22238967819735,193.54365730863972,135.00538273268725,3.2244841308283245,8.016999349669902,32.222733495912045,24.001419814448777,45.11501292757693,-9.504811213441455,180.0,55.31171935424445,1059.9212030712617
2026-01-04 05:07:00,CYCLE_SENSOR_DESCALIBRADO,186.25531741756953,189.6128496458097,194.60073711767083,136.4419672866122,3.167745430103471,8.430943837870611,31.88928623408416,23.974241497592264,44.34530867936383,-9.504982484168753,180.0,54.19578622823833,1056.1872345597849
2026-01-04 05:08:00,CYCLE_SENSOR_DESCALIBRADO,186.59524046268987,191.51993738088862,194.29707123626034,133.0797714445158,3.114635977733595,8.665740913228761,31.761007073346,23.738608218898822,44.67280024657961,-9.505440301426324,180.0,54.17504720786218,1063.144150016289
2026-01-04 05:09:00,CYCLE_SENSOR_DESCALIBRADO,187.8692853726217,192.5462567163004,195.97574699573218,134.89639824166733,2.8240462011466243,8.774332921597361,31.811332349026188,23.534038614691433,43.49248246539768,-9.506132108620397,180.0,54.99387915803116,1059.2474509745803
2026-01-04 05:10:00,CYCLE_SENSOR_DESCALIBRADO,186.2177456046451,224.51332289377982,198.04450627617825,137.6437380511461,3.229556978629394,7.654762928904391,32.057377037399135,23.63307263446886,41.42597046638612,-9.507190417599611,180.0,55.29283085605973,1052.4711754128618
2026-01-04 05:11:00,CYCLE_SENSOR_DESCALIBRADO,190.46351599273234,213.1102909014606,199.04472100879707,137.8668826531756,2.8887765565238466,8.125015482755824,32.81213731263112,23.685368761810462,44.35849260756886,-9.507291020828037,180.0,54.64849016035815,1055.5944839500844
2026-01-04 05:12:00,CYCLE_SENSOR_DESCALIBRADO,189.14661835890894,195.82986173097134,199.0687595859371,138.36607009533128,3.390460038324682,7.798843829407982,30.408881778966705,23.842683910924634,42.03346187774244,-9.506672850726565,180.0,54.15004851749618,1057.7302987599694
2026-01-04 05:13:00,CYCLE_SENSOR_DESCALIBRADO,190.9022687903184,192.67463226107034,201.32731332240195,140.8345604324047,2.775953103178582,8.82382197611256,31.925276854963204,23.70558040490468,43.65563753079884,-9.505552270631373,180.0,54.42985961979653,1061.6994839658373
2026-01-04 05:14:00,CYCLE_SENSOR_DESCALIBRADO,190.81763909875374,194.12070321843788,199.22723575549654,139.4336679569824,2.84241370909396,8.651723150052902,31.6092277185581,23.725221412323183,44.93221581675384,-9.506946418323682,180.0,55.8173249234637,1056.2261319728962
2026-01-04 05:15:00,CYCLE_SENSOR_DESCALIBRADO,191.21165772105266,196.2381802010687,201.54424630581175,137.89463886125506,2.9545653603563395,8.08403571948863,31.45776215643071,23.663425756267426,44.553544048432826,-9.505340014530079,180.0,55.244630187219904,1054.618231931867
2026-01-04 05:16:00,CYCLE_SENSOR_DESCALIBRADO,188.66051289021337,195.6146706348015,200.1780685440745,138.41478109192082,3.2541901441722696,7.690322126894372,30.12684738304834,23.73847220623432,45.10588055045851,-9.505047069041098,180.0,55.49757383351786,1058.2274720997607
2026-01-04 05:17:00,CYCLE_SENSOR_DESCALIBRADO,188.56761480022797,223.64781081446517,199.80197414175203,136.79499412520573,2.989476578783998,6.275978542880955,31.87333841701298,23.504566836221603,42.222117945622266,-9.506174097765117,180.0,55.58110880990777,1052.0003900886538
2026-01-04 05:18:00,CYCLE_SENSOR_DESCALIBRADO,191.963777467012,193.6969878843953,200.38487500420257,137.84027081440308,3.0113047046048695,7.283200091241696,31.430244338046666,23.55280373635131,44.78952080399386,-9.506577795598572,180.0,54.68638005853112,1048.6184723824779
2026-01-04 05:19:00,CYCLE_SENSOR_DESCALIBRADO,186.87997137644822,194.64960331819375,197.95422904765803,134.34051817504923,2.8825226348858726,7.073853620746195,30.984198163874936,23.50043747005706,44.090675774851924,-9.508455181366458,180.0,54.813328288080484,1055.0878541001239
2026-01-04 05:20:00,CYCLE_SENSOR_DESCALIBRADO,186.67324863255615,190.61488857103967,197.59533690575665,136.8788232565814,3.080427595992331,7.2768837150479,31.489589598768244,23.38187200362173,46.30573255860035,-9.510076939769993,180.0,54.91599730720589,1050.4488511940344
2026-01-04 05:21:00,CYCLE_SENSOR_DESCALIBRADO,187.18714771154202,193.08588433799952,195.667005036374,133.01776307303896,2.9787808517717838,8.939423808955965,31.267293969376848,23.64627322013168,46.29980866680528,-9.508355514747969,180.0,55.20818820609799,1062.5075973687183
2026-01-04 05:22:00,CYCLE_SENSOR_DESCALIBRADO,186.20114805495527,191.2559983014099,197.2694274079674,137.01955714090363,2.7647092848255843,7.352479293294138,30.37602114043113,23.616300767620793,43.98722060895874,-9.509054815691607,180.0,55.54413558412301,1052.3337353458774
2026-01-04 05:23:00,CYCLE_SENSOR_DESCALIBRADO,184.38893740282393,189.45035167427216,195.43956562486503,137.18777312057352,3.038187444764514,7.469528502580824,31.45248160344233,23.63334680201707,45.781753950908794,-9.508517923307299,180.0,55.93355287728407,1053.8330375304033
2026-01-04 05:24:00,CYCLE_SENSOR_DESCALIBRADO,184.55607343069025,212.40546495949658,195.13413080667266,135.80268713674428,3.0452426305875067,7.539737933841973,31.72535581982807,23.213245975648384,46.662135175080294,-9.508629114414573,180.0,55.404683886696255,1048.146375145272
2026-01-04 05:25:00,CYCLE_SENSOR_DESCALIBRADO,183.5825001251206,187.03674110125786,192.74583608377606,133.62541740159855,3.7049401946381773,9.299272364488168,31.025142222973262,23.409728817662998,46.09573779794344,-9.50861130468761,180.0,55.40693810204363,1055.3786357680524
2026-01-04 05:26:00,CYCLE_SENSOR_DESCALIBRADO,181.07924848664643,186.13587212780806,192.42470030436658,135.29714462850325,2.8166921762939063,7.968773886104428,31.488712662451473,23.53140998378666,48.441805039712065,-9.508243277548441,180.0,55.95776481814039,1049.8674782168825
2026-01-04 05:27:00,CYCLE_SENSOR_DESCALIBRADO,179.31306708399813,205.66389672005263,188.73850796648847,131.19430799022274,2.7481872772293383,8.497102133052131,31.373189481834345,23.586678119104615,46.710083697413076,-9.51032729818362,180.0,54.88991610603333,1049.126688905152
2026-01-04 05:28:00,CYCLE_SENSOR_DESCALIBRADO,178.0919607347283,184.01211127104665,189.30336295063105,129.536528754126,3.08371027817809,8.087697705761263,31.911892170077284,22.957331687714685,46.99361704830167,-9.50900875604663,180.0,55.5846351250856,1048.866864103367
2026-01-04 05:29:00,CYCLE_SENSOR_DESCALIBRADO,175.97109399864547,214.1000683914541,186.0905490360704,128.93312574723228,2.7021490748486605,7.007795491199996,31.198295746713015,23.231241117842817,46.802700536408146,-9.509107466039243,180.0,55.27665523714463,1043.7420505438681
2026-01-04 05:30:00,CYCLE_SENSOR_DESCALIBRADO,172.96211566937347,177.70905641866415,185.0030383236204,130.63552567928846,2.678084955637853,8.76631973382477,31.716723080995926,23.16654094048743,49.0539832281424,-9.509611746512423,180.0,55.29206269398584,1047.5389131804363
2026-01-04 05:31:00,CYCLE_SENSOR_DESCALIBRADO,173.7931823753943,176.7615604879814,184.30609966697767,125.7983739211834,2.5689303930372556,8.200548375670323,31.02325824727314,23.494927944295373,46.1563536456297,-9.50914374004176,180.0,54.87408792032771,1050.3537117126323
2026-01-04 05:32:00,CYCLE_SENSOR_DESCALIBRADO,172.80032749423123,199.10543179266608,184.674734129271,125.42096707563165,2.7676279304422695,7.939143510492383,32.3665128489939,22.70707968793919,49.25792498031664,-9.50986485883865,180.0,54.28069351908233,1041.6102501237021
2026-01-04 05:33:00,CYCLE_SENSOR_DESCALIBRADO,170.18003235038717,206.63445199507098,181.3488085328291,126.19121251662641,2.7750336762174364,8.880063732172463,30.898515090318828,22.911494714752422,50.729558856257505,-9.509656646868367,180.0,55.14637786349544,1051.49597683853
2026-01-04 05:34:00,CYCLE_SENSOR_DESCALIBRADO,166.18085653557625,200.35913133010945,179.99616571580603,123.58893987208513,2.615021347897799,7.826725531145114,30.723774354703977,23.379395940646607,48.432263289633326,-9.5098220459954,180.0,55.14434657830778,1045.9482536230378
2026-01-04 05:35:00,CYCLE_SENSOR_DESCALIBRADO,166.81394194561392,174.50442862170507,176.8455464545581,121.48913902859927,2.9249148790963098,7.927792417621608,31.04828857416152,22.970504247870792,48.25820447227822,-9.509111035885176,180.0,54.67762074806959,1047.6076646240233
2026-01-04 05:36:00,CYCLE_SENSOR_DESCALIBRADO,167.27008770185444,188.77999175997988,176.3716188047644,120.20613436759584,2.2902056556803982,7.827448639702373,30.645241627796814,22.775646976544603,52.167229665187726,-9.509324982185028,180.0,54.912206086594885,1037.294736980387
2026-01-04 05:37:00,CYCLE_SENSOR_DESCALIBRADO,163.23714268957298,171.53414446848254,174.84800018381532,117.72680314755425,3.1475297343935082,8.538145642656502,30.305990254202268,23.30967351759059,51.93063226532175,-9.510355002430762,180.0,54.51455200804298,1046.7277099607081
2026-01-04 05:38:00,CYCLE_SENSOR_DESCALIBRADO,164.68788844436355,166.52737321986697,175.54202697930344,119.0666530470243,2.8329618064447857,8.406911466011767,31.46454163516175,22.69207122764792,50.63234808618507,-9.509992660564876,180.0,54.51341278951166,1041.2471158100752
2026-01-04 05:39:00,CYCLE_SENSOR_DESCALIBRADO,162.3302457303321,167.88605463336518,172.68962405013033,121.75121837511254,2.877064896752326,8.13930943093095,29.162855050311016,23.153854949935752,53.39011161775566,-9.510263275089303,180.0,54.703950787077126,1043.6008307179438
2026-01-04 05:40:00,CYCLE_SENSOR_DESCALIBRADO,161.9870887624235,167.30386302328705,173.60386916605265,119.76687999097578,3.1760625031080907,7.47411622624376,30.54205928830994,22.608260155809937,52.25882391937056,-9.512084272335553,180.0,54.27422257919855,1038.3188273585754
2026-01-04 05:41:00,CYCLE_SENSOR_DESCALIBRADO,160.47373872242036,195.2410009870708,169.73484208729775,114.48167723329667,3.111523172815199,7.81488320276207,30.139329999747886,22.602523434769054,53.07677975469052,-9.511886616043036,180.0,54.64040720737032,1040.6382989745357
2026-01-04 05:42:00,CYCLE_SENSOR_DESCALIBRADO,159.3714532440312,165.36263763426427,172.41268504563254,120.50882366918073,2.8110281871888634,7.473957866382633,31.001176149801964,22.901635572532207,51.56815048098289,-9.512424059808954,180.0,55.282413933860404,1043.0838843861868
2026-01-04 05:43:00,CYCLE_SENSOR_DESCALIBRADO,162.04888175091736,165.46926069922543,169.29410497317107,119.27134094840267,3.1355372266974473,8.58018391085857,29.57357151055473,22.66238705126138,53.83070572853564,-9.512078303172501,180.0,55.64670210341437,1042.2186039923504
2026-01-04 05:44:00,CYCLE_SENSOR_DESCALIBRADO,161.06117840856172,163.59990808471355,171.1068325583809,120.111785601918,3.4646683824816247,7.212636320813698,31.186601225498165,22.856826037870384,52.57169363055592,-9.51293335582912,180.0,55.94915515933946,1046.4064821799188
2026-01-04 05:45:00,CYCLE_SENSOR_DESCALIBRADO,160.77366523540246,196.2562054794015,168.96280344503694,116.4117947158547,2.6963449256620327,8.797185594082226,31.222081080842706,23.132951467594367,51.89080449566454,-9.51413973939114,180.0,54.703859713764714,1034.9541223738931
2026-01-04 05:46:00,CYCLE_SENSOR_DESCALIBRADO,161.17243814811818,165.38192008962002,170.8241882782727,117.72595335765385,3.226132413406929,8.643826438699598,29.81908253491242,22.711601175789863,52.85713745835617,-9.512959615093152,180.0,55.49616746508967,1041.7743232487985
2026-01-04 05:47:00,CYCLE_SENSOR_DESCALIBRADO,160.9310438357559,165.76246608517116,169.17268139637216,117.39107313893021,2.6660682786916667,7.540735554682487,30.882934317181377,23.038105620253734,51.8804285979979,-9.512116467110374,180.0,55.05608665245419,1041.1322599384898
2026-01-04 05:48:00,CYCLE_SENSOR_DESCALIBRADO,161.867109762509,165.3993325017078,171.97792938528062,120.96949738827271,3.352627818704043,7.79175786818007,31.047823994006873,22.747238189657466,50.84088736699833,-9.512123046696866,180.0,54.76090676992492,1039.2415981008487
2026-01-04 05:49:00,CYCLE_SENSOR_DESCALIBRADO,160.50013724018447,165.90324258566238,172.31111269448553,118.01378103936176,2.7864218828657417,7.643784797782874,31.27168410338036,22.84327825060955,52.352649108899314,-9.511685279609196,180.0,55.07196846685038,1036.9597346328353
2026-01-04 05:50:00,CYCLE_SENSOR_DESCALIBRADO,163.66284320796822,195.7024132782478,171.28879403411477,117.6266433330873,2.774963339863678,8.21511689884921,29.795164823465555,22.151078152454776,51.43934239575616,-9.510874864942663,180.0,55.412912456039074,1044.5565447102508
2026-01-04 05:51:00,CYCLE_SENSOR_DESCALIBRADO,164.41086235582057,169.77271370432467,173.5584464951632,121.1622902282486,3.3447630423581907,8.706224113343662,29.679490675792664,22.718508431829083,50.425594856690196,-9.510885054642873,180.0,54.60338183000946,1047.8695661832844
2026-01-04 05:52:00,CYCLE_SENSOR_DESCALIBRADO,164.30940597886053,194.41571699172403,174.98974679582597,122.70465373530786,3.2164724837267293,8.592809658169578,31.51527194896248,22.65722961946663,53.08365600192381,-9.512093560931275,180.0,54.58225563152399,1032.348991475557
2026-01-04 05:53:00,CYCLE_SENSOR_DESCALIBRADO,164.6174474471551,168.2301566948645,173.85505804026874,120.23371299789623,2.7962722297760134,7.783534763292255,30.088696927704028,22.458003924407986,53.942829025310644,-9.511794091613158,180.0,54.62811049464489,1035.0307213085719
2026-01-04 05:54:00,CYCLE_SENSOR_DESCALIBRADO,164.71498615323324,171.50266759047963,174.94241780250275,121.93123757606442,3.0382106216319826,8.627403533872231,30.23325345398963,22.87838113252907,49.77077237189016,-9.51079186993195,180.0,54.509400068509514,1034.2279972342626
2026-01-04 05:55:00,CYCLE_SENSOR_DESCALIBRADO,167.77438932904496,172.10135989637476,176.2144343228373,122.25276742302832,2.7870144298540307,8.585911017230636,30.897138278451077,22.36981160960035,50.70885965462473,-9.510198688549808,180.0,55.41171743966326,1036.633136657534
2026-01-04 05:56:00,CYCLE_SENSOR_DESCALIBRADO,170.9208485694647,174.04787727987002,177.4433471134123,122.85510128863969,2.522178672457778,7.905583045623054,29.783070507151553,22.115782803067123,49.594004643995376,-9.510139384712922,180.0,54.419543825845096,1042.2922495095954
2026-01-04 05:57:00,CYCLE_SENSOR_DESCALIBRADO,168.97174047635457,175.33619790685654,179.07343366915944,122.59223229176212,3.056785535438246,7.995270761038541,30.292118566760234,22.562984321736558,51.9272542304653,-9.509574093668036,180.0,54.49655692415909,1038.8851051082775
2026-01-04 05:58:00,CYCLE_SENSOR_DESCALIBRADO,173.1030148159643,177.627735879158,182.99107048871755,124.8797511390189,2.8930733496579566,8.770857042323385,30.953443035101333,22.090828710314895,49.52986522255244,-9.509797338598156,180.0,54.93456662479532,1035.6605365999912
2026-01-04 05:59:00,CYCLE_SENSOR_DESCALIBRADO,172.8663464022973,178.08867693472124,184.10149283650196,126.26362392776491,2.716249933123549,8.529180940123178,29.53223816945695,22.359793088174364,49.81405599157477,-9.508753163382833,180.0,54.88243376318419,1035.8389427444315
2026-01-04 06:00:00,CYCLE_SENSOR_DESCALIBRADO,174.53668265822165,193.89767582986752,182.96479737537004,125.34705217638398,3.391414523883709,8.612391992254619,30.051138411532587,22.58130593649418,49.91521383456962,-9.507405982802345,180.0,54.550357560626395,1033.9910645216125
2026-01-04 06:01:00,CYCLE_SENSOR_DESCALIBRADO,175.15737615949925,180.62010219570433,185.95572656652718,128.97447983510398,2.7263939463495928,9.292692056025052,29.641090517377258,22.381836625103706,48.31816201551846,-9.50870216535506,180.0,55.584811642665606,1037.7114576604138
2026-01-04 06:02:00,CYCLE_SENSOR_DESCALIBRADO,177.215683850386,182.92613337639298,186.72927145579843,131.1097705293722,3.0431935874641614,8.273633508156186,29.818493019402684,22.201426650720002,47.40317067632022,-9.507586230933526,180.0,54.41510888779259,1037.6841545753618
2026-01-04 06:03:00,CYCLE_SENSOR_DESCALIBRADO,180.4113934182976,183.12929035297853,190.66909115143483,132.23572317309015,3.3239734711436966,8.162832360455395,30.959722659486925,22.149402742379877,49.011253859268635,-9.505348946548725,180.0,54.632017841505316,1036.0901943323834
2026-01-04 06:04:00,CYCLE_SENSOR_DESCALIBRADO,182.02640272864514,186.05682495803586,190.56147476271374,130.73171651925932,2.9231833954389215,8.678968730662831,31.056604377353015,22.441385539552627,47.52899967330149,-9.504823358213287,180.0,53.74102857556488,1024.4173278000858
2026-01-04 06:05:00,CYCLE_SENSOR_DESCALIBRADO,182.78302969729197,187.57290558685742,190.64668709261537,133.5561979770712,2.7797473647657798,8.993910455733502,30.33325661771539,21.91299330344508,45.49858031786863,-9.503839600919475,180.0,54.538457827692966,1032.7309051299264
2026-01-04 06:06:00,CYCLE_SENSOR_DESCALIBRADO,183.21580334667522,188.38741446454165,194.02097686571173,134.6392300222923,3.0893244913409386,7.694303034742069,30.46263299069247,22.280621809999026,45.37569533289162,-9.504486697450906,180.0,54.0157418746068,1031.4034648973093
2026-01-04 06:07:00,CYCLE_SENSOR_DESCALIBRADO,183.71269045270424,190.28802565593307,195.76474962514055,135.96975489280064,3.1367099170747124,7.899070739406686,30.410736122727165,22.532947211194376,45.215726489081085,-9.504990404288103,180.0,54.20506258898656,1035.5825621800984
2026-01-04 06:08:00,CYCLE_SENSOR_DESCALIBRADO,186.22128254233314,189.21003808512611,195.00273426227474,134.40564465897756,3.262968209007393,7.490714689726456,29.66870645183901,22.17151258959249,46.94940435305796,-9.50519991390316,180.0,53.67095261563134,1032.0380467475459
2026-01-04 06:09:00,CYCLE_SENSOR_DESCALIBRADO,186.69730975056424,206.14217338793057,196.81735581560648,137.95420701964593,3.561362835448053,8.171374987205583,30.179055965511594,21.983811423871348,46.79366041588433,-9.505602363219406,180.0,54.18803081508836,1032.769439116752
2026-01-04 06:10:00,CYCLE_SENSOR_DESCALIBRADO,188.24379876369147,191.61914239320222,196.90750647519826,138.2280969231812,2.8628126955127677,8.444629301912036,29.222814965915646,21.967986919290965,47.26339554002559,-9.50691418712519,180.0,54.58186705251864,1028.0188118153183
2026-01-04 06:11:00,CYCLE_SENSOR_DESCALIBRADO,188.3176966248546,194.7590099501759,200.19603873518153,138.07937508109038,3.0587562016553482,7.525561357682715,29.38847332051179,21.872508824568715,43.63202852731059,-9.507086848506049,180.0,54.482136514898976,1033.211818732661
2026-01-04 06:12:00,CYCLE_SENSOR_DESCALIBRADO,188.91105000040474,210.98527354677017,198.74821798018098,138.72585515906465,2.619227905106011,8.566897760110836,29.874933768560396,21.80696574820905,43.90940420806844,-9.506250465455624,180.0,54.381387109156556,1033.8404793654581
2026-01-04 06:13:00,CYCLE_SENSOR_DESCALIBRADO,189.86296683434202,217.3381633463198,198.8060081742922,139.4749832491195,3.199913099864199,7.7733365437145805,29.253620463287803,21.92932968281704,44.04929582279474,-9.507548989239464,180.0,54.41058392425192,1021.8450803821424
2026-01-04 06:14:00,CYCLE_SENSOR_DESCALIBRADO,190.34045938809658,194.63553774616318,199.85623783790513,137.77394137992954,3.0551149928087296,7.7326046230844705,29.089547890577926,22.010286111349245,43.96446624593138,-9.507369857351087,180.0,54.30452117687192,1022.6130060268393
2026-01-04 06:15:00,CYCLE_SENSOR_DESCALIBRADO,191.46870554811727,194.16788490886142,199.75094080403971,138.46146530298722,2.9463931803624006,8.564969126611883,29.388823302484017,22.16517839962979,45.10062574475685,-9.507221406743486,180.0,54.52341410424576,1030.2892447728498
2026-01-04 06:16:00,CYCLE_SENSOR_DESCALIBRADO,189.51344242963447,195.18329871949365,200.7440205031633,138.9559146769886,2.814581846223917,7.687429720881563,30.46634095185485,21.420374991262523,43.81945871051858,-9.507522722505588,180.0,54.46902206568451,1025.9885415721826
2026-01-04 06:17:00,CYCLE_SENSOR_DESCALIBRADO,190.32680743146983,209.65630815028067,201.13147068212177,137.52459975251875,2.8954718743956342,7.298250761388445,30.67520788982554,21.29256269067282,45.36931969250295,-9.507026197064276,180.0,54.64476584665456,1030.2287207088636
2026-01-04 06:18:00,CYCLE_SENSOR_DESCALIBRADO,191.4301942152658,194.60518359652394,200.7341956456543,139.78083050473134,3.0708999029438124,8.371828554954526,29.683581150087733,22.075111599290665,43.30399335267721,-9.506623537813079,180.0,54.389656753570776,1026.514040670655
2026-01-04 06:19:00,CYCLE_SENSOR_DESCALIBRADO,189.38967345371213,194.50121380470495,198.2448930319281,138.9769264090164,2.7101488836631016,7.9341488515534255,30.014442523768494,21.729286389932984,44.494398365534856,-9.50699597066006,180.0,54.25589335241206,1027.748318391048
2026-01-04 06:20:00,CYCLE_SENSOR_DESCALIBRADO,189.38748224904452,191.52179113129765,198.35651741654374,137.28837789212898,2.9078641265474108,8.599029416588511,29.288850099016358,21.708568668660213,43.872732362947716,-9.505935080040665,180.0,54.844143779410544,1021.4152490656057
2026-01-04 06:21:00,CYCLE_SENSOR_DESCALIBRADO,186.39050210850178,192.4610720942542,198.9214548079728,137.87515054218872,3.00500341303958,8.416495335381734,28.349203486607397,21.7557834310161,42.17421256942756,-9.505374469613788,180.0,54.738503975013266,1025.1880488061943
2026-01-04 06:22:00,CYCLE_SENSOR_DESCALIBRADO,185.28274561374292,188.99430515429808,197.97957095221093,138.77904705965472,2.5381139621362987,7.125850819609183,29.013948857427376,21.587064090834694,43.65867676775802,-9.503800994496181,180.0,54.402615304572336,1024.621462773292
2026-01-04 06:23:00,CYCLE_SENSOR_DESCALIBRADO,184.84571014132095,220.54608820071343,193.98587170975065,133.81135814935658,2.684610796448021,8.657767211694459,29.32635672766935,21.988438404808697,44.53725669258004,-9.503867423085737,180.0,54.99786820383895,1019.914871210471
2026-01-04 06:24:00,CYCLE_SENSOR_DESCALIBRADO,183.75325092213063,188.4283622738102,194.5274730443591,135.09349530915762,2.8019986391941747,8.949874976423477,29.55707977993839,21.660808096086466,46.517879025471565,-9.504189187607398,180.0,54.42285789634137,1026.0942470681814
2026-01-04 06:25:00,CYCLE_SENSOR_DESCALIBRADO,183.78498942053915,187.22503553938188,193.00784668732618,132.86734578860575,3.470469519821194,8.516801754632116,29.372886135230292,21.442026670055533,44.29603291668611,-9.504397653660197,180.0,54.28189371332866,1013.9207904134507
2026-01-04 06:26:00,CYCLE_SENSOR_DESCALIBRADO,180.22542890711938,185.72657709846754,192.21271469947064,131.85514797217263,2.750782457182469,8.536930211773518,29.225300820576784,21.429088527706366,44.809587129931145,-9.503219336782765,180.0,54.3088618274635,1021.74515098569
2026-01-04 06:27:00,CYCLE_SENSOR_DESCALIBRADO,179.5289014233871,184.04134237094456,191.12759599702957,132.5623529040835,2.9832625139867743,7.876163959546123,29.010171861777874,21.44127601829749,45.73194334242545,-9.503368033815983,180.0,54.40612585091374,1015.1479658567047
2026-01-04 06:28:00,CYCLE_SENSOR_DESCALIBRADO,179.40846565868233,182.79973674819263,186.86950415111343,130.0515514828847,2.687830875941854,7.7616523231827,29.521784113781692,21.283901935277047,44.80404495044218,-9.5034556776041,180.0,53.84511010362645,1015.6427922372948
2026-01-04 06:29:00,CYCLE_SENSOR_DESCALIBRADO,176.8265792490932,198.97862836134559,185.7391129829733,129.51310378729085,2.767079042355733,8.106222347513095,28.457502170168098,21.746649981534965,45.0111579477859,-9.501494704481003,180.0,53.34677363187417,1023.0815061110692
2026-01-04 06:30:00,CYCLE_SENSOR_DESCALIBRADO,174.9870196356346,180.3195086488654,186.0891305075692,128.7113128489449,2.5676974885356914,8.459952679010263,29.717305604298684,21.40306696331878,45.78987145902308,-9.50283918308656,180.0,54.40393639086187,1014.1413203162938
2026-01-04 06:31:00,CYCLE_SENSOR_DESCALIBRADO,173.7182701967455,178.57031226462473,183.60970995680515,127.74079523170339,3.2010907064021032,8.447366804059824,28.844352635764505,21.11379611422953,45.55146853793671,-9.502482362959583,180.0,54.659568980655834,1013.3738915168567
2026-01-04 06:32:00,CYCLE_SENSOR_DESCALIBRADO,170.52826163592061,192.00561683051097,179.20863518866668,126.64226705726183,2.6023361227694872,7.781108676197415,30.396386139394256,21.398660574052837,44.61932541707865,-9.502543818707094,180.0,53.721160408055674,1019.663196643511
2026-01-04 06:33:00,CYCLE_SENSOR_DESCALIBRADO,168.9922413472855,176.66114906228157,178.36520615380087,125.03956519464168,3.2721033039434,7.730420450752195,28.92677510030109,21.575260440740905,45.50566750579002,-9.50279442766433,180.0,54.73700415300646,1012.2963300262666
2026-01-04 06:34:00,CYCLE_SENSOR_DESCALIBRADO,166.9930938519027,206.99635443835874,179.6940381234218,124.38825759378412,3.140369158816493,7.254923276808147,28.787573848437034,21.469559320801878,46.844970883373236,-9.503747790293538,180.0,53.355808889510946,1020.2080273444781
2026-01-04 06:35:00,CYCLE_SENSOR_DESCALIBRADO,167.74801814484354,186.53884956292694,178.506933107086,124.09837642812884,2.977379445880022,8.323459962677745,28.69766446694474,21.07549541696101,47.84572955912998,-9.50441170969352,180.0,53.87795392514342,1018.1075634342658
2026-01-04 06:36:00,CYCLE_SENSOR_DESCALIBRADO,167.28584691542454,203.98802550968762,174.5638359704766,120.65463380081951,3.282007768617952,7.805109362978996,28.712637983126143,20.975826716254254,48.28558831550282,-9.504819800390647,180.0,54.98841078248156,1011.810817780422
2026-01-04 06:37:00,CYCLE_SENSOR_DESCALIBRADO,165.8817446861418,182.06324912627633,176.28204197917054,121.59860115475817,3.930960382834229,7.849477601443255,29.318470665369162,21.453415595728142,48.51775517523939,-9.5043240598781,180.0,54.2911708330399,1018.233510183487
2026-01-04 06:38:00,CYCLE_SENSOR_DESCALIBRADO,165.22518120891687,169.9635452813131,173.6162508205291,121.01140652863575,3.143257692337918,8.863937589888753,28.888037759608338,20.813530620502057,46.07309735321888,-9.503471618765506,180.0,53.9395098159332,1005.9467756025523
2026-01-04 06:39:00,CYCLE_SENSOR_DESCALIBRADO,164.60981174724043,167.84963204292558,171.63777612863015,119.22372396990646,2.6639818134007625,8.299194453392195,29.46482196516307,21.18315381506742,46.56642075326013,-9.50525042824942,180.0,54.194185165153044,1014.9785600096549
2026-01-04 06:40:00,CYCLE_SENSOR_DESCALIBRADO,162.1831958046192,184.43540352477166,171.33726387517518,119.75250251638651,3.446705297913776,8.16144934308457,29.110299643431308,20.96598355892971,46.630697256799344,-9.506451993205292,180.0,54.64325657150012,1007.4897753520828
2026-01-04 06:41:00,CYCLE_SENSOR_DESCALIBRADO,161.21928887403277,166.89077952343078,169.82952626410247,119.48974228153033,3.0558334369576903,8.415098645237842,28.809524837206876,21.313280870369493,47.05656763559174,-9.505904104344115,180.0,53.29929821516933,1009.7662427712855
2026-01-04 06:42:00,CYCLE_SENSOR_DESCALIBRADO,162.50530988938365,165.3771055053364,169.99505907551543,117.7204300334504,3.6333370203422155,8.71030700372124,28.973297859702093,20.810618987347443,46.77354363462639,-9.505271845150718,180.0,54.6573531675748,1009.4080391419393
2026-01-04 06:43:00,CYCLE_SENSOR_DESCALIBRADO,159.48656775298042,167.34076328187052,168.08510842392658,113.35596998743118,2.848184933416982,7.191259619917467,29.426147094176564,20.83344012276161,46.58786445250532,-9.506735504946608,180.0,53.729703501389956,1015.7506736912475
2026-01-04 06:44:00,CYCLE_SENSOR_DESCALIBRADO,158.66793242501603,179.64600137976203,169.99357203067817,120.34793786931132,3.3845832068071666,7.717185781525778,29.061092564695006,21.08746674689069,46.10155481190784,-9.50586121623954,180.0,54.30496752502659,1008.0010077688946
2026-01-04 06:45:00,CYCLE_SENSOR_DESCALIBRADO,159.59334465691708,166.1179289939698,170.7045424255136,116.84775838296318,2.9999529688058195,7.883932600711655,28.794072056225254,21.09465494394268,47.481241118669445,-9.505875187633206,180.0,53.61947287479544,1009.0715903114719
2026-01-04 06:46:00,CYCLE_SENSOR_DESCALIBRADO,159.53527959827483,164.81750485431894,168.46526160852545,116.87892837907825,3.7970185048392473,7.51082903384823,28.8379776472548,21.179129943473594,45.87233186762438,-9.505128115729924,180.0,54.744013697469306,1007.0122878200934
2026-01-04 06:47:00,CYCLE_SENSOR_DESCALIBRADO,160.38577808397815,194.561659721635,170.34821031374045,118.84062081524443,2.915519773351429,7.8673892135030075,27.851251388346128,20.973627387128843,45.55478494355669,-9.5059798528357,180.0,53.86189721427813,1004.2123737588349
2026-01-04 06:48:00,CYCLE_SENSOR_DESCALIBRADO,159.71412862620096,166.7081020870495,169.768569821761,119.44329300416332,3.9005005913370945,7.22443254931318,30.044350646010194,20.920947269968813,46.53417577520357,-9.507369876557274,180.0,53.18815783959253,1003.3987890325005
2026-01-04 06:49:00,CYCLE_SENSOR_DESCALIBRADO,161.74049790907696,191.01115536990054,172.09937913779805,121.62478452500567,3.131947815854631,8.461089630149521,28.776624034350153,21.033063397445446,46.44853158240416,-9.507678530213996,180.0,54.06245427994299,1008.1311423396957
2026-01-04 06:50:00,CYCLE_SENSOR_DESCALIBRADO,161.32668449476483,165.51121670443428,169.23233043367475,116.73097470608467,3.254089427434549,7.7412477046327846,28.794862668603617,20.521493959134556,45.6874122436952,-9.507942805816846,180.0,54.452644818897035,1006.1661519811631
2026-01-04 06:51:00,CYCLE_SENSOR_DESCALIBRADO,164.33858967600284,168.01790420015516,173.71901170203458,121.98077953793384,3.5100997331808195,8.100478198943087,28.359217820447284,20.59225136645708,46.01980486777015,-9.508262983738588,180.0,54.3705406491121,1008.696565121269
2026-01-04 06:52:00,CYCLE_SENSOR_DESCALIBRADO,162.41934901371135,188.50394400431838,171.67151970089537,119.07920805761147,2.7636737129583704,8.025654309828596,26.956170511118593,20.483582686033717,45.44110866474452,-9.508653181042966,180.0,53.7973055332432,1004.05241682916
2026-01-04 06:53:00,CYCLE_SENSOR_DESCALIBRADO,164.79567352535463,169.80668015462112,174.71111248914906,124.92526840315374,3.2907290538080263,8.278709700562015,28.133746637352093,20.176763523937158,46.26499012434779,-9.506960291828106,180.0,54.13050794473643,1003.555656321268
2026-01-04 06:54:00,CYCLE_SENSOR_DESCALIBRADO,165.78132406571982,171.63793429443282,175.3325194758336,122.95075140795652,2.9121739977387593,6.769555212414061,28.296730359754044,20.85549497260701,44.50148931555252,-9.50866009835158,180.0,53.48737143537317,1006.8304429320699
2026-01-04 06:55:00,CYCLE_SENSOR_DESCALIBRADO,167.7770679072045,172.3944069025851,177.06715648782932,122.28728512176833,3.0453356637962794,8.225131860528984,27.715641131840066,20.946370035632008,45.116273412958776,-9.509504972402228,180.0,53.967131374453935,1001.6517270105562
2026-01-04 06:56:00,CYCLE_SENSOR_DESCALIBRADO,170.01099573325507,171.20284922111625,177.0636814457301,121.69706492934749,3.0249183772231762,7.862454139910343,27.668570690036315,20.745213126039705,43.53293322276726,-9.509923556100933,180.0,53.8262495951712,996.7541776300678
2026-01-04 06:57:00,CYCLE_SENSOR_DESCALIBRADO,170.68419817204247,195.68049851726144,182.35691025299226,121.95904577818119,3.1717232209295427,8.203431963607347,27.922091858776945,20.68382578687946,44.11466356632521,-9.509899571035522,180.0,52.17021588600773,1005.2748335002484
2026-01-04 06:58:00,CYCLE_SENSOR_DESCALIBRADO,171.72701519971224,208.73306668940097,180.33744894460128,125.95666309430776,3.1590552981755997,7.410273396130828,28.54668698566226,20.59882011486498,43.04102511479263,-9.509188557136254,180.0,53.090328734875314,998.5479811082114
2026-01-04 06:59:00,CYCLE_SENSOR_DESCALIBRADO,174.2615790963035,178.13881675047836,181.98288872381428,127.74249879952953,2.82744152399536,8.206837035169903,28.795339701489475,20.567097010638495,41.263018156647696,-9.508323195251977,180.0,53.66711489517527,1000.8958532870819
2026-01-04 07:00:00,CYCLE_SENSOR_DESCALIBRADO,176.01162972329936,180.2276291942909,187.1537847021026,130.45451671125127,3.0374562512984706,8.649255929862106,28.102577772963816,20.86958155562427,40.09072012870399,-9.507246671640532,180.0,53.61803127181091,997.4939449760084
2026-01-04 07:01:00,CYCLE_SENSOR_DESCALIBRADO,176.89096670505998,181.56353878542535,186.95516891230557,125.82886623647323,2.299699254192057,8.094883129899584,27.617685627994454,20.81507453553212,39.79848385454645,-9.506765217356719,180.0,53.49311838334128,995.4816860796296
2026-01-04 07:02:00,CYCLE_SENSOR_DESCALIBRADO,178.58378555503415,182.128317403672,186.61356753411366,127.53801349248343,3.2970520994353345,7.641379586684025,27.698799596379104,20.3631681404929,40.414838634229625,-9.508495238185192,180.0,53.52425129228272,991.1485679016325
2026-01-04 07:03:00,CYCLE_SENSOR_DESCALIBRADO,180.41121757117884,184.07476074943642,189.4807097045395,131.9973081900187,3.5081825111043354,7.6632343035333434,27.934077365043517,20.677111435804218,38.265105445828425,-9.510159606054836,180.0,54.05509002788221,999.4720170758384
2026-01-04 07:04:00,CYCLE_SENSOR_DESCALIBRADO,179.1283375751179,217.40269849636476,190.81817428299405,134.4975320951356,3.057188414604615,8.28812065044762,27.96331545968873,20.676657090679708,38.29011895854917,-9.509012316082668,180.0,53.59979663896762,983.9118027235816
2026-01-04 07:05:00,CYCLE_SENSOR_DESCALIBRADO,182.07903374625218,213.17630016978737,190.47481899491035,131.98967480505448,2.5181933359581734,8.28482215609654,28.051631686732684,20.536518691577403,39.45070897413655,-9.507929689564987,180.0,52.227690636495296,1002.0532217300724
2026-01-04 07:06:00,CYCLE_SENSOR_DESCALIBRADO,184.26825950183752,220.69523789493533,192.90686367156525,135.37629132952404,3.2228842908681408,8.178270991363377,27.485221991532864,20.459876238632965,38.07577805931214,-9.507293668492041,180.0,54.33891738878599,1000.3606332024048
2026-01-04 07:07:00,CYCLE_SENSOR_DESCALIBRADO,184.68703011485366,189.46366848084978,195.00530224113254,133.40436051469322,2.7708691450199336,7.981237485002872,28.024621890992353,20.429190201315254,35.23006300452782,-9.508113938346462,180.0,52.382640782530785,991.9676993642602
2026-01-04 07:08:00,CYCLE_SENSOR_DESCALIBRADO,185.80139611459504,193.15193937215196,197.66687386916593,136.89768209420902,3.0546949034183837,8.101479987675546,27.935430967525743,20.038567459100555,35.367293885325104,-9.508436459799903,180.0,53.785630639472615,1001.3323410403322
2026-01-04 07:09:00,CYCLE_SENSOR_DESCALIBRADO,187.58513676698416,191.1027570561436,196.908659103753,136.02554282567704,3.2056527382189137,7.967545458398144,27.386511092802472,19.99753131056931,39.03737468818115,-9.508835324251384,180.0,52.49484143531329,1002.596697972626
2026-01-04 07:10:00,CYCLE_SENSOR_DESCALIBRADO,188.46755502558506,193.576701289261,197.85400680762973,138.87122120878047,3.1639351138555964,7.8095594803667865,26.55019153358359,20.44529051274035,37.40643291553026,-9.509860055578386,180.0,53.95896023008583,992.635026319116
2026-01-04 07:11:00,CYCLE_SENSOR_DESCALIBRADO,189.26365309012405,193.9166290080772,197.72498185948675,136.32853348983176,3.324256574958013,8.37873845507679,27.00928938910937,20.045790878782327,35.38324392745093,-9.509601006944454,180.0,53.07827980062732,994.7476527325043
2026-01-04 07:12:00,CYCLE_SENSOR_DESCALIBRADO,188.31517959036293,223.8092024641849,200.5809166818772,141.0823001393843,3.0439141919188617,8.155058420570553,28.439224261419223,19.96551800223114,34.24192812697505,-9.507445537296492,180.0,53.379258726801496,993.0250845242614
2026-01-04 07:13:00,CYCLE_SENSOR_DESCALIBRADO,187.97084997834205,224.57212127292553,200.7550001128082,138.14930883336586,3.05200848298711,8.645270830961135,26.44099475443369,19.80606670623892,34.181812448835856,-9.5079411644516,180.0,52.1636840130109,997.9115295793282
2026-01-04 07:14:00,CYCLE_SENSOR_DESCALIBRADO,190.8830925693471,194.17069044023702,200.86503015810192,137.5034359781299,3.221037112333098,8.558432690092015,28.206181230934288,20.10408602543382,35.82579913801248,-9.506644390151838,180.0,53.490994864325096,985.6644889080449
2026-01-04 07:15:00,CYCLE_SENSOR_DESCALIBRADO,189.1091013910138,196.0846854665566,200.1342066380835,136.88571788299112,2.978582229132409,8.138740266172022,26.337113599819325,20.252445666788976,36.75561387170702,-9.507529729867809,180.0,53.30362085258751,989.7044538067847
2026-01-04 07:16:00,CYCLE_SENSOR_DESCALIBRADO,188.94399800299738,193.9066903818174,197.9995401562397,136.30770608785966,2.7936292743165594,8.297690316598157,26.8690348768819,20.247201369267344,36.86791111324279,-9.509066392973095,180.0,53.37319690166021,993.6714666292766
2026-01-04 07:17:00,CYCLE_SENSOR_DESCALIBRADO,188.59011218051265,195.05324511538495,200.9762178896187,139.3812876582513,3.135605527446866,7.52140636763206,27.066829646974536,20.305266157951365,32.974484292489926,-9.508078897230632,180.0,53.50822006681241,992.6290510816066
2026-01-04 07:18:00,CYCLE_SENSOR_DESCALIBRADO,190.64708391402996,195.17287774472015,199.33464344195264,137.31614651761677,2.661341106686435,7.9612052610193755,28.319856591428966,20.036071813521083,34.02823284225263,-9.5082977113402,180.0,53.091355561378734,988.5858884119706
2026-01-04 07:19:00,CYCLE_SENSOR_DESCALIBRADO,188.9576140391428,195.3642255767043,198.33287203885544,136.19600566376548,2.975732955843542,8.171331415042152,27.225049213103603,20.115349545055075,33.227909824444595,-9.50702646258409,180.0,52.86525127949603,993.7098038691302
2026-01-04 07:20:00,CYCLE_SENSOR_DESCALIBRADO,188.401409134828,194.15650441944413,198.52853193103772,138.78561600959657,2.586666962280802,7.208631972362976,27.039950140271948,20.24288050410519,34.22000658401629,-9.505555569130893,180.0,52.533472838162574,988.4592118641777
2026-01-04 07:21:00,CYCLE_SENSOR_DESCALIBRADO,187.96271633549722,192.82217025130151,197.40428256021787,131.9499349427867,2.833556210158691,8.214711030159568,26.566219414477626,20.14663985204769,32.76956224512913,-9.505833977095229,180.0,52.685508816360695,987.3662062497375
2026-01-04 07:22:00,CYCLE_SENSOR_DESCALIBRADO,186.09632774566228,190.38189402638093,194.86413478988666,134.44490084163354,2.8459977369785587,7.520386512708532,27.399773087610928,19.9173050984568,33.75945193324467,-9.504490960858407,180.0,53.47827356997739,989.0871198887834
2026-01-04 07:23:00,CYCLE_SENSOR_DESCALIBRADO,186.25218525058176,189.09402891261522,194.65200166159966,132.99507147986435,2.70473517714726,7.575208054735751,26.738235102943094,20.074952998711755,33.443498741750474,-9.50536701574598,180.0,52.42391444172206,985.4444112575817
2026-01-04 07:24:00,CYCLE_SENSOR_DESCALIBRADO,182.38061499721164,187.4504841222315,191.53186743348832,131.3967876804846,3.3301595662335575,7.7352572214173545,26.86783811587444,19.599236256157354,34.89884395232133,-9.506258814877791,180.0,51.88886900307399,985.2796530361724
2026-01-04 07:25:00,CYCLE_SENSOR_DESCALIBRADO,181.19727159309522,186.01888131668792,192.6032319615188,133.47699320318324,3.305397479939691,7.984746666879671,26.74971111659879,19.97748212503682,33.88642332075383,-9.505186540448541,180.0,52.28408470173197,981.3216893106531
2026-01-04 07:26:00,CYCLE_SENSOR_DESCALIBRADO,179.73212628733776,186.0993648003638,192.69720296689837,132.6354316073422,3.394203822833781,7.33598572148427,27.356238022290466,19.835471471060043,33.79481048238807,-9.506734347764997,180.0,53.04813542983617,995.5984227359282
2026-01-04 07:27:00,CYCLE_SENSOR_DESCALIBRADO,180.1412571127087,183.76235487278447,187.48051675066213,129.69212383306484,2.943646733147302,8.428321737306915,27.341108107331433,20.244883848525742,34.85381826347984,-9.506735906635225,180.0,52.560781561513544,981.3668821329879
2026-01-04 07:28:00,CYCLE_SENSOR_DESCALIBRADO,178.7263765977048,184.55774612365389,188.27302904604014,132.1433857834242,2.8699176034436267,8.088709119681091,26.309639720523514,19.728065428989,35.624784982153486,-9.505486253191316,180.0,52.98138080304931,985.5750699852051
2026-01-04 07:29:00,CYCLE_SENSOR_DESCALIBRADO,176.00082850495858,180.87317303914227,187.3701011895682,129.43325269038667,3.241075441576441,8.962489515280256,26.427482036131323,19.929515616977014,36.50087429636913,-9.504169462676703,180.0,51.64566446465526,989.692447862338
2026-01-04 07:30:00,CYCLE_SENSOR_DESCALIBRADO,174.72107398145354,180.1131070048461,185.97962838046945,131.20604201688658,3.0385238685329696,8.150040227759959,26.328404847293747,19.803413635917387,34.74166861842729,-9.504602130476053,180.0,51.12122186737806,976.087700882121
2026-01-04 07:31:00,CYCLE_SENSOR_DESCALIBRADO,174.95375777193945,178.11450052885695,182.5366453380001,127.70650626869212,3.037055238709749,8.285402588951497,26.834173985460172,19.76086877961572,34.30830434660436,-9.503592899891524,180.0,52.71098377627848,983.3071396910868
2026-01-04 07:32:00,CYCLE_SENSOR_DESCALIBRADO,171.04800120258997,175.1966957128727,180.55864776213568,123.51439186726466,2.2368596098155002,7.573067866123684,27.2285503245206,19.931649734620166,35.98169090442407,-9.504715830984983,180.0,53.04755352211936,980.3606520015634
2026-01-04 07:33:00,CYCLE_SENSOR_DESCALIBRADO,170.71926443387966,176.6720740822721,179.6602827262287,127.32218311993503,3.2269543809454437,7.409094854443358,26.7630475146729,19.756550791756936,35.34229657920255,-9.505383200684003,180.0,51.65583005441836,986.8546512208088
2026-01-04 07:34:00,CYCLE_SENSOR_DESCALIBRADO,168.07609130863918,174.73352885543702,180.32799558981438,124.80896928743032,3.1871924947387695,8.309578061208583,25.29132319401713,20.194938714256573,35.15168477474555,-9.505152791148557,180.0,52.74031495183195,975.4488327049853
2026-01-04 07:35:00,CYCLE_SENSOR_DESCALIBRADO,168.81516918992824,173.47262650670768,175.44853322561127,124.62659044143527,2.9983750730671033,7.453355017246623,27.022380113578972,19.414314718013145,32.667396794504306,-9.504775040035328,180.0,53.03823799427413,975.4889040630384
2026-01-04 07:36:00,CYCLE_SENSOR_DESCALIBRADO,166.9373326367401,171.89715720791168,174.72406082155075,120.7396900328148,3.2447543323392183,8.320924742776157,25.71810726852902,19.92050609234504,35.483778293791566,-9.505822766936214,180.0,52.40657659955314,977.7128941687589
2026-01-04 07:37:00,CYCLE_SENSOR_DESCALIBRADO,163.28433519341164,169.05165886262301,174.4125175231862,120.82788253787605,3.180510596841169,8.85326223610575,26.059492618453756,19.76269992603492,34.87934977082164,-9.503960490280836,180.0,52.82482736902108,975.3554952312536
2026-01-04 07:38:00,CYCLE_SENSOR_DESCALIBRADO,163.5398663822616,167.96476885955502,172.6820221563446,120.15426339131639,2.790994474546065,8.472884343121866,26.56899647322184,19.755333270502692,33.56851932524678,-9.505837953117119,180.0,52.43485288837856,974.9119543332424
2026-01-04 07:39:00,CYCLE_SENSOR_DESCALIBRADO,160.36993693510027,168.4071302538075,172.81473780187895,118.8514256699719,2.9340641247186423,8.285223308117686,26.36107692311934,19.81191137267002,33.467653920566356,-9.505783749237164,180.0,52.17340468504053,984.2848438532164
2026-01-04 07:40:00,CYCLE_SENSOR_DESCALIBRADO,163.09016564044643,168.86112242241447,173.70705007054792,121.91028237824865,2.6976644414984907,8.13474855490471,26.896694548113278,19.93748291893247,34.39815405521879,-9.50558784174216,180.0,52.68046026920217,976.1039722227434
2026-01-04 07:41:00,CYCLE_SENSOR_DESCALIBRADO,163.75358887646675,166.75999281277288,169.85223599919115,120.88064114378162,3.4386716959725474,7.808020020394142,25.968425251579042,19.777749683433967,31.413059265380873,-9.507334801407405,180.0,53.19129189614685,971.8844107303847
2026-01-04 07:42:00,CYCLE_SENSOR_DESCALIBRADO,158.11762291157203,166.90831226779386,170.5585128437754,114.08468608288752,3.2931541435743283,7.942719430493425,25.716914564005684,19.912163062389308,33.525794395409605,-9.506010672005614,180.0,51.92077527817063,972.8931755033065
2026-01-04 07:43:00,CYCLE_SENSOR_DESCALIBRADO,158.61526755986847,164.69673919023543,170.31788482571235,118.68935435060934,2.7558247983453867,7.717285663135955,26.072089967459238,19.70870078767566,33.11948142572556,-9.506751148404119,180.0,52.120497074093954,975.505700275061
2026-01-04 07:44:00,CYCLE_SENSOR_DESCALIBRADO,160.2829556697597,166.39959266143987,169.68066807119433,116.02505507484406,3.1856626549484672,7.3422978911830965,26.80767088464598,19.48048504285523,32.482675900314725,-9.506652693215246,180.0,51.63355373042874,974.671359587829
2026-01-04 07:45:00,CYCLE_SENSOR_DESCALIBRADO,159.97784942765264,164.49663792943826,168.10589002870253,112.56570424912964,3.0835777004511047,8.0177136712908,26.561841723691106,19.657730002931146,32.849483069278534,-9.506324654917572,180.0,52.1709054599102,970.451515013963
2026-01-04 07:46:00,CYCLE_SENSOR_DESCALIBRADO,159.58915736330974,165.37036269497133,169.31678094286363,117.83813050776776,2.79421412235022,8.55394453077765,26.199104664274003,19.894762834756328,31.432753775297396,-9.507778912875722,180.0,51.97937210830034,965.690111127367
2026-01-04 07:47:00,CYCLE_SENSOR_DESCALIBRADO,158.24264196829154,164.88839267453832,169.56598236713316,117.77659684341678,3.037298102588541,7.355600742964458,26.9053748533255,19.571029110219662,33.79444562450275,-9.508851051161352,180.0,52.600943949328816,971.444793070056
2026-01-04 07:48:00,CYCLE_SENSOR_DESCALIBRADO,161.12228845154286,166.80113966398497,171.49435700233778,119.51043038161005,3.257515409230355,8.699248216401664,26.759899049276232,19.425962938885885,30.05559008266265,-9.507288023334098,180.0,52.69561353750635,970.7843998524052
2026-01-04 07:49:00,CYCLE_SENSOR_DESCALIBRADO,162.3618347576973,167.3801325225031,171.80031329259913,119.4009893414394,3.281975858239067,8.608592116430788,26.5094743272251,19.756145135586483,32.014043710036646,-9.507353854976543,180.0,52.34363116558448,967.9612538986933
2026-01-04 07:50:00,CYCLE_SENSOR_DESCALIBRADO,165.4260014817385,165.23748164706163,170.14734404379647,119.70747728127434,3.699595108820753,8.198499412005948,25.29320970599085,19.68968101342263,31.092336962647934,-9.51005091246133,180.0,52.43679933401614,975.1191190642633
2026-01-04 07:51:00,CYCLE_SENSOR_DESCALIBRADO,164.43349059093998,169.4551024854424,172.40018145475565,118.58055018674024,3.02828674595153,8.2025226741372,26.43377775938324,19.45866390038178,33.01480989524752,-9.510352834111393,180.0,51.52465974778704,971.7558266583786
2026-01-04 07:52:00,CYCLE_SENSOR_DESCALIBRADO,162.29436842750962,171.70451864915012,173.2525213680186,120.02804360026906,2.928663319766607,7.906876800244893,25.806477014632573,19.557083998888736,30.467966731243603,-9.510385736002432,180.0,51.36315680437329,969.4576528972191
2026-01-04 07:53:00,CYCLE_SENSOR_DESCALIBRADO,164.94877121122303,169.5366416849796,177.30867524507784,123.30933646911912,3.168642079163351,8.021008301667642,25.65521027958784,19.558596635491746,28.41286398209968,-9.510166365354394,180.0,52.02246282030047,966.9398071000791
2026-01-04 07:54:00,CYCLE_SENSOR_DESCALIBRADO,166.89371448135128,171.03105932961697,176.5339970319748,124.1571897236279,2.9451112382796967,7.768207263184368,25.44716193731769,19.587822290033923,30.617258920107574,-9.512165243090527,180.0,51.777384347526926,974.782506795175
2026-01-04 07:55:00,CYCLE_SENSOR_DESCALIBRADO,166.67408626297208,173.9873157530882,176.20707389716338,121.98077179201387,2.8245286679151365,8.015819038789587,25.718413921609287,19.707855239142265,28.302396891085426,-9.512194551711778,180.0,52.730179726046295,962.7037665356818
2026-01-04 07:56:00,CYCLE_SENSOR_DESCALIBRADO,169.83496475571442,173.9790713002298,177.96679284674096,123.03628743111842,2.7222650292400643,8.069913080568753,25.410981549936192,19.489880014672384,30.147543470368948,-9.51302720378661,180.0,50.73286735976208,964.8101227896458
2026-01-04 07:57:00,CYCLE_SENSOR_DESCALIBRADO,171.20879843230006,175.359975912336,179.91049060534127,124.54923125600621,1.9717033415085006,8.940622000175702,25.85351906856212,19.703331676906664,29.34856283514948,-9.512806169243598,180.0,51.96647984541484,964.4655249903183
2026-01-04 07:58:00,CYCLE_SENSOR_DESCALIBRADO,173.36615629661657,179.15768711839846,182.31616572820343,124.48842493683524,3.220451829062252,8.28280802218935,25.61337983265507,19.450131838993336,29.437018069184035,-9.512299833238963,180.0,51.92111248356522,966.9530283924819
2026-01-04 07:59:00,CYCLE_SENSOR_DESCALIBRADO,174.3947643549062,176.80691645729553,184.01397818637986,128.5213390843268,2.5086078803784924,7.895298465752961,25.81519840621632,19.883623851648785,28.25425365447986,-9.511899839109402,180.0,51.20140593778306,967.8866689809372
2026-01-04 08:00:00,CYCLE_SENSOR_DESCALIBRADO,175.3421723801293,179.05324424383952,185.24057917122974,125.99766904099822,2.7360439670116947,7.950546656614824,28.33196292279284,22.337570757086215,29.666943991519933,-9.510495865853091,180.0,49.51621141749842,994.6537015241204
2026-01-04 08:01:00,CYCLE_SENSOR_DESCALIBRADO,170.43036448823997,176.59418108357386,180.73798610319952,125.55689318455178,3.066724673997163,7.702194395253307,27.63850694750708,21.677458230870126,29.11725098615567,-9.508305295718827,178.8235294117647,49.49423462709904,1002.3035767081055
2026-01-04 08:02:00,CYCLE_SENSOR_DESCALIBRADO,165.91850345897384,170.32269154526045,176.8988919544286,122.30902742717099,2.8615311549041054,7.843432496764196,27.187876164010717,21.45237857929947,29.276015399941613,-9.509438899238125,177.64705882352942,48.50697548481317,1011.8746111857522
2026-01-04 08:03:00,CYCLE_SENSOR_DESCALIBRADO,164.08414781974201,168.07078274794097,173.0606960103951,117.46954613055277,3.5817639646694444,8.631818434106751,26.24153657262221,21.741860050161424,31.132429757116867,-9.509820879588267,176.47058823529412,49.72026304072302,1012.4654639949835
2026-01-04 08:04:00,CYCLE_SENSOR_DESCALIBRADO,159.76308995144942,164.38931417855818,167.30864313105204,113.74329806219835,2.463194394630463,7.988310567231736,27.722896431621173,21.44653467715024,29.254357903797974,-9.509077817844748,175.2941176470588,50.00582665821422,1018.5609628802389
2026-01-04 08:05:00,CYCLE_SENSOR_DESCALIBRADO,156.37909719570777,162.40723799378878,165.68493499215603,113.30304161557234,3.5665743119632833,7.98534967370152,27.12288940994913,21.354031120411932,30.609642244001808,-9.509204613958927,174.11764705882354,48.148685566907325,1025.900662842293
2026-01-04 08:06:00,CYCLE_SENSOR_DESCALIBRADO,154.66608696756666,158.5638465330287,161.45220253759615,111.48271147456997,3.2881249625471063,8.056684878455536,26.78505047427404,20.96148593535056,30.525993631637938,-9.511927400004428,172.94117647058823,47.663545687711135,1026.3323989175765
2026-01-04 08:07:00,CYCLE_SENSOR_DESCALIBRADO,151.6055253591565,152.26445255135113,156.62243769236144,111.1038884571494,3.1256700920000795,8.047175179794024,27.409032182457562,20.91468567335698,32.780179818078366,-9.51211994671503,171.76470588235293,46.991629648298364,1036.4045629379095
2026-01-04 08:08:00,CYCLE_SENSOR_DESCALIBRADO,145.19247129623756,150.0755718501731,158.04118757829144,108.53542111300271,3.2637264260525063,9.034180772965877,25.747895687330146,20.72094913182448,31.18897177551253,-9.510885799727568,170.58823529411765,46.76285599198947,1042.786373800725
2026-01-04 08:09:00,CYCLE_SENSOR_DESCALIBRADO,143.20227863721195,146.77187341429985,152.11865087329872,105.96533017940398,2.932307969362711,8.600763302636874,26.369878310928385,20.69949565929517,32.10479247849233,-9.512280541169893,169.41176470588235,46.6800677051315,1045.5316983753676
2026-01-04 08:10:00,CYCLE_SENSOR_DESCALIBRADO,139.78122505365252,144.10086193666115,148.43615862944873,104.50697907016185,2.278940067222095,8.447077981866892,25.57282531991932,20.23825095498445,32.834459348270876,-9.512060036656617,168.23529411764707,47.24303943260869,1056.1217033276284
2026-01-04 08:11:00,CYCLE_SENSOR_DESCALIBRADO,137.59026043386484,139.871293384906,144.71897637269794,101.8437270067925,2.923363067359988,8.661699643457764,26.35999006712758,20.316267564576684,34.814606857000506,-9.513967398122883,167.05882352941177,47.89902465111152,1058.3638749222018
2026-01-04 08:12:00,CYCLE_SENSOR_DESCALIBRADO,131.46781792329463,138.62333259578907,142.8516259311585,98.2779773813254,2.303696542106763,8.814527607803514,24.445827837576548,19.933718262611475,32.83657121735702,-9.513097368480983,165.88235294117646,45.60497357255929,1060.340514751892
2026-01-04 08:13:00,CYCLE_SENSOR_DESCALIBRADO,129.47169594604503,134.20539509366665,137.45737731451746,93.96402400157129,2.5683820725977835,8.391059121814665,26.079048053103705,19.930500689958002,33.54248945731166,-9.512855804199797,164.7058823529412,45.17922540219121,1064.2605193580691
2026-01-04 08:14:00,CYCLE_SENSOR_DESCALIBRADO,128.18214135916548,132.7645691035682,135.4180651315845,94.45553886578784,2.682457723626455,8.1287316080826,25.869360818182116,19.862883378722422,32.66741792833993,-9.513423887978348,163.52941176470588,44.71012104210261,1077.6071122525404
2026-01-04 08:15:00,CYCLE_SENSOR_DESCALIBRADO,126.42473124147627,129.13604604844508,131.65494422656744,90.3455712830283,2.41155519420854,9.551604300245767,24.673083296421275,19.832579182930296,33.478094036575065,-9.513841837509583,162.35294117647058,45.18337790781522,1072.9844236858098
2026-01-04 08:16:00,CYCLE_SENSOR_DESCALIBRADO,122.78859012583652,125.11320762694871,130.72942977103574,93.04168187172887,2.947678887327829,9.435188342216463,25.08182063216435,19.697895983108182,35.392371110093904,-9.515340905580802,161.1764705882353,44.79395919541477,1079.5835786846994
2026-01-04 08:17:00,CYCLE_SENSOR_DESCALIBRADO,120.77828049136463,125.14719475669942,125.99796260809109,88.71731925730766,2.578729869757391,9.188901296931817,24.316228853131022,19.580754392003602,34.82268573902041,-9.5143332735146,160.0,44.33617718687135,1084.0750189327812
2026-01-04 08:18:00,CYCLE_SENSOR_DESCALIBRADO,117.53967223558833,122.44062053745844,125.4973883442341,86.96755888079252,2.7446412087971384,9.518420497742817,24.92882678393027,18.98075291180098,35.126409082789614,-9.515132624306357,158.8235294117647,43.727427973398335,1092.3475160800717
2026-01-04 08:19:00,CYCLE_SENSOR_DESCALIBRADO,116.21992055602522,118.4023818111234,121.30043133308651,84.9172329656942,2.5980163874263447,10.074829083038992,24.97953242261079,19.378867699392746,37.34382546869483,-9.51463232553733,157.64705882352942,44.29304772773311,1104.8189445057835
2026-01-04 08:20:00,CYCLE_SENSOR_DESCALIBRADO,113.91081489849306,115.13690553548385,119.64954425809135,83.1613013109946,2.6176856806751503,8.908768736657205,23.6995332089008,18.84583002546826,34.32102323678285,-9.515594235911207,156.47058823529412,43.65944143902363,1101.8270269740892
2026-01-04 08:21:00,CYCLE_SENSOR_DESCALIBRADO,108.70736561304446,111.58061233373279,116.55623700316703,79.85954074882811,2.292763344083709,8.675277088912527,23.33959786469744,18.70917109213021,38.756884892532,-9.513395833144715,155.2941176470588,43.30160838051262,1104.594056703878
2026-01-04 08:22:00,CYCLE_SENSOR_DESCALIBRADO,108.22417268180911,111.61081762884221,114.75825869672116,80.09858307782739,2.1856026924898986,9.624875957697649,24.59063539966384,18.726018417276467,37.41078917315906,-9.511836168406385,154.11764705882354,42.790161330304635,1111.679056038593
2026-01-04 08:23:00,CYCLE_SENSOR_DESCALIBRADO,105.36805882323793,108.84197910484365,109.82909604532009,75.84687379793596,2.4706761215814095,8.619528191501304,24.912601514570742,18.453608112489306,36.206847053640566,-9.509762423790905,152.94117647058823,42.174213151815245,1110.7149521208137
2026-01-04 08:24:00,CYCLE_SENSOR_DESCALIBRADO,105.40803004061934,104.4582864310667,109.55448268558146,78.97120263181904,2.205964036243267,9.430751032818943,23.85969344404529,18.442113063102664,37.52278024445903,-9.507571894561346,151.76470588235293,41.57518897717586,1120.2572657308683
2026-01-04 08:25:00,CYCLE_SENSOR_DESCALIBRADO,99.13771239814605,102.24106574331418,103.80026124262422,70.92174544276249,2.8928566274536585,9.32137252711374,23.719216153599472,18.327965908159353,36.64843871547689,-9.508206415421089,150.58823529411765,41.85659116323395,1132.8667573245673
2026-01-04 08:26:00,CYCLE_SENSOR_DESCALIBRADO,97.69528971664823,101.29256598194631,103.70490261052092,72.45518603117861,2.040850987467478,9.866355656910264,22.99405296342906,17.914591758122405,37.61157408199618,-9.509090546689954,149.41176470588235,41.47208553048297,1133.7403969666457
2026-01-04 08:27:00,CYCLE_SENSOR_DESCALIBRADO,94.38349287900797,97.06060286582023,100.66494316753264,68.3491529344429,3.133873802556904,9.347097895239033,23.116420164872654,17.879221176124943,40.01743287227159,-9.507064412169358,148.23529411764707,41.207965316208565,1141.0583230644631
2026-01-04 08:28:00,CYCLE_SENSOR_DESCALIBRADO,92.28717699393876,95.49405249281213,97.34960226936758,66.19561159694292,2.5023722441405383,10.246943712381153,23.033962182908446,17.73388249119725,37.29382752672327,-9.507205483141393,147.05882352941177,39.806018301702196,1145.2298562086032
2026-01-04 08:29:00,CYCLE_SENSOR_DESCALIBRADO,91.79454608203443,92.81583884971198,95.72493948930595,63.7387638351497,2.4115543739911725,9.33244060017556,22.529111700707983,17.805099894614226,37.99004019136144,-9.506372265203613,145.88235294117646,40.42173991182163,1143.3832888914767
2026-01-04 08:30:00,CYCLE_SENSOR_DESCALIBRADO,89.49945829339053,90.71911251977734,93.83663360239831,65.6522798824873,2.207668024393686,10.11760621303896,23.263697825813743,17.369152300508496,37.634845758370155,-9.506992946485886,144.70588235294116,39.76163296288395,1158.9084571544706
2026-01-04 08:31:00,CYCLE_SENSOR_DESCALIBRADO,87.86635017943954,88.97365900093952,92.22300190267913,63.10390470682157,2.5458158055041133,9.490322556433997,22.374954416645906,17.209185276388403,37.89542664900284,-9.507597179577564,143.52941176470588,39.14053332963798,1149.1983268278966
2026-01-04 08:32:00,CYCLE_SENSOR_DESCALIBRADO,85.84609796485344,88.87668407248417,89.72674510002145,63.85170877796429,2.2664485892206674,10.156580188788908,22.267393619534353,16.955340274644985,37.86950158216798,-9.506767221245763,142.35294117647058,39.60791095110159,1162.6745273693728
2026-01-04 08:33:00,CYCLE_SENSOR_DESCALIBRADO,82.98652798467486,83.67799660151043,88.39364143602116,61.68442507643815,2.396864947416015,9.43385357724105,21.80198183366164,16.826500562834045,37.93955178855514,-9.508737095029527,141.1764705882353,38.996198220359524,1158.1479543787757
2026-01-04 08:34:00,CYCLE_SENSOR_DESCALIBRADO,81.06541724287953,84.33896669966914,85.28491702336515,59.288853936326724,2.538261235826222,9.987943078414292,21.67808214902525,16.587021708471966,38.39587312185897,-9.507953920054987,140.0,39.74849026462546,1164.5753409783715
2026-01-04 08:35:00,CYCLE_SENSOR_DESCALIBRADO,78.31811367316737,82.2041626929623,83.73395039384485,55.6856416066134,2.4654987231110352,10.719869324492178,22.260637927391265,16.56526959243858,38.87841102440407,-9.507429446255205,138.8235294117647,38.47753519819673,1180.212848838659
2026-01-04 08:36:00,CYCLE_SENSOR_DESCALIBRADO,76.80692026980712,81.17215071555563,82.02509168430976,57.51219642414334,2.6156558392759073,10.1751496588944,21.432081433742983,16.87333485101124,38.369042212453,-9.507959600670556,137.64705882352942,37.750549349907494,1178.7472739518723
2026-01-04 08:37:00,CYCLE_SENSOR_DESCALIBRADO,75.78320547336848,78.47296331385168,80.69615692014905,54.75714789920808,2.3840413977284864,10.768009178794118,21.26124089705338,16.541542813038685,36.7422372616416,-9.507935417424498,136.47058823529412,37.50888245886208,1191.5341641596815
2026-01-04 08:38:00,CYCLE_SENSOR_DESCALIBRADO,74.32791428406989,75.90231661066088,79.64098562486615,52.8024711920598,1.9163003658051236,10.22215687768335,21.084111162702033,16.507570108785178,39.129634086345376,-9.50775456289221,135.2941176470588,36.64094012148612,1182.8991688736737
2026-01-04 08:39:00,CYCLE_SENSOR_DESCALIBRADO,73.22082036242668,73.60823977239794,77.82974360180962,54.435252254652525,1.5567354680593726,10.04159301690375,20.57120838423805,15.9108101887203,39.42298245041986,-9.507517535240012,134.11764705882354,37.50618039178086,1196.2846226601037
2026-01-04 08:40:00,CYCLE_SENSOR_DESCALIBRADO,71.41044081397712,74.04129307345323,75.31077089745989,50.24505118491334,2.2229739843335032,10.438932423751814,19.76027800741439,15.560033678274579,41.014669019588155,-9.506827392182037,132.94117647058823,36.71211449159247,1196.816902435476
2026-01-04 08:41:00,CYCLE_SENSOR_DESCALIBRADO,70.89503752724396,71.75107181692299,73.79922644299494,48.08714312218027,2.206294408521585,10.720963033824004,21.36371255549386,15.861595727526945,39.32215799387956,-9.507642374672646,131.76470588235293,36.38455223510456,1205.4086038056296
2026-01-04 08:42:00,CYCLE_SENSOR_DESCALIBRADO,66.24014375268692,68.8999167714971,71.95022995948366,51.454349722823814,2.6954260033566992,9.517818291460038,20.876270524787074,16.017778402366126,40.51743606650678,-9.504944649041551,130.58823529411765,35.35024370908163,1217.958100343623
2026-01-04 08:43:00,CYCLE_SENSOR_DESCALIBRADO,65.54247490205442,68.9536076345617,69.52667912525988,47.2299467499171,2.0618864703829,10.790554286885222,20.79984635943816,15.398731174260645,38.86643241032649,-9.50515024308955,129.41176470588235,35.93571907877426,1223.9739315431914
2026-01-04 08:44:00,CYCLE_SENSOR_DESCALIBRADO,63.2061154318553,65.73267531276952,69.34767704588255,45.005407602319515,2.1879779430351136,10.118317707703648,19.222034897055867,15.364901086182517,40.94308531524729,-9.505280937301816,128.23529411764707,34.74238504939671,1223.9004551567973
2026-01-04 08:45:00,CYCLE_SENSOR_DESCALIBRADO,64.28015034891244,64.70430376046916,65.56608482146542,44.259481488128245,2.2877747704691975,10.05283993204906,20.547624421693126,14.879370279679721,38.61662672562121,-9.503336248032928,127.05882352941177,34.59699482424518,1220.5122778487294
2026-01-04 08:46:00,CYCLE_SENSOR_DESCALIBRADO,60.654723415452246,62.44996949541596,62.63523324808645,42.46600940315786,2.187635881674404,10.975170686355394,20.6759207915429,15.04765809147072,40.22169038425972,-9.505165295163186,125.88235294117646,34.60053407618205,1227.1060335661466
2026-01-04 08:47:00,CYCLE_SENSOR_DESCALIBRADO,61.18472588850642,62.31742317311815,62.30514556599765,45.16187988001564,2.265788179561995,11.433957346092678,19.937817818311572,14.865758745458237,40.2887589806789,-9.50323103891543,124.70588235294117,33.91120793828788,1237.6150097644995
2026-01-04 08:48:00,CYCLE_SENSOR_DESCALIBRADO,60.11311854994707,59.01614277510515,63.73231457931536,41.57528916099155,1.7461338462177047,10.931732504171116,20.114743867680254,14.320886927037312,40.49745657765395,-9.503137578807369,123.52941176470588,33.4693810632246,1238.7931711045699
2026-01-04 08:49:00,CYCLE_SENSOR_DESCALIBRADO,57.46644295671947,58.413485022694175,60.21874452998336,39.73191651237478,1.677678335163883,10.204649265249921,19.419885635544098,14.380768022057925,41.784555378020585,-9.503667755263622,122.35294117647058,33.50434411548985,1249.6907136824602
2026-01-04 08:50:00,CYCLE_SENSOR_DESCALIBRADO,55.951386347112226,56.57858162123509,59.457331375851204,42.56484470111361,1.865411582765772,10.605896215443721,18.248337958980432,14.213628763382673,39.09327528699288,-9.504787407603482,121.17647058823529,33.6982807127914,1258.804540842868
2026-01-04 08:51:00,CYCLE_SENSOR_DESCALIBRADO,54.30374592265999,56.301779864957794,57.384539253964,39.032459284711436,1.2763515116635067,10.790866412570441,18.876007693687896,13.969768982287674,40.83644078098755,-9.506056509325214,120.0,33.304680988804286,1253.2121775667613
2026-01-04 08:52:00,CYCLE_SENSOR_DESCALIBRADO,52.562176704217016,55.10121657503968,57.00135659327577,39.57700173895125,1.895689148129694,11.156871999526132,17.774349001983598,13.989482844800587,40.50228193472787,-9.506398332890674,118.8235294117647,32.87471617750012,1258.6046277105456
2026-01-04 08:53:00,CYCLE_SENSOR_DESCALIBRADO,51.13028001288089,51.98758364869579,55.05486699214468,37.21333085250993,1.688679694126276,11.081707134655382,17.84325618916908,14.084947350643878,39.693554931760744,-9.506120349613639,117.64705882352942,32.42799386635873,1262.5051500376815
2026-01-04 08:54:00,CYCLE_SENSOR_DESCALIBRADO,50.2172261672136,52.50510623905222,53.55834049817557,40.020526434311584,1.962210218575715,11.424085489957047,18.206574979842635,13.705296281462589,41.06023705174429,-9.505497853074166,116.47058823529412,31.610957466177634,1271.251871859888
2026-01-04 08:55:00,CYCLE_SENSOR_DESCALIBRADO,51.34836419923165,48.97683627850744,53.07523254927717,34.959089798106596,1.7650171784250788,11.735280532968524,17.941143855637304,13.910370122917232,39.444483302438556,-9.50523183689159,115.29411764705883,32.073041333413116,1277.5198342892074
2026-01-04 08:56:00,CYCLE_SENSOR_DESCALIBRADO,46.69933110578946,52.13694128904862,50.50477607655226,35.20570000888953,1.5188995679743151,11.4664899361543,17.924904067331052,13.4568598320954,38.66828589922906,-9.505742044695475,114.11764705882352,30.308519319758542,1282.4392671083983
2026-01-04 08:57:00,CYCLE_SENSOR_DESCALIBRADO,47.010474004990606,47.6760890968786,50.261263962806474,36.949701161178275,2.1957780673060805,11.80198152275964,16.386931477714896,13.443394894163383,39.1787772808441,-9.504402532218561,112.94117647058823,31.057230770272653,1290.9856991323823
2026-01-04 08:58:00,CYCLE_SENSOR_DESCALIBRADO,46.4583198316491,48.35733891903034,48.38203357421762,33.01638742515716,1.8062683363044114,11.276909550369998,17.184768156315226,13.326386692711102,37.443996507684524,-9.501728729111075,111.76470588235294,30.924849172730095,1294.008861242303
2026-01-04 08:59:00,CYCLE_SENSOR_DESCALIBRADO,44.12723199561797,46.172563958045814,47.264934064849356,31.484137451896064,2.0193618541082556,13.118540465257894,17.421836073389237,13.382406244346035,39.56483875377841,-9.500234104125036,110.58823529411764,30.122921442440166,1297.2441349898702
2026-01-04 09:00:00,CYCLE_SENSOR_DESCALIBRADO,43.85493958332567,45.07831932335972,45.23837170724974,32.60999992271192,1.7945501365455552,11.806002061624008,17.356587228745628,12.781147758883092,39.27900970295402,-9.500593395216066,109.41176470588235,29.470786890732906,1302.6846700372996
2026-01-04 09:01:00,CYCLE_SENSOR_DESCALIBRADO,40.46022067529867,42.269442604057275,44.812573000363244,32.22204546690915,1.8576859343200984,11.930259609844466,17.21095286398021,12.861581145195144,38.766835091559145,-9.500091316482647,108.23529411764706,29.477268807967874,1307.9050736759925
2026-01-04 09:02:00,CYCLE_SENSOR_DESCALIBRADO,42.7883680557882,43.58450721390539,43.296949025508255,29.031721644910817,1.2891802742012053,12.525899228723329,16.688570082684393,12.432523388984412,40.030890699075464,-9.4995251416469,107.05882352941177,28.780866350188823,1312.3738259256424
2026-01-04 09:03:00,CYCLE_SENSOR_DESCALIBRADO,41.510276171099314,41.55700601931321,44.20026541917516,32.7299822970694,2.059901639422182,11.749971754370565,16.125406686484112,12.815007372913,37.86747733239526,-9.49792146523781,105.88235294117646,29.080659740606276,1314.9386001622
2026-01-04 09:04:00,CYCLE_SENSOR_DESCALIBRADO,39.01092232564325,41.011186721891534,39.74411878941839,27.787735321248434,1.919066679986838,11.4419517266528,16.468949757996377,12.11138994226424,36.323416946342896,-9.498259646005117,104.70588235294117,28.96026178697968,1317.8767930747952
2026-01-04 09:05:00,CYCLE_SENSOR_DESCALIBRADO,37.07047590278327,39.308233454337476,41.77501421208723,29.299971146257867,1.6288016913108634,12.476746434724175,15.803365408136795,12.244802472722087,39.919985622726614,-9.499224563439487,103.52941176470588,28.37460539518601,1328.3002010312134
2026-01-04 09:06:00,CYCLE_SENSOR_DESCALIBRADO,38.09567686421408,38.56444874163348,37.57948582833048,28.615490521023148,1.699846006313239,12.564924424477102,16.33895315987044,12.328698796035386,38.80674081870584,-9.498090712147986,102.35294117647058,28.00869382558149,1330.7759083552871
2026-01-04 09:07:00,CYCLE_SENSOR_DESCALIBRADO,34.804624217856585,36.35589463867174,39.30329229121263,27.99067473152803,1.8932187328577925,12.017929623117192,15.869830150127939,11.626241879253456,38.47189106995711,-9.497684335053,101.17647058823529,27.859150375043146,1339.9155417281809
2026-01-04 09:08:00,CYCLE_SENSOR_DESCALIBRADO,34.03481805629352,36.269503016366414,36.66030140068662,25.26801471569441,1.459828510195433,12.879813768922102,15.391538140498822,11.833305155633822,37.151515078670144,-9.498793096366237,100.0,27.5808017961516,1343.1450735787344
2026-01-04 09:09:00,CYCLE_SENSOR_DESCALIBRADO,34.2534569024919,35.001525337268404,37.37258319973091,24.685551135449398,1.075496043667871,12.017180624789203,14.782300408337086,11.364469216611557,37.69627824569725,-9.498087522707221,98.82352941176471,26.41758583431538,1347.9588174620872
2026-01-04 09:10:00,CYCLE_SENSOR_DESCALIBRADO,35.23588108773087,33.730664059624374,35.594836976898776,28.92530097647748,1.4234325723908863,12.583788533385103,15.730508793734618,11.877437596230129,35.952700600187974,-9.49624926724596,97.6470588235294,25.701591596980382,1356.8790712988514
2026-01-04 09:11:00,CYCLE_SENSOR_DESCALIBRADO,33.29800172616219,33.82987171427515,33.08875412717616,22.0099907617913,1.5541202089909598,12.934236786612129,15.209379247637047,10.882229976948297,36.58884505825688,-9.496943026784491,96.47058823529412,26.27339711013961,1352.3647465926895
2026-01-04 09:12:00,CYCLE_SENSOR_DESCALIBRADO,30.886226865772024,33.21433621748353,35.52426491905604,24.648473376317035,1.4776630203611831,12.284458625358466,15.950857436208334,10.805781828764811,35.64036410062396,-9.497834028369185,95.29411764705883,26.260512176611474,1370.102206674918
2026-01-04 09:13:00,CYCLE_SENSOR_DESCALIBRADO,28.795290211830228,32.20738266815944,33.93108034314518,23.74637180155583,1.8616564018204793,12.52251670197693,14.819933239068035,10.733678883287443,36.60347254350372,-9.497803964617487,94.11764705882352,24.671735649777357,1359.3273087660023
2026-01-04 09:14:00,CYCLE_SENSOR_DESCALIBRADO,30.03231958917928,30.92990262490458,32.726546612994206,23.34041277845112,1.1574074345847136,12.865948731997467,14.685277865562488,10.588858759327223,37.106942829535264,-9.497123665122949,92.94117647058823,25.160466458342913,1378.9124264786494
2026-01-04 09:15:00,CYCLE_SENSOR_DESCALIBRADO,29.47002844052587,30.70971009923575,30.495992475689494,24.385325525567854,1.1743825587591252,12.228672251776246,13.255292492274405,10.759636178089943,34.782718125512865,-9.497198578454713,91.76470588235294,25.35408380625053,1378.9546084937067
2026-01-04 09:16:00,CYCLE_SENSOR_DESCALIBRADO,28.283599871220364,29.687981311404606,31.397134081068977,21.582319317904393,1.0859473940345388,12.063512377534872,14.13587045964961,10.864137735240853,36.34220254645507,-9.496064153178915,90.58823529411764,24.39555246452005,1381.0971030216594
2026-01-04 09:17:00,CYCLE_SENSOR_DESCALIBRADO,29.757660023814097,28.712307816156834,28.060658388071744,20.0,1.5109752696937158,13.195902669794656,13.574788930358265,10.583966993572577,35.59115535468076,-9.495803445888141,89.41176470588235,24.87821420619337,1382.3487486426131
2026-01-04 09:18:00,CYCLE_SENSOR_DESCALIBRADO,26.666833180641294,28.00908504815515,26.121086853204574,20.695039832770025,0.9035344118929757,12.741618211448692,14.075691305818575,10.248461129619738,35.79690273305526,-9.494791792217912,88.23529411764706,24.44843206711468,1390.879352408244
2026-01-04 09:19:00,CYCLE_SENSOR_DESCALIBRADO,23.337525866230617,28.459932832918426,26.129797132121627,20.0,1.5634630538637748,12.394264053530641,13.595768649088726,10.052336747202506,34.3881276127625,-9.495512616930808,87.05882352941177,23.354021877881863,1397.6646194996902
2026-01-04 09:20:00,CYCLE_SENSOR_DESCALIBRADO,24.853872007760014,24.840729218076305,26.1248098623556,20.0,1.0394623746995977,12.752940738781545,13.801247942228999,9.7778872061315,35.55420313299939,-9.496740338531879,85.88235294117646,22.92537384568786,1404.1410167520357
2026-01-04 09:21:00,CYCLE_SENSOR_DESCALIBRADO,25.16950800173961,25.166526103237743,25.5679442456471,20.0,1.0663886198047372,13.018972030336213,14.304767152410781,9.826113757770955,33.684271898208316,-9.497080372224072,84.70588235294117,22.59844124536585,1414.1857508989956
2026-01-04 09:22:00,CYCLE_SENSOR_DESCALIBRADO,24.38452031308198,25.231890507661674,25.210106129433527,20.0,1.8083785023671175,12.03887974265023,12.361318751182441,9.554877890812282,32.271844663099785,-9.498426818894602,83.52941176470588,22.504402254428918,1413.7390349481204
2026-01-04 09:23:00,CYCLE_SENSOR_DESCALIBRADO,23.019047206907718,22.218939110172435,24.536863354369952,20.0,1.6260764396171068,13.240349389968518,13.22348612058918,9.483260332461455,32.59300317936791,-9.498017494420166,82.35294117647058,21.514088604843153,1419.7660110573622
2026-01-04 09:24:00,CYCLE_SENSOR_DESCALIBRADO,22.145426372504378,25.084059293035278,23.51402169154698,20.0,1.2710581129741292,13.14539957250919,12.880744135380331,9.145936660774874,32.64190788990413,-9.500034198325386,81.17647058823529,21.085520350067565,1424.9298669339673
2026-01-04 09:25:00,CYCLE_SENSOR_DESCALIBRADO,20.0,23.05176868102251,21.057365022528863,20.0,0.8209742691229063,13.827549540554788,13.473291158443603,8.902491422402905,31.446945030759824,-9.500486925540038,80.0,20.292824045989864,1427.2612779020583
2026-01-04 09:26:00,CYCLE_SENSOR_DESCALIBRADO,21.350529676759635,23.229297558992013,23.144974155206036,20.0,1.797604047919627,12.949327870832457,12.524071078153415,8.996690507414833,34.155728988161805,-9.500772882980483,78.8235294117647,21.081860488183636,1432.8446176746486
2026-01-04 09:27:00,CYCLE_SENSOR_DESCALIBRADO,20.207179027403882,22.77346817523429,21.928371779096622,20.0,1.1133724418322646,13.806205775577657,12.276812623400867,8.841010099557046,32.16975493102844,-9.5018195194611,77.6470588235294,21.775744988586016,1438.22765238324
2026-01-04 09:28:00,CYCLE_SENSOR_DESCALIBRADO,20.291621120247058,21.286863506886153,20.755706421134985,20.0,1.2255347971421475,13.154147817569386,12.24196437559218,8.569889057781689,32.980723823657854,-9.502125873149947,76.47058823529412,19.42490909275531,1446.203297428401
2026-01-04 09:29:00,CYCLE_SENSOR_DESCALIBRADO,20.0,20.0,22.62777922968089,20.0,1.403832231573773,13.304881161976752,12.098978152775157,8.384513107487043,32.619533528420135,-9.502121601569245,75.29411764705883,19.991952174708235,1445.0877807968486
2026-01-04 09:30:00,CYCLE_SENSOR_DESCALIBRADO,20.277940440063972,20.0,20.03160962459326,20.0,0.5203751355170119,13.43459327148782,12.233966629171626,8.498235879663568,31.40156404483825,-9.500852368775465,74.11764705882352,19.640795459251695,1451.755204156008
2026-01-04 09:31:00,CYCLE_SENSOR_DESCALIBRADO,20.0,20.0,20.0,20.0,0.8962240945681645,14.399567839184648,10.6848434706034,8.326283756797935,34.49300902504143,-9.501893104720505,72.94117647058823,19.335731580620227,1460.2488863199437
2026-01-04 09:32:00,CYCLE_SENSOR_DESCALIBRADO,20.0,20.0,20.059910678712193,20.0,1.0468044687461875,12.792019407068558,10.756193372020267,8.459343644773345,33.44412447116167,-9.50153576742933,71.76470588235294,19.704030876799184,1459.5596121948624
2026-01-04 09:33:00,CYCLE_SENSOR_DESCALIBRADO,20.0,20.0,20.0,20.0,1.0854344009083923,13.718125824709551,11.847894360763933,8.20895907453467,31.46706801924504,-9.500980008650473,70.58823529411764,18.29529436044767,1469.3621637744654
2026-01-04 09:34:00,CYCLE_SENSOR_DESCALIBRADO,20.0,20.0,20.0,20.0,0.6341280314127138,13.550527483334497,9.446619772258147,7.54274410972576,28.727401096687007,-9.501001177201644,69.41176470588235,17.430234748037496,1471.7668695776563
2026-01-04 09:35:00,CYCLE_SENSOR_DESCALIBRADO,20.0,20.0,20.0,20.0,1.1021029790665509,13.57396771353016,10.386137243397089,7.592086935662364,30.621712368677496,-9.501499218897838,68.23529411764706,17.80008536500836,1481.0127415583836
2026-01-04 09:36:00,CYCLE_SENSOR_DESCALIBRADO,20.0,20.0,20.0,20.0,0.9933153984924893,13.938564203164557,10.341836832166633,7.206037853411095,26.99513465643529,-9.502638210762402,67.05882352941177,17.39717526895062,1489.5289053765387
2026-01-04 09:37:00,CYCLE_SENSOR_DESCALIBRADO,20.0,20.0,20.0,20.0,1.4623801686573579,14.258882888592305,9.961079762913604,6.95988391862307,29.694125397672096,-9.500739645303717,65.88235294117646,16.279501479172886,1486.897121483823
2026-01-04 09:38:00,CYCLE_SENSOR_DESCALIBRADO,20.0,20.0,20.0,20.0,1.241263707289947,14.030521925643887,10.830921761060663,7.615568405763973,25.293784220186662,-9.50066700480107,64.70588235294117,17.18156689416352,1497.1484504240243
2026-01-04 09:39:00,CYCLE_SENSOR_DESCALIBRADO,20.0,20.0,20.0,20.0,0.8393913310442891,14.441131762262724,9.983041660797584,7.321269384789312,27.08231681958309,-9.500982560790957,63.529411764705884,16.1296827620266,1499.9620766068706
2026-01-04 09:40:00,CYCLE_SENSOR_DESCALIBRADO,20.0,20.0,20.0,20.0,0.8403388177801452,13.756872344861867,9.280216579229663,6.7479887967460375,28.16063080380232,-9.498861010699414,62.35294117647058,16.345004864403837,1502.666398467139
2026-01-04 09:41:00,CYCLE_SENSOR_DESCALIBRADO,20.0,20.0,20.0,20.0,1.1825002916010683,13.916900361242721,8.947085505838645,6.971364303420775,26.885831474442448,-9.498638724113418,61.17647058823529,15.869000138658143,1509.270224398372
2026-01-04 09:42:00,CYCLE_SENSOR_DESCALIBRADO,20.0,20.0,20.0,20.0,0.9422301437379905,13.49956442379561,9.311952489952995,6.849772633957595,24.570099311263625,-9.496095226351034,60.0,15.177277728590868,1519.4775416466543
2026-01-04 09:43:00,CYCLE_SENSOR_DESCALIBRADO,20.0,20.0,20.0,20.0,0.42479443057564337,15.050276374457534,9.657555615598971,6.0360752332004495,25.76596019454196,-9.4975115451966,58.823529411764696,15.823464848599288,1518.6404517480667
2026-01-04 09:44:00,CYCLE_SENSOR_DESCALIBRADO,20.0,20.0,20.0,20.0,1.4432633010072515,14.02429082428525,8.856154110518023,6.439028294428661,25.527243800187314,-9.49774868406333,57.647058823529406,14.901286854851932,1529.6061779825718
2026-01-04 09:45:00,CYCLE_SENSOR_DESCALIBRADO,20.0,20.0,20.0,20.0,0.49715703918423304,14.027863149967695,8.507583093562946,6.019316338591814,24.891361983231075,-9.499118703310234,56.470588235294116,14.733018136455613,1528.9318987094482
2026-01-04 09:46:00,CYCLE_SENSOR_DESCALIBRADO,20.0,20.0,20.0,20.0,1.516800106717303,14.53862547946049,7.9861911312309966,6.043005560297378,23.82327879372497,-9.499240826590372,55.294117647058826,14.66295102741105,1528.8040729748052
2026-01-04 09:47:00,CYCLE_SENSOR_DESCALIBRADO,20.0,20.0,20.0,20.0,0.8804873169600275,14.847657377420344,8.442910697811563,6.417098489577752,24.62867595059944,-9.499367734514209,54.11764705882352,14.177864268236222,1538.9088368085147
2026-01-04 09:48:00,CYCLE_SENSOR_DESCALIBRADO,20.0,20.0,20.0,20.0,0.5404600500730082,14.006900560911598,8.224755758800704,5.980938027302775,24.460623030657143,-9.499825766434627,52.94117647058823,13.769979047888222,1538.5765923854722
2026-01-04 09:49:00,CYCLE_SENSOR_DESCALIBRADO,20.0,20.0,20.0,20.0,-2.5771622187642507e-05,15.005108444496337,7.414208356140608,5.486962616214875,22.702747830894197,-9.499771877827804,51.76470588235293,12.949248555970733,1548.3089835547532
2026-01-04 09:50:00,CYCLE_SENSOR_DESCALIBRADO,20.0,20.0,20.0,20.0,0.9221049710266103,14.318937324194431,8.279715251814357,5.645679238614243,23.916957187516097,-9.500181174950722,50.58823529411765,12.469087451206436,1553.1973751354833
2026-01-04 09:51:00,CYCLE_SENSOR_DESCALIBRADO,20.0,20.0,20.0,20.0,0.2029740512049958,15.244721541819601,8.502617582190922,4.825661805885784,21.780572820393893,-9.5002915482872,49.41176470588235,12.767999386046688,1566.9312881778499
2026-01-04 09:52:00,CYCLE_SENSOR_DESCALIBRADO,20.0,20.0,20.0,20.0,0.7542471910398773,14.317780792275869,7.323516427778049,5.159538095627095,20.985746116079156,-9.501047340512025,48.235294117647044,11.871983421171985,1571.1433529166106
2026-01-04 09:53:00,CYCLE_SENSOR_DESCALIBRADO,20.0,20.0,20.0,20.0,1.206140230924783,15.014782485893608,7.290526283346583,5.013058369815817,22.37042237910497,-9.499604519037273,47.05882352941177,12.41402727718544,1570.089490291964
2026-01-04 09:54:00,CYCLE_SENSOR_DESCALIBRADO,20.0,20.0,20.0,20.0,0.26373835723768785,14.72723726289841,6.261408975470637,4.8974411272665055,21.871141672924853,-9.50071326844571,45.882352941176464,11.615902398331494,1579.6353416922693
2026-01-04 09:55:00,CYCLE_SENSOR_DESCALIBRADO,20.0,20.0,20.0,20.0,0.8054502370672796,14.20151696050547,7.1818095135435795,4.503344667635283,19.467100250686798,-9.500500904699681,44.70588235294116,11.668843827617984,1578.2409628130065
2026-01-04 09:56:00,CYCLE_SENSOR_DESCALIBRADO,20.0,20.0,20.0,20.0,0.31954532562666704,14.11554718544813,6.8331263788959715,4.5301762666293675,18.85776256217957,-9.50169354986255,43.529411764705884,10.51551729320856,1579.1649737721348
2026-01-04 09:57:00,CYCLE_SENSOR_DESCALIBRADO,20.0,20.0,20.0,20.0,0.8819616677533597,14.510876510865167,6.174085211472268,4.47371554776225,20.922546879905852,-9.502528494911612,42.35294117647058,10.101669842065936,1592.0272725975449
2026-01-04 09:58:00,CYCLE_SENSOR_DESCALIBRADO,20.0,20.0,20.0,20.0,0.5407552073477859,15.437454916545152,5.738778438208631,3.6866681285385257,18.590022967048828,-9.503256759565568,41.176470588235276,11.17557101503223,1596.4035141044833
2026-01-04 09:59:00,CYCLE_SENSOR_DESCALIBRADO,20.0,20.0,20.0,20.0,0.4942809806439335,14.028422402116904,7.108542146172996,3.9367646455739247,18.229898542367977,-9.503388539936491,40.0,9.925265652798943,1596.2498817680075
