{
    "train": {
        "E_consumo": {
            "RMSE": 5.354344163858581,
            "MAE": 4.2452697299329545,
            "R2": 0.9783310041911631
        },
        "T_out_leche": {
            "RMSE": 0.0634506495728613,
            "MAE": 0.04744195883738963,
            "R2": 0.377914066585619
        }
    },
    "val": {
        "E_consumo": {
            "RMSE": 5.3504212053601545,
            "MAE": 4.229988346436561,
            "R2": 0.9783415906461513
        },
        "T_out_leche": {
            "RMSE": 0.06335100176160104,
            "MAE": 0.047299835347683714,
            "R2": 0.37247539132563656
        }
    },
    "test": {
        "E_consumo": {
            "RMSE": 5.383772456703229,
            "MAE": 4.257130567533833,
            "R2": 0.9778648616940407
        },
        "T_out_leche": {
            "RMSE": 0.06429371202445099,
            "MAE": 0.04733520210871888,
            "R2": 0.3759476332167394
        }
    }
}