{
  "scenario": "full",
  "best_val_objective": 1.9147806729966799,
  "val_window_metrics_best": {
    "severity_rmse": 9.931898864011049e-05,
    "severity_mae": 6.90431015364266e-05,
    "stage_accuracy": 0.975326329194524,
    "stage_macro_f1": 0.9621076858361081,
    "stage_balanced_accuracy": 0.97081783443161,
    "watch_foul_auc": 0.9872349224348558,
    "watch_foul_ap": 0.7622969567329191,
    "watch_foul_f1": 0.5586297760210803,
    "foul_h_auc": 0.9872349224348558,
    "foul_h_ap": 0.7622969567329191,
    "foul_h_f1": 0.5586297760210803,
    "actionable_foul_auc": 0.9376265047405987,
    "actionable_foul_ap": 0.028838941230115166,
    "actionable_foul_f1": 0.0,
    "clog_h_auc": 0.9437037092259121,
    "clog_h_ap": 0.12297476780003622,
    "clog_h_f1": 0.11392405063291139,
    "tte_foul_mae_min": 37.85157933761951,
    "tte_clog_mae_min": 16.854975924754516,
    "ttu_mae_min": 74.41770846287334
  },
  "test_window_metrics": {
    "severity_rmse": 0.00012917077229511256,
    "severity_mae": 9.00765541766485e-05,
    "stage_accuracy": 0.9644175402332792,
    "stage_macro_f1": 0.9367124165476249,
    "stage_balanced_accuracy": 0.9563347196812004,
    "watch_foul_auc": 0.9524037425621137,
    "watch_foul_ap": 0.5086940047535157,
    "watch_foul_f1": 0.4933920704845815,
    "foul_h_auc": 0.9524037425621137,
    "foul_h_ap": 0.5086940047535157,
    "foul_h_f1": 0.4933920704845815,
    "actionable_foul_auc": 0.9545043370508055,
    "actionable_foul_ap": 0.0779449080166773,
    "actionable_foul_f1": 0.0,
    "clog_h_auc": 0.9580757035275466,
    "clog_h_ap": 0.16221952839761972,
    "clog_h_f1": 0.1461794019933555,
    "tte_foul_mae_min": 48.9201305546543,
    "tte_clog_mae_min": 16.921062856415393,
    "ttu_mae_min": 68.64126706880181
  },
  "val_event_metrics_best": {
    "total_events": 14,
    "tp_events_total": 11,
    "fn_events_total": 3,
    "false_alarms_total": 0,
    "precision_total": 1.0,
    "recall_total": 0.7857142857142857,
    "macro_event_f1": 0.4583333333333333,
    "false_alarms_per_day_total": 0.0,
    "per_type": {
      "clogging": {
        "tp_events": 11,
        "fn_events": 2,
        "false_alarms": 0,
        "precision": 1.0,
        "recall": 0.8461538461538461,
        "f1": 0.9166666666666666,
        "avg_lead_min": 25.0
      },
      "fouling": {
        "tp_events": 0,
        "fn_events": 1,
        "false_alarms": 0,
        "precision": 0.0,
        "recall": 0.0,
        "f1": 0.0,
        "avg_lead_min": NaN
      }
    }
  },
  "test_event_metrics": {
    "total_events": 15,
    "tp_events_total": 6,
    "fn_events_total": 9,
    "false_alarms_total": 0,
    "precision_total": 1.0,
    "recall_total": 0.4,
    "macro_event_f1": 0.3157894736842105,
    "false_alarms_per_day_total": 0.0,
    "per_type": {
      "clogging": {
        "tp_events": 6,
        "fn_events": 7,
        "false_alarms": 0,
        "precision": 1.0,
        "recall": 0.46153846153846156,
        "f1": 0.631578947368421,
        "avg_lead_min": 24.833333333333332
      },
      "fouling": {
        "tp_events": 0,
        "fn_events": 2,
        "false_alarms": 0,
        "precision": 0.0,
        "recall": 0.0,
        "f1": 0.0,
        "avg_lead_min": NaN
      }
    }
  },
  "policy": {
    "clog_prob_thr": 0.4,
    "watch_foul_prob_thr": 0.35,
    "actionable_foul_prob_thr": 0.55,
    "tau_clog": 60.0,
    "tau_foul_watch": 30.0,
    "tau_unplanned": 60.0,
    "foul_urgency_ttu": 60.0,
    "severity_incipient_thr": 0.000495,
    "severity_advanced_thr": 0.0011,
    "cooldown_min": 90.0,
    "objective": 0.4583333333333333
  },
  "n_features": 82,
  "state_primary": true,
  "outputs": {
    "watch_fouling": "p_foul_h / fouling_onset_within_30min",
    "actionable_fouling": "p_actionable_foul_h / unplanned_fouling_within_120min"
  }
}