Fold,Exact_Match,Recall_Macro,F1_Score_Macro
1,0.9682539682539683,0.9914882062492206,0.9912467211113033
2,0.9773242630385488,0.9950771872242214,0.9928846159671882
3,0.9750566893424036,0.9949964047469844,0.993863380833226
4,0.9705215419501134,0.9913240526966488,0.9908650652172734
5,0.9750566893424036,0.9944827675241732,0.9935930272069742
