subproduct_type,season,generated_volume_tons,moisture_pct,process_temperature_c,reuse_strategy,co2_emissions_kg,co2_per_ton
Straw,Dry,55.463770290362966,5.001188570252854,913.4412239891413,Biomass combustion,25303.815763961316,456.22242468355864
Bran,Rainy,14.250060543001373,17.274424066804794,46.92563731496186,Composting,338.72757181785926,23.770254925984744
Bran,Dry,17.87734333747215,17.039919226550268,61.79416812831269,Animal feed,220.943111976665,12.35883362566254
Straw,Dry,45.21760043334652,13.641560753430714,576.1820412934109,Biochar,15632.14159204525,345.7092247760465
Straw,Dry,47.4247656958775,11.51785717957353,721.9954323468099,Biomass combustion,17148.410641509156,361.59188959366475
Straw,Rainy,45.9124566815397,25.653661962689974,48.72390946021444,Composting,1124.3760363866418,24.489563784085778
Silo dust,Dry,3.0993036337965307,4.966313473091284,654.9178922684823,Biochar,202.97894033460722,65.49178922684824
Bran,Dry,15.288977927926096,15.834318057275883,526.9657751345625,Biochar,4834.060862882875,316.1794650807375
Silo dust,Dry,1.858998792753646,5.918316606002313,63.16200076204561,Animal feed,105.67627484809289,56.84580068584105
Silo dust,Rainy,5.1828682551179925,8.867219191813726,70.51521939815578,Composting,172.1027781241428,33.20608775926231
Straw,Dry,48.50414920897015,8.061600779372467,812.8147240375752,Biomass combustion,19708.22186584753,406.3203290287334
Straw,Dry,44.0328193078156,8.208981195709804,502.8325434210282,Biochar,2214.113452654748,50.28325434210283
Husk,Dry,22.762449772085738,7.960724402146638,56.30696327794831,Composting,626.4860182336186,27.522785311179327
Husk,Dry,14.991158607176727,10.304665217483008,910.2707052793005,Biomass combustion,6839.164024273311,456.21317227603697
Silo dust,Rainy,5.767943105093725,11.412306791341184,73.25269051038332,Animal feed,380.26561604303697,65.92742145934498
Bran,Dry,9.70303934765028,16.266039482120906,971.6330574188469,Biomass combustion,4795.102601731592,494.185628845542
Straw,Rainy,43.52837920881637,11.780683823043574,1060.4775748051559,Biomass combustion,23111.304693283608,530.9479726413193
Straw,Rainy,48.04222339349925,13.435259634879953,1033.8395490555201,Biomass combustion,24882.46686132486,517.9291278324098
Silo dust,Rainy,3.4359647261847854,9.478954923411793,728.681018505574,Biomass combustion,1260.2285831042302,366.77576271382696
Husk,Dry,22.51399615483202,7.499362576534012,845.9228674914166,Biomass combustion,9513.626047949112,422.5649672551476
Bran,Rainy,14.350896501332869,21.258849364489166,343.6598354482147,Biochar,2959.0960381094487,206.19590126892885
Husk,Dry,22.79370376305921,6.519906164354458,721.5082419951451,Biomass combustion,8206.218561549247,360.02128688049015
Husk,Rainy,11.573445306190298,18.378480810150563,55.65174238089755,Animal feed,579.6741569755594,50.0865681428078
Husk,Rainy,28.361396180434248,11.92735876314137,69.22932182209408,Animal feed,1767.0962011492732,62.30638963988467
Husk,Rainy,17.232058791460027,19.03310244222932,958.4940879044852,Biomass combustion,8374.48445596014,485.98281594248164
Straw,Rainy,49.02518469768188,24.02034009442442,858.9803630317764,Biomass combustion,21241.285490409133,433.2729314819596
Straw,Rainy,43.454805500957846,12.496103585816575,746.6346930681351,Biomass combustion,16260.779706927298,374.1998041291169
Husk,Rainy,22.466916502057614,20.239837771071567,546.540797443538,Biochar,7367.4518766791725,327.9244784661229
Bran,Rainy,7.220521768981864,22.93514364716299,76.89636997694697,Animal feed,499.7087220368062,69.20673297925228
Silo dust,Rainy,4.506982614891719,10.741152431628484,44.61964292234559,Animal feed,180.98995944031913,40.157678630111036
Bran,Dry,24.732714187573826,17.084993702330625,40.488815251511426,Animal feed,200.27965908182244,8.097763050302285
Bran,Dry,10.875158115337573,13.113213326433922,924.2159794931548,Biomass combustion,5070.469039670922,466.2432477666584
Bran,Rainy,10.396632034603169,24.155023969785475,850.9745560406798,Biomass combustion,4611.067733281116,443.51552675270926
Husk,Rainy,26.245703208455595,10.4307153748037,419.9906038762616,Biochar,6613.769243805841,251.99436232575695
Straw,Rainy,41.44182604109437,24.570047373219495,216.44272758333722,Biochar,5381.869118621183,129.8656365500023
Bran,Dry,11.233508878307212,13.502108281284007,67.893156118546,Animal feed,152.53567440679683,13.5786312237092
Husk,Rainy,21.96658919697186,20.957988619945084,64.25178842274701,Animal feed,1270.2533773079126,57.826609580472315
Bran,Dry,15.777136653714683,16.006973968946692,696.5733955419929,Biochar,6593.960190484843,417.9440373251957
Bran,Dry,10.551269491067156,11.788216985293193,44.63548259509771,Animal feed,94.19220114494271,8.927096519019543
Husk,Dry,20.30014502876006,5.618702855642599,47.113244355506026,Composting,484.0630024206738,23.845297742202412
Straw,Dry,37.688437628190066,7.793266787652253,486.5300993021789,Biochar,1833.655930178729,48.65300993021789
Straw,Dry,38.32427665492786,12.804144294435687,571.833731558538,Biochar,13149.068477321496,343.1002389351228
Silo dust,Rainy,7.3326054944735795,8.122825587485409,627.4212504138021,Biochar,460.0632508133729,62.74212504138021
Husk,Rainy,18.19307116409081,14.780796675103181,55.49898866309776,Animal feed,908.7273452545261,49.94908979678799
Silo dust,Rainy,3.4885096810143104,8.650080486609182,55.658898205040195,Animal feed,174.74994470058547,50.093008384536176
Silo dust,Rainy,5.174629948017127,7.912441133553321,65.46691605771314,Animal feed,304.8903579929092,58.92022445194182
Silo dust,Rainy,5.395157844102815,8.549706945299958,69.1237461396287,Animal feed,335.6401690790905,62.211371525665825
Straw,Dry,44.23497593625149,6.804576160453182,67.45420877926965,Composting,1414.7090005412083,31.981683511707864
Husk,Rainy,18.47387647822666,10.804659010773882,890.9219216540537,Biomass combustion,8250.421547812091,446.5993673572545
Silo dust,Rainy,1.8374848581610381,6.896610223800597,905.4165262995192,Biomass combustion,818.0675038231299,445.21047353927855
Husk,Dry,20.269942092228966,9.015515340623,515.7519607495875,Biochar,1045.4262378347685,51.57519607495875
Husk,Rainy,18.130863029752838,14.426152832973827,65.06097039827415,Composting,562.4989322983292,31.024388159309662
Straw,Dry,48.699714919984814,7.580610514317785,43.435671348288494,Animal feed,1903.7743308178221,39.09210421345965
Silo dust,Rainy,7.287975838404327,11.512872684690379,39.84400563336902,Animal feed,261.3439353251154,35.859605070032124
Silo dust,Dry,4.874686087595111,4.311333245037057,65.16734260635049,Composting,151.44156578546392,31.0669370425402
Husk,Rainy,17.007531916418323,18.122928539537284,638.8527213947439,Biomass combustion,5536.956382427625,325.55907639264757
Bran,Rainy,13.487651567559357,19.54638934583624,543.7258089563938,Biochar,4400.150555695911,326.2354853738363
Straw,Dry,41.20252501448248,13.042660322664332,993.9114638261726,Biomass combustion,20520.03712869978,498.0286310483906
Straw,Dry,49.94974099703666,6.931402747231083,545.0538007928444,Biochar,2722.5296179053,54.50538007928445
Straw,Dry,49.80831507740235,10.850658120953188,65.3885211454936,Composting,1551.7984008510643,31.155408458197442
Straw,Dry,45.40093839242926,7.266242603169157,44.44810056411894,Composting,1034.1988821109721,22.77924022564758
Silo dust,Dry,4.187595522756335,7.699714140419509,725.6539265418573,Biomass combustion,1512.1034529968488,361.0910950639189
Silo dust,Dry,4.651372589930504,4.9701095260977,70.95552781139284,Composting,155.2731018160382,33.38221112455714
Bran,Dry,23.746208110217637,13.847903466359579,529.4017073541133,Biochar,7542.769870041186,317.64102441246797
Straw,Dry,47.03343967911662,7.0421768624517425,962.4354550391394,Biomass combustion,22620.70075039757,480.94931828771644
Straw,Rainy,45.810612389435576,23.380916606651603,834.7265103217873,Biomass combustion,19295.777622387177,421.2075895941743
Husk,Rainy,30.30279308308026,8.119525975118504,381.30842442075124,Biochar,1155.4710286057373,38.13084244207512
Silo dust,Dry,6.464690108843291,4.541783480699425,50.09363449299163,Composting,161.8593799133581,25.037453797196655
Straw,Rainy,39.845754408493036,11.140494285343218,64.94595748321099,Animal feed,2329.03860453041,58.451361734889886
Bran,Rainy,17.32522730507591,21.533371160670917,61.66652828563513,Animal feed,961.5479576971696,55.499875457071624
Bran,Rainy,12.96638458476708,15.603454054211948,59.12361742183523,Animal feed,153.32391230683012,11.824723484367045
Silo dust,Rainy,6.176399869943714,9.305435798439657,64.06934599669708,Composting,189.16915946227004,30.627738398678833
Bran,Dry,16.49646290203246,17.22628611602792,486.6457166297972,Biochar,4816.75980648987,291.9874299778783
Bran,Rainy,20.054311201859196,20.972182038586002,880.4227380154509,Biomass combustion,8970.221660801075,447.29642272477867
Silo dust,Dry,8.44425721136994,5.088646697398013,1018.9584570986144,Biomass combustion,4275.131617615597,506.2768116370567
Straw,Rainy,45.80794430657235,24.1387612990965,914.1269162520613,Biomass combustion,21124.33076091397,461.14993983441275
Straw,Rainy,42.41354384595739,11.264368552351517,55.11288086745129,Composting,1147.0807548892556,27.045152346980515
Bran,Rainy,21.220169740674308,26.77812749802578,37.96839539174138,Animal feed,725.1262154944095,34.171555852567245
Bran,Dry,19.39796293993183,12.654862438164095,60.29779263234624,Animal feed,233.93086936838938,12.059558526469248
Straw,Rainy,46.99607422648241,13.76010061172333,474.5733982921353,Biochar,13381.851991230717,284.74403897528117
Silo dust,Dry,8.002667303910973,3.5781893332581562,57.886639144490076,Animal feed,416.92276297341346,52.09797523004107
Bran,Rainy,14.86420783297962,21.53039656338016,64.59446752670787,Composting,458.3792752359536,30.837787010683147
Husk,Dry,28.996357875094997,10.911237380162234,78.90906754940308,Composting,1060.21201427649,36.563627019761235
Silo dust,Rainy,5.459908895684425,9.842719136098003,763.7546803551292,Biomass combustion,2096.7748250418163,384.03110108652754
Bran,Dry,5.1682170531199905,11.8655724179369,338.55241731286543,Biochar,1049.8274259188079,203.13145038771924
Bran,Dry,16.575202445908076,13.893061664670235,433.3616670641676,Biochar,4309.8344183308745,260.01700023850054
Husk,Rainy,19.17718464495703,14.631411624591454,524.6187407314403,Biochar,6036.426275527002,314.7712444388642
Husk,Dry,21.51166870881667,7.279612810780105,651.1133072416275,Biomass combustion,6992.548772386838,325.05840746426634
Straw,Rainy,52.72938230407997,16.756544369082263,487.249570979,Biochar,15415.421343390384,292.3497425874
Silo dust,Rainy,7.249597289186383,12.19824467029875,780.0908885757847,Biomass combustion,2862.879539000705,394.90187175927997
Silo dust,Rainy,4.8282135005644164,8.811256499929238,50.43122214540496,Composting,121.53815054778505,25.172488858161987
Straw,Rainy,42.40500140816769,17.801305475969126,634.1084807526267,Biomass combustion,13544.898597894779,319.41747784698515
Silo dust,Rainy,10.203366228360789,9.481506358977137,61.301359991980256,Composting,301.20892165970736,29.520543996792103
Silo dust,Rainy,4.642780050905311,7.287386861113701,551.7540916606753,Biochar,256.1672889767564,55.17540916606754
Silo dust,Rainy,4.960753028379051,8.499063922016179,980.8698154774208,Biomass combustion,2432.481357780668,490.34518426237656
Silo dust,Rainy,3.2889772840434937,9.683258438738228,387.9154780717357,Biochar,127.58451955068108,38.79154780717357
Silo dust,Rainy,6.177156808841219,7.838953100390555,67.59210999919833,Animal feed,375.77435625494337,60.8328989992785
Husk,Rainy,27.72263001839047,15.751658883125938,544.5193727013593,Biochar,9057.30546434751,326.71162362081554
Silo dust,Rainy,7.909621289983486,9.555966129485418,62.30933440829995,Animal feed,443.5589142005308,56.078400967469946
Husk,Dry,24.13497194558659,8.472849352524896,529.7802673049416,Biochar,1278.623188873013,52.978026730494165
Silo dust,Dry,4.125083399353179,4.1125078221979,61.852101914364574,Composting,122.68344852558441,29.74084076574583
Straw,Rainy,45.149635922199245,1.2419474154766093,355.84104826493547,Biochar,1606.6093775335567,35.58410482649355
Bran,Rainy,16.69360251434818,24.35622778962347,63.15129578588922,Composting,505.1570646180073,30.260518314355693
Husk,Rainy,17.919029986349297,11.374923777031265,722.8826906024491,Biomass combustion,6503.406103423197,362.9329326630675
Silo dust,Rainy,10.116398571336504,7.8962837082151065,54.62310302572137,Animal feed,497.3301732702369,49.160792723149235
Straw,Rainy,49.237043668706896,19.517223754620225,350.66217944161434,Biochar,10359.341425278419,210.3973076649686
Bran,Rainy,19.78220174173811,28.523716725051763,56.936465392286905,Animal feed,1013.6957803665388,51.24281885305822
Husk,Rainy,25.4513725317213,14.196781537049535,48.63212351141777,Composting,622.3585796577169,24.452849404567107
Bran,Rainy,12.733859753363625,21.319261509900286,60.81563034984366,Animal feed,696.9759369185822,54.734067314859296
Straw,Dry,42.681941244042264,12.613114923528695,854.5360583407962,Biomass combustion,18276.219739245822,428.1956070073757
Husk,Rainy,19.32378552183984,11.470218187118771,527.3099941538871,Biochar,6113.775138331402,316.3859964923323
Bran,Dry,10.604745574120551,17.646647347400425,54.600655404611494,Animal feed,115.80521174922704,10.920131080922301
Silo dust,Rainy,6.164195406937232,11.442067391050706,66.80075191453447,Composting,195.53013228729694,31.720300765813793
Husk,Rainy,21.780834386124212,16.62714758720294,60.38939870661461,Composting,635.0367686931796,29.15575948264584
Bran,Dry,18.85719495957912,13.416669407262182,812.4881466197805,Biomass combustion,7708.9109166132575,408.80475241081746
Straw,Rainy,40.69917982652356,11.495491217429372,479.0674335752185,Biomass combustion,9776.776743279934,240.22048564498175
Straw,Dry,34.8109511468734,7.6601663285794235,55.13242991490715,Animal feed,1727.291091938629,49.619186923416436
Husk,Rainy,18.628858214727344,14.42550550142871,350.06872423498623,Biochar,3912.8283775104264,210.04123454099172
Bran,Rainy,15.607525057008578,23.413931623794667,68.8633019606159,Animal feed,967.3071397727946,61.976971764554314
Husk,Dry,19.667357412239838,6.6146768843397945,61.962222702227436,Composting,585.7900590378026,29.78488908089098
Husk,Rainy,18.644381994787157,18.478065706878567,467.39160838337625,Biochar,5228.536612714578,280.43496503002575
Bran,Dry,15.645323991200845,14.49224734783108,56.088148100566734,Composting,429.2335195959334,27.435259240226696
Bran,Rainy,9.344868042540284,22.40657715075804,874.6804819946782,Biomass combustion,4249.012534370652,454.68940974105095
Silo dust,Dry,6.573939131109991,5.110956096068043,52.87093593118811,Composting,171.89782150212866,26.148374372475246
Bran,Dry,17.579696088520496,15.200972151674616,69.27832996231444,Composting,575.0552749456951,32.71133198492578
Straw,Rainy,48.46985544600094,16.11542887293052,1088.153530285907,Biomass combustion,26450.709799703338,545.7146417358603
Husk,Rainy,22.835277586940514,10.668801448111937,323.03100129268927,Biochar,4425.90155022354,193.81860077561356
Husk,Dry,16.963272006172726,5.853064644521096,1144.398500492704,Biomass combustion,9684.692288424221,570.9212400119553
Straw,Rainy,50.894549397714854,19.002845986154714,1051.8101797055788,Biomass combustion,26881.377951368737,528.1779339729394
Bran,Rainy,16.19654233410173,12.86340857007064,74.29324262712855,Animal feed,240.65872986959576,14.858648525425712
Straw,Rainy,42.983932321366545,17.586761074809054,735.6981654214625,Biomass combustion,15909.105771652163,370.1175046691582
Straw,Dry,41.80282962317668,9.564538031023105,66.50190380730754,Animal feed,2501.9709790263855,59.851713426576794
Silo dust,Dry,2.980538590580125,2.6370675644581616,773.6070117914655,Biomass combustion,1111.4474708878938,372.9015535650435
Straw,Dry,45.09100129631392,12.006102619322368,61.78808885063332,Composting,1339.8897242658363,29.715235540253328
Husk,Dry,19.705590950486375,6.705518724023907,42.93493571943591,Composting,436.9512670614841,22.173974287774364
Straw,Dry,46.813806950391005,9.926933300162778,556.5860998761638,Biochar,2605.5914230873777,55.65860998761638
Husk,Dry,28.123392292347802,8.245340631989592,485.7624259323894,Biochar,1366.1287265379133,48.57624259323895
Husk,Dry,17.5125067079743,6.325361841337217,796.7244738109237,Biomass combustion,6958.138260234021,397.3239454672495
Husk,Dry,19.84040752678319,8.63494386946218,78.28593613064997,Animal feed,1397.902388803034,70.45734251758498
Bran,Dry,13.657658648541773,21.05689833335959,380.3060254919428,Biochar,3116.4539268915487,228.1836152951657
Silo dust,Rainy,11.38621513568972,8.63904017281875,51.96636203939729,Animal feed,532.5301601997455,46.769725835457564
Husk,Dry,15.933226761055412,3.7400462488341057,869.2079588707531,Biomass combustion,6889.1096554698615,432.37379087006286
Husk,Rainy,21.003259019778437,8.507694654815403,368.8786786144452,Biochar,774.7654433812799,36.887867861444526
Bran,Rainy,20.248270889301725,25.737238983684925,48.95565323802072,Composting,497.74828577697457,24.58226129520829
Husk,Rainy,24.263868375611096,14.20356653158221,80.19837891654255,Animal feed,1751.3306189715354,72.1785410248883
Straw,Dry,47.82031483376709,6.339217736181704,732.207099834966,Biomass combustion,17489.108534125455,365.7254996108049
Straw,Dry,48.23370195245841,9.468906323963152,704.3667895301528,Biochar,3397.421779140739,70.43667895301527
Silo dust,Dry,4.811794703080967,5.182806909205337,417.7860424809936,Biochar,201.0300666231205,41.77860424809936
Husk,Dry,22.117995327967307,6.0897548413012945,364.06597163006893,Biochar,805.2409459585743,36.40659716300689
Bran,Rainy,14.95456712636872,26.569540575896504,945.4684442387764,Biomass combustion,7293.444506673222,487.7068286258194
Straw,Dry,52.029368124870004,12.297466965858877,363.8079621984177,Biochar,11357.21903518816,218.28477731905065
Bran,Dry,11.982888506201387,16.090637822062078,477.7062750437512,Biochar,3434.580619537227,286.62376502625074
Bran,Dry,16.628981582910832,16.738899519640725,62.93393955641903,Animal feed,209.3054643647431,12.586787911283805
Straw,Dry,41.265073402947955,9.850070098321904,49.9084171065037,Animal feed,1853.5270457923368,44.91757539585333
Bran,Dry,16.753925878774048,20.42362847639757,317.2063486231548,Biochar,3188.6709918653373,190.32380917389287
Straw,Rainy,49.24703102176435,23.415892985281282,393.3039024446756,Biochar,11621.429690804353,235.9823414668054
Bran,Dry,12.476125393858913,12.002093303115267,810.2448284654672,Biomass combustion,5087.518233786537,407.7803062392072
Straw,Rainy,47.29679417094262,26.20523314864479,64.21473449875903,Animal feed,2733.435972296581,57.79326104888314
Husk,Dry,26.285299783445467,9.527182201239711,608.2496363580202,Biochar,1598.8024034842254,60.82496363580202
Silo dust,Rainy,5.858662043639804,10.02699095384203,63.059531342554386,Composting,177.07110332473422,30.22381253702176
Straw,Dry,47.59743712688641,8.192596278539744,418.2426801176262,Biochar,1990.727967067918,41.82426801176262
Straw,Dry,48.178236677411704,8.649077110288443,749.0158513368146,Biomass combustion,18044.004164183712,374.5260393194012
Silo dust,Rainy,6.555062481629888,7.981609519029073,66.94277554425037,Composting,208.300942962664,31.777110217700148
Straw,Rainy,43.91959282338112,16.109569495083328,718.1284463028135,Biomass combustion,15849.271560658231,360.8701843934373
Straw,Rainy,47.01832712775839,20.569539248294575,518.3418504623424,Biochar,14622.940013427622,311.00511027740544
Bran,Dry,19.296286124999202,13.21759626967534,62.76942196666193,Composting,580.9681210928036,30.107768786664774
Silo dust,Rainy,5.30027223274277,7.067375228469735,318.6334691027684,Biochar,168.88441287079047,31.863346910276842
Husk,Dry,15.24074762662688,6.841489534314307,57.57106635753794,Composting,427.1741753135444,28.028426543015176
Straw,Dry,45.93786687078335,8.929343628092155,488.8242647785344,Biochar,2245.5543998604867,48.88242647785344
Silo dust,Rainy,6.686828618791999,7.607160414154793,974.2819429686168,Biomass combustion,3249.3909313588565,485.93901782185515
Bran,Rainy,12.366222836725047,25.55465101420384,372.35181919403567,Biochar,2762.7513418880394,223.41109151642138
Husk,Dry,18.09811972890205,12.18256980484917,421.7981069236965,Biochar,4580.251584317572,253.0788641542179
Silo dust,Dry,4.301366407763605,4.776534017628148,279.9795125451934,Biochar,120.42944701239237,27.99795125451934
Husk,Rainy,23.72702098672701,15.584909104000754,767.1126006061081,Biomass combustion,9173.699743529744,386.6351257775491
Husk,Rainy,24.49567856843746,15.28493888742049,65.59159288903184,Animal feed,1446.039518581379,59.03243360012866
Husk,Rainy,17.47584717577525,20.75866064665925,529.5071616805784,Biochar,5552.151741604983,317.70429700834705
Straw,Dry,50.94751321043276,10.140104326226362,778.7787218389096,Biomass combustion,19852.998953656675,389.6755249202484
Straw,Dry,53.18740465177732,8.569056605737057,887.3610829748243,Biomass combustion,23598.38481104738,443.68370604935717
Bran,Dry,18.209652674807757,15.795466581896662,731.9366010132575,Biomass combustion,6739.70910185039,370.117388959015
Bran,Dry,10.066805076802169,14.670186853889449,55.31417068089984,Animal feed,111.36739484591683,11.062834136179967
Silo dust,Dry,7.629828907168095,6.612278257988645,507.99089674719204,Biochar,387.5883628579969,50.799089674719205
Bran,Dry,10.942551611332378,18.598976027575706,488.87201230511084,Biochar,3209.704335590756,293.3232073830665
Husk,Rainy,7.986230325501564,13.23023620945348,51.04001193185498,Animal feed,366.8555619937277,45.936010738669474
Husk,Dry,21.766036972539215,6.138237611613191,448.02146847850344,Biochar,975.1651847394419,44.802146847850345
Straw,Dry,47.07842982094897,8.754701276531096,1020.9846265021499,Biomass combustion,24034.983966920692,510.5307050029438
Husk,Dry,19.074173855125633,8.412099035759026,661.0795800971271,Biomass combustion,6303.569684173553,330.476681823871
Silo dust,Rainy,0.8642905471280153,8.559610745984084,198.25668976024707,Biochar,17.135138286467313,19.82566897602471
Husk,Dry,32.42233684320716,5.100119640967495,794.550380959524,Biomass combustion,12853.625698923817,396.4435309238604
Husk,Dry,16.239217972047083,7.381581845900273,682.3932123384785,Biomass combustion,5530.876196788914,340.5875951852688
Silo dust,Rainy,3.983089319940513,8.366493341202963,882.7240608345087,Biomass combustion,1756.3843715984153,440.9603276545771
Bran,Dry,14.028342272898358,12.662545044215108,919.8205082003972,Biomass combustion,6491.896450156123,462.77003539455626
Bran,Dry,15.976876421758721,18.991851106528767,67.93968665195621,Composting,514.0699732173196,32.17587466078248
Silo dust,Dry,4.878678372370758,6.901190685753008,66.06484958813978,Composting,153.31705300568768,31.425939835255914
Straw,Dry,44.82172458858487,9.8255688031687,51.01187036071337,Composting,1138.6846245655204,25.404748144285346
Husk,Dry,19.09260835210402,9.662698534126509,1026.2239056706285,Biomass combustion,9806.718323910107,513.6395270387139
Silo dust,Rainy,7.103900811656532,6.669114659559961,352.104475389273,Biochar,250.13152685057537,35.2104475389273
Husk,Rainy,20.733965059927748,12.550816844949681,843.4507261249446,Biomass combustion,8782.966831734824,423.6028567786846
Straw,Rainy,50.60548798096472,20.878898913332264,509.23519211081737,Biochar,15462.057236308936,305.5411152664904
Husk,Dry,18.465594256563136,6.2237042085452465,541.974761432799,Biochar,1000.7886041915671,54.19747614327991
Silo dust,Dry,1.651111472344608,5.11391962810077,765.571580652501,Biomass combustion,605.1512221876226,366.5114271953407
Husk,Dry,22.209703247847045,8.337309343933455,1021.3478272549464,Biomass combustion,11340.06303788406,510.59047981576873
Bran,Rainy,15.277877799990799,23.221279118188264,80.37466625158915,Composting,567.5711206826834,37.14986650063566
Straw,Dry,49.33575440048779,10.413448094489988,495.1632701649596,Biochar,14657.552091000498,297.09796209897576
Straw,Dry,47.13964835856748,7.850201885381759,73.49311348643475,Composting,1621.4740524035683,34.3972453945739
Straw,Rainy,46.73423882310609,12.281368963396691,947.5413925518244,Biomass combustion,22177.392452033182,474.54271237789703
Silo dust,Dry,3.3280918408386073,6.900935612994575,59.17698364726672,Composting,95.41903378095625,28.670793458906687
Straw,Rainy,49.23059744291633,8.203048869546281,68.38353649401714,Composting,1592.777929958556,32.35341459760686
Bran,Rainy,11.306845939869653,20.65841710890483,874.7917401467453,Biomass combustion,5083.359056629578,449.5824108388072
Silo dust,Rainy,3.6587595818467102,11.001164636085957,393.8114336452571,Biochar,864.5168137742247,236.2868601871543
Bran,Dry,25.95412579936376,11.01418434121331,693.220597493513,Biomass combustion,9019.07422031658,347.5005974016537
Husk,Dry,16.534065863817904,4.361384142670553,442.1729336196585,Biochar,731.0916407665017,44.21729336196586
Husk,Dry,26.98539750366658,7.308780970606603,758.7155150198405,Biochar,2047.4239765009509,75.87155150198406
Husk,Dry,18.925394848556323,5.7885906630281285,472.7653282631304,Biochar,894.7270508087088,47.276532826313044
Husk,Dry,26.36820166075823,3.7681600090580156,56.013856935197204,Composting,722.6348784894476,27.405542774078885
Bran,Dry,9.082969058667345,18.330907085948294,1083.318495355958,Biomass combustion,5026.8403093918805,553.4358068296028
Silo dust,Dry,8.029273813160717,5.111172160289536,76.28542655231004,Composting,285.1530001627069,35.51417062092402
Silo dust,Rainy,5.8481220889281795,7.3807929601567075,732.7878439012666,Biomass combustion,2132.8200962774463,364.7017048969203
Straw,Dry,45.84284817759246,10.195351711120558,58.74162059839278,Composting,1306.3675188071054,28.49664823935711
Bran,Rainy,13.190943303837162,17.607418087876614,51.61803685990481,Animal feed,136.17811953487623,10.323607371980962
Husk,Dry,14.519384876309658,7.112763390965894,59.64004588022758,Animal feed,779.3431021582115,53.67604129220483
Bran,Dry,13.33090255121995,17.090863213532206,451.43232582106,Biochar,3610.8002063946747,270.859395492636
Straw,Dry,47.1075982385138,10.312375645881755,52.22081187332619,Animal feed,2213.9973228758954,46.99873068599357
Straw,Rainy,40.35489188019882,10.3016674036334,713.2924436929852,Biochar,17270.903666515933,427.9754662157911
Bran,Rainy,12.4187895649542,14.777578108372936,54.587959028406914,Composting,333.26049820642186,26.835183611362766
Bran,Rainy,12.28663100132989,14.795769063389045,363.9939144876925,Biochar,2683.3553484239424,218.3963486926155
Bran,Rainy,25.166468847332283,24.22736471421168,912.8030428331714,Biomass combustion,11674.515152777543,463.89166567621487
Silo dust,Dry,5.987903743987441,5.061115609367388,62.34609682597438,Composting,179.2684893628394,29.938438730389752
Husk,Rainy,17.390490929084226,10.450955020003626,984.7221224524394,Biomass combustion,8579.972131903694,493.3714733466418
Bran,Dry,24.791737271102967,18.302878904995712,77.18850490404822,Animal feed,1722.2734205373656,69.4696544136434
Bran,Dry,15.423914323219794,14.138679922409253,887.3021187227358,Biomass combustion,6899.162862752837,447.30298147251466
Bran,Rainy,16.204624986447342,15.901914853523303,616.444025394821,Biochar,5993.5465539954575,369.8664152368926
Straw,Rainy,43.921576664641975,25.80953212383053,39.02104558691326,Animal feed,1542.47926075209,35.11894102822193
Straw,Rainy,44.73340573031283,19.54025269752051,466.1357924642508,Biochar,12511.104917834538,279.6814754785505
Silo dust,Rainy,3.9529112374262856,8.210404874151806,59.62643158758061,Animal feed,212.12819232315934,53.66378842882255
Husk,Rainy,14.137041955736287,13.626146611429611,471.72143096473434,Biochar,4001.2473965810445,283.0328585788406
Silo dust,Rainy,1.150376644074667,8.306733633018355,442.13823614585147,Biochar,50.862550031455726,44.213823614585145
Husk,Rainy,16.7311683067559,11.282803097412144,658.2348744095584,Biochar,6607.823081473593,394.9409246457351
Straw,Rainy,45.41269287497483,12.213400065077579,1001.1601862241479,Biomass combustion,22768.05601569888,501.3588619019215
Straw,Dry,44.95240869766603,12.387912519976556,70.24587566848315,Composting,1487.8505684383656,33.09835026739326
Straw,Rainy,46.95224426971766,19.90919530420492,449.2270777745262,Biochar,12655.331692944605,269.53624666471575
Silo dust,Rainy,7.2675401937341295,8.610183439294637,746.5158350785052,Biomass combustion,2713.196837328323,373.3308334046182
Bran,Dry,9.488598390684253,12.616721839593957,772.5120681467031,Biomass combustion,3704.6576386152656,390.43254715600955
Bran,Rainy,15.961413371995206,31.332977617141204,67.08367167120271,Composting,508.10715248208436,31.833468668481082
Straw,Dry,46.616000334444244,11.578268050293357,557.9543620811642,Biochar,15605.760437628103,334.77261724869845
Bran,Dry,8.101909176055347,12.085029796376142,72.14269650459279,Animal feed,116.89871495918729,14.42853930091856
Bran,Rainy,22.234667690997785,18.52800000184581,61.127511084731495,Composting,654.8332967537043,29.4510044338926
Silo dust,Dry,6.713234209251355,4.464386661574588,59.010173309862616,Composting,192.02581670930516,28.604069323945048
Husk,Dry,16.93101561578562,7.287056725263339,928.3931841353333,Biomass combustion,7848.661910973277,463.5671060190615
Straw,Dry,49.31716531925429,11.600819050455364,468.05832066083633,Biochar,13849.9857474498,280.8349923965018
Straw,Dry,43.823054140082235,10.29047743356333,62.50495063797811,Composting,1314.7784050329242,30.001980255191246
Silo dust,Rainy,4.951944283838792,7.359517341102597,497.032231052829,Biochar,246.1275915445698,49.7032231052829
Silo dust,Dry,7.193506853599882,3.144162229049676,638.0435146402655,Biochar,458.9770395459707,63.80435146402656
Bran,Rainy,16.066468536864694,14.425541332184856,436.35525366458285,Biochar,4206.412772338579,261.81315219874966
Straw,Dry,48.089597385867165,6.7643321888833565,374.4496665400245,Biochar,1800.7133705181996,37.44496665400246
Husk,Dry,16.182843299249974,6.003940325640559,47.25919132525113,Composting,386.829451562575,23.903676530100455
Silo dust,Dry,4.06145319049044,4.242450288760718,53.02266216698386,Animal feed,193.814154383754,47.72039595028547
Husk,Dry,9.980688177966233,7.470970317378779,678.400793864079,Biomass combustion,3376.2943111919685,338.2827166813618
Husk,Rainy,27.406192742944018,14.773282648580333,56.17138044302826,Composting,752.8084353382676,27.468552177211304
Straw,Rainy,50.314838095242706,18.039821413236652,73.00737305888016,Animal feed,3306.018739694886,65.70663575299216
Straw,Dry,54.50866459203729,9.62727386024603,68.18187136105907,Animal feed,3344.8524815496617,61.36368422495316
Silo dust,Dry,3.0529076005910625,5.80712259663731,341.5466206707949,Biochar,104.27102742020622,34.15466206707949
Straw,Rainy,42.27126522477584,12.918754127708754,61.341806576409766,Composting,1248.5546361872057,29.536722630563908
Straw,Dry,49.85966533026067,8.522394262539557,64.44974063198002,Composting,1534.675326064354,30.77989625279201
Straw,Dry,43.6723575980101,11.62447956187844,669.2445001547845,Biomass combustion,14643.009173431701,335.2923903998006
Husk,Dry,19.953498394306926,8.000414129836393,66.93878444980653,Animal feed,1202.096635232465,60.24490600482588
Silo dust,Rainy,5.37942345745105,12.192159471066297,540.1610914568407,Biochar,1743.4531477111746,324.0966548741044
Bran,Rainy,20.62793885520172,18.566200238501256,58.64440610013306,Composting,587.024983569274,28.457762440053227
Husk,Rainy,25.348041310789903,14.448792434220662,468.96281233054526,Biochar,7132.373244107324,281.37768739832717
Straw,Dry,47.074359645470174,10.52512265800385,618.0659057984967,Biomass combustion,14565.820510586573,309.4215326620635
Husk,Dry,20.924066353820926,5.621854268392305,969.0629594160072,Biomass combustion,10115.028170539767,483.4159861423241
Straw,Rainy,54.22676722560011,17.672261966094975,773.6399276194804,Biomass combustion,21074.57882230532,388.63793474223826
Straw,Rainy,48.50038022811078,20.052379219472282,845.9951828017709,Biomass combustion,20645.132657602215,425.66950115653555
Husk,Rainy,20.986578537027977,14.265972772884313,58.146628771842416,Animal feed,1098.2689122453132,52.33196589465817
Silo dust,Rainy,4.99298401598292,5.517861379874702,52.23996825992766,Composting,129.29825068682416,25.89598730397107
Straw,Dry,46.36756286496993,4.334960858447583,62.305009893821634,Composting,1387.410399546589,29.922003957528652
Silo dust,Rainy,4.4272162530064465,7.332329633120396,949.1129657476482,Biomass combustion,2090.67354121784,472.23208032770015
Bran,Dry,16.502371798054142,15.98023429380696,543.3783912872343,Biochar,5380.219344030291,326.0270347723406
Straw,Rainy,49.65003148993296,16.373185608242924,580.6874095875273,Biochar,17298.688903096998,348.4124457525164
Silo dust,Dry,8.20450645121382,5.970941331376861,66.72886216317451,Animal feed,492.72964208993073,60.05597594685705
Silo dust,Rainy,5.74433736294419,8.671167119077237,54.12502185028257,Animal feed,279.82114675627395,48.71251966525431
Bran,Rainy,23.213364766279817,17.242352428530687,696.7203710812491,Biochar,9703.93446840412,418.0322226487495
Silo dust,Rainy,7.004170433180818,7.015283427018972,65.17196834539014,Animal feed,410.82801638128,58.65477151085113
Silo dust,Rainy,5.238036812107949,5.512303766734204,737.6448991841464,Biomass combustion,1907.789467840537,364.218415462564
Bran,Dry,15.882436551813127,17.365645854951904,60.658639093736696,Composting,464.7749774493074,29.26345563749468
Straw,Rainy,45.53588894959932,5.1883317060234475,861.7650232697312,Biomass combustion,19594.254070355222,430.30353688807554
Silo dust,Dry,6.234060340641392,5.443613922682179,63.6738869063063,Animal feed,357.2521677873804,57.306498215675674
Silo dust,Dry,5.432633763137002,7.017907963833238,280.3820932304412,Biochar,152.32132262627215,28.03820932304412
Silo dust,Dry,4.116063605491582,4.671465091537268,416.39260138499634,Biochar,171.38984321567472,41.63926013849964
Husk,Dry,22.95907066870689,9.34572247193364,57.39045167040742,Animal feed,1185.8682920489023,51.65140650336668
Bran,Rainy,8.968643453585992,16.84889821880705,49.757852725096484,Composting,223.34739331090296,24.903141090038595
Husk,Dry,21.277868268561846,3.6768793333616134,77.71095899310555,Animal feed,1488.1711936310203,69.939863093795
Bran,Dry,17.95510778279938,20.51282019919413,649.1252601643521,Biochar,6993.068406473179,389.47515609861125
Straw,Dry,47.275812791633996,10.346683328740816,759.8472587132234,Biomass combustion,17977.761199423265,380.27397389568813
Straw,Rainy,47.54827839117987,14.668806378708862,61.49931670063391,Animal feed,2631.7679682141707,55.34938503057052
Silo dust,Rainy,4.784881736282183,12.342965782364185,66.79268360360696,Composting,151.76244543828028,31.717073441442786
Bran,Rainy,25.632177944866044,29.091164705746863,63.46381346182185,Composting,778.8471936096114,30.385525384728744
Straw,Rainy,43.83455436784209,11.699176174137099,533.289932859739,Biochar,14025.91593345785,319.97395971584336
Bran,Dry,12.69796692180379,15.755363120681817,66.91795753312672,Composting,403.37863910114453,31.76718301325069
Straw,Dry,44.82165788433145,10.6514147156264,562.2863953733807,Biochar,15121.56506786376,337.3718372240284
Husk,Rainy,19.24293384944858,15.552631327436814,64.1646144475614,Animal feed,1111.243888160817,57.74815300280526
Straw,Dry,45.99619590542991,11.974669033178204,1067.1774426327688,Biomass combustion,24575.926689202246,534.3034615238915
Husk,Dry,19.97587689047435,10.227897266431322,1015.9520043380717,Biomass combustion,10162.685930738848,508.74792563349257
Straw,Dry,45.67671410268358,7.821839767704391,70.35583287622973,Animal feed,2892.2609373693585,63.32024958860676
Silo dust,Rainy,5.911237239049077,7.428640806776008,58.52143000156269,Animal feed,311.3406506768772,52.66928700140643
Husk,Rainy,18.212772885947864,13.429882894995517,62.81735063829374,Animal feed,1029.6703264249763,56.535615574464366
Straw,Dry,45.61928133397379,13.13667855206025,49.48746153172768,Composting,1131.1293787179052,24.794984612691074
Silo dust,Rainy,2.5357153403703347,8.598501672894272,480.1619247953597,Biochar,121.75539585653405,48.01619247953597
Husk,Rainy,8.12166994453692,16.0639008563481,509.824937462995,Biochar,2484.377922941173,305.894962477797
Silo dust,Rainy,5.9243453321638855,5.803751296232505,776.6352634117706,Biomass combustion,2278.491355551428,384.5979982262786
Bran,Rainy,10.816860353546843,27.267835346746814,608.3225529692506,Biochar,3948.084063228892,364.99353178155036
Bran,Rainy,8.783380357969506,21.660440725990586,344.252880780419,Biochar,1814.2223947326902,206.5517284682514
Husk,Dry,27.429341377588422,6.500377185667083,427.942753251916,Biochar,1173.818786901189,42.79427532519159
Straw,Rainy,47.72245339514264,25.420580142679825,71.37706202714779,Animal feed,3065.659664465489,64.23935582443302
Husk,Dry,17.254265114771414,8.699189998720595,576.9678839602134,Biochar,995.5156832558191,57.69678839602134
Silo dust,Dry,2.4612095867687906,5.628625232841216,401.00498448394654,Biochar,98.69573121539594,40.10049844839465
Straw,Rainy,51.85057722823063,20.34302898249796,60.66095559655773,Animal feed,2830.775006607827,54.594860036901956
Bran,Dry,14.669336926870887,13.689840791878213,87.9670223168008,Composting,589.5138401618431,40.186808926720325
Straw,Dry,55.327005585736465,7.073188083146623,419.257655540174,Biochar,2319.6270649933986,41.92576555401741
Bran,Dry,15.75202719088082,15.742535749728614,644.2954479755593,Biomass combustion,5149.402599238923,326.90412077373895
Straw,Rainy,51.278752185460384,15.887294447974812,40.83832820334121,Animal feed,1884.7246604468685,36.75449538300709
Straw,Rainy,49.223056476266095,11.944140353596094,51.96027601193022,Animal feed,2301.879240591854,46.764248410737196
Straw,Dry,41.95817569241513,11.492176239079368,520.8421042894582,Biochar,13112.150711870576,312.50526257367494
Silo dust,Rainy,8.966772469703423,5.9195047359378465,45.404472906588296,Composting,207.6864934125935,23.161789162635323
Silo dust,Rainy,4.636449448234133,7.476708187723929,61.38673138970844,Composting,137.02883799345494,29.55469255588338
Husk,Rainy,24.6082505596223,13.4326388276689,308.1291462452526,Biochar,4549.511541315407,184.87748774715158
Husk,Rainy,15.699933192107302,14.640937644537415,346.99854241368917,Biochar,3268.7123601921194,208.19912544821352
Bran,Dry,17.21940115108718,13.901305382045216,689.1367904020566,Biomass combustion,5986.92193821289,347.6846776308998
Silo dust,Dry,4.782047815409301,4.068732420283736,68.27170605199218,Composting,154.5016641891246,32.30868242079688
Bran,Rainy,17.021473774808488,23.74695420693404,1034.9152561133583,Biomass combustion,8989.333282580345,528.1172124992147
Husk,Rainy,25.29252150225589,16.233752081599036,55.19622509019678,Animal feed,1256.4465389434424,49.67660258117711
Bran,Dry,20.26264470674832,15.328411812141868,486.8483603336996,Biochar,5918.901210902842,292.10901620021974
Husk,Dry,24.76512073572618,7.640979074516976,568.8654412064601,Biomass combustion,7036.253546118656,284.1194929434829
Silo dust,Rainy,5.0683048349760496,7.648583841676777,54.17888406209572,Animal feed,247.13559004097394,48.760995655886155
Straw,Dry,46.18763874636791,8.82392284308225,427.987631971003,Biochar,1976.7738133390149,42.7987631971003
Silo dust,Rainy,6.641110838012746,11.43474713950326,988.6662920307814,Biomass combustion,3310.255101339375,498.449006812529
Bran,Rainy,10.730301458061536,27.587392807253313,761.4711912346904,Biomass combustion,4325.206117011339,403.08337411731037
Bran,Dry,13.742305569777521,17.350171527847785,46.2327029749637,Animal feed,127.06878631974269,9.24654059499274
Silo dust,Dry,5.50772241802917,4.535778902566774,606.8934495677495,Biochar,334.2600657539349,60.689344956774946
Silo dust,Rainy,5.4571530550357945,7.803148129312879,61.06605787089022,Composting,160.58449498282744,29.426423148356086
Husk,Rainy,23.876396981477114,8.752339870969369,46.04666273747204,Animal feed,989.485559272865,41.44199646372484
Bran,Dry,7.48459849120091,16.951350277608416,357.5502790744397,Biochar,1605.6721675734095,214.53016744466382
Bran,Rainy,22.28354975030897,23.320667364771868,62.49451346781808,Composting,668.4575887441362,29.997805387127233
Silo dust,Dry,5.314107210802901,2.6908162687151345,719.1356807316693,Biomass combustion,1869.6099259794491,351.82013681974104
Straw,Rainy,45.20223989156392,17.09496930670193,62.20381582788034,Animal feed,2530.576624700257,55.983434245092305
Bran,Dry,17.10793305307228,16.997772756163386,844.7662087138362,Biomass combustion,7316.2599147755855,427.6530596699825
Straw,Dry,42.531736393750535,9.080538537251545,968.1020702575152,Biomass combustion,20592.257493257173,484.1621631108136
Silo dust,Dry,6.87512024440953,6.058207046943908,73.07307994791094,Composting,235.3300857305431,34.229231979164375
Silo dust,Rainy,4.634196685769564,4.713265351725282,253.48994256464107,Biochar,117.47222517089767,25.348994256464106
Husk,Rainy,24.245510553715718,16.08661327269733,62.56054864283259,Animal feed,1365.1311981294389,56.304493778549336
Bran,Dry,20.376967228230384,14.03028610643373,62.90495473337086,Composting,614.6097165792374,30.161981893348344
Straw,Rainy,42.29425169397969,21.870657308096824,62.4512788398817,Composting,1268.0033008158443,29.980511535952683
Husk,Dry,8.335810997378758,11.684958089134422,1102.4609294325937,Biomass combustion,4624.838980581452,554.8157200344104
Bran,Dry,17.10486472194695,17.096485260607604,928.0746030729243,Biomass combustion,8028.676008550315,469.37968461386674
Husk,Rainy,25.270643380094896,14.68977940368029,74.9358276930887,Animal feed,1704.3089202218553,67.44224492377982
Silo dust,Rainy,6.619715683274053,9.753148030278249,869.2277656503197,Biomass combustion,2887.9385583351063,436.2632319137244
Bran,Dry,15.135270203444756,13.588773322405736,460.1860706379853,Biochar,4179.024313780454,276.11164238279116
Husk,Rainy,20.716942336711256,12.892168582261391,891.8080988912861,Biomass combustion,9280.34886016043,447.9593904026695
Husk,Rainy,18.167494722439493,13.280303248759518,47.19874693066811,Animal feed,771.734687191803,42.478872237601294
Straw,Dry,42.826235882991405,12.4354969713024,45.68482002276686,Animal feed,1760.85799071032,41.116338020490176
Husk,Dry,16.631884294832986,9.194549775113165,864.9949066854698,Biomass combustion,7199.007978368562,432.843798739333
Bran,Rainy,21.179058100034695,17.533902240205364,54.969194608953444,Animal feed,232.83915326702777,10.993838921790688
Bran,Dry,12.20502636059001,11.249794532380818,62.72047493488641,Composting,367.2271517745555,30.088189973954567
Straw,Dry,44.32087621693246,13.040678474619005,447.2710060360299,Biochar,11894.065736367438,268.3626036216179
Bran,Rainy,16.94085128833995,20.930975542307895,905.8090530554417,Biomass combustion,7814.108261685455,461.2582997563853
Silo dust,Dry,7.070498669447505,5.8901984111247865,914.4391164605073,Biomass combustion,3211.360984266054,454.1915831400605
Bran,Dry,15.868383230692631,10.66833126760826,52.98662808397286,Animal feed,168.16242410773245,10.597325616794572
Bran,Rainy,14.359791468626943,15.010187661219739,637.1747818693925,Biochar,5489.818198027402,382.30486912163553
Husk,Rainy,21.428449001335995,15.467767750998334,51.46623112939027,Composting,548.2788486255242,25.58649245175611
Husk,Dry,18.641724448369732,6.906639830825469,361.4045686705404,Biochar,673.7204383538132,36.14045686705404
Bran,Dry,25.229086440441428,14.72647729944431,67.71038919953256,Animal feed,341.6542524061877,13.542077839906511
Straw,Rainy,50.35470296217545,23.949556986205838,527.7954772792755,Biochar,15946.190689906523,316.6772863675653
Husk,Rainy,30.776663740953087,21.571399371851093,52.1795029962185,Composting,796.2477258586338,25.8718011984874
Straw,Rainy,47.662356865601986,20.757381376197618,64.781853664909,Composting,1473.3741154448494,30.9127414659636
Bran,Rainy,12.482894733365846,27.19989618690301,878.7585284766285,Biomass combustion,5718.439167917963,458.1020099955663
Bran,Dry,13.720794315484541,15.131339288141668,1005.1986205573115,Biomass combustion,6963.780620042016,507.53480155176385
Silo dust,Rainy,6.444775856656333,9.133963615637466,51.054673108636116,Animal feed,296.13233215801745,45.94920579777251
Husk,Rainy,14.901678306539422,15.6938177776808,447.49912936909584,Biochar,4001.09284098884,268.4994776214575
Bran,Dry,10.828179105019917,21.317031199021894,567.1426347763872,Biochar,3684.6732164709706,340.2855808658323
Silo dust,Rainy,5.379321754126842,9.633080653217263,476.0889064682097,Biochar,256.10354114629,47.608890646820974
Husk,Dry,5.900345339982895,8.594254704238809,64.65958499723865,Composting,182.1072791093885,30.863833998895466
Bran,Rainy,21.907270393452432,28.998335616821684,1082.9255353068368,Biomass combustion,12124.283929237003,553.4365400840018
Bran,Rainy,17.93568842106424,26.144807328526888,730.728955537868,Biomass combustion,6770.430655713163,377.4837350409007
Husk,Rainy,22.839708715375657,15.07754914757624,59.40698314855965,Composting,656.9338198858113,28.76279325942386
Husk,Dry,18.768451223165965,7.515701548352139,66.97776901011213,Animal feed,1131.3620916324896,60.27999210910091
Husk,Dry,27.436230776679636,9.36410413142524,46.24999285710268,Composting,644.7513448622998,23.499997142841075
Bran,Rainy,18.840897822314236,27.099956477200173,57.33462668135258,Composting,526.2988263051294,27.933850672541034
Bran,Dry,16.033873899172082,10.798741319007696,43.230915260307455,Animal feed,138.63180876591275,8.64618305206149
Silo dust,Dry,4.212781125302812,5.092540615493623,1120.4698389415933,Biomass combustion,2333.1314191527135,553.8221307391111
Straw,Dry,55.75548997847744,12.145956095532023,836.9407316457559,Biomass combustion,23366.680149896078,419.0920061668548
Husk,Dry,21.650713078945365,10.725234053226735,68.94367887212374,Animal feed,1343.411828880569,62.04931098491137
Bran,Dry,4.822345785910635,10.153900646169822,488.2862291621449,Biochar,1412.8110237109581,292.9717374972869
Bran,Dry,15.013426703773893,13.561725774852206,179.81648658505594,Biochar,1619.7969848849273,107.88989195103356
Husk,Rainy,19.77294391033881,12.838608050631457,283.53902649662336,Biochar,3363.840760385882,170.123415897974
Straw,Rainy,44.40731971745584,26.130713993915556,446.94298365825045,Biochar,11908.52398247134,268.16579019495026
Husk,Dry,18.119338095129322,8.504120685410555,59.71291409787772,Animal feed,973.7626312663746,53.741622688089954
Straw,Rainy,52.250908142633065,17.2313121383639,458.52813179657386,Biochar,14375.106777189558,275.1168790779443
Bran,Rainy,16.70025647284445,25.161487584206846,868.6607269680634,Biomass combustion,7455.85468542502,446.4515079483154
Straw,Rainy,45.88350338310191,24.339610666659436,67.79755496288821,Animal feed,2799.7104082551473,61.01779946659939
Silo dust,Rainy,6.065666601593601,4.710394594899524,56.05800357776038,Composting,166.3399970294223,27.423201431104154
Bran,Dry,17.807010249238715,16.708242800703108,66.06428013690072,Animal feed,235.28146270127377,13.212856027380145
Silo dust,Rainy,0.5613992545049298,9.171786012586661,54.09171659599051,Composting,14.953816021277056,26.63668663839621
Husk,Rainy,17.626511151814704,10.723862601647122,1054.967777309976,Biomass combustion,9317.936174677243,528.6319053398115
Husk,Dry,24.234985438447293,8.835347396967574,823.5212193353575,Biomass combustion,9981.537304423886,411.86479479326607
Husk,Dry,18.935958692591978,3.851848080470421,894.393921030208,Biomass combustion,8433.222542649442,445.3549291881716
Straw,Rainy,42.59447548007385,20.368160384057273,784.9473709647,Biomass combustion,16851.05826275826,395.61605285270775
Bran,Rainy,1.1946901692200527,27.910727511750714,56.66637919812533,Composting,33.05295730741867,27.666551679250134
Husk,Rainy,28.72319586629341,14.336314840473552,39.386745440588584,Animal feed,1018.1818834432784,35.44807089652973
Husk,Rainy,27.861210832598264,15.65295997271394,55.356665222255764,Composting,756.2275424617226,27.14266608890231
Bran,Rainy,8.707475446623327,19.16168058100331,352.70502206833345,Biochar,1842.7021917364514,211.62301324100008
Husk,Rainy,16.653069736144325,14.628340796889251,51.836763489342104,Composting,428.56184359433524,25.734705395736842
Silo dust,Dry,3.814146933903956,4.8539131784683205,69.59068237369085,Composting,125.24236979107862,32.836272949476346
Bran,Rainy,16.292609573598114,18.84029589884696,905.7350152824357,Biomass combustion,7491.947642980389,459.8371801114634
Bran,Rainy,5.600378074304775,15.656066751048167,53.224701373464164,Composting,147.23327060487105,26.289880549385664
Bran,Dry,11.213447431610195,20.159538633307754,66.48088364660408,Animal feed,670.93190458037,59.83279528194368
Silo dust,Dry,4.517537867405297,6.015228091665072,59.57798605687957,Animal feed,242.23122726812844,53.62018745119162
Bran,Dry,14.490683028171714,20.79431745338117,522.441047143353,Biochar,4542.316569036267,313.4646282860118
Silo dust,Dry,6.3022724836473145,4.004184605209771,1012.3634766379604,Biomass combustion,3156.120355329184,500.7908438612356
Bran,Rainy,17.68657828772102,26.43515352990146,70.67480260759439,Composting,588.4310631539842,33.269921043037755
Straw,Rainy,43.240032204975485,17.771498844516103,57.89955013146059,Composting,1217.631525960057,28.159820052584237
Husk,Rainy,23.176906794111346,15.092201085705243,63.57421716217619,Animal feed,1326.1083351087163,57.216795445958574
Straw,Rainy,53.334481936780534,19.403182022450682,1059.617127500207,Biomass combustion,28378.003593704212,532.0761084234732
Husk,Rainy,18.273034226649763,13.701859009620732,57.25101242114384,Animal feed,941.534738533721,51.525911179029464
Silo dust,Rainy,7.860311273119756,8.522174316031943,57.105920893437464,Composting,218.8496818698274,27.842368357374987
Straw,Dry,44.99635474919922,12.430643149356158,59.895150231439956,Animal feed,2425.557084813409,53.90563520829597
Bran,Rainy,12.713491724566051,26.949752538736558,52.82362855483796,Composting,332.1965644202236,26.129451421935183
Husk,Dry,19.866816777774183,6.653906309745976,55.29410832329854,Composting,538.7412514686191,27.117643329319414
Husk,Dry,20.22133986674557,8.992329811195873,486.0679175692996,Biochar,982.8944559490078,48.606791756929965
Straw,Rainy,49.446160107935675,18.17065990755789,30.863275579550276,Animal feed,1373.4634191856057,27.77694802159525
Silo dust,Dry,6.239422891932272,3.123447293958126,61.208098324462554,Composting,183.95839840257855,29.483239329785018
Straw,Rainy,52.48436067293883,16.583662455802664,531.1143259109912,Biochar,16725.11750380634,318.66859554659464
Silo dust,Dry,4.434306907644413,6.761688930792192,65.81432518797614,Animal feed,262.6568251226984,59.23289266917852
Silo dust,Rainy,7.220235213332636,8.593527841386454,409.53958548868565,Biochar,295.69721363990595,40.95395854886856
Husk,Dry,19.96739342385271,7.597016932104964,460.3938834148899,Biochar,919.2865800080483,46.03938834148899
Straw,Rainy,52.04174314335741,15.104737260263729,229.0648394176656,Biochar,7152.560121689138,137.43890365059934
Straw,Rainy,48.7962856604779,21.755654239029255,66.68649860160592,Animal feed,2928.64809191492,60.01784874144532
Silo dust,Rainy,8.156075014106197,7.1639824755563914,51.19087769617942,Composting,207.78703048172105,25.47635107847177
Straw,Rainy,48.15273918107034,19.48287772570381,995.8904306785377,Biomass combustion,24099.418637639126,500.47866533650944
Bran,Rainy,22.345116987703836,16.13516867641534,56.420561685986854,Animal feed,252.14481027706745,11.284112337197373
Bran,Dry,20.54964797940168,20.593875170469236,52.513197984948604,Animal feed,971.2149595769874,47.26187818645374
Straw,Dry,43.07977043062638,6.5995805149646865,600.5415600508462,Biochar,2587.1192541040687,60.05415600508463
Straw,Dry,43.16095236748918,7.820733925315223,67.54054838828951,Composting,1381.8505185818706,32.016219355315805
Silo dust,Rainy,9.154759991182488,10.720912096844406,74.21282982952499,Animal feed,611.4605808201927,66.7915468465725
Bran,Dry,12.895305571538577,18.4676552525781,59.18328969148016,Animal feed,686.8679447704733,53.264960722332155
Bran,Rainy,23.153338886187825,24.173518275779028,79.3583338640837,Composting,850.7308533902852,36.74333354563348
Husk,Rainy,22.76625609992392,14.515518019380593,1094.6132131934555,Biomass combustion,12520.728400989607,549.9687057035017
Silo dust,Dry,1.4701592317103143,5.114346891303689,57.64922370922315,Composting,41.252211533370584,28.059689483689258
Husk,Dry,23.08937400232284,4.9481405624548085,64.91220517806784,Composting,714.9597430803846,30.964882071227137
Bran,Rainy,16.749450600573688,24.11357124747088,447.21444446226656,Biochar,4494.357747230243,268.32866667735993
Silo dust,Dry,3.9223162876145237,5.260442263333556,408.93653080191984,Biochar,160.39784153649487,40.89365308019199
Straw,Rainy,39.500161117267915,15.463081591269507,861.0912366094116,Biomass combustion,17078.232629404236,432.3585561765799
Silo dust,Rainy,5.983084241754619,8.334725363298082,1047.0140302605157,Biomass combustion,3130.311150942862,523.1935611230599
Straw,Rainy,44.87803755517621,19.779446887771595,74.20521343288648,Animal feed,2997.1659197078516,66.78469208959784
Straw,Rainy,49.22748281715318,16.35276106826454,1184.5107272994862,Biomass combustion,29237.49711778675,593.9263079199943
Silo dust,Rainy,5.467894904269079,7.5537687387221055,842.5982343672198,Biomass combustion,2295.1410339111253,419.74856395268046
Straw,Dry,46.80146126306067,8.585413238728076,694.9459798958101,Biochar,3252.44873580135,69.49459798958101
Husk,Dry,14.617684597335984,5.6473934861534625,50.72196442318294,Composting,369.6634942248339,25.288785769273176
Bran,Rainy,14.327516077991337,21.842770849489476,58.473460756365235,Composting,406.74936003900405,28.389384302546095
Straw,Rainy,45.35505547400833,17.815602193281048,54.719661614366956,Animal feed,2233.63195923472,49.247695452930266
Husk,Dry,23.14874939199337,10.669806495686888,453.5126669927737,Biochar,6298.950644586156,272.1076001956642
Straw,Dry,39.29452017372857,7.782006613578153,47.77943604952539,Composting,947.4606063636228,24.111774419810157
Bran,Rainy,15.119515216424777,22.579551332387563,67.07393844619048,Composting,481.2477492672102,31.829575378476193
Husk,Dry,21.16873588211455,10.339601905177101,342.8025083725821,Biochar,4354.017455679331,205.68150502354925
Bran,Rainy,15.795794726660528,24.8145664631727,73.89955366887824,Animal feed,1050.5719621308901,66.50959830199041
Bran,Dry,12.437964564201515,10.47878423046484,1233.0028101634896,Biomass combustion,7685.864270883927,617.9358552769232
Husk,Rainy,24.426157414944953,15.876524050493106,998.1738735106806,Biomass combustion,12267.297231905222,502.2196911086626
Husk,Dry,17.81195871621517,8.011667093330868,70.58743829914809,Animal feed,1131.5704831810303,63.528694469233294
Husk,Rainy,19.19814499708776,15.67487502426739,822.0910520378436,Biomass combustion,7965.429996769776,414.90623172072526
Silo dust,Dry,5.355557845859762,5.153440975954272,60.54076819846971,Animal feed,291.8066275077225,54.48669137862275
Husk,Dry,17.57347082316066,6.5150315349232315,414.49513556278487,Biochar,728.4118171154622,41.44951355627849
Husk,Rainy,13.395881130605215,17.83498841095615,82.36283650795986,Animal feed,992.9904906960915,74.12655285716386
Husk,Dry,26.654335901835836,9.046158008004788,44.05424941271508,Composting,602.966384209084,22.621699765086035
Husk,Rainy,22.948047733460136,7.848955035312651,476.69120764893944,Biochar,1093.913258724862,47.66912076489395
Straw,Dry,45.1135701637208,4.940879844611394,1077.6258791490218,Biomass combustion,24279.74061897535,538.1915137920188
Silo dust,Rainy,3.7053691833399256,9.59954912744313,61.75194018667194,Composting,110.05234038835745,29.700776074668777
Bran,Dry,20.564528336904658,9.782803106686698,56.20153071088091,Animal feed,231.15159417626558,11.240306142176182
Husk,Rainy,20.82159165950506,14.532713925920111,439.3581119997012,Biochar,5488.881120209321,263.6148671998207
Straw,Dry,48.79084489560107,7.738769330124947,1081.9231477547798,Biomass combustion,26387.028658746734,540.8192605643064
Straw,Rainy,43.88716841552951,15.482822204194001,804.5211415236597,Biomass combustion,17725.92170707203,403.8975934660596
Straw,Dry,46.59910507168787,10.577307861614969,414.59384531329107,Biochar,11591.821295897496,248.75630718797467
Bran,Rainy,4.9239700582229275,18.54454173650783,712.287919127366,Biomass combustion,1863.3603003153194,378.4264076105716
Husk,Rainy,16.267108267298806,13.38242170735898,48.06289012339172,Animal feed,703.6598135488496,43.25660111105255
Silo dust,Rainy,3.643029189949841,8.397307100616898,446.1788972528679,Biochar,162.54427466318288,44.617889725286794
Silo dust,Dry,4.074368627320978,3.2977867339199887,504.32966640822906,Biochar,205.4824970640943,50.432966640822904
Straw,Rainy,44.505133725339604,11.910381866174436,559.0434341399109,Biochar,14928.18167680189,335.4260604839465
Bran,Dry,15.907133100569856,13.631637517577435,1027.6603821030922,Biomass combustion,8224.224107526414,517.0148546271854
Bran,Rainy,14.619516156940204,28.002285475850673,47.82603881010734,Animal feed,629.2741923961322,43.04343492909661
Bran,Dry,15.090208243170496,11.502985229134005,58.71410046950509,Composting,429.8542423739591,28.48564018780204
Silo dust,Rainy,4.918488300306758,11.071694609735237,61.51385583924742,Composting,145.6145136023718,29.60554233569897
Straw,Dry,43.75776863438239,9.766468168409506,819.0018546411465,Biomass combustion,17929.88989438314,409.7532953335935
Husk,Dry,21.090377543263617,5.816049050667691,903.1421048287715,Biomass combustion,9501.856516324255,450.5304135420373
Silo dust,Rainy,6.611780457095652,8.171757664108908,61.39168919748566,Composting,195.42225063108867,29.556675678994267
Straw,Dry,46.36619759563645,7.921852867216438,847.1916588432096,Biomass combustion,19635.121283237564,423.47922196418017
Straw,Dry,53.116422065021965,9.89519109884506,559.0723586149834,Biochar,2969.592336508078,55.90723586149834
Husk,Rainy,21.026334468005423,17.871546256611676,423.77039878101675,Biochar,5346.202885445817,254.26223926861002
Husk,Dry,10.178537388821935,6.947675292905021,1038.8097136195086,Biomass combustion,5273.407735925727,518.0909137020984
Husk,Dry,28.64557384034767,8.063563136323182,457.42792440828487,Biochar,1310.3285385274496,45.74279244082849
Bran,Dry,14.204773947999744,21.6563407003444,362.1729926326634,Biochar,3086.751294250536,217.30379557959802
Husk,Rainy,21.162974541139082,16.885869858666137,58.24199603325817,Composting,598.8444244164818,28.296798413303268
Straw,Dry,44.578458094411936,10.88397201279006,73.81783897451939,Animal feed,2961.616897211095,66.43605507706745
Husk,Rainy,9.780868525389415,19.61906187072637,69.32290085066279,Animal feed,610.234361117045,62.39061076559651
Straw,Dry,44.24721454194641,12.435918304611118,57.56156728385809,Composting,1240.011679501553,28.024626913543237
Silo dust,Dry,6.039228919695603,5.738915471043683,1144.2518939087042,Biomass combustion,3432.6958949555174,568.3996981403607
Bran,Dry,10.110813998143572,16.55999722739343,920.3103723725417,Biomass combustion,4737.321925386656,468.54011222602526
Silo dust,Rainy,10.059129010925645,5.663122492194743,512.4419412256552,Biochar,515.4719597398042,51.24419412256552
Silo dust,Dry,7.457961004978124,5.5348173363459106,784.8868499892487,Biomass combustion,2902.870395893467,389.23110404517087
Straw,Dry,40.77201870962723,8.247230533109393,474.99017091177274,Biochar,1936.6308135303836,47.49901709117728
Silo dust,Rainy,4.945336131787813,10.658259654672227,921.3138368430517,Biomass combustion,2297.6953226078144,464.618634886839
Straw,Dry,49.26861121750583,11.149402523330696,67.9905331582252,Composting,1586.2627139449437,32.19621326329008
Husk,Rainy,17.501349119241848,5.757485471824296,953.9605146536189,Biomass combustion,8325.427903835476,475.70206428726624
Husk,Rainy,27.307631031382517,14.50611878328561,51.27846320806705,Animal feed,1260.264017827997,46.150616887260355
Straw,Dry,41.85998571245629,8.801267012319363,520.132500456776,Biochar,2177.273903770481,52.0132500456776
Husk,Rainy,27.671817667205104,10.618707644459123,873.354494192194,Biomass combustion,12102.858164017482,437.3712746149317
Bran,Dry,23.62348324880554,8.747661181504235,52.22609924141096,Animal feed,246.75247611598553,10.445219848282193
Silo dust,Rainy,4.143309520588277,10.386649380665201,592.9597969915801,Biomass combustion,1245.3568486665422,300.5705565751997
Bran,Rainy,10.532533830561958,22.99671468685559,472.48488160456384,Biochar,2985.877799957478,283.49092896273834
Silo dust,Dry,2.492599740203559,5.485464524646742,63.7013290945591,Composting,75.97576524170557,30.480531637823642
Husk,Rainy,21.7922680910481,12.393994738951331,941.7928788098877,Biomass combustion,10299.167829829015,472.60651286039115
Bran,Rainy,16.010104684950036,16.29066564193814,471.49401699389324,Biochar,4529.201142239905,282.8964101963359
Husk,Rainy,19.168892576449245,12.080024549667652,835.181443601392,Biomass combustion,8038.723150352037,419.3629401537964
Silo dust,Rainy,4.5064986758022485,12.1292394823215,56.2514486176144,Composting,123.93132486190625,27.50057944704576
Straw,Rainy,46.043247291566004,17.026513519416593,69.66760406414522,Composting,1513.3053253123692,32.867041625658096
Straw,Dry,41.91826617082165,13.405654012018557,504.60735131371115,Biochar,12691.359158472873,302.7644107882267
Bran,Rainy,17.66700425618781,23.32536658711736,57.481216921032726,Animal feed,913.9688135952659,51.73309522892946
Husk,Dry,29.71334062080752,9.298240280119874,827.3914471008303,Biomass combustion,12298.988225250285,413.92142277794255
Husk,Rainy,27.36335337875491,16.628140377589382,53.357758186467755,Animal feed,1314.0424734790229,48.02198236782098
Bran,Dry,12.857499975889574,17.644799237934624,367.9531907086912,Biochar,2838.5748843992933,220.7719144252147
Straw,Dry,41.294487014290425,8.35964624190795,482.87603003428455,Biochar,1994.0117951762877,48.28760300342846
Silo dust,Rainy,4.849240775154468,9.05560583147988,67.01292326752232,Animal feed,292.4656199740502,60.3116309407701
Bran,Rainy,9.261543050921663,23.296228112886244,385.56130712019717,Biochar,2142.535586798001,231.3367842721183
Silo dust,Rainy,5.528595643950867,5.010109428373429,522.5199472673185,Biochar,288.88015043395336,52.251994726731844
Straw,Dry,46.96664674822929,11.730397216002551,870.6482161684572,Biomass combustion,20476.06604616074,435.97036330750433
Husk,Rainy,18.02518901751715,18.436170828403675,64.60271091292468,Composting,555.9163751873798,30.84108436516987
Straw,Dry,45.35377885112421,11.86438312852077,369.43946015737407,Biochar,10053.285344913753,221.6636760944244
Bran,Dry,11.85807954502431,18.03640938272559,56.78337484941581,Animal feed,606.0075982193749,51.10503736447423
Husk,Dry,17.536223944029604,6.995449650984227,70.18573303186041,Animal feed,1107.713458910322,63.16715972867437
Bran,Rainy,12.919240720692759,23.16457723294416,961.6273806649024,Biomass combustion,6384.728142102959,494.20304800703457
Bran,Rainy,16.35028679195711,14.717586797805932,66.20613773922541,Composting,514.7471697294457,31.48245509569016
Straw,Dry,39.07777095433194,12.744122847899371,73.73807827427105,Animal feed,2593.367760073108,66.36427044684395
Bran,Dry,18.575812003803424,14.168051830302058,60.344664064195086,Composting,541.2595140546812,29.13786562567803
Straw,Rainy,53.885649623091126,16.71724509723563,471.9784323424461,Biochar,15259.718660916522,283.18705940546766
Husk,Dry,15.199768523602682,4.690225127543408,872.8823454156764,Biomass combustion,6604.119972524951,434.4881938346537
Straw,Rainy,45.334624902373974,16.46715276433075,925.2602935403211,Biomass combustion,21056.810727004657,464.4752387904285
Husk,Dry,19.514408994624286,5.94380718435614,686.3124540403362,Biomass combustion,6675.4728771985,342.07917232017735
Straw,Rainy,47.06285986686718,20.213927626609262,476.61922481872705,Biochar,13458.638272499167,285.9715348912362
Silo dust,Dry,4.575582060197696,5.0720368612837445,493.4831220766845,Biochar,225.79725203844274,49.34831220766845
Silo dust,Rainy,6.3552793769666955,8.354497947763129,529.0501360661723,Biochar,336.22614191227694,52.90501360661724
Bran,Dry,17.253277776673272,14.80207613732757,60.18663606917742,Composting,501.6330891013907,29.074654427670968
Straw,Rainy,41.994010926361426,15.66200329752502,62.212861217305324,Animal feed,2351.310816347754,55.99157509557479
Straw,Rainy,44.41550139272848,23.413455269435367,826.7412403774451,Biomass combustion,18536.646846074967,417.3463377610257
Husk,Dry,20.403533131933706,8.840235996503946,805.321534583493,Biomass combustion,8218.270830475714,402.78665353370803
Bran,Dry,10.743147748435945,14.795167132081986,61.32918641750274,Animal feed,131.7737021949206,12.265837283500549
Straw,Rainy,45.09287445180099,22.17739610911446,57.874289299108334,Composting,1269.3515967997655,28.149715719643332
Bran,Dry,20.769503671278734,13.765720178651993,769.5029711287638,Biomass combustion,8043.245047078419,387.2622655976648
Silo dust,Rainy,4.715984773940947,7.680747397880177,52.41147868962362,Animal feed,222.45456193199587,47.17033082066126
Straw,Dry,44.24464553262891,9.946336312581881,526.4698334664674,Biochar,2329.3471165346027,52.64698334664675
Straw,Rainy,40.15683892569992,11.793830463195636,1063.6124027985638,Biomass combustion,21386.66106068195,532.5783013013688
Bran,Rainy,15.852318854982855,20.62980319656894,457.5920534259487,Biochar,4352.337081848693,274.5552320555692
Straw,Rainy,50.42747193013932,9.949642762928116,584.5803267362869,Biochar,2947.890801740578,58.458032673628686
Bran,Rainy,20.719183632101952,13.258812610660376,438.3676960723742,Biochar,5449.572475982987,263.02061764342454
Straw,Rainy,49.949933558189656,16.538401753308566,58.58706936793905,Animal feed,2633.778200067844,52.72836243114515
Husk,Rainy,16.081232394377857,13.134353912372886,1249.9933982474674,Biomass combustion,10095.918505637046,627.8075123873385
Bran,Dry,10.482867918155282,20.865690092723334,52.917322605969865,Animal feed,499.2527731147153,47.62559034537288
Straw,Dry,44.9015400398578,9.245911661731483,459.906907592341,Biochar,2065.052842586468,45.990690759234106
Silo dust,Dry,3.9178323406443614,3.4826937843215067,478.1221551476459,Biochar,187.32024422160282,47.812215514764596
Straw,Rainy,46.37360652313375,26.774665358236206,1034.107439598719,Biomass combustion,24204.7327037574,521.9506205902429
Silo dust,Rainy,4.899434051275,8.006578352139183,54.88701182022429,Composting,132.06328813027113,26.95480472808972
Silo dust,Rainy,7.858915604088015,11.740819387967733,57.82543757376278,Composting,221.07267148510476,28.130175029505114
Husk,Rainy,14.16881053070347,12.200513370371306,38.841584347667734,Animal feed,495.30514440099745,34.95742591290096
Bran,Dry,13.757356909627752,15.702073363059444,62.54258279740996,Animal feed,172.08412671878276,12.508516559481993
Straw,Dry,34.92605883179289,9.25582351709409,60.1639441034082,Composting,1015.146074682298,29.06557764136328
Husk,Rainy,6.678338394627765,21.050617400017167,878.4062409317983,Biomass combustion,3076.3115349942727,460.6402600786058
Straw,Dry,46.9124902503643,10.405984225872155,69.90708253703517,Animal feed,2951.563795155067,62.91637428333165
Silo dust,Dry,5.839219944048236,4.905541285557997,967.7416024089384,Biomass combustion,2797.1580663615564,479.0294068666871
Bran,Rainy,13.806966153718522,20.53785086496731,1092.9847233255914,Biomass combustion,7681.5513045637745,556.3533088327998
Straw,Dry,44.402618232386104,12.693339447509732,71.88175392810182,Composting,1498.7083221794608,33.75270157124073
Straw,Rainy,36.94898066625939,16.791507742917553,49.06614613213675,Composting,909.9225372529684,24.6264584528547
Silo dust,Dry,6.144780622351352,3.7068584562413522,66.81876133169413,Composting,194.95855504796234,31.727504532677656
Straw,Rainy,44.48332565536164,17.968267894635826,483.960185342169,Biochar,12916.895117282927,290.37611120530136
Straw,Rainy,44.39604559045453,25.4805111671278,69.4284617173273,Animal feed,2774.1142365098303,62.48561554559456
Silo dust,Rainy,7.166546486932433,11.220697959828586,815.0389885556272,Biomass combustion,2945.6800402964623,411.0320146067078
Husk,Rainy,28.277035565441476,17.146121379249692,59.608276293937806,Animal feed,1516.9908138825072,53.64744866454402
Silo dust,Dry,2.8429258549760066,4.937444914011626,51.050626464586344,Animal feed,130.61983130000542,45.94556381812772
Husk,Rainy,19.468892530789944,12.218290483939093,58.733888948768076,Composting,554.7379713975164,28.493555579507227
Bran,Rainy,17.169427400008214,21.896715259806566,517.1886574951556,Biochar,5327.899864182472,310.3131944970933
Husk,Rainy,19.812146775102594,13.732297537335652,545.8204917294233,Biochar,6488.325417001204,327.492295037654
Husk,Dry,32.14572161006077,4.067121461727902,580.0313192135593,Biochar,1864.552531255537,58.00313192135593
Bran,Rainy,18.90035148695532,21.033001444426212,48.38067508343755,Animal feed,822.970587827836,43.5426075750938
Husk,Dry,16.50004103214085,7.382184936788463,343.2555654453448,Biochar,566.3730914358898,34.32555654453448
Silo dust,Rainy,3.2067155453695837,8.77866926288534,683.7233361000431,Biomass combustion,1098.2734461567063,342.491696135189
Husk,Dry,15.339436267718655,9.714661531121235,50.223833027438765,Composting,384.8592956765694,25.089533210975507
Bran,Dry,11.71257531016828,14.967186488951413,881.8086786246497,Biomass combustion,5229.933729199625,446.52295423528716
Silo dust,Rainy,6.003437986055398,12.535658116810357,1176.4354572456975,Biomass combustion,3570.0954847750227,594.67516664077
Bran,Dry,16.565922369324902,18.985922484744695,60.79940137773793,Composting,485.7088771766374,29.319760551095175
Bran,Rainy,10.820025792018583,25.463010932038358,72.74388087331718,Animal feed,708.3816005347373,65.46949278598547
Straw,Rainy,42.83971429131549,26.490464531668664,947.0648884962582,Biomass combustion,20508.681570759487,478.7305870272115
Straw,Rainy,50.61645321597571,24.053452868779516,55.36879174130854,Composting,1374.111008799497,27.147516696523418
Bran,Dry,18.880139569217377,11.048604240160245,47.35855864972338,Animal feed,178.82723942074884,9.471711729944674
Bran,Dry,19.312167047776786,11.719690253710764,62.72406474193619,Composting,581.0958817236191,30.08962589677448
Bran,Rainy,19.864982726665,24.06606913759164,496.7826725235958,Biochar,5921.147525152624,298.0696035141575
Straw,Rainy,47.283587307651615,28.406348143833615,154.69248993487304,Biochar,4388.649512204152,92.81549396092382
Straw,Dry,53.61848080686435,11.785907740217539,844.9758501139383,Biomass combustion,22684.084180916852,423.0646568041665
Husk,Rainy,30.571658573650478,18.49332962372607,354.65810976223247,Biochar,6505.491985216336,212.7948658573395
Husk,Rainy,21.048566495986833,17.43381884615027,59.4347011662032,Animal feed,1125.9137336993408,53.49123104958288
Bran,Rainy,11.708548793703896,20.46912483136577,841.1355668313277,Biomass combustion,5059.454586646479,432.1162832209512
Silo dust,Dry,3.6460097230829374,4.047683619261203,64.60255863510126,Animal feed,211.9874012276533,58.14230277159113
Silo dust,Dry,3.559541824962097,6.3091443869175965,60.152757759660524,Composting,103.44421197774047,29.061103103864205
Straw,Dry,49.87889405858855,9.093788264038576,66.83672421416917,Animal feed,3000.3676976714796,60.15305179275225
Straw,Rainy,50.94197414957603,17.722763189431035,47.31194092424478,Animal feed,2169.1473043762317,42.580746831820306
Straw,Rainy,42.348506636397,19.418755118307505,384.28501692114355,Biochar,9764.337953611788,230.57101015268614
Bran,Rainy,7.028357533592711,23.369404716118428,1154.0349704292437,Biomass combustion,4231.429531242318,602.0509786273384
Silo dust,Dry,4.954844117811164,4.683234894064353,493.3115963873111,Biochar,244.42820616077034,49.33115963873111
Husk,Rainy,27.64683404174072,15.165399245144874,59.23771722283996,Composting,793.3283050372727,28.69508688913599
Bran,Rainy,15.947399106105403,16.878177715990134,69.33510300551885,Composting,522.0228194073019,32.734041202207536
Husk,Rainy,26.279864602155776,15.528608886307794,837.1257087249041,Biomass combustion,11072.160317948803,421.31725127078994
Husk,Rainy,29.755710241488973,18.866579304648287,521.67987979895,Biochar,9313.773205267411,313.00792787936996
Bran,Dry,16.881608885155913,8.679713725801513,63.112158979514895,Animal feed,213.08695675799024,12.62243179590298
Husk,Dry,16.334219014450017,8.882614303398492,538.1123139279525,Biochar,878.9644390071659,53.81123139279525
Silo dust,Rainy,6.747319353788587,10.403751562615838,400.27360333638217,Biochar,1620.4642983613605,240.1641620018293
Husk,Dry,21.262949636895456,7.7686928629035386,426.53406624534375,Biochar,906.9372368994975,42.65340662453438
Silo dust,Dry,4.553680731638218,5.1437880099255295,64.34886341984104,Composting,139.9780754412909,30.73954536793642
Silo dust,Rainy,5.092005494506548,8.523779127375892,66.32442466367847,Animal feed,303.95190132669273,59.69198219731062
Silo dust,Rainy,5.404578112772578,9.579904881499697,863.8195875299782,Biomass combustion,2343.592552711707,433.63098910035575
Straw,Dry,47.44853341649194,8.479621102075827,315.1846425981734,Biochar,1495.50490466845,31.518464259817343
Husk,Rainy,23.181828638764653,16.767690550544426,850.9019705587716,Biomass combustion,9950.053756304893,429.2178115606641
Bran,Dry,21.77721400552748,12.251177698308826,70.65751288608628,Composting,724.3755817150841,33.263005154434516
Bran,Rainy,22.793606064217187,22.906367965971242,736.9391435145731,Biomass combustion,8568.012756937078,375.89544773205824
Husk,Dry,17.024482806761384,5.222183657941786,50.941737956181754,Composting,432.025110826431,25.376695182472705
Straw,Rainy,46.03794196376507,17.687942304321922,63.27861140750776,Animal feed,2621.8953355738363,56.950750266756984
Straw,Dry,47.65209392440683,12.553930772176376,40.12659823139756,Animal feed,1720.9047850105442,36.11393840825781
Silo dust,Dry,7.294223854216473,4.742539815088575,446.5020249885877,Biochar,325.68857216277166,44.650202498858775
Husk,Dry,18.00450573089537,6.4154032155917875,66.74264995782745,Composting,570.6898981188161,31.697059983130984
Husk,Rainy,20.947819282173157,17.619440466245162,350.7234824248179,Biochar,4408.135276709711,210.43408945489074
Bran,Dry,16.808305306235084,16.59601859646583,66.79512254079411,Animal feed,224.54256252661048,13.359024508158823
Husk,Dry,16.228969593024765,10.193412860680255,68.38568215009383,Composting,525.0765104499756,32.35427286003753
Straw,Rainy,47.69907808242423,23.226255074365387,62.24088208837267,Composting,1426.0284682730203,29.89635283534907
Husk,Rainy,10.967060137655555,9.490334196761417,61.56407320125965,Composting,324.9060579351751,29.625629280503862
Bran,Dry,26.600203610086297,18.365573568691413,551.835538422827,Biochar,8807.362608797279,331.1013230536962
Silo dust,Dry,4.952045395004072,5.465346173526646,63.5301722761735,Composting,150.60194580063649,30.412068910469397
Bran,Rainy,8.64795628010285,24.629459853558284,60.32478780925039,Composting,251.91423243286573,29.129915123700155
Bran,Rainy,11.630378266352022,25.025995711360626,297.47224654839334,Biochar,2075.8288506596064,178.483347929036
Silo dust,Rainy,1.9085404266185337,10.82754324277117,905.788779409842,Biomass combustion,885.623817249296,464.0319926669851
Bran,Rainy,11.503408960861691,23.644728638337156,69.29966629273845,Composting,376.3900056909534,32.719866517095376
Bran,Rainy,14.222171527390822,20.503278896039266,822.7561111018964,Biomass combustion,5986.36920326246,420.91808495862733
Husk,Dry,20.480293209757104,9.742151457691191,484.97977272536224,Biochar,993.252794621678,48.497977272536225
Husk,Rainy,27.952910363089252,13.146846051180471,66.54501828998546,Composting,883.8153243634856,31.618007315994184
Silo dust,Dry,3.6915994302486457,2.89314960864219,68.33888369994246,Composting,119.36991080345766,32.33555347997699
Husk,Dry,21.691262437645893,7.823911061647912,51.937818331909554,Animal feed,1013.9371630886033,46.74403649871859
Husk,Dry,15.110098947287376,7.873253664736027,59.98268301774393,Animal feed,815.7098479696964,53.984414715969535
Bran,Rainy,6.563278264446449,17.38667038717702,62.46468528607313,Composting,196.80563581566093,29.985874114429254
Straw,Dry,43.056595463437276,9.939229020980028,82.18343483011387,Animal feed,3184.685016548376,73.96509134710247
Husk,Dry,22.554314945741588,8.345053565846179,54.8006676550746,Animal feed,1112.39236577652,49.32060088956714
Straw,Rainy,47.02705873279905,15.539649645256771,42.90690354792189,Animal feed,1816.0069258716,38.6162131931297
Husk,Dry,14.879857045568102,4.634682611754629,972.4041077424231,Biomass combustion,7204.572436461361,484.1829067576432
Husk,Dry,20.542606380361782,6.1449756129491915,55.82161675878647,Animal feed,1032.0493505320414,50.239455082907824
Silo dust,Rainy,3.6378896787706423,9.161583259443958,52.30689975508065,Animal feed,171.25805767274866,47.07620977957258
Silo dust,Dry,4.3411217258157535,4.738670940548532,398.58474834792565,Biochar,173.0304910631985,39.85847483479257
Silo dust,Dry,5.156286125939295,4.183782755458036,51.27096770237747,Composting,131.52854240059673,25.50838708095099
Straw,Dry,50.54806470718215,10.575731796645625,61.34014090024034,Composting,1492.9904880851186,29.53605636009614
Bran,Rainy,15.862750959020952,18.974706301485703,417.1337984837704,Biochar,3970.133737163089,250.28027909026224
Husk,Rainy,12.835304396572429,8.071998656837499,60.11928237400157,Animal feed,694.4843604364215,54.107354136601415
Husk,Rainy,17.978012884080194,20.814349236268388,46.08053759296844,Animal feed,745.5928486965555,41.472483833671596
Husk,Dry,22.9789390079968,5.977916470780379,51.86075982968234,Composting,591.5767898538404,25.744303931872935
Straw,Dry,43.045878602535055,11.119154123020934,435.78145010117765,Biochar,11255.15723897519,261.4688700607066
Silo dust,Rainy,5.797390367244476,11.81451795012989,55.10760767000905,Animal feed,287.5322824811985,49.59684690300816
Bran,Dry,12.984620054674846,12.975197943628343,57.62482518943597,Composting,364.21768459412726,28.04993007577439
Straw,Dry,45.59031824716601,10.13772402923014,46.44470500423732,Animal feed,1905.685993835031,41.80023450381359
Silo dust,Rainy,2.1011605416451635,8.41318896831591,57.8828585095942,Composting,59.15427404342154,28.153143403837678
Straw,Rainy,43.73840928376558,11.18460827551153,51.82704539119358,Animal feed,2040.149270959489,46.64434085207422
Bran,Dry,21.92266023796953,15.75770653798987,444.29033891639466,Biochar,5844.015688245871,266.5742033498368
Silo dust,Dry,4.393538151914265,5.733645146681296,59.72708077988524,Composting,126.93297400312774,28.8908323119541
Straw,Dry,48.60717529565527,10.103567702397907,426.65672013561044,Biochar,12443.146792020569,255.99403208136627
Bran,Rainy,12.954416931723744,21.836822040860156,59.814953967703374,Animal feed,697.3810672045437,53.83345857093304
Husk,Rainy,16.929387174958418,14.436563593304722,67.91209039012881,Animal feed,1034.7390648677372,61.12088135111593
Bran,Rainy,4.11709457187942,19.966958596419477,65.93311797171819,Composting,129.16662570277566,31.373247188687277
Husk,Rainy,18.949165461040494,10.351022501614704,53.12777968905033,Composting,497.43666246741094,26.251111875620133
Straw,Dry,39.64043031948421,11.6270960799411,74.20176962693374,Animal feed,2647.251070630998,66.78159266424036
Silo dust,Rainy,9.105944049003327,3.141102619995464,367.10723869951045,Biochar,334.2857975581851,36.710723869951046
Silo dust,Rainy,4.537030027999575,7.756596887522225,59.9039034136043,Composting,131.39947357276145,28.96156136544172
Straw,Rainy,43.36176761253811,18.632616025090275,822.7487585466463,Biomass combustion,17948.777525535952,413.9309468635693
Silo dust,Rainy,0.1,8.355282898309515,73.51502903456121,Animal feed,6.616352613110509,66.16352613110509
Silo dust,Rainy,4.562693445129928,8.090904562513112,528.4990578846156,Biochar,241.1379187167478,52.84990578846156
Husk,Dry,25.528158457620354,10.23255132751023,1038.255522765053,Biomass combustion,13267.840258072303,519.7335436513538
Straw,Dry,42.250906572651935,9.332442258322226,69.701968266853,Animal feed,2650.4742142554805,62.731771440167705
Bran,Rainy,20.737696067969473,17.180257595087845,790.7217668978471,Biomass combustion,8291.294992804156,399.81755763170446
Husk,Dry,19.679079193555904,7.277378876065419,979.3524449838163,Biomass combustion,9625.640974776457,489.13065901622383
Straw,Rainy,46.198390197020295,18.28477220127449,746.9547679107791,Biomass combustion,17360.42783501775,375.7799300144762
Husk,Rainy,25.20094282396376,15.862242665838272,57.38836888759453,Composting,704.5011153585431,27.955347555037815
Bran,Dry,13.382845352254904,12.740447626789003,71.57628367936962,Composting,450.07196090932666,33.630513471747854
Bran,Dry,11.863432770243485,18.541922737356433,69.55276199956921,Composting,389.37097023787146,32.82110479982769
Straw,Rainy,55.52808366781444,12.419011943201552,58.56979932973675,Composting,1578.547905374562,28.4279197318947
Bran,Rainy,20.389508697266628,19.610306539427086,67.50652572771604,Composting,652.5175008653409,32.00261029108641
Husk,Rainy,21.959218439987026,11.23626466567128,221.02844502073702,Biochar,2912.167143396616,132.61706701244222
Bran,Dry,17.12196968930506,12.613328796177353,75.74781046741236,Composting,604.390534388229,35.299124186964946
Husk,Rainy,25.693673871368034,12.644093031156531,79.70258448634137,Animal feed,1843.0669912474912,71.73232603770722
Husk,Rainy,15.858012726031756,15.195347368573639,500.8565877358319,Biochar,4765.5540853389975,300.51395264149915
Bran,Rainy,9.79772517193036,28.52232788132025,872.3642940831745,Biomass combustion,4528.247196631847,462.1733225999119
Straw,Dry,41.60448014236411,8.836435933215892,541.9705293227165,Biochar,2254.8402124953527,54.19705293227165
Silo dust,Rainy,6.304243742911073,11.115737055349477,61.32337827353364,Animal feed,347.93777139758396,55.19104044618028
Bran,Rainy,16.317733702890845,17.278865584708512,807.532148204843,Biomass combustion,6682.196350852749,409.50517225740316
Husk,Dry,17.316384449584856,5.992677576656396,65.7288855846488,Composting,541.8565831385461,31.291554233859515
Husk,Rainy,27.25500719065668,14.992553913846733,71.84209145961691,Animal feed,1762.2510473913064,64.65788231365522
Bran,Rainy,8.504022408438322,18.720537819864994,412.5940350408715,Biochar,2105.2253517453346,247.5564210245229
Straw,Dry,56.06601736867787,9.47570971226419,64.71479501902522,Composting,1731.6504154622278,30.885918007610087
Straw,Rainy,46.95284102010941,16.693186088365668,56.30646889953437,Animal feed,2379.373814379215,50.67582200958094
Husk,Dry,19.83859694475265,4.319844510988494,57.28794806739274,Animal feed,1022.8612603508334,51.55915326065347
Husk,Dry,16.642189497078686,6.777354441561784,60.903584259536274,Composting,488.638543604794,29.361433703814512
Straw,Rainy,54.782272481722,22.262979016475512,845.5865200800666,Biomass combustion,23321.665347613394,425.71555160284055
Silo dust,Rainy,2.312256788881449,7.89687838215198,1027.601645621136,Biomass combustion,1182.4220845998605,511.3714403545358
Bran,Rainy,20.371590063577806,22.91629875282281,1052.9387719546194,Biomass combustion,10894.423607274994,534.7851381887485
Husk,Rainy,22.21039518400504,9.569158071063953,72.21131078526493,Animal feed,1443.4575743661655,64.99017970673845
Husk,Dry,24.133207676949482,8.288686934593388,56.932311633938774,Composting,670.249758461008,27.772924653575508
Straw,Rainy,44.27980539527884,15.983161633267553,1091.0511371857042,Biomass combustion,24233.564008210855,547.2825318874293
Bran,Dry,21.656695309942016,21.374314209050887,65.60237039488457,Animal feed,1278.657492526778,59.04213335539611
Straw,Rainy,49.290808460526584,13.948081527875075,69.48706917493067,Animal feed,3082.566435466382,62.538362257437605
Bran,Rainy,7.184552509197929,19.123973329274385,661.6579075625835,Biomass combustion,2494.1199531167213,347.1503548653388
Bran,Rainy,12.935041829551281,27.92043516781846,67.85125220675627,Animal feed,789.8929069336434,61.06612698608064
Bran,Dry,7.6027788843013795,21.910916256314366,60.61227608470173,Animal feed,414.73955947159425,54.55104847623156
Husk,Rainy,18.01243680545069,14.224265970096896,57.47374098847864,Composting,504.1590350383785,27.989496395391456
Silo dust,Rainy,5.9017827504250295,8.446728261677107,56.8575824278465,Composting,163.73335343353864,27.7430329711386
Straw,Rainy,49.09608123433558,11.185442933250126,863.4734316147158,Biomass combustion,21221.399505210567,432.2422273158796
Silo dust,Rainy,7.163969618499884,7.440294107556722,467.7710445030199,Biochar,335.1097551233592,46.777104450302
Straw,Dry,40.138650027514416,11.274677095535457,690.9309950294964,Biomass combustion,13892.23444016786,346.1061702534826
Bran,Rainy,20.272060561097057,25.040473505025446,55.983922893428705,Animal feed,1021.4185278090372,50.38553060408584
Husk,Dry,29.63103781366289,7.690922011540261,51.61742356697846,Composting,759.9463208911116,25.646969426791383
Silo dust,Dry,5.0938698041207395,3.0217747506251897,53.530548287503855,Animal feed,245.40987916776876,48.177493458753474
Husk,Dry,13.779124436610838,5.9668782419753015,616.431238772454,Biochar,849.3882745659811,61.6431238772454
Straw,Dry,43.746892137211404,8.33341008351502,496.4802130831977,Biochar,2171.9466330010387,49.64802130831978
Husk,Dry,16.86008706758681,8.892061910504252,68.40947024119924,Composting,545.6562851435774,32.3637880964797
Husk,Dry,21.850305576344777,7.321755441459922,58.098420562612716,Animal feed,1142.5214185164725,52.28857850635144
Silo dust,Rainy,5.308967991438123,9.113485134324108,61.103211058471906,Animal feed,291.95549251516377,54.992889952624715
Bran,Dry,12.729832098402781,14.123974363460922,414.05112097963803,Biochar,3162.4807501357495,248.43067258778282
Husk,Dry,23.900630029369093,13.007592454537548,60.67246748669549,Composting,699.5472294942191,29.268986994678194
Bran,Dry,17.753987861368316,16.224158540510267,835.5802284748262,Biomass combustion,7498.13991869508,422.33553257128295
Straw,Rainy,46.912090374903535,22.415230638505147,56.77448586756968,Composting,1299.9243766777627,27.709794347027874
Husk,Rainy,20.145513541625114,10.860935379888875,59.856455334358515,Animal feed,1085.2551283427983,53.87080980092266
Silo dust,Dry,5.499268951577977,4.869877370310113,55.454357044828726,Composting,149.47971432842832,27.18174281793149
Straw,Rainy,48.66168824500585,21.65690126287496,544.7362399459964,Biochar,15904.671050405268,326.84174396759784
Straw,Dry,43.259307779539114,8.591349619582937,61.77916807009872,Animal feed,2405.2716413174485,55.60125126308885
Silo dust,Dry,4.265178826410369,5.553363568772623,67.94245591000967,Animal feed,260.80805192552396,61.1482103190087
Husk,Rainy,22.695720589750753,12.722415240795208,1046.7554906654657,Biomass combustion,11919.192951436606,525.1735852273067
Husk,Dry,15.74732360626478,9.206189369897666,865.5514096907356,Biomass combustion,6820.925365734115,433.1482311712027
Straw,Rainy,43.23887975222663,8.323847075961211,210.25011288703422,Biochar,909.0979349014548,21.025011288703425
Husk,Rainy,27.03390427894019,11.065033377224172,782.8567212201083,Biomass combustion,10605.450607571034,392.30184801064183
Bran,Dry,7.237430038568898,13.728673633176022,68.97757898715156,Animal feed,99.84408042987391,13.795515797430314
Silo dust,Dry,7.905233490972359,6.065171965714386,546.32966048595,Biochar,431.886352918509,54.632966048594994
Bran,Rainy,15.300684889841461,27.801923139583543,484.758910256277,Biochar,4450.286000024537,290.85534615376616
Husk,Dry,18.67914495042333,8.047790193972599,706.9858058020895,Biomass combustion,6598.606124482785,353.2606091979194
Straw,Dry,45.733320858573585,10.21600148789394,49.92453911649949,Composting,1141.9525907453794,24.969815646599795
Silo dust,Dry,9.615832501232221,8.243092969594734,58.48974046152947,Animal feed,506.18479258675114,52.640766415376525
Husk,Rainy,6.903786365415538,12.082848808744908,690.4396619534305,Biomass combustion,2417.3248753857533,350.1447969907242
Husk,Rainy,28.729356680675785,9.339716604599621,1086.2088496969784,Biomass combustion,15610.126858623224,543.3510757699304
Straw,Dry,42.93001003453319,9.30203589786333,490.31912107605217,Biochar,2104.9404787918415,49.03191210760522
Straw,Rainy,42.98721490813906,22.290070976510727,1082.956612483529,Biomass combustion,23437.117697179176,545.2113552195183
Bran,Rainy,19.293091990380077,25.184370823994275,829.7903996263882,Biomass combustion,8207.381911363127,425.4052131952459
Silo dust,Rainy,6.239618215060602,8.543323329401115,780.4591109314464,Biomass combustion,2434.8259402415724,390.22033982217357
Silo dust,Rainy,6.391046697930516,14.296287971506974,88.84232276573647,Animal feed,511.0158901935935,79.95809048916283
Straw,Rainy,48.38511962005526,14.426596615047842,65.94778595824586,Animal feed,2871.8023610407736,59.35300736242127
Bran,Dry,10.381067819035199,16.104485085160373,1015.1214108780049,Biomass combustion,5348.27797120155,515.1953599026397
Silo dust,Dry,2.9163049091189426,5.03390078412546,61.2754239437051,Animal feed,160.82803768983442,55.14788154933459
Straw,Dry,42.3977177363082,9.55365765705316,66.20251368415717,Composting,1334.7227841275317,31.481005473662865
Husk,Rainy,17.758876918499254,17.758527903282452,1030.4903478672038,Biomass combustion,9249.847584242212,520.8576886191904
Silo dust,Rainy,5.3979930275838655,11.230333548178027,61.66109143937884,Animal feed,299.5615274966804,55.49498229544097
Bran,Dry,22.521071414149617,14.3627132102686,55.318192033732025,Composting,610.9353383880766,27.12727681349281
Bran,Rainy,6.50251285660778,26.02262037230639,64.81053291125482,Animal feed,379.2881911491325,58.32947962012934
Bran,Dry,15.088066259668286,15.677284569335264,408.4490483610309,Biochar,3697.6237832218144,245.06942901661856
Husk,Dry,25.69454377037207,9.294817757149605,60.88026472038005,Composting,754.188969495718,29.352105888152025
Silo dust,Dry,3.9657258391024754,3.578846859854379,49.28670611570814,Composting,98.01165478243789,24.714682446283256
Silo dust,Rainy,3.644965856232406,9.31948673410149,438.9013028228265,Biochar,159.97802630451224,43.890130282282655
Husk,Rainy,13.857780843671186,8.506565364984949,62.639281535048866,Animal feed,781.2372921459538,56.37535338154398
Silo dust,Dry,4.087788529718858,6.691602165377414,69.6513359057238,Animal feed,256.2479387955117,62.68620231515142
Husk,Dry,14.707481395020938,5.8873440013885165,69.08959829228131,Animal feed,914.520583325878,62.18063846305318
Husk,Dry,21.165463262573937,8.918780832655708,63.55785787330494,Composting,643.9199186590023,30.42314314932198
Husk,Dry,26.516390186580317,8.362125485542165,886.1487955512222,Biomass combustion,11747.095698140636,443.01262786839385
Bran,Rainy,11.815702065356964,16.83684453539763,63.35728195849652,Composting,358.52281724374916,30.342912783398607
Silo dust,Rainy,5.137274096855431,12.139732872519934,56.58412078491272,Animal feed,261.619324201504,50.92570870642145
Husk,Dry,20.435769701910875,8.003468713484901,84.89461081260694,Animal feed,1561.3980439498096,76.40514973134626
Silo dust,Dry,1.7994577909925802,3.6114574461687887,81.36520745290102,Animal feed,131.77193082016527,73.22868670761092
Bran,Rainy,10.32926143446078,16.94516682408399,992.093761240622,Biomass combustion,5213.305803232796,504.7123491172385
Husk,Rainy,20.081578008428885,18.337593978926094,624.7687464282984,Biochar,7527.805391176919,374.86124785697905
Straw,Dry,45.325894443258925,8.100084091506437,52.44908327661722,Composting,1177.5501171129545,25.979633310646893
Bran,Dry,6.034467737327116,11.206504779135102,67.21241005259812,Composting,192.4087866907972,31.884964021039245
Straw,Dry,46.434901567048506,12.120295410405319,78.83082253069733,Animal feed,3294.4513361961604,70.9477402776276
Silo dust,Rainy,3.8689774235647074,11.629559651193007,66.23949941845468,Animal feed,230.65121501840585,59.61554947660921
Silo dust,Rainy,3.4323437401523007,11.60098830466161,1215.1468159165727,Biomass combustion,2114.4272345747645,616.0301515957556
Bran,Rainy,17.40454046374448,26.727564371839847,61.98249023611621,Composting,518.533406061975,29.792996094446483
Silo dust,Dry,6.078946747386744,6.2831403052980805,62.16906443732363,Animal feed,340.1301888444108,55.95215799359126
Straw,Dry,41.96251516617151,10.595209885594244,292.9976706920463,Biochar,7376.95152004075,175.79860241522778
Husk,Rainy,22.30220253789868,14.947560349842366,59.41722266358262,Composting,641.5649863225508,28.766889065433052
Husk,Rainy,13.141284353682472,16.936668675670337,525.5119243972558,Biochar,4143.540977853135,315.3071546383535
Husk,Dry,24.007571594385045,13.009233360543139,547.7315301051468,Biochar,7889.822354100827,328.63891806308806
Bran,Rainy,14.27461702148184,27.64085521925763,63.33012047116258,Animal feed,813.6118940851377,56.99710842404633
Silo dust,Rainy,2.369664515143618,4.3100592338362675,411.9901436489678,Biochar,97.62784239938809,41.199014364896776
Straw,Dry,45.69480311906991,9.268988126029468,794.7248755517337,Biomass combustion,18163.837253759884,397.50334860682506
Silo dust,Rainy,5.42979150767644,8.525437637819348,45.92957786457575,Animal feed,224.44922865621348,41.33662007811817
Silo dust,Dry,4.471924476011198,4.46382783337601,852.2058894161104,Biomass combustion,1874.3623357935885,419.13998007977426
Silo dust,Dry,6.441378942388459,6.082237911526368,391.28606680083374,Biochar,252.04218311408945,39.12860668008338
Husk,Dry,28.268086342461423,8.639049341565912,56.60325136415845,Composting,781.3666704427386,27.641300545663384
Straw,Dry,47.77612932580102,9.558973830684659,510.72565096596554,Biochar,2440.0494750553885,51.072565096596556
Straw,Dry,48.68280900070206,9.507515756102565,900.1065182348946,Biomass combustion,21918.488295877796,450.2305587083463
Silo dust,Dry,8.343165901488796,4.82455117027049,625.9697192334311,Biochar,522.2569216872878,62.59697192334311
Husk,Dry,19.018596743060314,4.934598880220138,59.78647027871585,Composting,549.9148912840446,28.914588111486342
Husk,Rainy,14.530428848938822,11.379294398328327,1031.8323501113468,Biomass combustion,7523.255298605387,517.7586550829724
Straw,Dry,34.7004248789,8.848236575083359,61.058623980480526,Animal feed,1906.8841751793,54.95276158243247
Husk,Dry,16.986640577206682,9.649334668821123,275.0011451176335,Biochar,467.13456104334966,27.50011451176335
Husk,Rainy,10.459989314383462,11.600178479894197,63.65573891626776,Composting,318.635286117255,30.462295566507105
Husk,Rainy,22.800075737039634,17.938707961759352,248.09807749591175,Biochar,3393.9929742724294,148.85884649754703
Bran,Rainy,20.468488203457206,20.66937127774731,1101.5235312276095,Biomass combustion,11411.201426279566,557.5009406093885
Silo dust,Dry,9.517654243816377,3.1876654162292777,382.1693267484804,Biochar,363.7355514584122,38.21693267484804
Straw,Rainy,43.352919456209506,20.929521005823247,61.837131331118954,Composting,1289.0926668814675,29.734852532447587
Straw,Dry,44.42977156071726,8.156100945869879,448.486993063903,Biochar,1992.61746497822,44.8486993063903
Bran,Dry,2.0579168389790006,12.347524560168695,454.2352130767432,Biochar,560.8669763087064,272.54112784604587
Silo dust,Dry,8.06632823337086,5.549215182500046,550.380154833248,Biochar,443.95469820184536,55.03801548332479
Straw,Dry,44.95445221835545,9.474680959367664,311.7065049683219,Biochar,1401.2595183749004,31.170650496832195
Husk,Rainy,14.965133640990427,10.457289645287585,56.872841999826235,Animal feed,765.9987129632996,51.185557799843615
Straw,Rainy,43.41749576963693,20.369670496056756,75.26247031185024,Composting,1524.170673399058,35.1049881247401
Husk,Dry,18.74255371254255,7.854915353529521,68.75471829122124,Composting,609.1683687882911,32.5018873164885
Bran,Dry,8.336113012601752,18.748514702118477,46.714203422760136,Animal feed,350.47339112321646,42.04278308048412
Husk,Dry,12.17187771805274,7.977309620449439,552.5917985719278,Biochar,672.6079800216336,55.259179857192784
Straw,Rainy,45.95097594726821,23.82291735600974,64.57622103733283,Animal feed,2670.606341686761,58.11859893359955
Straw,Dry,45.363856912173695,9.236858216405953,798.5833897115806,Biomass combustion,18119.557000138655,399.42717029592234
Straw,Dry,41.18387705512085,9.440013396251041,68.23194102692887,Animal feed,2529.0502834367653,61.40874692423598
Bran,Rainy,15.776499207412197,24.73276364146125,266.5608693719417,Biochar,2523.238406624126,159.936521623165
Bran,Rainy,5.6164063465863165,24.520595105711447,463.4040886233024,Biochar,1561.5993986267779,278.0424531739814
Silo dust,Dry,2.8267496460925856,5.240632744025154,51.03884971563414,Animal feed,129.84664533357733,45.934964744070726
Straw,Rainy,49.375358703875584,18.246541657601114,73.14295010517752,Animal feed,3250.3134582925327,65.82865509465977
Husk,Rainy,20.64568476572586,14.395008303906163,58.589157308650535,Composting,587.0737328221983,28.435662923460217
Bran,Dry,21.263078598097785,22.45490986075996,504.7141675060477,Biochar,6439.066207952749,302.82850050362856
Straw,Rainy,48.5649070595838,13.708223229402883,63.010236041635615,Animal feed,2754.077631448024,56.709212437472054
Straw,Dry,47.066309584776356,10.711337897126459,774.8530388939142,Biomass combustion,18254.849025362848,387.85384251301906
Bran,Rainy,14.232559840155163,24.333771913992265,591.0292518887516,Biomass combustion,4396.00305379075,308.8694587032788
Silo dust,Dry,10.003290070270225,4.750635898374054,381.1411975363373,Biochar,381.26659566861457,38.11411975363374
Bran,Dry,19.08419354816126,13.748123679563994,509.47649147769306,Biochar,5833.768782959055,305.68589488661587
Bran,Dry,11.126925149907091,20.77033738447486,67.53461451658329,Animal feed,676.3073406784661,60.781153064924965
Husk,Rainy,18.771673620202982,15.851721363069146,1029.245199445822,Biomass combustion,9736.55226480427,518.6832278143448
Husk,Dry,15.705936360396555,10.366454347425691,55.88145488955232,Animal feed,789.9035167995117,50.293309400597096
Silo dust,Rainy,5.276596233599822,10.62272463480942,54.957790360778404,Animal feed,260.9910626621868,49.462011324700576
Straw,Dry,46.17518604424366,8.273012790070132,347.51938466628724,Biochar,1604.677224094689,34.75193846662872
Bran,Dry,13.287114639592238,13.438485276088235,635.1625796343728,Biomass combustion,4268.266054195488,321.23347844664005
Silo dust,Rainy,4.746527928428187,7.479163600377253,1078.9557876892063,Biomass combustion,2551.5550121780593,537.5624141798754
Husk,Dry,18.390037363532024,7.701921367659636,823.8415330045289,Biomass combustion,7567.987548256355,411.5264911459013
Bran,Dry,15.993400047737035,12.045020622548954,45.579404581417904,Animal feed,145.79393028165495,9.115880916283581
Straw,Rainy,52.20064538962675,8.613879465973522,53.691082417898954,Composting,1382.0868885009204,26.476432967159578
Husk,Dry,18.93710686005716,10.355089449539172,57.74899800241229,Animal feed,984.2390516096183,51.97409820217107
Husk,Dry,25.003313525791718,6.315258388545313,948.554766302235,Biomass combustion,11840.246822416064,473.5471084743416
Husk,Dry,23.917948323993034,4.296314536850683,539.2249715753626,Biochar,1289.7155005146135,53.922497157536256
Silo dust,Dry,3.9936861914514648,5.271795685132337,688.2650767224064,Biomass combustion,1348.565864836017,337.6744691965631
Straw,Rainy,50.364374086587866,19.402661702776292,569.9642032783947,Biochar,17223.53420992625,341.97852196703684
Bran,Rainy,9.288301601166488,22.237176908288387,70.07507394826652,Animal feed,585.7905793999895,63.06756655343986
Silo dust,Dry,6.913406372771317,4.190619178917246,874.1755328582931,Biomass combustion,2988.9225845080164,432.337175531875
Silo dust,Rainy,2.52832451729555,7.2781977830129945,61.743753856750175,Animal feed,140.49742199929483,55.56937847107516
Silo dust,Dry,2.539723512483824,4.229617061283877,50.450113521133595,Animal feed,115.31640556539097,45.40510216902023
Husk,Rainy,21.806107982004402,14.11027467964829,472.3873810266593,Biochar,6180.558144002154,283.4324286159956
Straw,Dry,47.873228200021295,9.791314414026216,70.66718830054326,Animal feed,3044.759788589204,63.60046947048893
Silo dust,Dry,4.451644973271153,4.67808685886991,59.09071827176325,Animal feed,236.7458090653291,53.181646444586924
Bran,Dry,22.13296490162233,13.496261585299564,694.2949697726426,Biomass combustion,7732.566228672972,349.36874761438673
Straw,Dry,42.398479059322646,10.332468263976244,69.36035654483908,Animal feed,2646.6962620621607,62.42432089035517
Bran,Dry,11.83559862557604,12.024910009679068,52.277115644958286,Composting,306.6703763584994,25.910846257983316
Straw,Dry,49.939240889814286,13.357151906348175,303.5397936749376,Biochar,9095.128125586341,182.12387620496256
Bran,Rainy,23.099123024913244,21.347094287076374,62.516417364294156,Composting,693.1253814344276,30.006566945717665
Husk,Dry,19.936780938291104,8.277291789423606,918.9000778566101,Biomass combustion,9157.582783511361,459.33106311676767
Silo dust,Rainy,4.388761777863374,8.223306123397684,489.84438633566816,Biochar,214.98103198509207,48.98443863356682
Bran,Dry,7.4386220362946265,16.311693292641124,765.093880926802,Biomass combustion,2927.3805781763854,393.5380187208155
Straw,Rainy,42.86306743161431,18.39878263449608,73.48880347121279,Animal feed,2834.959984789721,66.13992312409151
Silo dust,Rainy,4.536347661515049,11.995397032082925,701.0702766535674,Biomass combustion,1623.2398629325587,357.82968679927615
Silo dust,Rainy,7.841008574542126,6.802759149644375,79.34681229413818,Animal feed,559.9431320048299,71.41213106472436
Straw,Dry,48.54357089072722,7.851389227547026,711.9913243163768,Biomass combustion,17275.30036701534,355.87205576413965
Bran,Dry,19.056017639313367,16.94809405301258,685.162701717016,Biomass combustion,6617.780305358714,347.2803410774534
Husk,Rainy,14.97073217625518,12.318364471766081,42.90690304708954,Animal feed,578.1129786274723,38.61621274238059
Husk,Dry,26.78291692913991,7.411514988727085,968.3530543372035,Biomass combustion,12958.014067917402,483.81638572828626
Bran,Rainy,25.30411400567673,24.652396986960692,65.71247659588498,Animal feed,1496.5163994398736,59.14122893629648
Silo dust,Dry,7.83647756581258,4.411845643012249,842.8808353291186,Biomass combustion,3271.1420071224657,417.4250458385986
Silo dust,Rainy,5.851071549714533,7.9153833277487635,429.10914677913604,Biochar,251.07483204416803,42.9109146779136
Silo dust,Rainy,1.2199796576341142,8.514602504349437,53.668924111343586,Composting,32.289896553349855,26.467569644537438
Silo dust,Dry,8.59264785296937,5.3394355548108985,67.96982182713619,Animal feed,525.6366692306872,61.17283964442258
Bran,Rainy,20.00010857546411,28.737394064499924,57.93815199374237,Animal feed,1042.8923974829308,52.14433679436813
Silo dust,Dry,1.9299624746682502,4.599806498985627,980.6276074530173,Biomass combustion,916.0177987191522,474.6298494102123
Straw,Rainy,51.38756968775462,23.351825801149648,73.29661392811735,Composting,1763.5517908818038,34.31864557124694
Silo dust,Rainy,5.300446709873745,9.105551032595645,44.3004782012252,Composting,120.42716312037578,22.720191280490077
Husk,Dry,22.417199459650195,8.512443672163956,628.5871124304117,Biochar,1409.1162677118102,62.85871124304117
Silo dust,Dry,6.386799411743771,5.29705577149191,59.108334183650314,Animal feed,339.7617665939629,53.197500765285284
Bran,Dry,14.525878843595638,16.165127187690505,67.91029859957904,Animal feed,197.29135393797753,13.582059719915808
Husk,Rainy,23.125744317551963,15.234187631475084,63.792156568334704,Animal feed,1327.7169920380964,57.41294091150124
Bran,Dry,21.31244947438475,15.669273675179683,55.64509134792724,Composting,580.9355265120131,27.2580365391709
Bran,Rainy,15.356621580622445,25.72536369273201,517.5865416622953,Biomass combustion,4185.149328470856,272.53060228766935
Husk,Rainy,23.96909233571908,12.701678349234834,60.53417480909544,Animal feed,1305.8543029191917,54.4807573281859
Bran,Dry,14.019059270737669,11.059532604928126,53.28856393236879,Animal feed,149.41110724407434,10.657712786473759
Bran,Dry,14.694057811104893,11.012444599965352,655.3977328613523,Biomass combustion,4838.315690574227,329.27022288681326
Silo dust,Rainy,7.67561291085357,8.338239731233408,755.446491472225,Biomass combustion,2897.4124410399827,377.4828765717127
Straw,Rainy,44.26314654960346,19.391743173223347,70.22899110440918,Composting,1464.738182862122,33.09159644176367
Bran,Dry,18.377045594655204,16.960880663960896,58.938854845927,Composting,525.1340370934222,28.575541938370804
Bran,Dry,19.68252058365244,14.520251931493679,1034.442594019591,Biomass combustion,10240.878966668937,520.3032265681777
Bran,Dry,14.669725005512614,15.06350443324458,599.5844917653246,Biochar,5277.443767060412,359.7506950591947
Silo dust,Dry,6.142358812438418,1.9923676603062428,56.880980168911215,Animal feed,314.445050820582,51.1928821520201
Straw,Dry,38.266065135426,11.026464853630365,852.4067151504263,Biomass combustion,16332.354667584905,426.8104026317752
Husk,Rainy,12.142109606604112,11.972558086900042,1084.938164257087,Biomass combustion,6619.572470539696,545.1748242281802
Silo dust,Rainy,2.9072790697435895,9.673985821788808,577.60296736228,Biomass combustion,849.8045663919693,292.3023713946108
Silo dust,Rainy,0.1,9.988127837951039,59.344385719495236,Composting,2.8737754287798096,28.737754287798094
Straw,Rainy,43.205099281961616,23.454113339277598,1130.7098154158205,Biomass combustion,24603.388864708304,569.4556724460616
Straw,Dry,46.88603680383377,11.693893003539825,988.3685921501271,Biomass combustion,23200.320749246777,494.82366885293527
Silo dust,Dry,6.420006518074108,5.168558301298035,78.18010998947038,Animal feed,451.7251341445355,70.36209899052335
Husk,Dry,22.791682116058528,8.090982952661504,904.6388126673749,Biomass combustion,10305.14916489739,452.1451778952552
Silo dust,Rainy,7.190117732962772,8.137706233636125,1024.392587013883,Biomass combustion,3679.17997683056,511.69954560876306
Straw,Rainy,55.42199722591043,27.941669967902982,398.2413947533727,Biochar,13242.800085158471,238.94483685202357
Husk,Dry,17.340553212491216,7.403481025370184,57.87392145029686,Composting,488.12909187221993,28.149568580118746
Straw,Dry,51.72229174284139,6.858237085748176,467.7379170914468,Biochar,2419.247700699277,46.77379170914468
Husk,Rainy,17.00062915699592,7.700380303342859,559.8329200694047,Biochar,951.7511863978089,55.983292006940474
Bran,Rainy,11.394077215742723,18.961973354374205,816.5772107559999,Biomass combustion,4767.213041811907,418.39395604808146
Straw,Dry,44.40160412558488,9.176188320144897,55.30395343518149,Animal feed,2210.0258223078376,49.77355809166334
Straw,Dry,46.069928987978145,10.985972917028919,67.77672655005169,Composting,1479.3372366192884,32.11069062002068
Silo dust,Rainy,4.279937006010085,11.606866883031474,502.4204170901547,Biochar,1290.196641407505,301.4522502540928
Straw,Dry,48.78778324380884,13.263143475309512,52.169217293413226,Composting,1262.0271023431274,25.86768691736529
Straw,Dry,48.44864200584382,9.409210762601676,664.3607914317349,Biomass combustion,16101.41352167275,332.33983152160624
Bran,Dry,13.541206838707314,17.278544662458323,522.1092796486096,Biochar,4241.993848878181,313.26556778916574
Straw,Rainy,44.9493970816274,16.359423334157288,57.19643612611027,Composting,1253.125113042725,27.878574450444113
Bran,Rainy,10.499728836678752,25.758317649420714,64.12630623065876,Animal feed,605.9779440477661,57.71367560759288
Bran,Rainy,15.425610286489075,19.590393511462555,75.9495345140532,Animal feed,1054.4111287686324,68.35458106264787
Bran,Rainy,7.440582902183932,30.37279172883978,55.527404091171626,Animal feed,371.8406281350868,49.97466368205447
Bran,Rainy,14.602363661459007,27.398332956187996,36.063158482658714,Animal feed,473.9466194501515,32.45684263439284
Husk,Rainy,16.711063053522114,14.435241948527732,52.79732281589463,Animal feed,794.0694515702193,47.51759053430517
Silo dust,Rainy,6.9182658606509575,5.945802170034261,985.5513190209541,Biomass combustion,3388.1495287302423,489.73971179700266
Husk,Dry,18.95765894729796,5.03188667015133,52.43514333526966,Animal feed,894.6428077824534,47.1916290017427
Straw,Dry,46.18279542712692,10.703491453750061,784.8256102189204,Biomass combustion,18142.75579524137,392.8466353637972
Husk,Dry,30.92855832307077,9.628849797233181,475.58296484343936,Biochar,1470.909546561923,47.558296484343934
Husk,Dry,24.54598175849761,7.024896235911046,370.07142861337286,Biochar,908.3766536085001,37.007142861337286
Straw,Dry,49.11371166714923,8.051756307567263,58.20494312086931,Composting,1389.032875952225,28.281977248347726
Straw,Dry,39.019408712016684,12.042203145812216,398.5513896642578,Biochar,9330.743739631138,239.13083379855468
Straw,Dry,42.728681610727676,7.725642448394879,364.33493685892046,Biochar,1556.7551516709384,36.433493685892046
Husk,Rainy,14.532566331570166,13.573665616509368,974.7279213384232,Biomass combustion,7132.666521598394,490.80570897540485
Husk,Rainy,18.317237050609133,14.463480996785753,795.0772831258789,Biomass combustion,7341.821326439884,400.8148885203041
Straw,Dry,47.19514946623137,11.41712062971329,58.02034244369471,Animal feed,2464.45086034089,52.21830819932524
Silo dust,Dry,3.8218195549371976,5.9370668751020315,69.12250732002087,Composting,124.77859783946414,32.64900292800835
Silo dust,Rainy,0.4612521416916433,13.997734772331572,50.757042768483714,Animal feed,21.070615214607702,45.68133849163534
Bran,Dry,17.516260323747524,10.016749753298482,61.04412490403276,Composting,515.2872148404965,29.417649961613105
Straw,Dry,43.080805005700455,6.582962993538558,65.48850425808828,Animal feed,2539.1677338519166,58.939653832279454
Bran,Rainy,26.391215352911377,23.29703518414079,445.2316864758773,Biochar,7050.123191834879,267.13901188552643
Silo dust,Dry,5.811438392758472,4.555500971789795,58.462259197578746,Composting,164.95711901507482,28.384903679031495
Bran,Rainy,15.237467341258215,13.855117988576254,79.42189612693771,Animal feed,242.03770968300316,15.884379225387544
Straw,Dry,44.66928955370205,6.126409422535522,41.66490456008154,Animal feed,1675.027517419479,37.49841410407338
Straw,Rainy,47.5716335363827,14.985175499239201,66.04684096949602,Animal feed,2827.7605033529503,59.44215687254641
Straw,Rainy,42.43390639629174,16.500932715156686,1203.4384933329102,Biomass combustion,25617.356189849284,603.7001625682985
Husk,Rainy,25.977403254127395,14.829802296533542,530.7956549159442,Biochar,8273.215663974077,318.4773929495665
Bran,Dry,18.5800867168213,13.147631091849814,54.51080640194699,Animal feed,202.56310199040652,10.902161280389397
Silo dust,Rainy,3.3900811597917215,8.75004053937157,51.65968442013693,Composting,87.00261494835544,25.663873768054767
Silo dust,Dry,4.437989371939863,4.096936760903995,58.01933502475224,Animal feed,231.7402729861818,52.21740152227701
Silo dust,Dry,9.08413930585576,2.6283406391411077,58.93582495487929,Composting,259.5731941275403,28.574329981951717
Husk,Dry,21.901955269489505,9.698404618524437,812.6539308103227,Biomass combustion,8909.761071971388,406.80208512630475
Husk,Dry,16.915845614388644,7.187515102260944,71.68843557402718,Animal feed,1091.4034576565616,64.51959201662447
Straw,Rainy,46.11155953747586,15.938078025998337,498.00502680050016,Biochar,13778.273065964115,298.8030160803001
Silo dust,Rainy,3.934549003566193,9.648680420029736,866.5776450420476,Biomass combustion,1714.7381945480747,435.81569145380365
Husk,Dry,13.132218040339357,8.484604549327695,208.7007311924117,Biochar,274.07035071970034,20.87007311924117
Straw,Dry,45.6417561215093,10.641753022369155,830.5565846087293,Biomass combustion,18973.46095454435,415.7040080585954
Silo dust,Rainy,5.545138234407213,6.215447638288191,55.08077176982719,Composting,149.89788858064657,27.032308707930877
Bran,Dry,16.742975599304902,12.362151652764036,66.68339577514439,Composting,530.3062653333382,31.673358310057758
Straw,Rainy,48.399223185562725,14.181056500025587,71.96330929980296,Composting,1635.1834231169516,33.78532371992118
Husk,Dry,17.718067693312623,10.163443388790188,570.3536581906692,Biochar,6063.338834970459,342.2121949144015
Husk,Dry,19.421528969457317,8.686467596800151,71.39612940573444,Animal feed,1247.9597960045353,64.256516465161
Straw,Rainy,48.73562142501852,19.002298157068644,517.4728546063507,Biochar,15131.616683891254,310.4837127638104
Straw,Dry,48.859037767128974,9.680869436015898,57.99953235366482,Composting,1377.8157255330561,28.199812941465925
Husk,Rainy,18.324502606003826,7.426777782306006,1025.3731603087288,Biomass combustion,9385.205654712936,512.1670070126746
Bran,Dry,13.303114968509448,18.13593429031188,877.8091047138615,Biomass combustion,5943.26620839847,446.7574866839165
Silo dust,Dry,3.3113519256338577,5.350370216386338,899.3067466644717,Biomass combustion,1463.71230433816,442.02861465954777
Bran,Dry,16.951103921592395,16.11242155662506,66.08584645350179,Animal feed,224.0456101959414,13.217169290700358
Straw,Rainy,40.24817293359893,15.668480112775438,58.19873868902179,Animal feed,2108.1536093457753,52.37886482011961
Bran,Dry,24.646653933444732,16.597233948129094,53.947584900748176,Animal feed,265.9254911187738,10.789516980149637
Husk,Dry,23.401151042088145,9.103771943644308,696.4212440999221,Biochar,1629.7058722101215,69.6421244099922
Straw,Dry,48.14126687952135,10.653528955323017,1236.6337769904121,Biomass combustion,29786.104036955894,618.7228955045739
Silo dust,Dry,4.361660170794812,5.200451504340317,996.1357970690681,Biomass combustion,2146.121653063576,492.0423804297654
Husk,Rainy,18.015714775423397,15.183189572548525,50.02577401729708,Composting,450.57860432328135,25.01030960691883
Husk,Rainy,21.482884692651524,17.44901605663624,351.20673920940794,Biochar,4526.960329030708,210.7240435256448
Silo dust,Dry,1.4390856959869738,5.064372570872231,62.72830808406038,Composting,43.303992838829004,30.09132323362415
Silo dust,Rainy,7.797182009252211,10.494145687693106,548.1121188012514,Biochar,2564.2379710621367,328.86727128075086
Bran,Dry,16.601509665242727,18.394914359004936,999.7125407929602,Biomass combustion,8406.157677772017,506.34899158426094
Straw,Dry,47.9707230089576,11.700158664835106,903.7302726024445,Biomass combustion,21706.339233909996,452.491392090479
Silo dust,Dry,2.4146949516815,4.181235892788979,48.18420665427074,Animal feed,104.71514450296114,43.36578598884367
Silo dust,Rainy,7.486468660958927,12.73444840862463,62.06861780492801,Animal feed,418.2072858230677,55.8617560244352
Straw,Rainy,48.59167393651618,15.23212746497269,552.4947556163763,Biochar,16107.987009927689,331.49685336982577
Silo dust,Rainy,6.51312934982628,8.077660535930763,892.8222730006321,Biomass combustion,2903.448877398892,445.78400357983577
Silo dust,Rainy,6.261948979662195,8.323383867073105,54.93202648636382,Composting,168.90236378113602,26.97281059454553
Bran,Rainy,11.730600431739498,19.864580282431863,447.697754156459,Biochar,3151.058080917937,268.6186524938754
Husk,Rainy,23.32464509952914,12.099713107408544,53.880225972971225,Composting,619.3180849784401,26.55209038918849
Husk,Rainy,17.706806819494577,12.232003305717914,1053.8079846815942,Biomass combustion,9365.348308929058,528.912321933627
Husk,Rainy,24.40792492194282,12.62025701859298,897.8818917099851,Biomass combustion,10997.383829662183,450.5661118195055
Husk,Rainy,19.776272076220085,14.687440503497339,43.346909213223626,Animal feed,771.5162432375294,39.01221829190126
Silo dust,Dry,4.567191158080271,4.708478689082504,477.02062912383116,Biochar,217.86443995562502,47.70206291238312
Straw,Rainy,47.36246797269013,21.452363430607566,61.97850384911693,Composting,1410.9943012830718,29.79140153964677
Straw,Rainy,42.36240149652726,10.502042245709081,987.6959547403678,Biomass combustion,20938.65392679956,494.2744789507754
Bran,Rainy,12.046627190575741,18.288314802193412,397.0223529157171,Biochar,2869.668163140501,238.21341174943024
Bran,Rainy,17.668516004843188,26.10502570508394,81.53902870117577,Composting,664.6120334746528,37.61561148047031
Silo dust,Rainy,5.688107843126933,8.165139236021135,76.86303574202864,Animal feed,393.484712805701,69.17673216782578
Straw,Rainy,46.94415803125141,16.281049312798704,571.7289733922768,Biochar,16103.601166783305,343.0373840353661
Straw,Rainy,41.25515259259076,24.733217157172408,52.833500901800434,Animal feed,1961.6887275341028,47.55015081162039
Husk,Rainy,22.114394233766653,11.934693668167238,37.80623859212149,Composting,444.99679705764044,20.1224954368486
Silo dust,Rainy,3.2430523973158802,10.001663182008423,79.44593993597022,Animal feed,231.88261136972548,71.50134594237319
Silo dust,Rainy,4.058553183592298,8.309062705719855,57.20043332388128,Composting,113.15316622576042,27.880173329552512
Husk,Rainy,20.690953183920072,13.454324244459885,62.27593428715613,Composting,618.8741422477726,29.91037371486246
Silo dust,Dry,3.776600677734043,5.320368564292742,30.638379699008436,Animal feed,104.13803298235338,27.574541729107594
Silo dust,Dry,3.804664633490286,3.1789139307055034,882.7295094763053,Biomass combustion,1640.5805677625997,431.20241224982294
Bran,Rainy,18.185845353507517,18.353294156792465,316.1793344495621,Biochar,3449.9930881648,189.70760066973722
Straw,Rainy,45.349059691846456,17.362685158913077,699.7421856859655,Biomass combustion,15961.020675757396,351.95924202651355
Silo dust,Dry,6.29465122292445,3.9098321507910327,554.4561275785371,Biochar,349.01079415201934,55.445612757853716
Bran,Rainy,16.800820919728835,17.977594497242137,531.8803775737263,Biochar,5361.616184600359,319.12822654423576
Straw,Dry,53.223406183479895,10.315915205561907,366.50496317123225,Biochar,11703.9855138743,219.90297790273937
Husk,Dry,24.29344255732813,8.0118763388303,399.2852257227839,Biochar,970.0012695086248,39.92852257227839
Bran,Dry,15.801582143934983,14.45947933039476,77.28681575814306,Animal feed,244.25079356909328,15.457363151628615
Bran,Dry,12.077723540747808,17.42675780817816,838.5473716172958,Biomass combustion,5159.368949966295,427.18058022769134
Straw,Dry,40.45892794166572,9.518723891259858,268.8547916237461,Biochar,1087.7576641076696,26.88547916237461
Husk,Rainy,18.50796864038078,10.439356311217786,576.274248314764,Biochar,6399.399429641196,345.7645489888584
Bran,Dry,11.581511073729732,17.63036866366186,1014.644712140776,Biomass combustion,5973.614146508262,515.7888386480217
Silo dust,Rainy,7.386225891702056,8.623477329827386,466.7107003140226,Biochar,344.72306585938327,46.671070031402266
Silo dust,Rainy,7.597460217280408,9.076788016477302,52.850431499039416,Animal feed,361.37614570204977,47.565388349135475
Silo dust,Dry,3.7784361098282586,4.8030093517856844,67.71532004492963,Composting,121.23538472767706,32.08612801797185
Husk,Dry,14.32419085484046,8.725085140272878,659.0643348788017,Biomass combustion,4721.826417330129,329.6400100487714
Bran,Rainy,19.687387462534623,21.13615791859907,63.35526225624713,Animal feed,1122.5696362463095,57.01973603062242
Silo dust,Dry,5.762335414981202,4.7945349803712745,346.09133570706246,Biochar,199.42943605629543,34.60913357070625
Husk,Dry,16.65098320962069,6.533469813027292,63.34771087291035,Composting,505.175584093198,30.33908434916414
Silo dust,Rainy,6.228258558900886,6.75473710992131,53.04644817158718,Composting,163.2960907320965,26.218579268634876
Straw,Rainy,44.25050303729322,25.209725029009448,482.9309145249495,Biochar,12821.961539993443,289.7585487149697
Bran,Dry,10.135030016573948,15.42088023204089,75.89337011658647,Composting,358.3477837590938,35.357348046634584
Bran,Rainy,15.043817424426836,21.041630701385166,54.96581767380869,Composting,405.97737738977884,26.986327069523476
Husk,Dry,18.184796132952737,8.874882155331173,509.45210754565204,Biochar,926.4282715220796,50.94521075456521
Husk,Dry,26.307596262677578,8.712505577412166,370.1045227882337,Biochar,973.6560360503805,37.01045227882337
Bran,Dry,15.651633708724807,9.058697311301938,792.3576905640034,Biomass combustion,6205.375305710766,396.46821674926224
Silo dust,Rainy,4.209569996431899,10.200237901593221,802.0056033210908,Biomass combustion,1703.2040170034288,404.60284980344613
Silo dust,Rainy,4.424554052107904,9.120515354664951,61.30266618869024,Animal feed,244.11326408116886,55.172399569821216
Straw,Rainy,34.97069630006344,7.913306009387943,67.06388400302224,Animal feed,2110.7436481551363,60.35749560272002
Silo dust,Rainy,8.16108368121674,8.199718316428351,517.8459153011838,Biochar,422.6183848749237,51.784591530118384
Husk,Rainy,13.12814297852376,13.51672886821498,1003.350471606211,Biomass combustion,6635.453013463842,505.43729027926753
Husk,Dry,14.619971749305448,6.9628967855778106,149.37555718903195,Biochar,218.38664261404074,14.937555718903194
Silo dust,Dry,9.309857354766283,5.703440133138894,50.6408557949977,Composting,235.13294428371864,25.256342317999078
Husk,Dry,19.634202020092673,7.709724761623379,67.61690336925962,Animal feed,1194.8435466526155,60.85521303233366
Bran,Dry,18.437821759970685,12.925846154465335,69.34345330363126,Composting,603.6060016931349,32.73738132145251
Bran,Rainy,13.526037746137353,21.58063110360495,50.63306520189469,Animal feed,616.3782760111152,45.569758681705224
Silo dust,Dry,1.7373297791658535,5.65230615161023,45.830422678761096,Composting,40.535672140457166,23.33216907150444
Bran,Rainy,14.106739404839024,19.432105350792664,623.0590110974886,Biomass combustion,4515.986227999741,320.12969818175173
Bran,Dry,22.819500724497665,18.097670437060792,60.21692055526284,Animal feed,1236.7080560140548,54.19522849973656
Straw,Rainy,46.0258910205699,13.268110063210912,415.01341610042067,Biochar,11460.817356907435,249.0080496602524
Straw,Rainy,43.502019119329425,25.35517345408552,63.57514862118306,Composting,1323.7690279298133,30.430059448473227
Bran,Dry,12.964465156229178,16.1657230859926,60.96095106460098,Composting,380.95277616819044,29.38438042584039
Silo dust,Dry,2.5054147099396933,3.7285888178259246,62.34314055323772,Composting,75.00524211206631,29.93725622129509
Straw,Dry,51.40037208752679,9.88770973602959,529.0870112203894,Biochar,2719.526924340548,52.90870112203894
Husk,Dry,17.654345728947956,8.2526283989664,62.5110659900152,Animal feed,993.2327737855278,56.25995939101368
Husk,Rainy,19.61209604198743,16.429154795263536,60.59223481872991,Composting,573.3967716753715,29.236893927491963
Husk,Dry,27.78153694240137,7.815389212398452,1081.4923887838067,Biomass combustion,15016.457807669369,540.5193326345674
Silo dust,Dry,2.711701711165879,6.102289374929152,54.89764075906777,Composting,73.1049191099629,26.959056303627108
Bran,Rainy,17.962651536588808,19.56659694128265,40.22929026089644,Animal feed,650.3622502686918,36.2063612348068
Husk,Dry,21.147755701307705,10.168266174955601,445.22975305153835,Biochar,5649.3660290924945,267.13785183092295
Silo dust,Dry,4.45299803640007,5.037626323845019,60.97791801478797,Composting,130.87880985544643,29.391167205915185
Straw,Dry,47.81935280958069,8.891540913704679,880.100637558402,Biomass combustion,21045.948262671303,440.1136156417138
Bran,Dry,0.1,14.757247987011935,51.87120969100607,Animal feed,1.0374241938201216,10.374241938201216
Straw,Dry,43.406619325026135,10.72657077976795,999.4172829031442,Biomass combustion,21710.92490915543,500.1754397545992
Silo dust,Rainy,3.0762302755881015,9.813454938922227,57.1323791521028,Composting,85.68209316357135,27.85295166084112
Husk,Dry,16.238599977424197,8.89921649541992,61.55843932128508,Composting,481.0421484362765,29.62337572851403
Husk,Dry,20.170040481140735,6.418236416610869,62.895202093163526,Animal feed,1141.7388950597722,56.605681883847176
Silo dust,Dry,6.252932183555172,4.0991450935668166,490.1788745787716,Biochar,306.5055260552455,49.01788745787716
Husk,Dry,30.13869846574029,11.997743471879428,51.17004776499117,Animal feed,1387.978776059937,46.05304298849205
Bran,Dry,15.572718372216771,11.878608688142165,468.07742387258406,Biochar,4373.542739016292,280.84645432355046
Silo dust,Rainy,5.589942911417643,7.930486658311354,811.3668956353767,Biomass combustion,2262.413590307299,404.72928367233305
Straw,Dry,42.60611033263266,10.57645826069059,48.41005399476005,Animal feed,1856.307691538506,43.569048595284045
Silo dust,Rainy,7.046401946695973,9.522353613949019,408.8030130886972,Biochar,288.05903472433755,40.880301308869726
Bran,Rainy,14.383461739976017,14.86711407486481,748.4067354632178,Biomass combustion,5446.988752851484,378.6980388533759
Bran,Dry,10.125967120385791,15.0455488276213,882.8975827125629,Biomass combustion,4536.815078106419,448.03770584765334
Silo dust,Dry,2.2498742301625776,3.6189926925470024,697.770374682706,Biomass combustion,748.7170825408143,332.78174953215563
Silo dust,Dry,4.344525699464001,6.078533546062947,68.66570257545521,Composting,141.05059230164667,32.46628103018209
Husk,Dry,17.783396148619044,6.872104273777142,433.90636452009306,Biochar,771.6328771667914,43.39063645200931
Bran,Rainy,10.107502270666968,15.237313489574191,959.7401658268989,Biomass combustion,4919.24566392462,486.69251138342923
Silo dust,Dry,5.410029545741856,5.2155070231841085,68.00553888086745,Animal feed,331.1207771576305,61.20498499278071
Silo dust,Dry,4.380998475992411,4.266731316195823,56.61401603385012,Animal feed,223.22332616769657,50.95261443046511
Bran,Dry,12.064890908243955,15.704745742558323,64.96092338076873,Animal feed,156.7492907775538,12.992184676153748
Silo dust,Dry,1.1012564893551535,5.486184791561939,426.2674696203474,Biochar,46.94298171204084,42.626746962034744
Husk,Dry,14.012596569471786,7.015424018941494,570.5326732304811,Biochar,799.4644179681007,57.05326732304812
Bran,Dry,10.945121830371384,12.418547779851494,545.3001592765982,Biochar,3581.026006441972,327.1800955659589
Husk,Rainy,21.121777788715647,11.227122623432404,54.20926899080597,Animal feed,1030.4965203412658,48.788342091725376
Husk,Rainy,17.90282623670725,18.28191609286765,917.3232424709375,Biomass combustion,8317.676590384144,464.60131380429243
Husk,Dry,20.788774355801337,8.11554801341217,1018.30075263913,Biomass combustion,10580.851109713714,508.96945287017417
Husk,Dry,22.07412241017937,7.289756689019002,64.58891396361899,Animal feed,1283.1692338561222,58.130022567257086
Bran,Dry,8.465750712724947,13.642558320040795,855.1769418861512,Biomass combustion,3670.6372564812186,433.5867403895853
Husk,Rainy,19.08073053420395,13.52508356597101,403.2571286241716,Biochar,4616.664364364785,241.95427717450298
Husk,Dry,21.10236160386341,7.340318846783303,52.02982322983841,Composting,544.6926656117741,25.811929291935368
Silo dust,Rainy,4.602300512964698,10.360430911805647,29.522226876064032,Animal feed,122.28314390601273,26.57000418845763
Bran,Dry,7.8666205238983045,13.728493734301871,463.4412527902276,Biochar,2187.429882492448,278.0647516741366
Bran,Dry,18.098693923514343,16.763567664413205,392.41581283010595,Biochar,4261.328212295508,235.44948769806356
Straw,Dry,53.28220284058005,10.680924892967314,1038.197707325723,Biomass combustion,27678.54453827396,519.4707249827482
Bran,Dry,23.00649165888794,15.743361543156245,69.7800052417156,Animal feed,321.0786217101373,13.95600104834312
Bran,Rainy,21.98517692514497,15.94744489943276,69.69381786948996,Animal feed,306.4461832899134,13.938763573897994
Straw,Rainy,48.42390264785636,23.831852728346263,63.0624095864108,Composting,1463.610706259922,30.22496383456432
Bran,Dry,12.291571988521596,14.931543717808955,63.40867845125827,Animal feed,155.87846717613184,12.681735690251655
Bran,Dry,8.607900388214258,15.141684276894482,65.19062223604925,Animal feed,112.23087649072347,13.03812444720985
Bran,Rainy,17.730641765967757,18.090101452245058,370.65035416646884,Biochar,3943.12119009284,222.3902124998813
Bran,Rainy,19.7440654823581,25.482986578353614,59.33882825578687,Composting,567.3562117032534,28.735531302314754
Straw,Rainy,48.495887668245864,28.49879199163279,482.46885816350846,Biochar,14038.65332935461,289.48131489810504
Bran,Rainy,13.464498971560866,11.70590302520744,75.4488885509003,Composting,473.6750877774074,35.179555420360124
Bran,Dry,13.105124655467533,17.576931078129924,619.6251358498598,Biomass combustion,4157.514364796566,317.2434047059619
Straw,Rainy,51.74046360072125,33.38430185090252,61.47636241871477,Composting,1531.0285148157102,29.59054496748591
Silo dust,Dry,7.435267179465442,5.984555290964172,762.1570171261767,Biomass combustion,2812.700982531809,378.2918508025999
Husk,Rainy,18.80923532478071,13.054391221509563,310.58256482530857,Biochar,3505.0923297439126,186.34953889518513
Silo dust,Rainy,4.555780076134829,7.810253277667515,412.53460321883523,Biochar,187.94169260605565,41.25346032188352
Straw,Rainy,51.795657540845795,22.968911072652194,50.44513502728806,Animal feed,2351.5550446276234,45.400621524559256
Husk,Rainy,20.60523474940342,15.107993063468394,63.972653364399406,Composting,630.2947897932819,30.58906134575976
Straw,Rainy,45.60421431065538,21.747908716538277,68.66417585454555,Animal feed,2818.238212021701,61.79775826909099
Straw,Dry,46.1785835125454,8.461330831817401,67.94096374959443,Animal feed,2823.67572159012,61.146867374634994
Bran,Dry,14.379893063050014,13.29165067652367,63.34460064097005,Animal feed,182.17771666775175,12.66892012819401
Husk,Rainy,18.504975189587704,16.026172205878968,399.08322300750376,Biochar,4431.015084200732,239.44993380450228
Bran,Rainy,7.747251133756478,16.493542806709268,809.126328177361,Biomass combustion,3218.220385308227,415.401583057729
Husk,Dry,26.322342453390526,10.45645685099705,56.94007872869724,Composting,731.1302129148671,27.776031491478896
Straw,Rainy,43.005860117496596,19.339218189331667,60.487391540287675,Animal feed,2341.181069508473,54.43865238625891
Straw,Rainy,45.59082630724036,6.879900888193573,449.75984497514486,Biochar,2050.492297223318,44.97598449751448
Silo dust,Dry,2.7379152514082294,4.578522252694227,406.96841553545505,Biochar,111.42450317359642,40.696841553545504
Husk,Rainy,10.80693611752152,10.983062040824151,49.164968560364855,Composting,266.56375036833435,24.66598742414594
Bran,Rainy,16.526215632656765,28.654931328573895,330.38131297640683,Biochar,3275.971691549017,198.2287877858441
Silo dust,Dry,5.241723758052796,4.693196485551405,53.049666022723954,Composting,137.43729668949533,26.219866409089583
Silo dust,Dry,2.985500283088077,4.497883820135955,423.73886430150435,Biochar,126.50724993275615,42.373886430150435
Silo dust,Dry,4.855204751944766,4.093587237810358,70.26142044401966,Animal feed,307.02022417637403,63.2352783996177
Bran,Rainy,21.149951842193417,22.012590907625306,56.146299993490956,Animal feed,1068.7423868817104,50.53166999414186
Silo dust,Dry,7.395585044284756,5.880867330694078,1086.7071865227613,Biomass combustion,3996.9405023062104,540.4495355502688
Bran,Dry,20.996683904641255,21.616588704796243,64.62064144265537,Composting,647.7110923578446,30.84825657706215
Silo dust,Dry,7.142047892721536,6.302985498716921,62.61831415426729,Composting,214.5994389241116,30.047325661706918
Bran,Dry,21.26566412384122,15.72061753183867,58.706694101091536,Composting,605.7030560491675,28.482677640436616
Straw,Dry,41.82003427891353,8.78095903661363,873.9556450143524,Biomass combustion,18276.468191544485,437.0266190996365
Straw,Dry,46.0209862830848,10.958883383486537,70.61924785488081,Animal feed,2924.970693166112,63.55732306939273
Straw,Rainy,50.340649814108616,13.722403977118228,47.89317014193123,Animal feed,2169.8759759422346,43.10385312773811
Straw,Rainy,50.77697967025638,13.302683790070088,51.4946131540852,Composting,1299.7812684523624,25.59784526163408
Straw,Dry,46.97852682474248,10.829265790482676,734.394739652568,Biochar,20700.46978603076,440.6368437915408
Silo dust,Dry,0.5102664522145446,5.43906855589017,626.2990315375771,Biochar,31.957938484808466,62.629903153757716
Silo dust,Dry,2.778887502065982,4.875352261674957,706.2547925798413,Biomass combustion,952.8310586591426,342.8821994236018
Silo dust,Rainy,8.27159561227163,10.129684717200245,937.4893539394784,Biomass combustion,3891.7462439432134,470.4952256333071
Bran,Rainy,10.354306045120907,19.754067900935905,587.8722226700067,Biochar,3652.205345370429,352.72333360200406
Bran,Rainy,13.876885382042612,19.32499314568982,47.7094755240738,Animal feed,595.8530311364456,42.93852797166642
Bran,Rainy,18.9004036111073,26.492389445303242,957.5154393894921,Biomass combustion,9271.430808154759,490.54141905764214
Bran,Rainy,30.564551005219204,24.84564231786198,74.65576384364711,Animal feed,2053.637911649477,67.1901874592824
Straw,Rainy,47.45604982212935,15.610858113129655,65.61565993305861,Composting,1482.8242598686973,31.246263973223446
Straw,Rainy,51.4730371077206,24.721591039936037,63.92529725287887,Composting,1573.5368645864046,30.57011890115155
Straw,Rainy,45.33944434390275,20.30633971704678,552.9712895535159,Biochar,15042.84660389266,331.78277373210955
Husk,Rainy,23.66773906752933,18.7949654229231,63.322046626941976,Composting,717.8145660530021,30.328818650776793
Silo dust,Dry,1.1273883873199937,4.471370508399822,605.5898212705679,Biomass combustion,310.2774422102484,275.2178802797801
Bran,Dry,14.686920906935388,17.00011818257583,63.81699478148844,Composting,448.3446664842886,30.526797912595377
Bran,Dry,15.459178791341733,13.804970986498416,67.17112069878881,Composting,492.6600397556574,31.86844827951553
Straw,Dry,41.36195200631041,14.554172996106608,60.49061735615558,Composting,1207.6137647985101,29.19624694246224
Bran,Rainy,8.927911631112178,31.224611938984857,495.6238797367314,Biochar,2654.9317203351043,297.37432784203884
Bran,Rainy,19.50748266571366,22.929946473677468,554.3061377294812,Biochar,6487.870423953925,332.58368263768864
Silo dust,Dry,5.61993732196941,6.36240193543841,502.1845109612117,Biochar,282.224547566587,50.218451096121164
Straw,Rainy,47.832672759035596,26.11942496405576,860.1921901342838,Biomass combustion,20789.623731859287,434.63228234370666
Silo dust,Dry,7.614557194199512,6.207822034620433,1028.3316576878194,Biomass combustion,3896.0793105906246,511.66196683879576
Husk,Rainy,10.992485017459616,13.95594075682438,531.3316072601743,Biochar,3504.392839266122,318.7989643561046
Husk,Dry,28.659623411611985,7.781090802325365,38.829919477936514,Animal feed,1001.5657824067898,34.946927530142865
Husk,Rainy,18.643425109658512,15.024980695857879,944.6708822955475,Biomass combustion,8872.43029432973,475.9013025848577
Straw,Rainy,46.044206029277404,28.513012174481354,847.0268943081629,Biomass combustion,19754.84556890779,429.0408560057825
Bran,Dry,13.052286027084232,17.81994245427846,843.311495957229,Biomass combustion,5604.020474727636,429.35164484588955
Straw,Rainy,47.376089077046785,14.256776487423412,63.021051755463276,Composting,1431.1568300636357,30.208420702185315
Straw,Dry,52.73031322559804,10.062791731065554,69.33418482958288,Animal feed,3290.411954974872,62.4007663466246
Bran,Dry,16.467404764369835,9.717190690107424,399.35918916990863,Biochar,657.6409414431428,39.935918916990865
Silo dust,Dry,6.7790824623380495,4.227585008989412,65.71767054571167,Animal feed,400.95495707592937,59.1459034911405
Husk,Dry,19.68976905709091,6.445527131056577,648.9821488323425,Biomass combustion,6371.882179971759,323.6138606550615
Silo dust,Rainy,7.9561437967128885,9.668877029697043,971.6758804933423,Biomass combustion,3875.5269086935655,487.11121967086046
Husk,Rainy,21.91448228105544,13.617266862343175,66.88983952725054,Animal feed,1319.2705827923166,60.20085557452549
Straw,Rainy,44.6035847376636,18.432150945437712,42.90262925901069,Animal feed,1722.2499536605642,38.61236633310962
Husk,Dry,17.26951012191478,6.885997810312022,61.25998947494962,Animal feed,952.1370074754319,55.133990527454664
Straw,Rainy,43.476906067618536,8.896198610989918,53.602730702186356,Animal feed,2097.4327989361277,48.242457631967724
Silo dust,Dry,3.1440125006630035,5.147103526468419,526.1465764984437,Biochar,165.42114136921504,52.614657649844375
Straw,Rainy,42.97913312443091,11.618320396867311,639.6037495153939,Biochar,16493.768818384364,383.7622497092363
Silo dust,Rainy,4.209620333937871,8.751681585066361,69.70037073663799,Animal feed,264.0708881423635,62.730333662974196
Bran,Rainy,17.50842522584394,26.115075965693922,62.2400313333153,Animal feed,980.7524411881814,56.01602819998377
Bran,Dry,21.258451833797963,19.23301562197085,1010.9439216007313,Biomass combustion,10864.245889817172,511.0553663434955
Bran,Rainy,9.87535966707116,22.30167097044984,1019.5358162065406,Biomass combustion,5194.7791382263495,526.0344244015793
Straw,Rainy,41.65275569455425,24.98170746580464,46.163980802938816,Composting,977.4065841819324,23.465592321175528
Bran,Dry,7.978802168692056,14.880316848744863,72.56776878360895,Animal feed,115.80077418956057,14.513553756721793
Husk,Rainy,17.44160720564876,13.914923212227878,784.2679792904828,Biomass combustion,6893.259893944116,395.2193059199049
Silo dust,Dry,1.6866149608808194,4.265196292789642,740.480494931649,Biomass combustion,592.070007247538,351.04040992161885
Silo dust,Rainy,4.58532245493356,4.794196537889933,67.32015939935965,Composting,146.40046770010395,31.92806375974386
Husk,Dry,16.58182858856806,9.378328914148671,61.909937477706094,Animal feed,923.9219740658594,55.71894372993549
Straw,Dry,41.19257689423567,10.085096515980618,544.8508543263531,Biochar,13466.286427636978,326.91051259581184
Straw,Rainy,46.851666083672235,16.314712569776873,584.8386371988156,Biochar,16440.3987257213,350.9031823192893
Silo dust,Dry,5.370250068628035,5.712031720988388,45.49378346647192,Animal feed,219.8816944046728,40.94440511982472
Bran,Dry,11.704803625556774,12.922947677298618,60.887062390447575,Animal feed,142.53422172344247,12.177412478089517
Straw,Dry,47.30949683813442,10.463059807605754,494.7863327599281,Biochar,14044.855467154764,296.8717996559568
Straw,Dry,50.53208955246325,9.150201821594386,840.0265588970733,Biomass combustion,21229.506091267594,420.11930001878846
Husk,Dry,18.30280174101096,9.071700670009868,52.494703818461765,Animal feed,864.720140798157,47.245233436615585
Husk,Dry,18.943078850910155,7.751428445675128,52.76420076359904,Animal feed,899.5647740130994,47.48778068723914
Bran,Rainy,19.180728278528836,21.997909905327887,74.53714096879472,Animal feed,1286.708982822766,67.08342687191525
Straw,Dry,39.28084503151045,9.921527052602512,1059.3535051084382,Biomass combustion,20818.652989748472,529.9950388808613
Straw,Dry,49.4950746458942,12.425998728500396,53.19759347171573,Composting,1300.6829171752727,26.279037388686294
Husk,Rainy,9.626799812268159,14.819032152483157,347.1475014320828,Biochar,2005.1517009694408,208.28850085924967
Straw,Rainy,48.815074316362846,13.62246077176419,846.3943355375106,Biomass combustion,20708.958435072316,424.232856860174
Silo dust,Rainy,3.892609693729055,7.015912878445732,51.92135939120872,Composting,100.30688321976893,25.76854375648349
Husk,Rainy,19.582017858206836,15.72420873943109,60.69515623700451,Animal feed,1069.6802700057087,54.625640613304064
Bran,Rainy,5.734907585512154,16.793648068786673,44.42208780263122,Composting,130.57716524899945,22.768835121052486
Husk,Rainy,22.21248339783965,20.101342447229484,49.30873235581872,Animal feed,985.742458939928,44.37785912023685
Straw,Rainy,47.206021408461154,20.30027170723222,516.678534467242,Biochar,14634.202775611777,310.0071206803452
Bran,Dry,25.61013023150343,14.418244374228372,60.3984232218818,Animal feed,309.3622968979708,12.07968464437636
Husk,Dry,21.069043969705316,7.262121121937076,40.74541781663106,Animal feed,772.6202995883527,36.670876034967954
Silo dust,Rainy,3.042674333487665,7.502134613479124,1050.9386659504337,Biomass combustion,1589.9287831785846,522.5432001314873
Silo dust,Dry,7.877652758908445,4.77197197021512,540.9297226349221,Biochar,426.1256521890574,54.092972263492214
Husk,Dry,7.878748380313997,11.052665456825387,56.97236277138034,Composting,218.94210626463973,27.788945108552138
Silo dust,Dry,3.9796783726995653,4.669225103976947,881.8307811083725,Biomass combustion,1724.880331215036,433.4220431097262
Silo dust,Rainy,6.325740860209262,10.814975172442944,457.5599489450937,Biochar,1736.6433990223459,274.5359693670562
Silo dust,Rainy,7.776401877708322,9.210519402046668,67.53433693247337,Animal feed,472.65673007832515,60.780903239226035
Bran,Dry,15.857993865339775,13.285885239141269,61.94574098048853,Composting,472.22404150770444,29.778296392195415
Silo dust,Rainy,6.008575706768545,9.72078679003616,924.4797689244537,Biomass combustion,2788.0186213923153,464.00657284748297
Silo dust,Dry,9.133202756028059,4.581767214445077,957.9363448444436,Biomass combustion,4344.128035579047,475.64125659116166
Silo dust,Dry,0.3411166977548481,5.030747583087499,61.937975871453006,Composting,10.156814606730045,29.775190348581205
Bran,Dry,20.9092966905464,9.236697740601112,996.3314658466893,Biomass combustion,10422.439336081503,498.45958428595736
Husk,Dry,22.079184181430303,7.142304148787853,429.40102837621964,Biochar,948.0824393214134,42.940102837621964
Straw,Rainy,44.66297018024903,15.1379736490684,610.8866279244033,Biochar,16370.406747900306,366.53197675464196
Silo dust,Rainy,3.2611345039262725,9.797128131784014,82.33193846651186,Animal feed,241.64597277744886,74.09874461986067
Husk,Rainy,17.13358688711533,11.337822829677423,44.93874522311169,Animal feed,692.9657062903109,40.44487070080052
Silo dust,Dry,6.308862054211242,5.750872779401332,55.55442658350487,Composting,171.7383957975115,27.22177063340195
Bran,Rainy,6.35852957164799,23.07174714149819,448.1976747270617,Biochar,1709.9269012175334,268.918604836237
Husk,Dry,23.305513888405866,8.619675186399846,46.51048265694241,Animal feed,975.5556295660483,41.859434391248165
Bran,Rainy,4.830296915557518,20.76612266716038,46.18615125447751,Animal feed,200.78354155137814,41.567536129029754
Silo dust,Dry,2.0340311360351637,4.533241188048559,64.35238137185132,Animal feed,117.80527264951938,57.9171432346662
Silo dust,Dry,7.267146581578039,6.6720468820043415,822.2495985188871,Biomass combustion,2972.1723815491123,408.9875370181007
Bran,Dry,16.444324735098434,16.38369148075997,579.6083449079435,Biochar,5718.760705703497,347.7650069447661
Straw,Rainy,49.821800776422585,15.665288621230898,317.1455321883603,Biochar,9480.456913092601,190.28731931301616
Bran,Rainy,18.62068279657249,16.656550383325545,63.51766137814326,Animal feed,236.54844490050178,12.703532275628652
Silo dust,Rainy,5.02648274705521,10.047614726175507,843.6645809537293,Biomass combustion,2134.030533669514,424.55741739484665
Bran,Rainy,4.601833588764803,24.43931631065397,507.11580368167887,Biochar,1400.1975232654845,304.2694822090073
Straw,Dry,39.780362162004195,11.126903864790998,386.19084533949507,Biochar,9217.687014753397,231.71450720369702
Bran,Rainy,17.079133147276714,28.47515055864347,69.97236474584854,Composting,563.422599386047,32.988945898339416
Straw,Rainy,40.225586921636584,10.006485690855328,358.7055484421579,Biochar,8657.484730880007,215.22332906529473
Straw,Dry,51.8706195531362,8.626127164111498,1063.6723638803253,Biomass combustion,27587.342593507077,531.8491051614805
Bran,Dry,11.755635003161576,14.127788340586557,66.65462097716241,Composting,372.20513320844725,31.66184839086497
Bran,Dry,16.393999061927303,17.08896858624097,160.44423000220826,Biochar,1578.1935336887104,96.26653800132496
Husk,Rainy,17.847811536495115,13.744879081565404,57.374833241387414,Composting,498.8451419345227,27.949933296554967
Silo dust,Dry,4.660360628953683,4.178515143376325,58.02389521978318,Animal feed,243.3710491387302,52.221505697804865
Straw,Dry,50.029935409081276,6.773081183724736,61.760658636487854,Composting,1486.1023820077285,29.704263454595143
Husk,Dry,26.168621391680965,7.455179966792626,1109.9544208458522,Biomass combustion,14513.700008924861,554.6222627355824
Bran,Rainy,15.177099458912169,23.466599248589176,56.558772634371685,Animal feed,772.558305791273,50.902895370934516
Silo dust,Dry,7.7429495642818456,4.819819168627131,59.7003493351126,Animal feed,416.03111448460567,53.73031440160134
Husk,Rainy,22.23053181253954,13.472703188224063,759.6209666816447,Biomass combustion,8492.292634702286,382.010322844011
Straw,Rainy,47.14121216088798,23.420991220217715,982.7929721993676,Biomass combustion,23341.718898149156,495.14464792475707
Husk,Dry,27.898665387639454,8.685592843854318,56.625510564550254,Composting,771.4037955960495,27.6502042258201
Straw,Dry,43.51076339720389,6.780958033838042,85.69506152435933,Animal feed,3355.791791665706,77.1255553719234
Bran,Rainy,12.896443847040658,24.15552422410264,55.76707758308601,Animal feed,647.2772861074457,50.190369824777406
Silo dust,Dry,4.004076306364316,4.228259185403218,82.24044778688301,Animal feed,296.3673255674249,74.01640300819471
Silo dust,Dry,9.80603638357098,6.637652508399121,493.6529667812561,Biochar,484.0778953114754,49.36529667812561
Silo dust,Rainy,4.339247873318045,7.510486089520326,574.9530723651727,Biochar,249.4863896518252,57.49530723651728
Bran,Rainy,18.99903146410078,23.68469290632779,46.40464843921854,Composting,447.65250763140324,23.56185937568742
Straw,Dry,37.49502610619632,9.450395390494624,668.803218288433,Biomass combustion,12546.500922089826,334.6177406719135
Bran,Rainy,21.819839368304315,24.702439846012233,55.10107269860318,Animal feed,1082.0668997743019,49.59096542874287
Silo dust,Dry,5.710051235869858,5.407956909750648,42.649463945640704,Animal feed,219.1775618807934,38.38451755107664
Bran,Dry,9.472076454930207,12.20467598702049,536.6946165910588,Biochar,3050.1674647799773,322.01676995463527
Bran,Dry,15.5705074611326,14.861216348200973,74.86342848742146,Composting,544.1171660374081,34.94537139496858
Bran,Rainy,17.872586703085908,26.638454353701125,231.35667742654337,Biochar,2480.9653659862647,138.814006455926
Straw,Dry,49.517025091789776,11.285313463709752,62.5215550566762,Animal feed,2786.2932694672363,56.26939955100858
Husk,Dry,20.7832677830187,10.522027953160016,408.09220940563546,Biochar,5088.893800944639,244.8553256433813
Husk,Dry,19.66064309150259,5.80755935026287,523.0356931201198,Biochar,1028.3218086551353,52.30356931201199
Bran,Rainy,21.271424445534475,22.237808136870598,489.5681556840109,Biochar,6248.287220743257,293.7408934104065
Husk,Rainy,20.09540813889884,15.33860550886844,51.7332232086657,Animal feed,935.640211247002,46.55990088779913
Husk,Rainy,20.142329696061445,16.31031069967537,378.8208832530545,Biochar,4578.201075741735,227.29252995183268
Bran,Rainy,23.422624173017258,18.364921316768108,416.7645526481035,Biochar,5857.031691187315,250.0587315888621
Bran,Rainy,17.316165233520124,26.175383979228315,871.7681306841614,Biomass combustion,7765.676891084065,448.4640095747929
Silo dust,Dry,2.939715469554342,4.60001797217109,50.267142146695534,Composting,73.80701549934288,25.106856858678213
Husk,Rainy,28.586655569777758,16.946098748719432,76.09282524488322,Animal feed,1957.7154479460899,68.4835427203949
Straw,Rainy,37.588129071221246,11.346474343345369,1059.6285465823275,Biomass combustion,19941.167415048603,530.5176902331178
Bran,Rainy,5.1138757738050895,20.816193288033112,50.545291444728065,Composting,128.96231542867045,25.218116577891227
Silo dust,Dry,2.0470727167563965,6.092102961019334,47.20838584645669,Animal feed,86.97509880155128,42.487547261811024
Straw,Rainy,47.110656657853845,14.970657769183536,62.40202428563956,Animal feed,2645.8203067882405,56.16182185707561
Husk,Rainy,21.55745429398895,8.321713467229845,728.6441263648587,Biomass combustion,7851.868151874819,364.2298410932604
Silo dust,Dry,4.0635508390512864,3.9080973042865055,796.5321819625865,Biomass combustion,1583.8262715221333,389.7641088432667
Bran,Rainy,11.384343509913709,22.832220127296218,47.90712158209272,Animal feed,490.8520157955698,43.11640942388345
Straw,Dry,40.96981690488296,8.072715396347265,59.09388439768739,Animal feed,2178.959061574415,53.18449595791865
Bran,Dry,19.38086965846538,12.707439640086461,1073.7915550112552,Biomass combustion,10446.104764513322,538.9905070617181
Husk,Dry,30.605118007662217,8.23312469848389,865.7699130746685,Biomass combustion,13245.7424829457,432.7950142074123
Straw,Dry,36.675047395960405,9.658506721003386,61.37325575855229,Animal feed,2025.7803574103746,55.23593018269706
Husk,Dry,30.014536700633336,10.817843120543445,429.5780632175891,Biochar,7736.151926538789,257.74683793055345
Husk,Rainy,18.274265594309863,14.32117235897689,54.58237695936239,Composting,490.35246930120036,26.83295078374496
Silo dust,Dry,6.70443201315603,6.24978275781769,804.1071274028913,Biomass combustion,2676.78915418123,399.25666319363035
Bran,Dry,12.37270792896553,7.186959194355886,714.6937639309671,Biomass combustion,4409.882925624502,356.420191193603
Straw,Rainy,49.41933645631473,25.616133535894196,565.4230224722774,Biochar,16765.698352622327,339.2538134833664
Husk,Dry,28.840846465298917,5.300453861237537,432.39525039730484,Biochar,1247.0645029033149,43.23952503973048
Husk,Rainy,30.07115237238994,14.589670333098747,513.7477471949104,Biochar,9269.39207212213,308.24864831694623
Straw,Rainy,50.33032273105093,24.690135813909603,488.38360434553215,Biochar,14748.302653958712,293.0301626073193
Husk,Rainy,13.82353338057158,16.704496328474136,454.1978433376601,Biochar,3767.1714292570596,272.51870600259605
Silo dust,Dry,6.319299996164741,4.963410025657069,40.368897905617644,Animal feed,229.59285874212995,36.33200811505588
Silo dust,Dry,3.4022953978748403,6.160659888800972,1058.5705153201393,Biomass combustion,1781.3671456979575,523.5780369954485
Silo dust,Dry,6.652498845345647,5.389342394219737,430.57089493844694,Biochar,286.43723814174604,43.05708949384469
Silo dust,Rainy,3.6649699493097554,8.207363405609218,66.03632624011922,Composting,115.13331023968968,31.414530496047693
Husk,Dry,19.90102827739646,7.633398580947605,480.04460597627764,Biochar,955.3381277945542,48.00446059762776
Straw,Dry,39.691612821313086,11.648460051372137,53.114073467348625,Animal feed,1897.364915485902,47.802666120613765
Straw,Dry,48.69172413691443,10.082192763866411,867.3875421727146,Biomass combustion,21131.32436391644,433.9818467815611
Straw,Rainy,48.74433825378219,23.154783245731696,943.5301836877557,Biomass combustion,23168.716148820993,475.3109177151108
Straw,Rainy,54.630641288439186,16.106200816984533,463.73728387982237,Biochar,15200.559124628198,278.24237032789335
Bran,Dry,19.902068329944633,12.730581306142987,489.9706539441223,Biochar,5850.857660678147,293.9823923664734
Straw,Dry,44.673326232492315,13.162543903238308,765.1441406817082,Biomass combustion,17136.274904473106,383.5907542521281
Bran,Dry,15.51979839481772,13.925464787586764,1209.087172886319,Biomass combustion,9436.325448190291,608.0185584975907
Bran,Dry,19.208903873920065,13.54914858133369,67.93595861246109,Composting,618.0346387973511,32.174383444984436
Silo dust,Rainy,3.8795358149929795,8.267024039843868,68.95557896827508,Composting,126.40393437536483,32.582231587310034
Bran,Rainy,19.294473983299365,29.19700418274478,67.01665656994228,Composting,613.6928245710808,31.806662627976912
Husk,Rainy,23.61983259795557,15.687452700888809,50.535910207545754,Composting,595.5590587047957,25.2143640830183
Bran,Rainy,18.132691816684712,24.01832725790956,662.5312770889641,Biomass combustion,6192.158154488781,341.49139118942594
Silo dust,Dry,2.7092607200817644,3.839422847143782,1020.2640846532465,Biomass combustion,1347.1269764857589,497.230468260398
Bran,Dry,19.312011443794475,13.136585733562807,67.50251445973932,Animal feed,260.7218663462776,13.500502891947866
Husk,Dry,24.029575142715785,6.300593404831214,835.8865637708487,Biomass combustion,10024.629714870172,417.1788163266379
Husk,Rainy,32.50450248967141,13.518741854073957,65.80058511984963,Composting,1018.0486255883523,31.320234047939856
Husk,Dry,16.959501202757075,10.88702579904723,67.8045190717082,Animal feed,1034.9377404741003,61.024067164537385
Silo dust,Rainy,9.27125220234646,6.328486674986637,510.0787715668437,Biochar,472.9068934259277,51.00787715668437
Silo dust,Rainy,4.235148083734009,5.904253077953827,60.04580139345484,Animal feed,228.87257463698683,54.04122125410936
Straw,Dry,48.8547085595212,9.65474173141833,513.9506512613063,Biochar,2510.890928134724,51.39506512613064
Silo dust,Dry,4.685060272482116,5.617240866775373,735.7851203657838,Biomass combustion,1700.2253478541443,362.90362321280776
Husk,Dry,20.244345916525766,9.541537612870277,57.76742131725752,Composting,569.0071935235271,28.106968526903007
Husk,Rainy,19.428326604833963,8.781118883946435,69.88135143242746,Animal feed,1221.9099472947441,62.893216289184714
Silo dust,Dry,6.380147352673225,5.031491562261996,649.3690566745299,Biochar,414.30702678499114,64.93690566745299
Bran,Rainy,5.065393441358335,18.220051396993476,388.8080685574565,Biochar,1181.6795042508852,233.2848411344739
Silo dust,Dry,4.982829596280789,3.7825198127641655,57.41336167363482,Composting,139.34654708914823,27.965344669453927
Silo dust,Rainy,6.288405221392313,9.028895886704513,391.2836400214686,Biochar,246.05500849563938,39.12836400214687
Husk,Rainy,25.115282776261196,19.700805272932893,873.7996589833593,Biomass combustion,11097.749132475174,441.872354428145
Straw,Dry,43.97361910771947,10.050581398669353,673.2452659125511,Biomass combustion,14816.241461427115,336.93477503256395
Husk,Rainy,18.831474941457707,20.565496958287973,517.0808492095916,Biochar,5842.437032758857,310.24850952575497
Straw,Rainy,46.27058138540473,30.514812878014865,470.1932201065956,Biochar,13053.668194684651,282.11593206395736
Husk,Dry,21.91326775738746,6.492275772618077,339.5620155436881,Biochar,744.0913366847001,33.95620155436882
Silo dust,Rainy,5.9028281761892725,6.662201741407703,67.92257223225866,Composting,189.88825014967736,32.16902889290346
Husk,Dry,23.43437611601447,5.112885931632549,76.8003852685855,Composting,837.0795262756124,35.720154107434205
Husk,Rainy,22.471130411486666,13.464209590331864,452.95282410077766,Biochar,6107.017188371853,271.7716944604666
Husk,Dry,21.102917688686805,8.837519920254993,51.273664698860614,Animal feed,973.8215331636437,46.14629822897456
Silo dust,Dry,3.6580330710107747,5.48135399789341,68.17201518134875,Composting,118.04035977538281,32.268806072539505
Silo dust,Rainy,4.171220416069534,9.367598745986859,477.0058620962979,Biochar,198.96965905609267,47.70058620962979
Silo dust,Rainy,8.003408038087922,8.234538140143112,59.65633509329635,Composting,230.99863691386147,28.862534037318543
Silo dust,Rainy,0.1,7.978021659608546,446.1809230464775,Biochar,4.461809230464776,44.61809230464775
Straw,Rainy,48.42667513481548,14.142953993114038,53.09641659196513,Animal feed,2314.1546254097298,47.786774932768616
Straw,Rainy,44.47815846461516,27.969314696162975,65.37117897073028,Composting,1385.4266552346198,31.148471588292114
Bran,Dry,27.7173132982862,18.53638898335656,49.93774152183524,Animal feed,1245.7260244525887,44.94396736965172
Silo dust,Rainy,5.596903627962879,9.302806095903465,451.43203980356617,Biochar,252.66216213552627,45.143203980356624
Straw,Dry,45.404110654225775,11.980833495681257,56.09056887760754,Composting,1245.717511662075,27.436227551043014
Husk,Dry,22.714366740518354,7.361019858854662,39.90265534693989,Animal feed,815.7271927238085,35.9123898122459
Silo dust,Rainy,3.1515585654496316,9.188797126957168,550.5402774829985,Biochar,173.50599271265608,55.054027748299845
Bran,Dry,22.84091214763663,13.177293624661331,160.4781688145315,Biochar,2199.2806533037888,96.28690128871891
Bran,Dry,22.816007297964926,14.938763570201614,71.17958368349554,Composting,763.6935968053203,33.47183347339821
Bran,Dry,13.52248855233458,9.954814394013498,559.4117459084337,Biochar,756.4638930088296,55.94117459084337
Husk,Dry,16.182313666792624,6.906847375507084,858.7831467520921,Biomass combustion,6934.852733866553,428.5451930212806
Straw,Rainy,40.385812252004804,18.036813407117837,876.6948398714516,Biomass combustion,17806.22046507877,440.9028684125289
Husk,Dry,7.145069286224171,4.031912193623874,40.245923830893915,Animal feed,258.8039228338538,36.22133144780452
Silo dust,Rainy,0.2234150984976413,9.076996971390544,67.96514960792841,Animal feed,13.665996534656028,61.16863464713557
Bran,Rainy,15.749593267409368,25.184534659695046,462.01202827186586,Biochar,4365.900917959635,277.2072169631195
Husk,Dry,17.506830521057744,8.719477950253577,540.4496641382622,Biochar,946.1560675231135,54.04496641382622
Husk,Rainy,24.469119775708837,11.279551860204712,63.240267721170234,Animal feed,1392.690316965487,56.91624094905321
Straw,Rainy,43.348165774699936,15.116991116285146,56.34910095893389,Composting,1193.7928967227674,27.539640383573555
Straw,Rainy,47.87173384368567,25.455841571126918,63.954043383044855,Composting,1463.9950464426884,30.581617353217943
Bran,Dry,17.619802560383675,20.133086427572362,452.6572283441847,Biochar,4785.438594573026,271.59433700651084
Husk,Rainy,19.72342720693924,13.199021629472636,492.706465627171,Biochar,5830.716065511489,295.62387937630257
Husk,Rainy,18.425623339684602,15.887525273152109,464.6210408715418,Biochar,5136.559376874741,278.7726245229251
Straw,Rainy,38.7344261872294,23.649014258197816,66.70334283017841,Composting,1227.1584146549485,31.68133713207137
Husk,Dry,18.914205964315716,7.949011742829601,510.6019138854982,Biochar,965.7629765004111,51.060191388549825
Husk,Rainy,15.106596342953235,12.990088751413836,56.379039496951805,Animal feed,766.5258526954814,50.741135547256626
Husk,Dry,24.257881601230924,8.74767429000334,60.51302475071979,Composting,708.4565239002815,29.205209900287915
Straw,Dry,49.89964746555509,9.386811277020401,65.40322270737418,Animal feed,2937.2379805882433,58.862900436636764
Bran,Dry,16.990241082546312,17.570212264411374,54.93965295530893,Animal feed,186.68758974042535,10.987930591061787
Silo dust,Dry,7.458736628719716,4.0569748076576895,57.79449643021462,Animal feed,387.96653471620743,52.015046787193164
Bran,Dry,18.2101275076766,14.144907455175414,53.40023615010555,Animal feed,194.4850218466927,10.68004723002111
Silo dust,Dry,4.286700545603439,6.082162777510401,72.39577635160813,Animal feed,279.3051125872408,65.15619871644732
Husk,Rainy,13.925969320556783,12.656115984650075,69.3931343884847,Animal feed,869.7299944961806,62.453820949636224
Bran,Dry,16.047006809989618,14.612817190314274,815.8566033917352,Biomass combustion,6607.74823412758,411.77450177276114
Silo dust,Rainy,4.332108807389275,9.425639693766106,56.71550340061969,Composting,119.93963675588276,27.686201360247875
Straw,Rainy,51.513347464813556,18.72621975036727,916.5482044667532,Biomass combustion,23719.304009146883,460.4496732686314
Straw,Dry,47.76698563156903,6.461899392521202,44.21075592482709,Composting,1083.5607453666537,22.68430236993084
Bran,Rainy,15.277934701067451,24.72254000677554,981.2347654758826,Biomass combustion,7691.470005837081,503.43650214054696
Bran,Rainy,14.867581858555857,17.02093250332327,62.922766415689104,Animal feed,187.1018760904094,12.58455328313782
Husk,Rainy,21.34865353581406,16.26548340528792,886.9005953394596,Biomass combustion,9548.265745117182,447.25376844489085
Bran,Rainy,9.788642059763758,21.216858916125673,598.6931771930207,Biochar,3516.2359290991194,359.21590631581245
Husk,Dry,19.38619106631056,5.787409128073474,58.27241403092658,Composting,548.8030162510324,28.308965612370635
Husk,Rainy,16.61833424277875,16.899632751561835,58.06085774341764,Animal feed,868.387266362289,52.25477196907588
Straw,Dry,43.27563628473075,7.675453033177124,536.7283410086998,Biochar,2322.7260469199427,53.67283410086998
Straw,Rainy,45.02461457802107,18.53603981020067,1020.8460812560523,Biomass combustion,23091.20895912563,512.8574486542676
Silo dust,Rainy,6.1087367816150895,8.214318059703405,312.3384905925436,Biochar,190.79936257968097,31.23384905925436
Straw,Dry,47.033786304872535,9.218726938497296,66.507256943092,Composting,1486.4041758382186,31.602902777236803
Straw,Rainy,44.97864780159024,24.11174533536554,58.26732168187951,Composting,1273.2073751164398,28.306928672751805
Bran,Rainy,13.220129578070836,23.808271353038684,1093.434483624817,Biomass combustion,7410.01160570685,560.5097561220853
Straw,Rainy,42.56031660237505,18.177612153889786,45.055821703364586,Composting,979.8375976020186,23.022328681345837
Silo dust,Dry,1.6028605787541337,4.670496199363875,70.96434561876077,Animal feed,102.37135688045574,63.867911056884694
Bran,Rainy,25.04772954762646,24.7758700608175,66.25168716686218,Composting,789.0203846299398,31.500674866744877
Silo dust,Dry,4.483649723937131,8.098299434071258,62.23919099753594,Animal feed,251.15285838075516,56.01527189778235
Straw,Rainy,48.52052898020084,15.344815246911583,53.362194589857666,Composting,1278.2674085187261,26.344877835943063
Silo dust,Dry,6.390754472803458,5.378833632689479,729.0544321336483,Biomass combustion,2304.55345473336,360.6074156878714
Bran,Dry,18.114394119210193,19.8141959824166,776.8172063686934,Biomass combustion,7162.184931791674,395.38639187474814
Husk,Rainy,18.84669166680146,22.10908269321525,947.5886587850976,Biomass combustion,9087.370763615218,482.17326012833684
Silo dust,Rainy,1.2177422762271086,7.710846340656644,61.79455984277177,Animal feed,67.72486316525027,55.61510385849461
Silo dust,Dry,5.519915987287382,4.054136692103675,56.58458259173684,Composting,152.53643676928152,27.633833036694742
Bran,Dry,19.110610029094698,11.860488812618573,51.07173789592416,Composting,485.9578767203311,25.428695158369667
Bran,Rainy,13.67381229764899,17.000718641642543,62.71219128898247,Animal feed,171.50294649196087,12.542438257796494
Silo dust,Dry,2.058678086125765,6.160611417693659,68.05628506703701,Animal feed,126.09538442157351,61.250656560333304
Straw,Rainy,42.51489747307988,27.306286869902642,952.6121545571484,Biomass combustion,20485.48432696546,481.8424962670254
Silo dust,Rainy,8.264084999924597,6.510743065683549,490.9797513073282,Biochar,405.74983980456,49.09797513073282
Bran,Rainy,19.102767514439485,17.587262475067625,49.744093473628865,Animal feed,190.04997056865574,9.948818694725773
Husk,Rainy,22.355475536655124,15.10922240792109,33.62997590413976,Composting,412.5030191325948,18.45199036165591
Husk,Dry,14.4718724914278,9.324406667892374,54.63981421219611,Animal feed,711.6663818107859,49.17583279097649
Straw,Rainy,45.75280704005855,16.954600409618962,772.8070415146447,Biomass combustion,17768.67012924935,388.36240394369935
Silo dust,Dry,3.909627510547356,5.720996952905636,1019.0407204889392,Biomass combustion,1969.4024715813437,503.73148497351946
Husk,Rainy,15.34908765271214,15.229215898307276,389.06052434040726,Biochar,3583.0344541866334,233.43631460424436
Silo dust,Dry,6.2552224251849005,4.109622941739922,979.7223573309885,Biomass combustion,3030.852853737299,484.53158780324407
Bran,Rainy,15.890912230289256,17.668860206923334,50.77225604278952,Composting,402.181546955343,25.308902417115814
Husk,Dry,16.842814862584085,7.398039375213556,62.704535297117204,Composting,506.662425934406,30.08181411884688
Straw,Dry,43.902730626823484,11.291944325639074,54.62623225778455,Animal feed,2158.41668397463,49.1636090320061
Bran,Rainy,16.08789768171481,21.36539526612395,916.0590430437826,Biomass combustion,7516.2453993843665,467.19873212067876
Straw,Rainy,52.68113197802811,18.80066518272592,853.4889715088893,Biomass combustion,22594.42094257575,428.8901945387065
Bran,Rainy,10.099688490796929,27.084261304028132,802.7716279398984,Biomass combustion,4285.778444544422,424.34758739833643
Husk,Rainy,17.85477026066877,15.527377985150316,64.69408856195705,Animal feed,1039.588279647392,58.224679705761346
Straw,Dry,44.511202427720065,6.696780806563432,358.7421473747772,Biochar,1596.804434115369,35.874214737477715
Straw,Rainy,45.993207210285306,17.968991542834623,61.9684352016863,Animal feed,2565.1143726554665,55.77159168151767
Bran,Dry,13.246108971992228,8.201843717552151,1060.514772724091,Biomass combustion,7020.82541574407,530.0292659972079
Straw,Dry,47.65635664321914,10.333562888804995,62.72430445897939,Composting,1433.9665126140887,30.089721783591756
Bran,Rainy,12.332841266912546,26.089793091423697,76.95479629383811,Animal feed,854.1641586775459,69.2593166644543
Bran,Dry,13.903066818352986,17.112226313784475,60.157615493065045,Composting,404.06547322491303,29.063046197226022
Bran,Dry,13.060175155462739,12.318761942748857,472.218673690217,Biochar,3700.3551540447224,283.33120421413014
Bran,Dry,17.614087689967715,13.709885983717086,415.3438962293133,Biochar,4389.542285805585,249.206337737588
Husk,Dry,22.34789448449196,8.202066975965593,360.6057617321478,Biochar,805.8779513689888,36.06057617321478
Bran,Rainy,10.645141784269795,24.09706838709054,796.1773710136821,Biomass combustion,4424.289564866248,415.6158419048932
Silo dust,Rainy,2.8019104968902546,10.291780840551786,498.3954520422097,Biochar,837.8756692076585,299.0372712253258
Straw,Rainy,49.814465642407654,18.032590374894536,53.27611694649748,Animal feed,2388.529167472972,47.948505251847735
Silo dust,Rainy,6.2151312542427535,8.768607034168665,61.5882057476503,Animal feed,344.50090419145914,55.429385172885276
Husk,Dry,17.205729453745015,9.98265438518155,804.4824127600926,Biomass combustion,6933.934441754042,403.0014804309733
Silo dust,Dry,5.806549126074343,6.1809899053056725,611.8225960701827,Biochar,355.2577960523856,61.182259607018274
Straw,Rainy,43.62678705314222,19.605075041029554,70.81869515687856,Animal feed,2780.632919691482,63.73682564119071
Silo dust,Rainy,5.556716332890725,14.783405979913535,354.23681525202466,Biochar,1181.0360982132718,212.54208915121478
Husk,Rainy,18.792270003453087,16.840299703719744,565.2732391252334,Biochar,6373.660401220733,339.16394347514006
Bran,Dry,7.277830758758778,15.00332983406188,394.8910427840777,Biochar,1724.3701065193734,236.9346256704466
Silo dust,Rainy,5.985124355717507,8.981821666433149,831.20085492365,Biomass combustion,2491.256718287059,416.24142962162443
Husk,Rainy,17.866468161346056,10.290011099944806,55.64948267618093,Animal feed,894.833739386429,50.08453440856284
Husk,Rainy,12.122976570891419,18.320965318404475,425.288220633236,Biochar,3093.455480767692,255.17293237994156
Straw,Dry,49.73255628373606,11.061788628431898,60.177571978072805,Composting,1445.7765755859136,29.071028791229118
Straw,Dry,46.69947800666029,15.554598823138246,1073.54096483465,Biomass combustion,25139.593895218546,538.3270856182403
Silo dust,Dry,4.5661700191469246,3.6599431096391903,961.3127023305439,Biomass combustion,2158.7622782675103,472.77308317810326
Bran,Dry,7.7654935459582175,10.553923283954633,70.06967566558613,Composting,256.477713389189,33.02787026623446
Husk,Dry,20.003777537272978,9.9514267553385,397.39917625706494,Biochar,794.9484715341861,39.7399176257065
Silo dust,Dry,4.109865478408805,5.776016021516986,475.56257855497176,Biochar,195.4498224426154,47.55625785549718
Husk,Dry,20.700072434378075,5.670401205261755,52.77314633398653,Animal feed,983.1671565331995,47.49583170058788
Husk,Dry,31.52581929377071,4.6792190662107185,868.468844701028,Biomass combustion,13659.839638077381,433.29055181054326
Bran,Rainy,23.116283452640268,18.006236588493127,1078.5555720106813,Biomass combustion,12568.912611435639,543.7254927759617
Bran,Rainy,3.0186247148716827,26.074626919653202,427.9535756105724,Biochar,775.0987440934687,256.7721453663434
Silo dust,Dry,8.492307559102114,5.16548939312256,999.1738530787245,Biomass combustion,4216.125784790149,496.4640947643584
Bran,Dry,12.624260663802604,14.751402792459627,71.73510858359354,Animal feed,181.1205419010937,14.347021716718709
Bran,Rainy,17.593965087258606,18.00677289883578,984.0750357999322,Biomass combustion,8759.71218932681,497.88163986243876
Silo dust,Dry,5.468981435957083,4.746479854258923,61.83811109748565,Composting,162.6214998305057,29.73524443899426
Bran,Dry,20.716599119807846,10.504893043602493,47.34546067727751,Composting,495.917767196553,23.938184270911005
Straw,Dry,44.04607407763422,11.588367315369537,895.026700042501,Biomass combustion,19740.103689818854,448.1694249304846
Husk,Rainy,15.814549331924802,17.42020353948548,386.8861657869964,Biochar,3671.058212806615,232.13169947219782
Husk,Rainy,15.72571598727212,14.819114324498742,72.84795423834306,Animal feed,1031.0276147453815,65.56315881450877
Husk,Rainy,21.527990635864224,16.37216305562122,761.1534427479241,Biomass combustion,8275.543920576452,384.40856188361295
Husk,Rainy,17.360572469421435,13.326856961039264,458.84123777018124,Biochar,4779.447936160957,275.3047426621087
Silo dust,Rainy,5.233157024024927,8.364478211965208,69.45073267869091,Animal feed,327.10193058705204,62.50565941082183
Husk,Dry,14.057495839627325,8.273499219875264,54.02963459573995,Animal feed,683.5692271915791,48.62667113616596
Husk,Rainy,29.815429423407522,14.453693216500525,648.0103054372939,Biochar,11592.423316443834,388.80618326237635
Husk,Dry,20.841042031152494,7.648102752050674,544.8021848354786,Biochar,1135.424523281992,54.48021848354786
Husk,Dry,24.08653101869163,9.640464796611969,482.63292234415815,Biochar,1162.4952854684354,48.263292234415815
Straw,Rainy,47.094554335389624,15.125631540769827,58.43979288942363,Composting,1336.351172308899,28.375917155769454
Husk,Rainy,22.832125139938828,17.887481215318076,1070.0002182221906,Biomass combustion,12316.494615934349,539.4370668716188
Straw,Dry,45.11250968257037,7.572083763447479,1076.2535372941256,Biomass combustion,24267.921902133676,537.9421821772379
Silo dust,Dry,8.000549218001975,5.3412158424920335,67.4940711477508,Animal feed,485.99067432681665,60.74466403297573
Bran,Dry,5.731982415191769,15.065256552047883,930.3248066561839,Biomass combustion,2733.251253131193,476.8422258043074
Husk,Rainy,23.01739020833992,20.963011988185414,449.45805613736377,Biochar,6207.21087623739,269.67483368241824
Bran,Rainy,11.141126764932388,28.861064168606838,396.8414116514043,Biochar,2652.756283669807,238.1048469908426
Bran,Rainy,12.513228142929535,25.468749651310954,53.55630939450471,Animal feed,603.146086152082,48.200678455054245
Silo dust,Rainy,5.417197197984394,9.856877391739888,1045.243499971857,Biomass combustion,2843.0377224302683,524.8170997888157
Bran,Rainy,23.68471471509651,18.66228506592941,57.135664814942814,Animal feed,1217.9177290793682,51.42209833344853
Straw,Dry,44.061974937819215,10.967706805928245,62.95500483113501,Animal feed,2496.5296605717826,56.65950434802151
Bran,Rainy,21.683286788794916,16.65372599874032,390.11072633846345,Biochar,5075.329655149196,234.06643580307806
Bran,Dry,14.954054829845571,18.325954837518772,58.22875551204781,Composting,423.07267518956206,28.291502204819125
Bran,Dry,11.71394145894455,11.10949845849608,53.759725016843774,Animal feed,125.94765433925295,10.751945003368753
Husk,Dry,22.20349400764123,8.229781415670718,51.97815330197115,Animal feed,1038.6869538317162,46.78033797177403
Husk,Rainy,19.798330448929782,14.792764290822017,47.86304686050347,Animal feed,852.847576233173,43.07674217445312
Straw,Rainy,46.95354281983275,16.257703134310493,50.48527484064278,Animal feed,2133.416262601031,45.4367473565785
Straw,Rainy,45.81070647146902,21.51656530728796,55.99132703421963,Composting,1255.0544314424105,27.396530813687853
Husk,Dry,19.436768415561556,8.958813835192966,64.50825314574038,Animal feed,1128.4487795575585,58.05742783116635
Straw,Dry,43.42774086552694,10.466085903058968,1165.4665698938045,Biomass combustion,25324.50845337736,583.1412813250901
Husk,Dry,14.113781262527093,8.256437457186589,477.84850805447456,Biochar,674.424931930577,47.78485080544746
Silo dust,Dry,3.5472813840457054,5.50997691724033,390.4059302682426,Biochar,138.4879688661583,39.04059302682427
Bran,Dry,14.22624960635624,14.782244368793142,344.0075094207139,Biochar,2936.362017288013,206.40450565242833
Bran,Dry,9.844873624263464,14.379046232704894,1181.8270063997181,Biomass combustion,5876.518622738046,596.9115345731717
Straw,Rainy,46.71200646481444,21.600403260744784,64.6287287611324,Animal feed,2717.04383613248,58.165855885019155
Husk,Rainy,13.83711972692259,15.386787393362614,518.5085372012575,Biochar,4304.798825211176,311.10512232075445
Husk,Rainy,27.363220359888082,14.363578114352961,61.138873943486885,Composting,805.9986939078609,29.455549577394752
Straw,Rainy,44.110369908932505,19.509804500858824,71.46281227453815,Animal feed,2837.0259757462322,64.31653104708434
Husk,Dry,22.27754347552717,7.807703183562422,58.26756986313193,Composting,630.6110457133311,28.30702794525277
Silo dust,Dry,5.0434589819794455,5.028463448419155,927.7601745677941,Biomass combustion,2312.112082646297,458.4377687828135
Bran,Rainy,19.518063791471526,24.417652650254723,48.94667498485042,Composting,479.7280488512513,24.578669993940167
Straw,Dry,49.03329804606437,9.96686318035496,60.00799762970824,Composting,1422.1225034003253,29.0031990518833
Straw,Rainy,42.43758500632525,23.914002752692035,1139.855193659224,Biomass combustion,24370.239089844592,574.260742834736
Husk,Rainy,12.835254581914562,12.91085040893426,52.12129817534101,Composting,331.7723253977251,25.848519270136403
Straw,Rainy,49.642171028183824,20.842403859031354,803.8578600667005,Biomass combustion,20092.930346275105,404.75527016873525
Silo dust,Dry,5.8969709083928805,5.724591778723123,403.83675984343176,Biochar,238.14136245363594,40.38367598434318
Husk,Rainy,29.00906972520381,15.829004218820819,46.72627276618432,Animal feed,1219.9371342058196,42.05364548956589
Husk,Rainy,18.120321400432104,9.552757576823382,1168.9175955063315,Biomass combustion,10599.63169959953,584.9582612451215
Husk,Rainy,17.146871658593593,17.74691914120857,61.62876077548245,Composting,508.4305388911138,29.651504310192983
Husk,Dry,12.337408615851682,5.497601726732644,63.66781171780239,Composting,375.88536661511364,30.46712468712096
Silo dust,Dry,4.4797951003470065,6.739659373270105,319.9157026377002,Biochar,143.3156797200439,31.991570263770015
Husk,Rainy,18.021998133771465,9.970624197066376,80.78414239014391,Animal feed,1310.3024970541517,72.70572815112952
Straw,Dry,45.87684759174093,10.724822925750903,1085.7836994233471,Biomass combustion,24926.411611538602,543.3331390456311
Silo dust,Dry,8.905834764979021,3.27081711049658,63.13340335838797,Composting,269.4314372091251,30.25336134335519
Bran,Dry,12.720775630848564,12.599222713390606,65.74920515804799,Animal feed,167.27617734443191,13.149841031609597
Bran,Dry,14.918413938269886,11.881112764743243,482.075985811614,Biochar,4315.085463622307,289.2455914869684
Straw,Dry,48.9965557400312,8.32032425843922,55.99517596269344,Composting,1342.4110827917416,27.398070385077375
Straw,Dry,45.702177227340044,4.574774872379124,622.7994421941236,Biochar,2846.3290484244358,62.27994421941236
Silo dust,Dry,4.545687831732115,4.014057055197842,67.65927141569418,Composting,145.7516098699332,32.06370856627767
Bran,Dry,20.11256396848008,10.573765796717932,421.69056030864215,Biochar,5088.767021467063,253.01433618518527
Bran,Dry,21.85693661941631,11.150131804248502,63.95630687524666,Composting,668.4402614107639,30.582522750098665
Bran,Dry,24.337310020806754,21.875733800456057,45.31064766170978,Animal feed,992.4653514479162,40.7795828955388
Bran,Rainy,8.195871093486495,20.630497401365954,41.960321005854965,Animal feed,309.5112438047708,37.76428890526947
Bran,Rainy,5.692577747222558,30.638957042643998,424.05494833906704,Biochar,1448.3794575087504,254.4329690034402
Husk,Dry,16.370010481273866,13.701554847739484,74.48595774541552,Animal feed,1097.402318100157,67.03736197087396
Straw,Rainy,39.73447953759161,13.532024931404397,395.0025699866809,Biochar,9417.132920659122,237.00154199200853
Husk,Rainy,21.03736451819663,16.389622062968613,56.60670397218307,Composting,581.529168845569,27.642681588873234
Bran,Dry,18.950077044890897,16.40026561451574,677.3811334259415,Biomass combustion,6501.045436729476,343.06168894876413
Silo dust,Dry,1.5918941656044652,3.229273042207207,52.84854853142062,Composting,41.611189255155494,26.13941941256825
